Column,Row,Metric,Seasonal Metric,Annual Metric,Values
1981,1010,D24HourMean,QuarterlyMean,Mean,13.55
1970,1006,D24HourMean,QuarterlyMean,Mean,10.51
1973,997,D24HourMean,QuarterlyMean,Mean,11.10
1989,998,D24HourMean,QuarterlyMean,Mean,10.17
1995,1000,D24HourMean,QuarterlyMean,Mean,10.09
1961,1010,D24HourMean,QuarterlyMean,Mean,9.80
1966,1010,D24HourMean,QuarterlyMean,Mean,12.07
1966,1000,D24HourMean,QuarterlyMean,Mean,9.75
1960,1010,D24HourMean,QuarterlyMean,Mean,10.29
1968,1010,D24HourMean,QuarterlyMean,Mean,13.02
1980,1001,D24HourMean,QuarterlyMean,Mean,10.05
1975,1006,D24HourMean,QuarterlyMean,Mean,10.65
1980,999,D24HourMean,QuarterlyMean,Mean,9.44
1987,1010,D24HourMean,QuarterlyMean,Mean,15.46
1979,999,D24HourMean,QuarterlyMean,Mean,9.06
1972,1008,D24HourMean,QuarterlyMean,Mean,12.46
1973,1004,D24HourMean,QuarterlyMean,Mean,10.19
1991,993,D24HourMean,QuarterlyMean,Mean,10.97
1968,1006,D24HourMean,QuarterlyMean,Mean,10.43
1985,994,D24HourMean,QuarterlyMean,Mean,9.73
1984,1001,D24HourMean,QuarterlyMean,Mean,10.42
1984,1003,D24HourMean,QuarterlyMean,Mean,10.26
1968,1003,D24HourMean,QuarterlyMean,Mean,9.12
1983,1007,D24HourMean,QuarterlyMean,Mean,12.22
1964,1010,D24HourMean,QuarterlyMean,Mean,10.88
1967,1009,D24HourMean,QuarterlyMean,Mean,12.13
1971,997,D24HourMean,QuarterlyMean,Mean,11.23
1987,1007,D24HourMean,QuarterlyMean,Mean,12.85
1966,1006,D24HourMean,QuarterlyMean,Mean,9.58
1990,1003,D24HourMean,QuarterlyMean,Mean,10.05
1977,991,D24HourMean,QuarterlyMean,Mean,9.81
1974,1005,D24HourMean,QuarterlyMean,Mean,9.99
1972,1001,D24HourMean,QuarterlyMean,Mean,9.12
1968,999,D24HourMean,QuarterlyMean,Mean,9.75
1993,997,D24HourMean,QuarterlyMean,Mean,10.78
1984,1010,D24HourMean,QuarterlyMean,Mean,14.45
1984,988,D24HourMean,QuarterlyMean,Mean,9.77
1983,999,D24HourMean,QuarterlyMean,Mean,10.33
1960,1011,D24HourMean,QuarterlyMean,Mean,10.67
1984,999,D24HourMean,QuarterlyMean,Mean,10.19
1973,999,D24HourMean,QuarterlyMean,Mean,9.20
1974,996,D24HourMean,QuarterlyMean,Mean,11.04
1992,998,D24HourMean,QuarterlyMean,Mean,10.82
1992,1007,D24HourMean,QuarterlyMean,Mean,14.59
1982,995,D24HourMean,QuarterlyMean,Mean,8.92
1974,1001,D24HourMean,QuarterlyMean,Mean,8.85
1992,999,D24HourMean,QuarterlyMean,Mean,10.57
1982,991,D24HourMean,QuarterlyMean,Mean,8.57
1994,1008,D24HourMean,QuarterlyMean,Mean,15.30
1988,1007,D24HourMean,QuarterlyMean,Mean,12.50
1978,994,D24HourMean,QuarterlyMean,Mean,9.31
1978,998,D24HourMean,QuarterlyMean,Mean,8.56
1980,1009,D24HourMean,QuarterlyMean,Mean,12.84
1981,991,D24HourMean,QuarterlyMean,Mean,8.86
1970,999,D24HourMean,QuarterlyMean,Mean,10.06
1978,992,D24HourMean,QuarterlyMean,Mean,9.51
1991,995,D24HourMean,QuarterlyMean,Mean,10.04
1977,1010,D24HourMean,QuarterlyMean,Mean,12.99
1964,1005,D24HourMean,QuarterlyMean,Mean,8.46
1969,1007,D24HourMean,QuarterlyMean,Mean,11.41
1967,1002,D24HourMean,QuarterlyMean,Mean,9.34
1978,1005,D24HourMean,QuarterlyMean,Mean,10.38
1986,1004,D24HourMean,QuarterlyMean,Mean,11.89
1977,1006,D24HourMean,QuarterlyMean,Mean,10.67
1989,1002,D24HourMean,QuarterlyMean,Mean,9.41
1978,995,D24HourMean,QuarterlyMean,Mean,9.68
1974,1003,D24HourMean,QuarterlyMean,Mean,9.90
1976,994,D24HourMean,QuarterlyMean,Mean,9.51
1984,1005,D24HourMean,QuarterlyMean,Mean,11.57
1983,992,D24HourMean,QuarterlyMean,Mean,8.74
1971,1008,D24HourMean,QuarterlyMean,Mean,12.36
1986,986,D24HourMean,QuarterlyMean,Mean,11.27
1975,998,D24HourMean,QuarterlyMean,Mean,9.36
1987,995,D24HourMean,QuarterlyMean,Mean,9.68
1987,1002,D24HourMean,QuarterlyMean,Mean,10.09
1980,990,D24HourMean,QuarterlyMean,Mean,9.00
1969,998,D24HourMean,QuarterlyMean,Mean,10.17
1974,1006,D24HourMean,QuarterlyMean,Mean,10.61
1993,1001,D24HourMean,QuarterlyMean,Mean,9.56
1988,993,D24HourMean,QuarterlyMean,Mean,9.13
1976,996,D24HourMean,QuarterlyMean,Mean,10.15
1976,999,D24HourMean,QuarterlyMean,Mean,8.42
1979,1008,D24HourMean,QuarterlyMean,Mean,12.42
1976,1006,D24HourMean,QuarterlyMean,Mean,10.63
1986,996,D24HourMean,QuarterlyMean,Mean,8.98
1987,1003,D24HourMean,QuarterlyMean,Mean,11.20
1983,1002,D24HourMean,QuarterlyMean,Mean,9.81
1968,1002,D24HourMean,QuarterlyMean,Mean,9.56
1983,1000,D24HourMean,QuarterlyMean,Mean,10.61
1992,1008,D24HourMean,QuarterlyMean,Mean,14.67
1978,996,D24HourMean,QuarterlyMean,Mean,9.50
1979,998,D24HourMean,QuarterlyMean,Mean,8.78
1978,989,D24HourMean,QuarterlyMean,Mean,10.68
1985,1005,D24HourMean,QuarterlyMean,Mean,12.21
1987,1009,D24HourMean,QuarterlyMean,Mean,14.83
1969,1010,D24HourMean,QuarterlyMean,Mean,13.37
1970,997,D24HourMean,QuarterlyMean,Mean,10.63
1971,999,D24HourMean,QuarterlyMean,Mean,10.18
1990,998,D24HourMean,QuarterlyMean,Mean,10.27
1968,1007,D24HourMean,QuarterlyMean,Mean,11.22
1978,991,D24HourMean,QuarterlyMean,Mean,9.63
1983,998,D24HourMean,QuarterlyMean,Mean,9.35
1972,1010,D24HourMean,QuarterlyMean,Mean,13.60
1967,1007,D24HourMean,QuarterlyMean,Mean,10.82
1975,993,D24HourMean,QuarterlyMean,Mean,9.47
1990,994,D24HourMean,QuarterlyMean,Mean,10.16
1977,997,D24HourMean,QuarterlyMean,Mean,9.03
1959,1008,D24HourMean,QuarterlyMean,Mean,9.82
1984,991,D24HourMean,QuarterlyMean,Mean,9.57
1972,1005,D24HourMean,QuarterlyMean,Mean,10.22
1977,993,D24HourMean,QuarterlyMean,Mean,9.18
1980,991,D24HourMean,QuarterlyMean,Mean,8.96
1977,989,D24HourMean,QuarterlyMean,Mean,11.07
1983,995,D24HourMean,QuarterlyMean,Mean,8.90
1966,1003,D24HourMean,QuarterlyMean,Mean,8.79
1984,1002,D24HourMean,QuarterlyMean,Mean,9.79
1984,987,D24HourMean,QuarterlyMean,Mean,10.36
1980,994,D24HourMean,QuarterlyMean,Mean,8.84
1969,1003,D24HourMean,QuarterlyMean,Mean,8.98
1982,1009,D24HourMean,QuarterlyMean,Mean,12.99
1985,1009,D24HourMean,QuarterlyMean,Mean,14.81
1963,1002,D24HourMean,QuarterlyMean,Mean,8.42
1965,1007,D24HourMean,QuarterlyMean,Mean,9.94
1972,998,D24HourMean,QuarterlyMean,Mean,10.64
1962,1004,D24HourMean,QuarterlyMean,Mean,8.14
1989,999,D24HourMean,QuarterlyMean,Mean,10.35
1991,1002,D24HourMean,QuarterlyMean,Mean,9.79
1980,992,D24HourMean,QuarterlyMean,Mean,9.26
1990,997,D24HourMean,QuarterlyMean,Mean,10.32
1979,1009,D24HourMean,QuarterlyMean,Mean,12.80
1977,1002,D24HourMean,QuarterlyMean,Mean,9.73
1981,989,D24HourMean,QuarterlyMean,Mean,9.27
1961,1009,D24HourMean,QuarterlyMean,Mean,10.31
1982,993,D24HourMean,QuarterlyMean,Mean,8.70
1992,995,D24HourMean,QuarterlyMean,Mean,10.39
1975,995,D24HourMean,QuarterlyMean,Mean,9.70
1983,1010,D24HourMean,QuarterlyMean,Mean,14.00
1967,1004,D24HourMean,QuarterlyMean,Mean,8.99
1968,1011,D24HourMean,QuarterlyMean,Mean,12.82
1974,995,D24HourMean,QuarterlyMean,Mean,10.46
1984,1004,D24HourMean,QuarterlyMean,Mean,11.10
1986,1002,D24HourMean,QuarterlyMean,Mean,9.93
1962,1008,D24HourMean,QuarterlyMean,Mean,9.59
1981,995,D24HourMean,QuarterlyMean,Mean,9.01
1968,1001,D24HourMean,QuarterlyMean,Mean,9.53
1982,998,D24HourMean,QuarterlyMean,Mean,9.13
1980,1004,D24HourMean,QuarterlyMean,Mean,10.83
1976,992,D24HourMean,QuarterlyMean,Mean,9.54
1975,1003,D24HourMean,QuarterlyMean,Mean,9.92
1982,1005,D24HourMean,QuarterlyMean,Mean,11.27
1991,1008,D24HourMean,QuarterlyMean,Mean,14.55
1988,1006,D24HourMean,QuarterlyMean,Mean,11.37
1968,998,D24HourMean,QuarterlyMean,Mean,10.12
1978,1000,D24HourMean,QuarterlyMean,Mean,9.62
1973,1000,D24HourMean,QuarterlyMean,Mean,9.51
1980,998,D24HourMean,QuarterlyMean,Mean,8.89
1985,993,D24HourMean,QuarterlyMean,Mean,9.81
1963,1005,D24HourMean,QuarterlyMean,Mean,8.28
1974,1010,D24HourMean,QuarterlyMean,Mean,14.43
1971,1001,D24HourMean,QuarterlyMean,Mean,9.60
1971,996,D24HourMean,QuarterlyMean,Mean,10.48
1973,1007,D24HourMean,QuarterlyMean,Mean,11.49
1992,1002,D24HourMean,QuarterlyMean,Mean,9.45
1964,1007,D24HourMean,QuarterlyMean,Mean,9.46
1984,1000,D24HourMean,QuarterlyMean,Mean,10.55
1986,1003,D24HourMean,QuarterlyMean,Mean,11.03
1982,1004,D24HourMean,QuarterlyMean,Mean,10.54
1981,1005,D24HourMean,QuarterlyMean,Mean,11.10
1986,997,D24HourMean,QuarterlyMean,Mean,10.20
1976,1002,D24HourMean,QuarterlyMean,Mean,9.09
1961,1008,D24HourMean,QuarterlyMean,Mean,9.59
1977,995,D24HourMean,QuarterlyMean,Mean,9.68
1970,1000,D24HourMean,QuarterlyMean,Mean,9.72
1975,1001,D24HourMean,QuarterlyMean,Mean,8.86
1973,1001,D24HourMean,QuarterlyMean,Mean,8.88
1982,1008,D24HourMean,QuarterlyMean,Mean,12.49
1988,996,D24HourMean,QuarterlyMean,Mean,9.84
1984,990,D24HourMean,QuarterlyMean,Mean,9.44
1967,1008,D24HourMean,QuarterlyMean,Mean,11.34
1977,1009,D24HourMean,QuarterlyMean,Mean,12.74
1985,990,D24HourMean,QuarterlyMean,Mean,9.99
1982,1001,D24HourMean,QuarterlyMean,Mean,10.05
1992,1005,D24HourMean,QuarterlyMean,Mean,12.30
1974,999,D24HourMean,QuarterlyMean,Mean,9.30
1969,1004,D24HourMean,QuarterlyMean,Mean,9.29
1983,994,D24HourMean,QuarterlyMean,Mean,9.13
1979,1000,D24HourMean,QuarterlyMean,Mean,9.81
1966,1004,D24HourMean,QuarterlyMean,Mean,8.74
1985,989,D24HourMean,QuarterlyMean,Mean,9.70
1981,997,D24HourMean,QuarterlyMean,Mean,8.80
1979,996,D24HourMean,QuarterlyMean,Mean,9.44
1971,1002,D24HourMean,QuarterlyMean,Mean,9.24
1983,1008,D24HourMean,QuarterlyMean,Mean,12.35
1962,1006,D24HourMean,QuarterlyMean,Mean,8.99
1981,994,D24HourMean,QuarterlyMean,Mean,8.84
1977,1007,D24HourMean,QuarterlyMean,Mean,11.38
1985,992,D24HourMean,QuarterlyMean,Mean,9.46
1989,1006,D24HourMean,QuarterlyMean,Mean,11.70
1985,1008,D24HourMean,QuarterlyMean,Mean,13.68
1976,1010,D24HourMean,QuarterlyMean,Mean,13.36
1958,1009,D24HourMean,QuarterlyMean,Mean,10.66
1991,1001,D24HourMean,QuarterlyMean,Mean,9.39
1962,1007,D24HourMean,QuarterlyMean,Mean,8.62
1974,997,D24HourMean,QuarterlyMean,Mean,11.54
1993,1007,D24HourMean,QuarterlyMean,Mean,14.59
1987,998,D24HourMean,QuarterlyMean,Mean,9.76
1982,990,D24HourMean,QuarterlyMean,Mean,8.91
1989,1007,D24HourMean,QuarterlyMean,Mean,13.11
1975,1010,D24HourMean,QuarterlyMean,Mean,13.98
1967,1001,D24HourMean,QuarterlyMean,Mean,9.36
1980,1010,D24HourMean,QuarterlyMean,Mean,13.48
1976,1007,D24HourMean,QuarterlyMean,Mean,11.56
1987,1000,D24HourMean,QuarterlyMean,Mean,10.09
1983,991,D24HourMean,QuarterlyMean,Mean,8.82
1979,993,D24HourMean,QuarterlyMean,Mean,9.43
1991,1006,D24HourMean,QuarterlyMean,Mean,12.90
1982,1003,D24HourMean,QuarterlyMean,Mean,9.71
1963,1009,D24HourMean,QuarterlyMean,Mean,10.73
1983,989,D24HourMean,QuarterlyMean,Mean,9.50
1971,1005,D24HourMean,QuarterlyMean,Mean,10.32
1976,1009,D24HourMean,QuarterlyMean,Mean,12.63
1977,999,D24HourMean,QuarterlyMean,Mean,8.46
1972,1006,D24HourMean,QuarterlyMean,Mean,10.61
1973,995,D24HourMean,QuarterlyMean,Mean,10.58
1986,1010,D24HourMean,QuarterlyMean,Mean,15.69
1987,1005,D24HourMean,QuarterlyMean,Mean,12.13
1977,1005,D24HourMean,QuarterlyMean,Mean,10.09
1978,990,D24HourMean,QuarterlyMean,Mean,9.83
1964,1008,D24HourMean,QuarterlyMean,Mean,10.45
1978,993,D24HourMean,QuarterlyMean,Mean,9.32
1971,998,D24HourMean,QuarterlyMean,Mean,10.82
1969,1005,D24HourMean,QuarterlyMean,Mean,9.92
1974,1007,D24HourMean,QuarterlyMean,Mean,11.41
1981,1006,D24HourMean,QuarterlyMean,Mean,11.84
1987,1004,D24HourMean,QuarterlyMean,Mean,11.98
1969,1001,D24HourMean,QuarterlyMean,Mean,9.70
1978,1003,D24HourMean,QuarterlyMean,Mean,10.02
1983,1006,D24HourMean,QuarterlyMean,Mean,12.11
1965,1004,D24HourMean,QuarterlyMean,Mean,8.63
1987,992,D24HourMean,QuarterlyMean,Mean,10.05
1979,1005,D24HourMean,QuarterlyMean,Mean,10.33
1980,1000,D24HourMean,QuarterlyMean,Mean,9.93
1979,1010,D24HourMean,QuarterlyMean,Mean,13.68
1990,1002,D24HourMean,QuarterlyMean,Mean,9.39
1963,1008,D24HourMean,QuarterlyMean,Mean,10.39
1987,991,D24HourMean,QuarterlyMean,Mean,10.45
1968,1000,D24HourMean,QuarterlyMean,Mean,10.04
1969,1008,D24HourMean,QuarterlyMean,Mean,12.18
1961,1007,D24HourMean,QuarterlyMean,Mean,8.72
1986,1008,D24HourMean,QuarterlyMean,Mean,13.80
1981,1008,D24HourMean,QuarterlyMean,Mean,12.59
1977,1001,D24HourMean,QuarterlyMean,Mean,9.07
1982,1000,D24HourMean,QuarterlyMean,Mean,10.25
1989,994,D24HourMean,QuarterlyMean,Mean,10.20
1983,997,D24HourMean,QuarterlyMean,Mean,9.12
1966,1007,D24HourMean,QuarterlyMean,Mean,10.36
1988,994,D24HourMean,QuarterlyMean,Mean,9.82
1989,1008,D24HourMean,QuarterlyMean,Mean,14.04
1982,989,D24HourMean,QuarterlyMean,Mean,9.17
1979,995,D24HourMean,QuarterlyMean,Mean,9.70
1982,988,D24HourMean,QuarterlyMean,Mean,9.92
1985,998,D24HourMean,QuarterlyMean,Mean,9.91
1978,999,D24HourMean,QuarterlyMean,Mean,8.94
1976,997,D24HourMean,QuarterlyMean,Mean,9.63
1981,1007,D24HourMean,QuarterlyMean,Mean,12.14
1981,1001,D24HourMean,QuarterlyMean,Mean,10.17
1988,1003,D24HourMean,QuarterlyMean,Mean,10.78
1962,1010,D24HourMean,QuarterlyMean,Mean,9.98
1981,1009,D24HourMean,QuarterlyMean,Mean,13.04
1977,1000,D24HourMean,QuarterlyMean,Mean,9.03
1980,993,D24HourMean,QuarterlyMean,Mean,9.19
1981,1004,D24HourMean,QuarterlyMean,Mean,10.69
1978,1004,D24HourMean,QuarterlyMean,Mean,9.60
1964,1001,D24HourMean,QuarterlyMean,Mean,9.02
1977,1004,D24HourMean,QuarterlyMean,Mean,9.18
1984,989,D24HourMean,QuarterlyMean,Mean,9.61
1990,996,D24HourMean,QuarterlyMean,Mean,10.13
1976,1005,D24HourMean,QuarterlyMean,Mean,9.68
1988,999,D24HourMean,QuarterlyMean,Mean,10.29
1969,1000,D24HourMean,QuarterlyMean,Mean,9.91
1980,1003,D24HourMean,QuarterlyMean,Mean,10.07
1973,998,D24HourMean,QuarterlyMean,Mean,10.57
1972,1007,D24HourMean,QuarterlyMean,Mean,11.54
1970,1005,D24HourMean,QuarterlyMean,Mean,10.13
1970,1002,D24HourMean,QuarterlyMean,Mean,9.22
1992,996,D24HourMean,QuarterlyMean,Mean,10.18
1985,995,D24HourMean,QuarterlyMean,Mean,9.52
1986,1005,D24HourMean,QuarterlyMean,Mean,12.63
1960,1008,D24HourMean,QuarterlyMean,Mean,9.62
1988,997,D24HourMean,QuarterlyMean,Mean,9.46
1964,1002,D24HourMean,QuarterlyMean,Mean,8.57
1960,1009,D24HourMean,QuarterlyMean,Mean,10.37
1967,1005,D24HourMean,QuarterlyMean,Mean,9.44
1980,996,D24HourMean,QuarterlyMean,Mean,9.30
1989,1005,D24HourMean,QuarterlyMean,Mean,11.50
1977,998,D24HourMean,QuarterlyMean,Mean,8.53
1981,993,D24HourMean,QuarterlyMean,Mean,8.67
1988,1000,D24HourMean,QuarterlyMean,Mean,10.11
1986,1009,D24HourMean,QuarterlyMean,Mean,15.04
1973,1010,D24HourMean,QuarterlyMean,Mean,14.25
1990,1004,D24HourMean,QuarterlyMean,Mean,10.58
1982,1002,D24HourMean,QuarterlyMean,Mean,9.71
1959,1010,D24HourMean,QuarterlyMean,Mean,11.08
1981,1002,D24HourMean,QuarterlyMean,Mean,9.87
1973,1008,D24HourMean,QuarterlyMean,Mean,12.26
1985,991,D24HourMean,QuarterlyMean,Mean,10.03
1986,1007,D24HourMean,QuarterlyMean,Mean,12.66
1985,988,D24HourMean,QuarterlyMean,Mean,9.90
1979,992,D24HourMean,QuarterlyMean,Mean,9.26
1983,987,D24HourMean,QuarterlyMean,Mean,10.29
1988,995,D24HourMean,QuarterlyMean,Mean,9.85
1973,1003,D24HourMean,QuarterlyMean,Mean,10.23
1991,1000,D24HourMean,QuarterlyMean,Mean,10.17
1982,1010,D24HourMean,QuarterlyMean,Mean,13.45
1964,1009,D24HourMean,QuarterlyMean,Mean,10.75
1986,995,D24HourMean,QuarterlyMean,Mean,9.72
1991,998,D24HourMean,QuarterlyMean,Mean,10.60
1967,1000,D24HourMean,QuarterlyMean,Mean,10.44
1969,1011,D24HourMean,QuarterlyMean,Mean,13.34
1989,996,D24HourMean,QuarterlyMean,Mean,10.04
1975,1002,D24HourMean,QuarterlyMean,Mean,9.28
1985,999,D24HourMean,QuarterlyMean,Mean,10.39
1961,1011,D24HourMean,QuarterlyMean,Mean,10.48
1987,996,D24HourMean,QuarterlyMean,Mean,9.72
1986,1006,D24HourMean,QuarterlyMean,Mean,12.08
1992,1000,D24HourMean,QuarterlyMean,Mean,10.02
1977,996,D24HourMean,QuarterlyMean,Mean,9.65
1971,1000,D24HourMean,QuarterlyMean,Mean,9.53
1979,990,D24HourMean,QuarterlyMean,Mean,9.34
1983,1003,D24HourMean,QuarterlyMean,Mean,9.97
1978,1002,D24HourMean,QuarterlyMean,Mean,10.18
1969,1009,D24HourMean,QuarterlyMean,Mean,12.95
1983,993,D24HourMean,QuarterlyMean,Mean,9.03
1978,1006,D24HourMean,QuarterlyMean,Mean,10.89
1983,1005,D24HourMean,QuarterlyMean,Mean,11.27
1981,990,D24HourMean,QuarterlyMean,Mean,8.75
1968,1005,D24HourMean,QuarterlyMean,Mean,9.47
1973,1011,D24HourMean,QuarterlyMean,Mean,14.64
1979,1004,D24HourMean,QuarterlyMean,Mean,10.76
1959,1009,D24HourMean,QuarterlyMean,Mean,10.93
1974,1000,D24HourMean,QuarterlyMean,Mean,9.27
1982,996,D24HourMean,QuarterlyMean,Mean,9.20
1984,1007,D24HourMean,QuarterlyMean,Mean,12.21
1964,1003,D24HourMean,QuarterlyMean,Mean,7.99
1982,1007,D24HourMean,QuarterlyMean,Mean,12.49
1988,998,D24HourMean,QuarterlyMean,Mean,9.55
1963,1006,D24HourMean,QuarterlyMean,Mean,8.90
1984,996,D24HourMean,QuarterlyMean,Mean,9.02
1982,999,D24HourMean,QuarterlyMean,Mean,10.02
1973,1009,D24HourMean,QuarterlyMean,Mean,13.23
1972,1002,D24HourMean,QuarterlyMean,Mean,9.17
1976,1001,D24HourMean,QuarterlyMean,Mean,8.85
1965,1010,D24HourMean,QuarterlyMean,Mean,11.67
1983,990,D24HourMean,QuarterlyMean,Mean,9.07
1987,1008,D24HourMean,QuarterlyMean,Mean,13.88
1962,1005,D24HourMean,QuarterlyMean,Mean,8.47
1968,1004,D24HourMean,QuarterlyMean,Mean,9.06
1974,1002,D24HourMean,QuarterlyMean,Mean,9.68
1971,1006,D24HourMean,QuarterlyMean,Mean,10.57
1988,1008,D24HourMean,QuarterlyMean,Mean,13.57
1969,1002,D24HourMean,QuarterlyMean,Mean,9.50
1967,1011,D24HourMean,QuarterlyMean,Mean,12.20
1984,994,D24HourMean,QuarterlyMean,Mean,9.58
1990,1005,D24HourMean,QuarterlyMean,Mean,11.25
1973,1006,D24HourMean,QuarterlyMean,Mean,10.47
1989,1004,D24HourMean,QuarterlyMean,Mean,11.12
1987,990,D24HourMean,QuarterlyMean,Mean,9.98
1991,999,D24HourMean,QuarterlyMean,Mean,10.78
1991,1004,D24HourMean,QuarterlyMean,Mean,10.55
1988,1001,D24HourMean,QuarterlyMean,Mean,9.43
1993,1000,D24HourMean,QuarterlyMean,Mean,9.95
1981,996,D24HourMean,QuarterlyMean,Mean,9.13
1971,1004,D24HourMean,QuarterlyMean,Mean,9.96
1990,1007,D24HourMean,QuarterlyMean,Mean,13.16
1979,997,D24HourMean,QuarterlyMean,Mean,9.18
1980,989,D24HourMean,QuarterlyMean,Mean,9.75
1979,1007,D24HourMean,QuarterlyMean,Mean,11.67
1972,1011,D24HourMean,QuarterlyMean,Mean,14.32
1985,996,D24HourMean,QuarterlyMean,Mean,9.29
1970,996,D24HourMean,QuarterlyMean,Mean,10.36
1983,986,D24HourMean,QuarterlyMean,Mean,11.31
1970,1009,D24HourMean,QuarterlyMean,Mean,12.75
1979,1006,D24HourMean,QuarterlyMean,Mean,11.50
1987,999,D24HourMean,QuarterlyMean,Mean,10.79
1975,1005,D24HourMean,QuarterlyMean,Mean,9.78
1965,1009,D24HourMean,QuarterlyMean,Mean,11.19
1984,993,D24HourMean,QuarterlyMean,Mean,9.94
1978,1010,D24HourMean,QuarterlyMean,Mean,13.12
1974,998,D24HourMean,QuarterlyMean,Mean,10.50
1988,1004,D24HourMean,QuarterlyMean,Mean,11.59
1994,1000,D24HourMean,QuarterlyMean,Mean,9.87
1993,998,D24HourMean,QuarterlyMean,Mean,10.98
1994,997,D24HourMean,QuarterlyMean,Mean,10.85
1990,1001,D24HourMean,QuarterlyMean,Mean,9.04
1985,1003,D24HourMean,QuarterlyMean,Mean,10.62
1972,1004,D24HourMean,QuarterlyMean,Mean,9.95
1993,1006,D24HourMean,QuarterlyMean,Mean,13.75
1976,993,D24HourMean,QuarterlyMean,Mean,9.39
1980,1002,D24HourMean,QuarterlyMean,Mean,9.95
1981,988,D24HourMean,QuarterlyMean,Mean,10.00
1979,1003,D24HourMean,QuarterlyMean,Mean,10.02
1982,1006,D24HourMean,QuarterlyMean,Mean,12.14
1984,997,D24HourMean,QuarterlyMean,Mean,9.05
1989,995,D24HourMean,QuarterlyMean,Mean,10.15
1991,996,D24HourMean,QuarterlyMean,Mean,10.16
1960,1007,D24HourMean,QuarterlyMean,Mean,8.63
1983,1004,D24HourMean,QuarterlyMean,Mean,10.40
1975,1007,D24HourMean,QuarterlyMean,Mean,11.36
1977,994,D24HourMean,QuarterlyMean,Mean,9.53
1959,1011,D24HourMean,QuarterlyMean,Mean,11.01
1966,1001,D24HourMean,QuarterlyMean,Mean,8.84
1992,1006,D24HourMean,QuarterlyMean,Mean,13.24
1974,1008,D24HourMean,QuarterlyMean,Mean,12.18
1988,1005,D24HourMean,QuarterlyMean,Mean,11.61
1974,1004,D24HourMean,QuarterlyMean,Mean,9.78
1985,997,D24HourMean,QuarterlyMean,Mean,9.33
1975,1009,D24HourMean,QuarterlyMean,Mean,12.92
1970,1001,D24HourMean,QuarterlyMean,Mean,9.74
1990,999,D24HourMean,QuarterlyMean,Mean,10.48
1976,1000,D24HourMean,QuarterlyMean,Mean,8.74
1973,1002,D24HourMean,QuarterlyMean,Mean,9.52
1966,1008,D24HourMean,QuarterlyMean,Mean,10.87
1985,1004,D24HourMean,QuarterlyMean,Mean,11.49
1986,993,D24HourMean,QuarterlyMean,Mean,9.72
1986,999,D24HourMean,QuarterlyMean,Mean,10.41
1972,1009,D24HourMean,QuarterlyMean,Mean,12.94
1980,995,D24HourMean,QuarterlyMean,Mean,9.58
1974,1009,D24HourMean,QuarterlyMean,Mean,13.48
1965,1006,D24HourMean,QuarterlyMean,Mean,9.39
1991,1003,D24HourMean,QuarterlyMean,Mean,9.81
1973,1005,D24HourMean,QuarterlyMean,Mean,10.24
1970,998,D24HourMean,QuarterlyMean,Mean,10.31
1991,1005,D24HourMean,QuarterlyMean,Mean,11.79
1978,1007,D24HourMean,QuarterlyMean,Mean,11.53
1983,1001,D24HourMean,QuarterlyMean,Mean,10.41
1965,1000,D24HourMean,QuarterlyMean,Mean,9.77
1996,1000,D24HourMean,QuarterlyMean,Mean,10.26
1995,997,D24HourMean,QuarterlyMean,Mean,11.51
1986,992,D24HourMean,QuarterlyMean,Mean,9.75
1993,996,D24HourMean,QuarterlyMean,Mean,10.35
1966,1011,D24HourMean,QuarterlyMean,Mean,12.09
1978,997,D24HourMean,QuarterlyMean,Mean,9.10
1994,998,D24HourMean,QuarterlyMean,Mean,11.01
1970,1007,D24HourMean,QuarterlyMean,Mean,11.58
1971,1010,D24HourMean,QuarterlyMean,Mean,13.24
1987,993,D24HourMean,QuarterlyMean,Mean,9.05
1974,994,D24HourMean,QuarterlyMean,Mean,9.71
1984,1006,D24HourMean,QuarterlyMean,Mean,12.11
1987,1006,D24HourMean,QuarterlyMean,Mean,11.69
1971,1003,D24HourMean,QuarterlyMean,Mean,9.88
1980,1007,D24HourMean,QuarterlyMean,Mean,12.19
1965,1008,D24HourMean,QuarterlyMean,Mean,10.69
1990,1008,D24HourMean,QuarterlyMean,Mean,14.34
1986,990,D24HourMean,QuarterlyMean,Mean,10.24
1970,1011,D24HourMean,QuarterlyMean,Mean,13.61
1979,991,D24HourMean,QuarterlyMean,Mean,9.27
1971,1007,D24HourMean,QuarterlyMean,Mean,11.69
1972,1003,D24HourMean,QuarterlyMean,Mean,10.09
1987,994,D24HourMean,QuarterlyMean,Mean,10.32
1965,1003,D24HourMean,QuarterlyMean,Mean,8.20
1984,1009,D24HourMean,QuarterlyMean,Mean,13.99
1979,994,D24HourMean,QuarterlyMean,Mean,8.84
1967,1010,D24HourMean,QuarterlyMean,Mean,12.45
1980,1006,D24HourMean,QuarterlyMean,Mean,12.06
1972,997,D24HourMean,QuarterlyMean,Mean,11.16
1972,999,D24HourMean,QuarterlyMean,Mean,10.09
1978,1008,D24HourMean,QuarterlyMean,Mean,12.44
1969,997,D24HourMean,QuarterlyMean,Mean,10.73
1967,999,D24HourMean,QuarterlyMean,Mean,9.99
1967,1006,D24HourMean,QuarterlyMean,Mean,10.26
1985,1002,D24HourMean,QuarterlyMean,Mean,9.88
1966,1005,D24HourMean,QuarterlyMean,Mean,8.97
1977,1003,D24HourMean,QuarterlyMean,Mean,9.60
1991,1007,D24HourMean,QuarterlyMean,Mean,14.09
1984,986,D24HourMean,QuarterlyMean,Mean,11.21
1966,1009,D24HourMean,QuarterlyMean,Mean,11.66
1981,1011,D24HourMean,QuarterlyMean,Mean,14.30
1993,1008,D24HourMean,QuarterlyMean,Mean,15.18
1989,997,D24HourMean,QuarterlyMean,Mean,10.15
1986,1000,D24HourMean,QuarterlyMean,Mean,9.94
1990,1006,D24HourMean,QuarterlyMean,Mean,12.11
1964,1006,D24HourMean,QuarterlyMean,Mean,9.22
1975,994,D24HourMean,QuarterlyMean,Mean,9.64
1986,1001,D24HourMean,QuarterlyMean,Mean,9.94
1976,1004,D24HourMean,QuarterlyMean,Mean,9.11
1981,998,D24HourMean,QuarterlyMean,Mean,9.01
1983,1009,D24HourMean,QuarterlyMean,Mean,13.32
1971,1009,D24HourMean,QuarterlyMean,Mean,12.79
1985,1010,D24HourMean,QuarterlyMean,Mean,15.19
1986,991,D24HourMean,QuarterlyMean,Mean,10.38
1978,1001,D24HourMean,QuarterlyMean,Mean,9.62
1993,999,D24HourMean,QuarterlyMean,Mean,10.25
1987,997,D24HourMean,QuarterlyMean,Mean,9.63
1986,994,D24HourMean,QuarterlyMean,Mean,9.77
1995,996,D24HourMean,QuarterlyMean,Mean,11.48
1984,992,D24HourMean,QuarterlyMean,Mean,9.44
1975,996,D24HourMean,QuarterlyMean,Mean,10.55
1990,995,D24HourMean,QuarterlyMean,Mean,9.97
1963,1003,D24HourMean,QuarterlyMean,Mean,8.09
1975,1008,D24HourMean,QuarterlyMean,Mean,12.27
1975,992,D24HourMean,QuarterlyMean,Mean,9.86
1976,998,D24HourMean,QuarterlyMean,Mean,8.77
1981,1000,D24HourMean,QuarterlyMean,Mean,10.22
1992,1001,D24HourMean,QuarterlyMean,Mean,9.29
1975,1004,D24HourMean,QuarterlyMean,Mean,9.71
1978,1009,D24HourMean,QuarterlyMean,Mean,13.00
1994,1001,D24HourMean,QuarterlyMean,Mean,9.53
1976,1008,D24HourMean,QuarterlyMean,Mean,12.23
1989,1000,D24HourMean,QuarterlyMean,Mean,10.37
1975,999,D24HourMean,QuarterlyMean,Mean,8.82
1984,1008,D24HourMean,QuarterlyMean,Mean,12.79
1988,1002,D24HourMean,QuarterlyMean,Mean,9.49
1984,998,D24HourMean,QuarterlyMean,Mean,9.59
1979,989,D24HourMean,QuarterlyMean,Mean,10.17
1968,1009,D24HourMean,QuarterlyMean,Mean,12.55
1982,987,D24HourMean,QuarterlyMean,Mean,10.56
1966,1002,D24HourMean,QuarterlyMean,Mean,8.74
1994,996,D24HourMean,QuarterlyMean,Mean,11.21
1965,1005,D24HourMean,QuarterlyMean,Mean,8.53
1985,986,D24HourMean,QuarterlyMean,Mean,11.14
1983,996,D24HourMean,QuarterlyMean,Mean,9.01
1983,988,D24HourMean,QuarterlyMean,Mean,9.94
1992,997,D24HourMean,QuarterlyMean,Mean,10.41
1965,1002,D24HourMean,QuarterlyMean,Mean,8.65
1980,1005,D24HourMean,QuarterlyMean,Mean,10.88
1983,1011,D24HourMean,QuarterlyMean,Mean,14.42
1974,993,D24HourMean,QuarterlyMean,Mean,9.53
1984,995,D24HourMean,QuarterlyMean,Mean,9.52
1987,1001,D24HourMean,QuarterlyMean,Mean,9.77
1981,1003,D24HourMean,QuarterlyMean,Mean,10.01
1980,988,D24HourMean,QuarterlyMean,Mean,10.50
1972,995,D24HourMean,QuarterlyMean,Mean,10.49
1970,1003,D24HourMean,QuarterlyMean,Mean,9.15
1982,997,D24HourMean,QuarterlyMean,Mean,8.87
1970,1004,D24HourMean,QuarterlyMean,Mean,9.56
1975,1000,D24HourMean,QuarterlyMean,Mean,8.72
1965,1001,D24HourMean,QuarterlyMean,Mean,8.79
1970,1008,D24HourMean,QuarterlyMean,Mean,12.24
1991,997,D24HourMean,QuarterlyMean,Mean,10.29
1990,1000,D24HourMean,QuarterlyMean,Mean,10.32
1981,992,D24HourMean,QuarterlyMean,Mean,8.79
1964,1004,D24HourMean,QuarterlyMean,Mean,8.38
1979,1001,D24HourMean,QuarterlyMean,Mean,10.04
1989,1003,D24HourMean,QuarterlyMean,Mean,10.56
1985,1000,D24HourMean,QuarterlyMean,Mean,10.67
1982,994,D24HourMean,QuarterlyMean,Mean,9.13
1981,999,D24HourMean,QuarterlyMean,Mean,9.82
1962,1009,D24HourMean,QuarterlyMean,Mean,10.19
1985,1001,D24HourMean,QuarterlyMean,Mean,10.39
1990,993,D24HourMean,QuarterlyMean,Mean,10.25
1980,997,D24HourMean,QuarterlyMean,Mean,9.18
1973,996,D24HourMean,QuarterlyMean,Mean,10.89
1969,999,D24HourMean,QuarterlyMean,Mean,9.88
1970,1010,D24HourMean,QuarterlyMean,Mean,13.22
1972,1000,D24HourMean,QuarterlyMean,Mean,9.55
1976,995,D24HourMean,QuarterlyMean,Mean,9.56
1967,1003,D24HourMean,QuarterlyMean,Mean,9.10
1975,997,D24HourMean,QuarterlyMean,Mean,10.64
1985,987,D24HourMean,QuarterlyMean,Mean,10.38
1985,1007,D24HourMean,QuarterlyMean,Mean,12.49
1969,1006,D24HourMean,QuarterlyMean,Mean,10.51
1971,1011,D24HourMean,QuarterlyMean,Mean,13.75
1968,1008,D24HourMean,QuarterlyMean,Mean,11.74
1989,1001,D24HourMean,QuarterlyMean,Mean,9.09
1972,996,D24HourMean,QuarterlyMean,Mean,10.87
1993,1002,D24HourMean,QuarterlyMean,Mean,9.57
1979,1002,D24HourMean,QuarterlyMean,Mean,10.19
1985,1006,D24HourMean,QuarterlyMean,Mean,12.01
1963,1004,D24HourMean,QuarterlyMean,Mean,8.24
1976,991,D24HourMean,QuarterlyMean,Mean,9.85
1977,992,D24HourMean,QuarterlyMean,Mean,9.46
1980,1008,D24HourMean,QuarterlyMean,Mean,12.37
1977,1008,D24HourMean,QuarterlyMean,Mean,12.39
1982,992,D24HourMean,QuarterlyMean,Mean,8.41
1976,1003,D24HourMean,QuarterlyMean,Mean,9.60
1986,998,D24HourMean,QuarterlyMean,Mean,9.89
1963,1007,D24HourMean,QuarterlyMean,Mean,8.95
