Column,Row,Metric,Seasonal Metric,Annual Metric,Values
904,730,D24HourMean,QuarterlyMean,Mean,13.91
896,733,D24HourMean,QuarterlyMean,Mean,17.36
899,702,D24HourMean,QuarterlyMean,Mean,8.62
889,703,D24HourMean,QuarterlyMean,Mean,12.33
895,730,D24HourMean,QuarterlyMean,Mean,14.52
885,711,D24HourMean,QuarterlyMean,Mean,9.88
896,724,D24HourMean,QuarterlyMean,Mean,13.96
891,710,D24HourMean,QuarterlyMean,Mean,10.57
917,716,D24HourMean,QuarterlyMean,Mean,10.78
912,714,D24HourMean,QuarterlyMean,Mean,12.43
898,728,D24HourMean,QuarterlyMean,Mean,16.26
901,722,D24HourMean,QuarterlyMean,Mean,14.12
881,707,D24HourMean,QuarterlyMean,Mean,12.48
895,727,D24HourMean,QuarterlyMean,Mean,15.01
906,736,D24HourMean,QuarterlyMean,Mean,11.98
899,721,D24HourMean,QuarterlyMean,Mean,14.46
905,706,D24HourMean,QuarterlyMean,Mean,10.64
883,709,D24HourMean,QuarterlyMean,Mean,10.42
895,714,D24HourMean,QuarterlyMean,Mean,10.42
908,720,D24HourMean,QuarterlyMean,Mean,11.62
903,708,D24HourMean,QuarterlyMean,Mean,12.53
882,711,D24HourMean,QuarterlyMean,Mean,9.62
891,699,D24HourMean,QuarterlyMean,Mean,11.37
902,705,D24HourMean,QuarterlyMean,Mean,9.37
882,716,D24HourMean,QuarterlyMean,Mean,11.83
900,730,D24HourMean,QuarterlyMean,Mean,17.68
901,717,D24HourMean,QuarterlyMean,Mean,13.07
906,720,D24HourMean,QuarterlyMean,Mean,12.25
886,711,D24HourMean,QuarterlyMean,Mean,9.98
883,706,D24HourMean,QuarterlyMean,Mean,12.13
912,715,D24HourMean,QuarterlyMean,Mean,12.46
907,709,D24HourMean,QuarterlyMean,Mean,11.69
910,713,D24HourMean,QuarterlyMean,Mean,13.02
893,713,D24HourMean,QuarterlyMean,Mean,11.94
896,730,D24HourMean,QuarterlyMean,Mean,15.46
902,728,D24HourMean,QuarterlyMean,Mean,15.71
898,717,D24HourMean,QuarterlyMean,Mean,12.08
911,718,D24HourMean,QuarterlyMean,Mean,11.94
894,737,D24HourMean,QuarterlyMean,Mean,21.36
893,707,D24HourMean,QuarterlyMean,Mean,10.96
904,737,D24HourMean,QuarterlyMean,Mean,17.19
889,702,D24HourMean,QuarterlyMean,Mean,13.43
896,705,D24HourMean,QuarterlyMean,Mean,10.61
892,711,D24HourMean,QuarterlyMean,Mean,11.10
890,714,D24HourMean,QuarterlyMean,Mean,11.08
882,712,D24HourMean,QuarterlyMean,Mean,9.84
893,727,D24HourMean,QuarterlyMean,Mean,13.60
892,730,D24HourMean,QuarterlyMean,Mean,11.47
902,730,D24HourMean,QuarterlyMean,Mean,16.80
907,713,D24HourMean,QuarterlyMean,Mean,11.94
884,713,D24HourMean,QuarterlyMean,Mean,10.13
904,734,D24HourMean,QuarterlyMean,Mean,15.08
893,735,D24HourMean,QuarterlyMean,Mean,16.44
904,725,D24HourMean,QuarterlyMean,Mean,13.10
901,709,D24HourMean,QuarterlyMean,Mean,13.22
912,712,D24HourMean,QuarterlyMean,Mean,11.77
904,712,D24HourMean,QuarterlyMean,Mean,12.68
893,706,D24HourMean,QuarterlyMean,Mean,10.18
903,727,D24HourMean,QuarterlyMean,Mean,14.62
883,718,D24HourMean,QuarterlyMean,Mean,12.70
899,711,D24HourMean,QuarterlyMean,Mean,9.75
881,713,D24HourMean,QuarterlyMean,Mean,10.18
893,720,D24HourMean,QuarterlyMean,Mean,13.32
887,711,D24HourMean,QuarterlyMean,Mean,10.27
892,715,D24HourMean,QuarterlyMean,Mean,10.64
886,710,D24HourMean,QuarterlyMean,Mean,9.89
905,708,D24HourMean,QuarterlyMean,Mean,11.37
905,719,D24HourMean,QuarterlyMean,Mean,11.59
891,732,D24HourMean,QuarterlyMean,Mean,12.70
892,712,D24HourMean,QuarterlyMean,Mean,11.03
903,730,D24HourMean,QuarterlyMean,Mean,15.47
910,718,D24HourMean,QuarterlyMean,Mean,12.80
909,711,D24HourMean,QuarterlyMean,Mean,11.71
903,711,D24HourMean,QuarterlyMean,Mean,10.20
902,736,D24HourMean,QuarterlyMean,Mean,21.68
893,734,D24HourMean,QuarterlyMean,Mean,15.10
898,708,D24HourMean,QuarterlyMean,Mean,11.93
888,711,D24HourMean,QuarterlyMean,Mean,10.67
884,708,D24HourMean,QuarterlyMean,Mean,11.12
903,718,D24HourMean,QuarterlyMean,Mean,12.73
885,707,D24HourMean,QuarterlyMean,Mean,12.15
902,702,D24HourMean,QuarterlyMean,Mean,9.17
892,709,D24HourMean,QuarterlyMean,Mean,11.18
899,712,D24HourMean,QuarterlyMean,Mean,11.66
890,713,D24HourMean,QuarterlyMean,Mean,10.98
886,712,D24HourMean,QuarterlyMean,Mean,10.81
900,710,D24HourMean,QuarterlyMean,Mean,10.83
900,728,D24HourMean,QuarterlyMean,Mean,16.44
891,709,D24HourMean,QuarterlyMean,Mean,10.78
887,707,D24HourMean,QuarterlyMean,Mean,9.86
903,725,D24HourMean,QuarterlyMean,Mean,13.70
893,701,D24HourMean,QuarterlyMean,Mean,10.79
901,708,D24HourMean,QuarterlyMean,Mean,12.98
897,706,D24HourMean,QuarterlyMean,Mean,10.64
886,714,D24HourMean,QuarterlyMean,Mean,11.17
908,727,D24HourMean,QuarterlyMean,Mean,12.08
888,717,D24HourMean,QuarterlyMean,Mean,12.16
899,699,D24HourMean,QuarterlyMean,Mean,9.36
899,698,D24HourMean,QuarterlyMean,Mean,9.92
913,716,D24HourMean,QuarterlyMean,Mean,10.81
903,731,D24HourMean,QuarterlyMean,Mean,15.34
889,719,D24HourMean,QuarterlyMean,Mean,12.77
898,733,D24HourMean,QuarterlyMean,Mean,19.76
897,707,D24HourMean,QuarterlyMean,Mean,11.98
890,703,D24HourMean,QuarterlyMean,Mean,12.76
901,705,D24HourMean,QuarterlyMean,Mean,9.13
899,708,D24HourMean,QuarterlyMean,Mean,12.46
908,733,D24HourMean,QuarterlyMean,Mean,10.21
891,719,D24HourMean,QuarterlyMean,Mean,14.33
899,707,D24HourMean,QuarterlyMean,Mean,10.78
907,727,D24HourMean,QuarterlyMean,Mean,12.50
890,719,D24HourMean,QuarterlyMean,Mean,13.28
892,706,D24HourMean,QuarterlyMean,Mean,9.39
898,735,D24HourMean,QuarterlyMean,Mean,23.38
895,704,D24HourMean,QuarterlyMean,Mean,10.30
903,700,D24HourMean,QuarterlyMean,Mean,9.46
894,705,D24HourMean,QuarterlyMean,Mean,9.84
901,730,D24HourMean,QuarterlyMean,Mean,17.49
906,728,D24HourMean,QuarterlyMean,Mean,12.97
896,707,D24HourMean,QuarterlyMean,Mean,12.93
899,720,D24HourMean,QuarterlyMean,Mean,14.35
907,725,D24HourMean,QuarterlyMean,Mean,11.49
916,716,D24HourMean,QuarterlyMean,Mean,11.15
883,713,D24HourMean,QuarterlyMean,Mean,10.24
905,725,D24HourMean,QuarterlyMean,Mean,12.95
896,710,D24HourMean,QuarterlyMean,Mean,11.15
901,726,D24HourMean,QuarterlyMean,Mean,15.77
888,710,D24HourMean,QuarterlyMean,Mean,10.67
899,735,D24HourMean,QuarterlyMean,Mean,23.80
885,718,D24HourMean,QuarterlyMean,Mean,12.08
898,725,D24HourMean,QuarterlyMean,Mean,14.58
897,731,D24HourMean,QuarterlyMean,Mean,16.40
899,704,D24HourMean,QuarterlyMean,Mean,9.12
912,713,D24HourMean,QuarterlyMean,Mean,12.36
892,705,D24HourMean,QuarterlyMean,Mean,10.13
903,732,D24HourMean,QuarterlyMean,Mean,15.43
903,714,D24HourMean,QuarterlyMean,Mean,13.68
884,706,D24HourMean,QuarterlyMean,Mean,12.56
902,732,D24HourMean,QuarterlyMean,Mean,16.84
899,701,D24HourMean,QuarterlyMean,Mean,8.43
898,724,D24HourMean,QuarterlyMean,Mean,13.72
902,709,D24HourMean,QuarterlyMean,Mean,12.98
899,718,D24HourMean,QuarterlyMean,Mean,13.28
907,731,D24HourMean,QuarterlyMean,Mean,11.58
891,720,D24HourMean,QuarterlyMean,Mean,13.79
887,710,D24HourMean,QuarterlyMean,Mean,10.27
907,736,D24HourMean,QuarterlyMean,Mean,10.34
882,704,D24HourMean,QuarterlyMean,Mean,11.08
905,712,D24HourMean,QuarterlyMean,Mean,11.08
895,709,D24HourMean,QuarterlyMean,Mean,11.67
916,715,D24HourMean,QuarterlyMean,Mean,10.86
900,709,D24HourMean,QuarterlyMean,Mean,13.00
883,707,D24HourMean,QuarterlyMean,Mean,12.26
903,709,D24HourMean,QuarterlyMean,Mean,13.18
908,713,D24HourMean,QuarterlyMean,Mean,11.57
894,709,D24HourMean,QuarterlyMean,Mean,11.20
906,712,D24HourMean,QuarterlyMean,Mean,11.22
906,714,D24HourMean,QuarterlyMean,Mean,13.42
903,723,D24HourMean,QuarterlyMean,Mean,12.87
898,712,D24HourMean,QuarterlyMean,Mean,10.71
900,716,D24HourMean,QuarterlyMean,Mean,11.89
903,736,D24HourMean,QuarterlyMean,Mean,19.22
904,716,D24HourMean,QuarterlyMean,Mean,11.99
906,722,D24HourMean,QuarterlyMean,Mean,12.23
886,719,D24HourMean,QuarterlyMean,Mean,12.78
892,702,D24HourMean,QuarterlyMean,Mean,12.71
901,725,D24HourMean,QuarterlyMean,Mean,14.83
893,703,D24HourMean,QuarterlyMean,Mean,11.99
897,733,D24HourMean,QuarterlyMean,Mean,18.61
913,715,D24HourMean,QuarterlyMean,Mean,12.73
898,707,D24HourMean,QuarterlyMean,Mean,11.32
884,720,D24HourMean,QuarterlyMean,Mean,13.93
884,707,D24HourMean,QuarterlyMean,Mean,12.38
899,717,D24HourMean,QuarterlyMean,Mean,12.38
887,705,D24HourMean,QuarterlyMean,Mean,12.73
885,720,D24HourMean,QuarterlyMean,Mean,14.02
889,701,D24HourMean,QuarterlyMean,Mean,12.73
890,705,D24HourMean,QuarterlyMean,Mean,11.11
885,702,D24HourMean,QuarterlyMean,Mean,11.03
895,731,D24HourMean,QuarterlyMean,Mean,14.98
908,708,D24HourMean,QuarterlyMean,Mean,10.20
888,732,D24HourMean,QuarterlyMean,Mean,11.71
903,706,D24HourMean,QuarterlyMean,Mean,9.74
888,705,D24HourMean,QuarterlyMean,Mean,12.46
888,702,D24HourMean,QuarterlyMean,Mean,13.20
903,701,D24HourMean,QuarterlyMean,Mean,9.67
884,704,D24HourMean,QuarterlyMean,Mean,11.56
904,710,D24HourMean,QuarterlyMean,Mean,11.71
892,701,D24HourMean,QuarterlyMean,Mean,11.89
901,721,D24HourMean,QuarterlyMean,Mean,14.03
879,712,D24HourMean,QuarterlyMean,Mean,10.52
885,701,D24HourMean,QuarterlyMean,Mean,10.84
879,713,D24HourMean,QuarterlyMean,Mean,10.76
908,728,D24HourMean,QuarterlyMean,Mean,12.03
895,713,D24HourMean,QuarterlyMean,Mean,11.23
908,731,D24HourMean,QuarterlyMean,Mean,11.55
880,708,D24HourMean,QuarterlyMean,Mean,12.55
900,715,D24HourMean,QuarterlyMean,Mean,12.35
902,703,D24HourMean,QuarterlyMean,Mean,9.25
904,713,D24HourMean,QuarterlyMean,Mean,13.62
902,725,D24HourMean,QuarterlyMean,Mean,13.95
898,720,D24HourMean,QuarterlyMean,Mean,14.13
886,720,D24HourMean,QuarterlyMean,Mean,14.25
911,716,D24HourMean,QuarterlyMean,Mean,11.59
905,731,D24HourMean,QuarterlyMean,Mean,12.56
900,726,D24HourMean,QuarterlyMean,Mean,16.00
882,717,D24HourMean,QuarterlyMean,Mean,12.30
890,708,D24HourMean,QuarterlyMean,Mean,10.44
889,704,D24HourMean,QuarterlyMean,Mean,11.98
880,705,D24HourMean,QuarterlyMean,Mean,11.67
894,700,D24HourMean,QuarterlyMean,Mean,11.18
882,713,D24HourMean,QuarterlyMean,Mean,10.41
906,704,D24HourMean,QuarterlyMean,Mean,9.96
887,703,D24HourMean,QuarterlyMean,Mean,12.68
900,722,D24HourMean,QuarterlyMean,Mean,13.97
891,718,D24HourMean,QuarterlyMean,Mean,13.98
890,709,D24HourMean,QuarterlyMean,Mean,10.64
901,712,D24HourMean,QuarterlyMean,Mean,12.40
889,716,D24HourMean,QuarterlyMean,Mean,10.90
891,701,D24HourMean,QuarterlyMean,Mean,12.45
905,718,D24HourMean,QuarterlyMean,Mean,11.93
879,705,D24HourMean,QuarterlyMean,Mean,12.14
898,737,D24HourMean,QuarterlyMean,Mean,27.64
905,724,D24HourMean,QuarterlyMean,Mean,13.40
907,711,D24HourMean,QuarterlyMean,Mean,11.98
885,719,D24HourMean,QuarterlyMean,Mean,13.32
884,717,D24HourMean,QuarterlyMean,Mean,12.80
908,723,D24HourMean,QuarterlyMean,Mean,11.74
897,705,D24HourMean,QuarterlyMean,Mean,10.32
907,718,D24HourMean,QuarterlyMean,Mean,12.08
894,712,D24HourMean,QuarterlyMean,Mean,12.08
889,714,D24HourMean,QuarterlyMean,Mean,10.78
885,704,D24HourMean,QuarterlyMean,Mean,12.40
883,714,D24HourMean,QuarterlyMean,Mean,10.98
902,733,D24HourMean,QuarterlyMean,Mean,17.91
916,718,D24HourMean,QuarterlyMean,Mean,10.74
898,723,D24HourMean,QuarterlyMean,Mean,13.70
899,710,D24HourMean,QuarterlyMean,Mean,10.32
897,701,D24HourMean,QuarterlyMean,Mean,10.49
891,716,D24HourMean,QuarterlyMean,Mean,11.30
897,716,D24HourMean,QuarterlyMean,Mean,11.69
902,720,D24HourMean,QuarterlyMean,Mean,13.10
902,708,D24HourMean,QuarterlyMean,Mean,12.58
903,724,D24HourMean,QuarterlyMean,Mean,13.98
882,708,D24HourMean,QuarterlyMean,Mean,12.48
905,730,D24HourMean,QuarterlyMean,Mean,12.64
900,713,D24HourMean,QuarterlyMean,Mean,12.53
885,715,D24HourMean,QuarterlyMean,Mean,10.63
897,703,D24HourMean,QuarterlyMean,Mean,9.55
904,717,D24HourMean,QuarterlyMean,Mean,11.87
890,716,D24HourMean,QuarterlyMean,Mean,10.93
891,704,D24HourMean,QuarterlyMean,Mean,11.76
887,720,D24HourMean,QuarterlyMean,Mean,12.85
906,724,D24HourMean,QuarterlyMean,Mean,12.30
883,711,D24HourMean,QuarterlyMean,Mean,9.55
888,709,D24HourMean,QuarterlyMean,Mean,10.18
892,699,D24HourMean,QuarterlyMean,Mean,11.23
902,729,D24HourMean,QuarterlyMean,Mean,16.80
892,708,D24HourMean,QuarterlyMean,Mean,10.74
891,730,D24HourMean,QuarterlyMean,Mean,10.81
889,710,D24HourMean,QuarterlyMean,Mean,10.62
897,736,D24HourMean,QuarterlyMean,Mean,24.27
915,717,D24HourMean,QuarterlyMean,Mean,11.17
907,710,D24HourMean,QuarterlyMean,Mean,11.74
901,710,D24HourMean,QuarterlyMean,Mean,11.17
899,713,D24HourMean,QuarterlyMean,Mean,12.28
890,706,D24HourMean,QuarterlyMean,Mean,10.09
885,716,D24HourMean,QuarterlyMean,Mean,11.05
887,718,D24HourMean,QuarterlyMean,Mean,11.66
898,703,D24HourMean,QuarterlyMean,Mean,9.32
901,704,D24HourMean,QuarterlyMean,Mean,8.46
902,723,D24HourMean,QuarterlyMean,Mean,14.08
899,737,D24HourMean,QuarterlyMean,Mean,27.74
906,706,D24HourMean,QuarterlyMean,Mean,10.18
881,706,D24HourMean,QuarterlyMean,Mean,12.45
891,729,D24HourMean,QuarterlyMean,Mean,11.37
892,736,D24HourMean,QuarterlyMean,Mean,16.27
905,728,D24HourMean,QuarterlyMean,Mean,13.39
892,731,D24HourMean,QuarterlyMean,Mean,11.37
896,718,D24HourMean,QuarterlyMean,Mean,11.61
907,729,D24HourMean,QuarterlyMean,Mean,12.60
904,719,D24HourMean,QuarterlyMean,Mean,12.46
904,722,D24HourMean,QuarterlyMean,Mean,11.81
896,699,D24HourMean,QuarterlyMean,Mean,8.93
895,728,D24HourMean,QuarterlyMean,Mean,14.99
900,720,D24HourMean,QuarterlyMean,Mean,14.21
894,715,D24HourMean,QuarterlyMean,Mean,10.95
901,734,D24HourMean,QuarterlyMean,Mean,20.72
899,700,D24HourMean,QuarterlyMean,Mean,9.15
892,710,D24HourMean,QuarterlyMean,Mean,10.78
901,724,D24HourMean,QuarterlyMean,Mean,14.27
909,712,D24HourMean,QuarterlyMean,Mean,12.08
907,714,D24HourMean,QuarterlyMean,Mean,12.41
885,706,D24HourMean,QuarterlyMean,Mean,13.10
899,715,D24HourMean,QuarterlyMean,Mean,11.77
908,709,D24HourMean,QuarterlyMean,Mean,11.42
895,734,D24HourMean,QuarterlyMean,Mean,17.78
890,718,D24HourMean,QuarterlyMean,Mean,12.51
901,715,D24HourMean,QuarterlyMean,Mean,12.58
908,736,D24HourMean,QuarterlyMean,Mean,9.59
902,713,D24HourMean,QuarterlyMean,Mean,13.15
908,721,D24HourMean,QuarterlyMean,Mean,10.98
885,708,D24HourMean,QuarterlyMean,Mean,10.52
898,734,D24HourMean,QuarterlyMean,Mean,21.03
884,702,D24HourMean,QuarterlyMean,Mean,11.12
908,716,D24HourMean,QuarterlyMean,Mean,11.49
891,734,D24HourMean,QuarterlyMean,Mean,12.97
897,737,D24HourMean,QuarterlyMean,Mean,26.43
887,732,D24HourMean,QuarterlyMean,Mean,12.18
896,726,D24HourMean,QuarterlyMean,Mean,15.30
888,703,D24HourMean,QuarterlyMean,Mean,12.56
889,706,D24HourMean,QuarterlyMean,Mean,10.28
884,712,D24HourMean,QuarterlyMean,Mean,9.69
897,727,D24HourMean,QuarterlyMean,Mean,15.75
895,707,D24HourMean,QuarterlyMean,Mean,13.13
879,706,D24HourMean,QuarterlyMean,Mean,12.46
887,715,D24HourMean,QuarterlyMean,Mean,10.91
883,710,D24HourMean,QuarterlyMean,Mean,9.52
887,704,D24HourMean,QuarterlyMean,Mean,12.36
894,734,D24HourMean,QuarterlyMean,Mean,16.59
888,713,D24HourMean,QuarterlyMean,Mean,11.22
899,705,D24HourMean,QuarterlyMean,Mean,9.44
886,708,D24HourMean,QuarterlyMean,Mean,10.47
887,716,D24HourMean,QuarterlyMean,Mean,11.62
913,714,D24HourMean,QuarterlyMean,Mean,12.70
899,714,D24HourMean,QuarterlyMean,Mean,11.59
892,719,D24HourMean,QuarterlyMean,Mean,14.86
884,714,D24HourMean,QuarterlyMean,Mean,11.15
890,710,D24HourMean,QuarterlyMean,Mean,10.78
906,709,D24HourMean,QuarterlyMean,Mean,11.45
886,716,D24HourMean,QuarterlyMean,Mean,10.88
910,715,D24HourMean,QuarterlyMean,Mean,11.11
889,707,D24HourMean,QuarterlyMean,Mean,10.30
891,703,D24HourMean,QuarterlyMean,Mean,12.70
914,717,D24HourMean,QuarterlyMean,Mean,11.55
881,712,D24HourMean,QuarterlyMean,Mean,9.79
900,734,D24HourMean,QuarterlyMean,Mean,21.38
901,735,D24HourMean,QuarterlyMean,Mean,22.21
882,707,D24HourMean,QuarterlyMean,Mean,12.60
899,724,D24HourMean,QuarterlyMean,Mean,14.31
900,703,D24HourMean,QuarterlyMean,Mean,8.46
888,708,D24HourMean,QuarterlyMean,Mean,10.25
904,702,D24HourMean,QuarterlyMean,Mean,9.48
903,726,D24HourMean,QuarterlyMean,Mean,13.92
896,727,D24HourMean,QuarterlyMean,Mean,15.15
907,732,D24HourMean,QuarterlyMean,Mean,10.75
898,711,D24HourMean,QuarterlyMean,Mean,11.00
897,732,D24HourMean,QuarterlyMean,Mean,17.35
901,736,D24HourMean,QuarterlyMean,Mean,23.78
893,719,D24HourMean,QuarterlyMean,Mean,13.49
903,719,D24HourMean,QuarterlyMean,Mean,12.71
895,736,D24HourMean,QuarterlyMean,Mean,21.48
891,708,D24HourMean,QuarterlyMean,Mean,9.99
912,716,D24HourMean,QuarterlyMean,Mean,11.01
896,703,D24HourMean,QuarterlyMean,Mean,9.80
899,722,D24HourMean,QuarterlyMean,Mean,14.03
887,713,D24HourMean,QuarterlyMean,Mean,11.49
897,722,D24HourMean,QuarterlyMean,Mean,13.84
897,734,D24HourMean,QuarterlyMean,Mean,20.01
904,709,D24HourMean,QuarterlyMean,Mean,12.93
902,718,D24HourMean,QuarterlyMean,Mean,13.15
894,707,D24HourMean,QuarterlyMean,Mean,11.93
879,707,D24HourMean,QuarterlyMean,Mean,11.98
900,729,D24HourMean,QuarterlyMean,Mean,17.26
902,712,D24HourMean,QuarterlyMean,Mean,12.68
897,700,D24HourMean,QuarterlyMean,Mean,10.47
909,730,D24HourMean,QuarterlyMean,Mean,11.70
905,704,D24HourMean,QuarterlyMean,Mean,9.92
892,703,D24HourMean,QuarterlyMean,Mean,12.43
895,701,D24HourMean,QuarterlyMean,Mean,10.95
899,731,D24HourMean,QuarterlyMean,Mean,18.17
906,731,D24HourMean,QuarterlyMean,Mean,11.68
902,715,D24HourMean,QuarterlyMean,Mean,12.87
889,730,D24HourMean,QuarterlyMean,Mean,9.94
908,734,D24HourMean,QuarterlyMean,Mean,9.98
894,733,D24HourMean,QuarterlyMean,Mean,15.11
906,710,D24HourMean,QuarterlyMean,Mean,12.16
881,703,D24HourMean,QuarterlyMean,Mean,10.47
889,708,D24HourMean,QuarterlyMean,Mean,10.44
900,732,D24HourMean,QuarterlyMean,Mean,18.64
897,730,D24HourMean,QuarterlyMean,Mean,16.23
905,734,D24HourMean,QuarterlyMean,Mean,13.16
894,720,D24HourMean,QuarterlyMean,Mean,13.26
900,723,D24HourMean,QuarterlyMean,Mean,14.78
886,715,D24HourMean,QuarterlyMean,Mean,10.57
911,715,D24HourMean,QuarterlyMean,Mean,12.65
904,735,D24HourMean,QuarterlyMean,Mean,16.04
890,732,D24HourMean,QuarterlyMean,Mean,10.89
880,710,D24HourMean,QuarterlyMean,Mean,11.99
905,727,D24HourMean,QuarterlyMean,Mean,13.19
895,725,D24HourMean,QuarterlyMean,Mean,13.91
897,698,D24HourMean,QuarterlyMean,Mean,11.25
906,716,D24HourMean,QuarterlyMean,Mean,11.49
898,714,D24HourMean,QuarterlyMean,Mean,11.35
899,726,D24HourMean,QuarterlyMean,Mean,16.36
904,720,D24HourMean,QuarterlyMean,Mean,12.30
914,714,D24HourMean,QuarterlyMean,Mean,12.30
883,716,D24HourMean,QuarterlyMean,Mean,12.15
905,707,D24HourMean,QuarterlyMean,Mean,10.81
885,714,D24HourMean,QuarterlyMean,Mean,10.76
907,705,D24HourMean,QuarterlyMean,Mean,10.20
902,710,D24HourMean,QuarterlyMean,Mean,10.96
903,722,D24HourMean,QuarterlyMean,Mean,12.21
895,717,D24HourMean,QuarterlyMean,Mean,12.93
912,717,D24HourMean,QuarterlyMean,Mean,11.51
899,729,D24HourMean,QuarterlyMean,Mean,17.01
900,719,D24HourMean,QuarterlyMean,Mean,13.53
888,718,D24HourMean,QuarterlyMean,Mean,11.39
902,704,D24HourMean,QuarterlyMean,Mean,9.43
895,726,D24HourMean,QuarterlyMean,Mean,15.25
909,733,D24HourMean,QuarterlyMean,Mean,10.61
899,733,D24HourMean,QuarterlyMean,Mean,20.27
904,706,D24HourMean,QuarterlyMean,Mean,10.28
893,733,D24HourMean,QuarterlyMean,Mean,14.21
905,729,D24HourMean,QuarterlyMean,Mean,13.24
889,709,D24HourMean,QuarterlyMean,Mean,10.56
896,714,D24HourMean,QuarterlyMean,Mean,10.27
894,699,D24HourMean,QuarterlyMean,Mean,10.15
891,714,D24HourMean,QuarterlyMean,Mean,10.52
890,700,D24HourMean,QuarterlyMean,Mean,12.83
880,709,D24HourMean,QuarterlyMean,Mean,12.58
913,713,D24HourMean,QuarterlyMean,Mean,11.84
898,710,D24HourMean,QuarterlyMean,Mean,11.37
897,704,D24HourMean,QuarterlyMean,Mean,9.75
902,719,D24HourMean,QuarterlyMean,Mean,13.27
880,706,D24HourMean,QuarterlyMean,Mean,12.19
900,705,D24HourMean,QuarterlyMean,Mean,9.20
896,720,D24HourMean,QuarterlyMean,Mean,13.65
909,713,D24HourMean,QuarterlyMean,Mean,12.82
900,712,D24HourMean,QuarterlyMean,Mean,11.99
904,714,D24HourMean,QuarterlyMean,Mean,14.08
906,719,D24HourMean,QuarterlyMean,Mean,12.28
891,717,D24HourMean,QuarterlyMean,Mean,11.88
904,705,D24HourMean,QuarterlyMean,Mean,9.84
908,730,D24HourMean,QuarterlyMean,Mean,11.92
894,706,D24HourMean,QuarterlyMean,Mean,10.81
906,711,D24HourMean,QuarterlyMean,Mean,12.41
892,734,D24HourMean,QuarterlyMean,Mean,13.86
894,718,D24HourMean,QuarterlyMean,Mean,13.12
904,718,D24HourMean,QuarterlyMean,Mean,12.75
901,702,D24HourMean,QuarterlyMean,Mean,9.39
890,699,D24HourMean,QuarterlyMean,Mean,11.47
880,714,D24HourMean,QuarterlyMean,Mean,11.10
883,702,D24HourMean,QuarterlyMean,Mean,11.39
909,715,D24HourMean,QuarterlyMean,Mean,10.57
900,704,D24HourMean,QuarterlyMean,Mean,8.50
906,729,D24HourMean,QuarterlyMean,Mean,12.67
897,721,D24HourMean,QuarterlyMean,Mean,14.43
891,713,D24HourMean,QuarterlyMean,Mean,11.17
904,721,D24HourMean,QuarterlyMean,Mean,12.70
908,715,D24HourMean,QuarterlyMean,Mean,11.66
898,722,D24HourMean,QuarterlyMean,Mean,13.55
904,736,D24HourMean,QuarterlyMean,Mean,16.82
895,719,D24HourMean,QuarterlyMean,Mean,13.55
890,730,D24HourMean,QuarterlyMean,Mean,10.12
904,731,D24HourMean,QuarterlyMean,Mean,13.86
910,714,D24HourMean,QuarterlyMean,Mean,11.67
885,705,D24HourMean,QuarterlyMean,Mean,13.18
906,725,D24HourMean,QuarterlyMean,Mean,12.55
905,711,D24HourMean,QuarterlyMean,Mean,12.81
888,699,D24HourMean,QuarterlyMean,Mean,11.37
887,702,D24HourMean,QuarterlyMean,Mean,13.07
903,717,D24HourMean,QuarterlyMean,Mean,11.52
891,711,D24HourMean,QuarterlyMean,Mean,10.71
900,731,D24HourMean,QuarterlyMean,Mean,17.98
892,733,D24HourMean,QuarterlyMean,Mean,13.91
897,719,D24HourMean,QuarterlyMean,Mean,13.08
907,724,D24HourMean,QuarterlyMean,Mean,11.27
886,704,D24HourMean,QuarterlyMean,Mean,12.70
887,708,D24HourMean,QuarterlyMean,Mean,10.35
894,730,D24HourMean,QuarterlyMean,Mean,13.73
917,717,D24HourMean,QuarterlyMean,Mean,11.23
892,704,D24HourMean,QuarterlyMean,Mean,11.76
905,705,D24HourMean,QuarterlyMean,Mean,10.26
902,711,D24HourMean,QuarterlyMean,Mean,10.52
900,721,D24HourMean,QuarterlyMean,Mean,14.51
907,726,D24HourMean,QuarterlyMean,Mean,12.42
907,735,D24HourMean,QuarterlyMean,Mean,10.41
882,710,D24HourMean,QuarterlyMean,Mean,10.22
894,735,D24HourMean,QuarterlyMean,Mean,18.12
903,715,D24HourMean,QuarterlyMean,Mean,12.87
894,703,D24HourMean,QuarterlyMean,Mean,11.44
908,722,D24HourMean,QuarterlyMean,Mean,12.11
907,707,D24HourMean,QuarterlyMean,Mean,11.06
898,718,D24HourMean,QuarterlyMean,Mean,12.71
911,714,D24HourMean,QuarterlyMean,Mean,12.73
901,732,D24HourMean,QuarterlyMean,Mean,17.79
905,733,D24HourMean,QuarterlyMean,Mean,12.73
903,712,D24HourMean,QuarterlyMean,Mean,12.61
900,702,D24HourMean,QuarterlyMean,Mean,8.91
894,704,D24HourMean,QuarterlyMean,Mean,10.47
907,728,D24HourMean,QuarterlyMean,Mean,12.57
907,706,D24HourMean,QuarterlyMean,Mean,10.96
895,702,D24HourMean,QuarterlyMean,Mean,10.81
899,703,D24HourMean,QuarterlyMean,Mean,8.37
898,719,D24HourMean,QuarterlyMean,Mean,13.00
896,712,D24HourMean,QuarterlyMean,Mean,11.20
896,716,D24HourMean,QuarterlyMean,Mean,11.96
901,729,D24HourMean,QuarterlyMean,Mean,17.46
893,712,D24HourMean,QuarterlyMean,Mean,11.86
897,699,D24HourMean,QuarterlyMean,Mean,11.40
905,709,D24HourMean,QuarterlyMean,Mean,12.01
895,729,D24HourMean,QuarterlyMean,Mean,15.10
881,705,D24HourMean,QuarterlyMean,Mean,11.71
895,720,D24HourMean,QuarterlyMean,Mean,13.51
908,732,D24HourMean,QuarterlyMean,Mean,10.43
894,716,D24HourMean,QuarterlyMean,Mean,12.26
898,732,D24HourMean,QuarterlyMean,Mean,18.44
887,706,D24HourMean,QuarterlyMean,Mean,10.96
899,706,D24HourMean,QuarterlyMean,Mean,9.82
896,711,D24HourMean,QuarterlyMean,Mean,11.44
910,717,D24HourMean,QuarterlyMean,Mean,11.74
907,722,D24HourMean,QuarterlyMean,Mean,11.89
887,700,D24HourMean,QuarterlyMean,Mean,11.61
893,715,D24HourMean,QuarterlyMean,Mean,10.95
884,703,D24HourMean,QuarterlyMean,Mean,10.88
888,704,D24HourMean,QuarterlyMean,Mean,12.21
891,702,D24HourMean,QuarterlyMean,Mean,12.81
907,717,D24HourMean,QuarterlyMean,Mean,10.96
895,712,D24HourMean,QuarterlyMean,Mean,11.82
908,717,D24HourMean,QuarterlyMean,Mean,11.20
900,711,D24HourMean,QuarterlyMean,Mean,10.21
896,728,D24HourMean,QuarterlyMean,Mean,15.50
909,735,D24HourMean,QuarterlyMean,Mean,9.31
908,725,D24HourMean,QuarterlyMean,Mean,11.17
908,737,D24HourMean,QuarterlyMean,Mean,9.38
906,713,D24HourMean,QuarterlyMean,Mean,11.57
902,734,D24HourMean,QuarterlyMean,Mean,19.25
906,733,D24HourMean,QuarterlyMean,Mean,11.59
903,704,D24HourMean,QuarterlyMean,Mean,9.68
905,715,D24HourMean,QuarterlyMean,Mean,12.51
885,713,D24HourMean,QuarterlyMean,Mean,10.42
908,712,D24HourMean,QuarterlyMean,Mean,11.05
909,737,D24HourMean,QuarterlyMean,Mean,9.04
892,718,D24HourMean,QuarterlyMean,Mean,14.25
897,729,D24HourMean,QuarterlyMean,Mean,16.20
897,702,D24HourMean,QuarterlyMean,Mean,9.67
901,731,D24HourMean,QuarterlyMean,Mean,17.46
904,704,D24HourMean,QuarterlyMean,Mean,9.77
902,707,D24HourMean,QuarterlyMean,Mean,10.03
882,709,D24HourMean,QuarterlyMean,Mean,11.42
890,707,D24HourMean,QuarterlyMean,Mean,10.35
895,737,D24HourMean,QuarterlyMean,Mean,23.47
898,699,D24HourMean,QuarterlyMean,Mean,10.62
899,725,D24HourMean,QuarterlyMean,Mean,15.17
906,708,D24HourMean,QuarterlyMean,Mean,10.98
895,735,D24HourMean,QuarterlyMean,Mean,19.57
901,719,D24HourMean,QuarterlyMean,Mean,13.00
886,703,D24HourMean,QuarterlyMean,Mean,11.61
890,729,D24HourMean,QuarterlyMean,Mean,11.00
893,705,D24HourMean,QuarterlyMean,Mean,9.87
902,722,D24HourMean,QuarterlyMean,Mean,13.70
907,712,D24HourMean,QuarterlyMean,Mean,11.40
897,724,D24HourMean,QuarterlyMean,Mean,13.64
901,733,D24HourMean,QuarterlyMean,Mean,19.12
891,707,D24HourMean,QuarterlyMean,Mean,9.70
894,717,D24HourMean,QuarterlyMean,Mean,12.88
888,731,D24HourMean,QuarterlyMean,Mean,11.81
895,699,D24HourMean,QuarterlyMean,Mean,9.51
883,717,D24HourMean,QuarterlyMean,Mean,13.08
901,711,D24HourMean,QuarterlyMean,Mean,9.98
884,701,D24HourMean,QuarterlyMean,Mean,10.15
896,702,D24HourMean,QuarterlyMean,Mean,10.23
904,724,D24HourMean,QuarterlyMean,Mean,13.55
904,711,D24HourMean,QuarterlyMean,Mean,10.64
901,718,D24HourMean,QuarterlyMean,Mean,13.27
894,719,D24HourMean,QuarterlyMean,Mean,13.35
886,705,D24HourMean,QuarterlyMean,Mean,13.17
915,715,D24HourMean,QuarterlyMean,Mean,11.28
896,737,D24HourMean,QuarterlyMean,Mean,25.71
891,733,D24HourMean,QuarterlyMean,Mean,12.90
897,712,D24HourMean,QuarterlyMean,Mean,10.62
895,718,D24HourMean,QuarterlyMean,Mean,11.78
884,705,D24HourMean,QuarterlyMean,Mean,12.35
897,723,D24HourMean,QuarterlyMean,Mean,13.75
897,709,D24HourMean,QuarterlyMean,Mean,11.87
902,731,D24HourMean,QuarterlyMean,Mean,16.54
901,714,D24HourMean,QuarterlyMean,Mean,12.56
896,725,D24HourMean,QuarterlyMean,Mean,14.64
896,732,D24HourMean,QuarterlyMean,Mean,16.48
886,707,D24HourMean,QuarterlyMean,Mean,10.93
902,727,D24HourMean,QuarterlyMean,Mean,15.16
887,714,D24HourMean,QuarterlyMean,Mean,11.00
896,731,D24HourMean,QuarterlyMean,Mean,15.79
900,725,D24HourMean,QuarterlyMean,Mean,15.06
905,735,D24HourMean,QuarterlyMean,Mean,13.81
895,708,D24HourMean,QuarterlyMean,Mean,12.13
901,703,D24HourMean,QuarterlyMean,Mean,8.77
879,708,D24HourMean,QuarterlyMean,Mean,12.60
900,707,D24HourMean,QuarterlyMean,Mean,10.83
905,732,D24HourMean,QuarterlyMean,Mean,12.33
892,716,D24HourMean,QuarterlyMean,Mean,11.37
902,714,D24HourMean,QuarterlyMean,Mean,13.10
908,711,D24HourMean,QuarterlyMean,Mean,11.72
894,708,D24HourMean,QuarterlyMean,Mean,11.47
894,714,D24HourMean,QuarterlyMean,Mean,10.91
889,717,D24HourMean,QuarterlyMean,Mean,11.35
888,720,D24HourMean,QuarterlyMean,Mean,13.67
908,726,D24HourMean,QuarterlyMean,Mean,12.15
895,732,D24HourMean,QuarterlyMean,Mean,15.53
905,722,D24HourMean,QuarterlyMean,Mean,12.46
886,709,D24HourMean,QuarterlyMean,Mean,10.35
902,701,D24HourMean,QuarterlyMean,Mean,9.44
902,706,D24HourMean,QuarterlyMean,Mean,9.31
887,719,D24HourMean,QuarterlyMean,Mean,11.93
905,736,D24HourMean,QuarterlyMean,Mean,14.15
911,717,D24HourMean,QuarterlyMean,Mean,11.71
914,715,D24HourMean,QuarterlyMean,Mean,12.70
893,708,D24HourMean,QuarterlyMean,Mean,11.27
900,736,D24HourMean,QuarterlyMean,Mean,24.97
901,723,D24HourMean,QuarterlyMean,Mean,14.74
900,724,D24HourMean,QuarterlyMean,Mean,14.45
893,731,D24HourMean,QuarterlyMean,Mean,12.86
889,712,D24HourMean,QuarterlyMean,Mean,11.00
889,720,D24HourMean,QuarterlyMean,Mean,13.85
911,712,D24HourMean,QuarterlyMean,Mean,12.45
898,736,D24HourMean,QuarterlyMean,Mean,25.35
884,710,D24HourMean,QuarterlyMean,Mean,9.60
908,710,D24HourMean,QuarterlyMean,Mean,11.52
900,717,D24HourMean,QuarterlyMean,Mean,12.43
900,733,D24HourMean,QuarterlyMean,Mean,20.09
906,717,D24HourMean,QuarterlyMean,Mean,11.62
906,721,D24HourMean,QuarterlyMean,Mean,12.11
907,719,D24HourMean,QuarterlyMean,Mean,12.72
901,720,D24HourMean,QuarterlyMean,Mean,13.55
893,710,D24HourMean,QuarterlyMean,Mean,10.93
897,720,D24HourMean,QuarterlyMean,Mean,13.98
883,715,D24HourMean,QuarterlyMean,Mean,11.49
892,729,D24HourMean,QuarterlyMean,Mean,11.83
881,704,D24HourMean,QuarterlyMean,Mean,11.35
905,723,D24HourMean,QuarterlyMean,Mean,12.14
888,719,D24HourMean,QuarterlyMean,Mean,11.83
905,716,D24HourMean,QuarterlyMean,Mean,11.71
883,705,D24HourMean,QuarterlyMean,Mean,11.88
884,719,D24HourMean,QuarterlyMean,Mean,12.98
896,734,D24HourMean,QuarterlyMean,Mean,19.20
896,704,D24HourMean,QuarterlyMean,Mean,10.03
881,710,D24HourMean,QuarterlyMean,Mean,11.18
880,707,D24HourMean,QuarterlyMean,Mean,11.96
899,732,D24HourMean,QuarterlyMean,Mean,18.93
904,732,D24HourMean,QuarterlyMean,Mean,14.07
906,737,D24HourMean,QuarterlyMean,Mean,11.52
908,724,D24HourMean,QuarterlyMean,Mean,11.19
896,700,D24HourMean,QuarterlyMean,Mean,10.67
904,727,D24HourMean,QuarterlyMean,Mean,13.75
909,717,D24HourMean,QuarterlyMean,Mean,11.69
904,729,D24HourMean,QuarterlyMean,Mean,14.16
906,735,D24HourMean,QuarterlyMean,Mean,11.96
893,699,D24HourMean,QuarterlyMean,Mean,10.81
898,729,D24HourMean,QuarterlyMean,Mean,16.79
898,702,D24HourMean,QuarterlyMean,Mean,9.34
907,737,D24HourMean,QuarterlyMean,Mean,10.14
906,726,D24HourMean,QuarterlyMean,Mean,12.55
884,718,D24HourMean,QuarterlyMean,Mean,12.62
895,715,D24HourMean,QuarterlyMean,Mean,10.69
890,717,D24HourMean,QuarterlyMean,Mean,11.47
897,710,D24HourMean,QuarterlyMean,Mean,11.17
895,710,D24HourMean,QuarterlyMean,Mean,11.22
893,736,D24HourMean,QuarterlyMean,Mean,18.00
896,709,D24HourMean,QuarterlyMean,Mean,11.67
882,702,D24HourMean,QuarterlyMean,Mean,10.44
881,715,D24HourMean,QuarterlyMean,Mean,11.57
896,717,D24HourMean,QuarterlyMean,Mean,12.50
904,715,D24HourMean,QuarterlyMean,Mean,12.98
881,709,D24HourMean,QuarterlyMean,Mean,12.11
894,701,D24HourMean,QuarterlyMean,Mean,10.40
894,710,D24HourMean,QuarterlyMean,Mean,10.84
890,731,D24HourMean,QuarterlyMean,Mean,9.68
901,706,D24HourMean,QuarterlyMean,Mean,9.55
900,699,D24HourMean,QuarterlyMean,Mean,9.25
893,728,D24HourMean,QuarterlyMean,Mean,14.11
903,735,D24HourMean,QuarterlyMean,Mean,18.33
906,715,D24HourMean,QuarterlyMean,Mean,12.66
891,705,D24HourMean,QuarterlyMean,Mean,10.59
897,715,D24HourMean,QuarterlyMean,Mean,11.62
910,716,D24HourMean,QuarterlyMean,Mean,12.04
895,703,D24HourMean,QuarterlyMean,Mean,10.79
884,716,D24HourMean,QuarterlyMean,Mean,11.74
903,707,D24HourMean,QuarterlyMean,Mean,10.26
901,737,D24HourMean,QuarterlyMean,Mean,25.27
909,734,D24HourMean,QuarterlyMean,Mean,9.62
908,718,D24HourMean,QuarterlyMean,Mean,12.09
894,726,D24HourMean,QuarterlyMean,Mean,14.32
907,720,D24HourMean,QuarterlyMean,Mean,11.10
916,717,D24HourMean,QuarterlyMean,Mean,11.08
903,728,D24HourMean,QuarterlyMean,Mean,14.69
884,709,D24HourMean,QuarterlyMean,Mean,9.86
882,706,D24HourMean,QuarterlyMean,Mean,12.60
882,703,D24HourMean,QuarterlyMean,Mean,10.10
900,701,D24HourMean,QuarterlyMean,Mean,8.62
886,706,D24HourMean,QuarterlyMean,Mean,12.56
909,732,D24HourMean,QuarterlyMean,Mean,11.09
892,732,D24HourMean,QuarterlyMean,Mean,13.40
896,715,D24HourMean,QuarterlyMean,Mean,10.44
892,720,D24HourMean,QuarterlyMean,Mean,13.57
880,713,D24HourMean,QuarterlyMean,Mean,10.58
890,702,D24HourMean,QuarterlyMean,Mean,13.15
883,703,D24HourMean,QuarterlyMean,Mean,11.15
893,704,D24HourMean,QuarterlyMean,Mean,11.42
891,715,D24HourMean,QuarterlyMean,Mean,10.79
891,735,D24HourMean,QuarterlyMean,Mean,14.12
903,737,D24HourMean,QuarterlyMean,Mean,20.05
907,723,D24HourMean,QuarterlyMean,Mean,11.67
889,731,D24HourMean,QuarterlyMean,Mean,9.64
894,732,D24HourMean,QuarterlyMean,Mean,14.69
894,711,D24HourMean,QuarterlyMean,Mean,10.74
888,700,D24HourMean,QuarterlyMean,Mean,12.95
894,728,D24HourMean,QuarterlyMean,Mean,14.55
899,727,D24HourMean,QuarterlyMean,Mean,16.13
898,730,D24HourMean,QuarterlyMean,Mean,17.12
900,735,D24HourMean,QuarterlyMean,Mean,23.45
900,714,D24HourMean,QuarterlyMean,Mean,12.23
893,709,D24HourMean,QuarterlyMean,Mean,10.96
893,730,D24HourMean,QuarterlyMean,Mean,13.03
896,736,D24HourMean,QuarterlyMean,Mean,23.56
903,716,D24HourMean,QuarterlyMean,Mean,11.86
906,707,D24HourMean,QuarterlyMean,Mean,10.50
892,714,D24HourMean,QuarterlyMean,Mean,11.00
895,716,D24HourMean,QuarterlyMean,Mean,12.38
888,706,D24HourMean,QuarterlyMean,Mean,10.40
906,732,D24HourMean,QuarterlyMean,Mean,11.31
898,709,D24HourMean,QuarterlyMean,Mean,11.81
898,700,D24HourMean,QuarterlyMean,Mean,9.96
899,723,D24HourMean,QuarterlyMean,Mean,14.43
900,700,D24HourMean,QuarterlyMean,Mean,9.34
880,712,D24HourMean,QuarterlyMean,Mean,10.13
913,717,D24HourMean,QuarterlyMean,Mean,10.72
882,718,D24HourMean,QuarterlyMean,Mean,12.85
886,717,D24HourMean,QuarterlyMean,Mean,11.74
914,716,D24HourMean,QuarterlyMean,Mean,11.66
898,726,D24HourMean,QuarterlyMean,Mean,16.08
902,716,D24HourMean,QuarterlyMean,Mean,13.15
908,714,D24HourMean,QuarterlyMean,Mean,11.84
902,721,D24HourMean,QuarterlyMean,Mean,13.18
889,732,D24HourMean,QuarterlyMean,Mean,10.21
882,714,D24HourMean,QuarterlyMean,Mean,11.19
896,706,D24HourMean,QuarterlyMean,Mean,11.89
896,713,D24HourMean,QuarterlyMean,Mean,10.33
909,718,D24HourMean,QuarterlyMean,Mean,12.33
896,719,D24HourMean,QuarterlyMean,Mean,13.14
907,715,D24HourMean,QuarterlyMean,Mean,11.91
901,728,D24HourMean,QuarterlyMean,Mean,16.17
886,713,D24HourMean,QuarterlyMean,Mean,11.10
906,723,D24HourMean,QuarterlyMean,Mean,11.94
885,709,D24HourMean,QuarterlyMean,Mean,10.05
903,710,D24HourMean,QuarterlyMean,Mean,11.25
902,737,D24HourMean,QuarterlyMean,Mean,22.99
906,727,D24HourMean,QuarterlyMean,Mean,12.82
908,729,D24HourMean,QuarterlyMean,Mean,12.09
899,730,D24HourMean,QuarterlyMean,Mean,17.50
893,714,D24HourMean,QuarterlyMean,Mean,11.35
885,703,D24HourMean,QuarterlyMean,Mean,11.12
901,700,D24HourMean,QuarterlyMean,Mean,9.12
880,704,D24HourMean,QuarterlyMean,Mean,11.62
891,731,D24HourMean,QuarterlyMean,Mean,10.51
890,711,D24HourMean,QuarterlyMean,Mean,10.66
889,705,D24HourMean,QuarterlyMean,Mean,12.09
882,715,D24HourMean,QuarterlyMean,Mean,11.63
899,716,D24HourMean,QuarterlyMean,Mean,11.64
896,729,D24HourMean,QuarterlyMean,Mean,15.54
904,703,D24HourMean,QuarterlyMean,Mean,9.44
901,716,D24HourMean,QuarterlyMean,Mean,12.88
892,713,D24HourMean,QuarterlyMean,Mean,11.37
900,718,D24HourMean,QuarterlyMean,Mean,13.30
883,704,D24HourMean,QuarterlyMean,Mean,11.34
891,736,D24HourMean,QuarterlyMean,Mean,14.99
901,727,D24HourMean,QuarterlyMean,Mean,15.57
885,717,D24HourMean,QuarterlyMean,Mean,11.54
891,706,D24HourMean,QuarterlyMean,Mean,9.72
894,736,D24HourMean,QuarterlyMean,Mean,19.73
899,736,D24HourMean,QuarterlyMean,Mean,25.69
901,701,D24HourMean,QuarterlyMean,Mean,9.67
900,708,D24HourMean,QuarterlyMean,Mean,12.75
881,708,D24HourMean,QuarterlyMean,Mean,12.35
906,734,D24HourMean,QuarterlyMean,Mean,11.59
898,727,D24HourMean,QuarterlyMean,Mean,16.01
897,726,D24HourMean,QuarterlyMean,Mean,16.10
893,732,D24HourMean,QuarterlyMean,Mean,13.66
897,708,D24HourMean,QuarterlyMean,Mean,12.33
888,714,D24HourMean,QuarterlyMean,Mean,10.85
893,717,D24HourMean,QuarterlyMean,Mean,12.53
894,727,D24HourMean,QuarterlyMean,Mean,13.91
887,701,D24HourMean,QuarterlyMean,Mean,12.04
888,701,D24HourMean,QuarterlyMean,Mean,11.93
905,717,D24HourMean,QuarterlyMean,Mean,11.79
886,700,D24HourMean,QuarterlyMean,Mean,11.17
898,706,D24HourMean,QuarterlyMean,Mean,9.89
900,706,D24HourMean,QuarterlyMean,Mean,9.58
899,719,D24HourMean,QuarterlyMean,Mean,13.43
915,714,D24HourMean,QuarterlyMean,Mean,9.77
889,713,D24HourMean,QuarterlyMean,Mean,11.30
893,737,D24HourMean,QuarterlyMean,Mean,19.29
907,734,D24HourMean,QuarterlyMean,Mean,10.41
892,707,D24HourMean,QuarterlyMean,Mean,9.89
885,710,D24HourMean,QuarterlyMean,Mean,9.74
904,723,D24HourMean,QuarterlyMean,Mean,12.08
881,714,D24HourMean,QuarterlyMean,Mean,10.98
912,718,D24HourMean,QuarterlyMean,Mean,11.57
904,708,D24HourMean,QuarterlyMean,Mean,12.06
907,721,D24HourMean,QuarterlyMean,Mean,10.74
905,737,D24HourMean,QuarterlyMean,Mean,14.07
893,716,D24HourMean,QuarterlyMean,Mean,11.72
905,721,D24HourMean,QuarterlyMean,Mean,12.55
890,720,D24HourMean,QuarterlyMean,Mean,14.05
898,713,D24HourMean,QuarterlyMean,Mean,11.08
893,718,D24HourMean,QuarterlyMean,Mean,13.23
896,708,D24HourMean,QuarterlyMean,Mean,12.18
900,737,D24HourMean,QuarterlyMean,Mean,26.78
886,718,D24HourMean,QuarterlyMean,Mean,12.16
880,711,D24HourMean,QuarterlyMean,Mean,10.54
881,716,D24HourMean,QuarterlyMean,Mean,11.57
907,733,D24HourMean,QuarterlyMean,Mean,10.62
890,715,D24HourMean,QuarterlyMean,Mean,12.40
892,728,D24HourMean,QuarterlyMean,Mean,12.32
906,705,D24HourMean,QuarterlyMean,Mean,10.28
898,698,D24HourMean,QuarterlyMean,Mean,11.28
893,711,D24HourMean,QuarterlyMean,Mean,10.57
897,735,D24HourMean,QuarterlyMean,Mean,22.19
905,713,D24HourMean,QuarterlyMean,Mean,11.54
897,725,D24HourMean,QuarterlyMean,Mean,14.47
883,712,D24HourMean,QuarterlyMean,Mean,9.79
902,726,D24HourMean,QuarterlyMean,Mean,14.86
907,708,D24HourMean,QuarterlyMean,Mean,10.86
908,719,D24HourMean,QuarterlyMean,Mean,12.28
903,721,D24HourMean,QuarterlyMean,Mean,12.80
893,729,D24HourMean,QuarterlyMean,Mean,13.47
902,717,D24HourMean,QuarterlyMean,Mean,12.70
904,707,D24HourMean,QuarterlyMean,Mean,10.81
887,709,D24HourMean,QuarterlyMean,Mean,10.25
893,700,D24HourMean,QuarterlyMean,Mean,11.60
888,716,D24HourMean,QuarterlyMean,Mean,11.71
898,705,D24HourMean,QuarterlyMean,Mean,9.79
891,712,D24HourMean,QuarterlyMean,Mean,11.08
895,711,D24HourMean,QuarterlyMean,Mean,11.69
897,728,D24HourMean,QuarterlyMean,Mean,16.04
909,716,D24HourMean,QuarterlyMean,Mean,11.84
892,737,D24HourMean,QuarterlyMean,Mean,17.63
896,701,D24HourMean,QuarterlyMean,Mean,10.67
895,705,D24HourMean,QuarterlyMean,Mean,10.59
899,734,D24HourMean,QuarterlyMean,Mean,21.64
895,733,D24HourMean,QuarterlyMean,Mean,16.12
905,726,D24HourMean,QuarterlyMean,Mean,12.78
884,715,D24HourMean,QuarterlyMean,Mean,11.00
891,700,D24HourMean,QuarterlyMean,Mean,12.80
890,701,D24HourMean,QuarterlyMean,Mean,12.71
898,721,D24HourMean,QuarterlyMean,Mean,14.38
882,705,D24HourMean,QuarterlyMean,Mean,11.61
904,726,D24HourMean,QuarterlyMean,Mean,13.19
889,700,D24HourMean,QuarterlyMean,Mean,13.38
888,712,D24HourMean,QuarterlyMean,Mean,11.52
889,711,D24HourMean,QuarterlyMean,Mean,10.90
900,727,D24HourMean,QuarterlyMean,Mean,15.92
898,716,D24HourMean,QuarterlyMean,Mean,11.91
894,729,D24HourMean,QuarterlyMean,Mean,14.26
906,730,D24HourMean,QuarterlyMean,Mean,12.05
897,713,D24HourMean,QuarterlyMean,Mean,10.13
901,713,D24HourMean,QuarterlyMean,Mean,12.92
895,700,D24HourMean,QuarterlyMean,Mean,11.39
898,704,D24HourMean,QuarterlyMean,Mean,9.38
908,707,D24HourMean,QuarterlyMean,Mean,10.42
889,715,D24HourMean,QuarterlyMean,Mean,11.52
886,701,D24HourMean,QuarterlyMean,Mean,11.45
897,718,D24HourMean,QuarterlyMean,Mean,12.56
905,710,D24HourMean,QuarterlyMean,Mean,12.98
903,720,D24HourMean,QuarterlyMean,Mean,12.61
888,715,D24HourMean,QuarterlyMean,Mean,11.17
883,719,D24HourMean,QuarterlyMean,Mean,12.98
894,702,D24HourMean,QuarterlyMean,Mean,11.13
895,706,D24HourMean,QuarterlyMean,Mean,11.84
903,702,D24HourMean,QuarterlyMean,Mean,9.31
905,720,D24HourMean,QuarterlyMean,Mean,12.13
892,700,D24HourMean,QuarterlyMean,Mean,12.38
903,729,D24HourMean,QuarterlyMean,Mean,15.50
905,702,D24HourMean,QuarterlyMean,Mean,9.51
910,712,D24HourMean,QuarterlyMean,Mean,12.43
893,702,D24HourMean,QuarterlyMean,Mean,11.77
896,735,D24HourMean,QuarterlyMean,Mean,21.28
903,713,D24HourMean,QuarterlyMean,Mean,13.47
890,712,D24HourMean,QuarterlyMean,Mean,10.88
915,716,D24HourMean,QuarterlyMean,Mean,11.62
888,707,D24HourMean,QuarterlyMean,Mean,9.84
901,707,D24HourMean,QuarterlyMean,Mean,10.59
903,733,D24HourMean,QuarterlyMean,Mean,16.51
904,728,D24HourMean,QuarterlyMean,Mean,13.84
903,705,D24HourMean,QuarterlyMean,Mean,9.74
903,703,D24HourMean,QuarterlyMean,Mean,9.63
902,735,D24HourMean,QuarterlyMean,Mean,20.45
889,699,D24HourMean,QuarterlyMean,Mean,11.71
908,706,D24HourMean,QuarterlyMean,Mean,10.30
881,711,D24HourMean,QuarterlyMean,Mean,9.89
898,701,D24HourMean,QuarterlyMean,Mean,9.72
908,735,D24HourMean,QuarterlyMean,Mean,9.67
883,708,D24HourMean,QuarterlyMean,Mean,11.93
910,711,D24HourMean,QuarterlyMean,Mean,11.64
906,718,D24HourMean,QuarterlyMean,Mean,11.93
909,736,D24HourMean,QuarterlyMean,Mean,9.26
903,734,D24HourMean,QuarterlyMean,Mean,17.24
889,718,D24HourMean,QuarterlyMean,Mean,12.50
909,731,D24HourMean,QuarterlyMean,Mean,11.58
911,713,D24HourMean,QuarterlyMean,Mean,12.92
887,712,D24HourMean,QuarterlyMean,Mean,11.10
894,713,D24HourMean,QuarterlyMean,Mean,11.62
897,711,D24HourMean,QuarterlyMean,Mean,10.98
897,714,D24HourMean,QuarterlyMean,Mean,11.00
899,709,D24HourMean,QuarterlyMean,Mean,12.24
899,728,D24HourMean,QuarterlyMean,Mean,16.55
887,717,D24HourMean,QuarterlyMean,Mean,12.31
892,735,D24HourMean,QuarterlyMean,Mean,15.05
894,731,D24HourMean,QuarterlyMean,Mean,14.12
884,711,D24HourMean,QuarterlyMean,Mean,9.84
891,737,D24HourMean,QuarterlyMean,Mean,16.64
886,702,D24HourMean,QuarterlyMean,Mean,11.77
897,717,D24HourMean,QuarterlyMean,Mean,12.28
907,716,D24HourMean,QuarterlyMean,Mean,11.00
909,714,D24HourMean,QuarterlyMean,Mean,11.15
907,730,D24HourMean,QuarterlyMean,Mean,12.28
892,717,D24HourMean,QuarterlyMean,Mean,12.25
902,724,D24HourMean,QuarterlyMean,Mean,13.55
898,731,D24HourMean,QuarterlyMean,Mean,17.53
885,712,D24HourMean,QuarterlyMean,Mean,10.15
890,704,D24HourMean,QuarterlyMean,Mean,11.94
905,714,D24HourMean,QuarterlyMean,Mean,13.33
898,715,D24HourMean,QuarterlyMean,Mean,11.67
904,733,D24HourMean,QuarterlyMean,Mean,14.74
