Column,Row,Metric,Seasonal Metric,Annual Metric,Values
2706,838,D24HourMean,QuarterlyMean,Mean,4.84
2700,837,D24HourMean,QuarterlyMean,Mean,10.77
2695,837,D24HourMean,QuarterlyMean,Mean,8.72
2700,831,D24HourMean,QuarterlyMean,Mean,17.95
2696,835,D24HourMean,QuarterlyMean,Mean,15.18
2696,834,D24HourMean,QuarterlyMean,Mean,16.08
2712,838,D24HourMean,QuarterlyMean,Mean,8.42
2713,839,D24HourMean,QuarterlyMean,Mean,7.23
2690,831,D24HourMean,QuarterlyMean,Mean,22.70
2698,841,D24HourMean,QuarterlyMean,Mean,4.13
2701,839,D24HourMean,QuarterlyMean,Mean,4.36
2720,829,D24HourMean,QuarterlyMean,Mean,19.25
2707,832,D24HourMean,QuarterlyMean,Mean,16.43
2718,833,D24HourMean,QuarterlyMean,Mean,12.23
2714,838,D24HourMean,QuarterlyMean,Mean,6.99
2712,834,D24HourMean,QuarterlyMean,Mean,12.45
2703,840,D24HourMean,QuarterlyMean,Mean,3.50
2706,839,D24HourMean,QuarterlyMean,Mean,3.89
2696,838,D24HourMean,QuarterlyMean,Mean,12.18
2697,841,D24HourMean,QuarterlyMean,Mean,4.41
2704,830,D24HourMean,QuarterlyMean,Mean,17.37
2705,838,D24HourMean,QuarterlyMean,Mean,4.97
2714,830,D24HourMean,QuarterlyMean,Mean,16.18
2712,833,D24HourMean,QuarterlyMean,Mean,14.86
2701,835,D24HourMean,QuarterlyMean,Mean,13.08
2702,831,D24HourMean,QuarterlyMean,Mean,18.77
2710,836,D24HourMean,QuarterlyMean,Mean,9.54
2702,829,D24HourMean,QuarterlyMean,Mean,20.64
2715,834,D24HourMean,QuarterlyMean,Mean,12.87
2706,830,D24HourMean,QuarterlyMean,Mean,17.48
2705,840,D24HourMean,QuarterlyMean,Mean,3.38
2702,830,D24HourMean,QuarterlyMean,Mean,19.15
2700,834,D24HourMean,QuarterlyMean,Mean,14.41
2702,840,D24HourMean,QuarterlyMean,Mean,3.57
2708,831,D24HourMean,QuarterlyMean,Mean,16.54
2694,830,D24HourMean,QuarterlyMean,Mean,22.91
2707,829,D24HourMean,QuarterlyMean,Mean,18.62
2700,839,D24HourMean,QuarterlyMean,Mean,4.56
2704,839,D24HourMean,QuarterlyMean,Mean,4.10
2691,833,D24HourMean,QuarterlyMean,Mean,18.66
2714,833,D24HourMean,QuarterlyMean,Mean,15.16
2708,829,D24HourMean,QuarterlyMean,Mean,17.60
2695,833,D24HourMean,QuarterlyMean,Mean,17.07
2706,837,D24HourMean,QuarterlyMean,Mean,9.16
2720,833,D24HourMean,QuarterlyMean,Mean,11.27
2703,841,D24HourMean,QuarterlyMean,Mean,9.43
2704,833,D24HourMean,QuarterlyMean,Mean,14.33
2712,835,D24HourMean,QuarterlyMean,Mean,11.13
2705,831,D24HourMean,QuarterlyMean,Mean,17.78
2707,831,D24HourMean,QuarterlyMean,Mean,16.83
2711,832,D24HourMean,QuarterlyMean,Mean,15.18
2701,833,D24HourMean,QuarterlyMean,Mean,15.54
2705,834,D24HourMean,QuarterlyMean,Mean,12.63
2697,840,D24HourMean,QuarterlyMean,Mean,4.71
2703,834,D24HourMean,QuarterlyMean,Mean,12.39
2695,831,D24HourMean,QuarterlyMean,Mean,19.18
2696,829,D24HourMean,QuarterlyMean,Mean,21.17
2708,833,D24HourMean,QuarterlyMean,Mean,13.88
2698,827,D24HourMean,QuarterlyMean,Mean,23.45
2704,842,D24HourMean,QuarterlyMean,Mean,-0.56
2708,834,D24HourMean,QuarterlyMean,Mean,12.43
2693,832,D24HourMean,QuarterlyMean,Mean,20.09
2703,842,D24HourMean,QuarterlyMean,Mean,9.22
2698,828,D24HourMean,QuarterlyMean,Mean,21.43
2697,833,D24HourMean,QuarterlyMean,Mean,16.75
2706,840,D24HourMean,QuarterlyMean,Mean,-0.56
2709,831,D24HourMean,QuarterlyMean,Mean,16.59
2707,835,D24HourMean,QuarterlyMean,Mean,11.13
2702,838,D24HourMean,QuarterlyMean,Mean,10.45
2714,839,D24HourMean,QuarterlyMean,Mean,3.36
2701,840,D24HourMean,QuarterlyMean,Mean,3.70
2705,832,D24HourMean,QuarterlyMean,Mean,16.04
2704,838,D24HourMean,QuarterlyMean,Mean,5.04
2713,834,D24HourMean,QuarterlyMean,Mean,12.40
2689,831,D24HourMean,QuarterlyMean,Mean,24.00
2698,838,D24HourMean,QuarterlyMean,Mean,11.00
2702,842,D24HourMean,QuarterlyMean,Mean,9.02
2709,839,D24HourMean,QuarterlyMean,Mean,3.61
2699,836,D24HourMean,QuarterlyMean,Mean,12.54
2716,829,D24HourMean,QuarterlyMean,Mean,17.79
2711,837,D24HourMean,QuarterlyMean,Mean,9.31
2712,832,D24HourMean,QuarterlyMean,Mean,15.34
2703,836,D24HourMean,QuarterlyMean,Mean,10.46
2695,829,D24HourMean,QuarterlyMean,Mean,23.77
2705,833,D24HourMean,QuarterlyMean,Mean,14.20
2717,834,D24HourMean,QuarterlyMean,Mean,12.53
2707,837,D24HourMean,QuarterlyMean,Mean,8.24
2716,828,D24HourMean,QuarterlyMean,Mean,20.83
2692,831,D24HourMean,QuarterlyMean,Mean,21.76
2705,841,D24HourMean,QuarterlyMean,Mean,3.16
2719,832,D24HourMean,QuarterlyMean,Mean,12.78
2711,833,D24HourMean,QuarterlyMean,Mean,14.76
2691,835,D24HourMean,QuarterlyMean,Mean,15.87
2709,832,D24HourMean,QuarterlyMean,Mean,14.88
2698,836,D24HourMean,QuarterlyMean,Mean,12.74
2715,836,D24HourMean,QuarterlyMean,Mean,10.19
2700,836,D24HourMean,QuarterlyMean,Mean,12.35
2711,835,D24HourMean,QuarterlyMean,Mean,10.98
2699,838,D24HourMean,QuarterlyMean,Mean,10.15
2715,829,D24HourMean,QuarterlyMean,Mean,17.29
2703,832,D24HourMean,QuarterlyMean,Mean,16.53
2716,837,D24HourMean,QuarterlyMean,Mean,7.69
2700,827,D24HourMean,QuarterlyMean,Mean,23.58
2698,831,D24HourMean,QuarterlyMean,Mean,17.25
2713,832,D24HourMean,QuarterlyMean,Mean,15.85
2708,836,D24HourMean,QuarterlyMean,Mean,9.70
2692,828,D24HourMean,QuarterlyMean,Mean,30.29
2693,835,D24HourMean,QuarterlyMean,Mean,15.79
2700,841,D24HourMean,QuarterlyMean,Mean,3.63
2715,832,D24HourMean,QuarterlyMean,Mean,15.01
2699,833,D24HourMean,QuarterlyMean,Mean,16.04
2719,831,D24HourMean,QuarterlyMean,Mean,12.72
2717,829,D24HourMean,QuarterlyMean,Mean,17.71
2706,835,D24HourMean,QuarterlyMean,Mean,11.42
2709,835,D24HourMean,QuarterlyMean,Mean,11.31
2695,830,D24HourMean,QuarterlyMean,Mean,20.96
2704,840,D24HourMean,QuarterlyMean,Mean,3.44
2712,828,D24HourMean,QuarterlyMean,Mean,20.23
2720,832,D24HourMean,QuarterlyMean,Mean,12.94
2705,839,D24HourMean,QuarterlyMean,Mean,3.97
2707,839,D24HourMean,QuarterlyMean,Mean,3.76
2702,828,D24HourMean,QuarterlyMean,Mean,22.96
2719,834,D24HourMean,QuarterlyMean,Mean,10.64
2716,835,D24HourMean,QuarterlyMean,Mean,11.37
2698,829,D24HourMean,QuarterlyMean,Mean,19.17
2709,837,D24HourMean,QuarterlyMean,Mean,8.46
2711,829,D24HourMean,QuarterlyMean,Mean,17.55
2708,840,D24HourMean,QuarterlyMean,Mean,3.10
2714,837,D24HourMean,QuarterlyMean,Mean,8.81
2716,830,D24HourMean,QuarterlyMean,Mean,15.31
2708,837,D24HourMean,QuarterlyMean,Mean,7.91
2705,830,D24HourMean,QuarterlyMean,Mean,17.56
2696,839,D24HourMean,QuarterlyMean,Mean,10.99
2717,830,D24HourMean,QuarterlyMean,Mean,14.63
2721,833,D24HourMean,QuarterlyMean,Mean,11.55
2696,836,D24HourMean,QuarterlyMean,Mean,14.69
2703,837,D24HourMean,QuarterlyMean,Mean,10.12
2707,830,D24HourMean,QuarterlyMean,Mean,17.19
2700,830,D24HourMean,QuarterlyMean,Mean,19.00
2704,836,D24HourMean,QuarterlyMean,Mean,10.44
2714,828,D24HourMean,QuarterlyMean,Mean,21.00
2699,835,D24HourMean,QuarterlyMean,Mean,13.95
2711,834,D24HourMean,QuarterlyMean,Mean,12.97
2696,828,D24HourMean,QuarterlyMean,Mean,24.40
2704,834,D24HourMean,QuarterlyMean,Mean,12.57
2710,834,D24HourMean,QuarterlyMean,Mean,11.75
2716,831,D24HourMean,QuarterlyMean,Mean,14.87
2690,830,D24HourMean,QuarterlyMean,Mean,29.43
2702,837,D24HourMean,QuarterlyMean,Mean,10.24
2692,829,D24HourMean,QuarterlyMean,Mean,27.30
2720,830,D24HourMean,QuarterlyMean,Mean,13.86
2716,839,D24HourMean,QuarterlyMean,Mean,3.29
2715,837,D24HourMean,QuarterlyMean,Mean,8.41
2721,829,D24HourMean,QuarterlyMean,Mean,18.47
2709,833,D24HourMean,QuarterlyMean,Mean,13.31
2695,828,D24HourMean,QuarterlyMean,Mean,26.82
2716,833,D24HourMean,QuarterlyMean,Mean,14.15
2695,835,D24HourMean,QuarterlyMean,Mean,15.20
2707,833,D24HourMean,QuarterlyMean,Mean,15.09
2702,833,D24HourMean,QuarterlyMean,Mean,15.34
2718,831,D24HourMean,QuarterlyMean,Mean,13.13
2689,832,D24HourMean,QuarterlyMean,Mean,22.88
2699,839,D24HourMean,QuarterlyMean,Mean,7.83
2701,832,D24HourMean,QuarterlyMean,Mean,16.00
2693,836,D24HourMean,QuarterlyMean,Mean,14.70
2711,831,D24HourMean,QuarterlyMean,Mean,15.58
2701,829,D24HourMean,QuarterlyMean,Mean,20.29
2691,831,D24HourMean,QuarterlyMean,Mean,21.45
2700,829,D24HourMean,QuarterlyMean,Mean,19.52
2712,839,D24HourMean,QuarterlyMean,Mean,6.63
2699,827,D24HourMean,QuarterlyMean,Mean,23.45
2702,841,D24HourMean,QuarterlyMean,Mean,9.28
2710,829,D24HourMean,QuarterlyMean,Mean,17.39
2709,836,D24HourMean,QuarterlyMean,Mean,9.99
2709,828,D24HourMean,QuarterlyMean,Mean,20.49
2709,829,D24HourMean,QuarterlyMean,Mean,17.37
2697,839,D24HourMean,QuarterlyMean,Mean,8.18
2700,833,D24HourMean,QuarterlyMean,Mean,16.04
2717,828,D24HourMean,QuarterlyMean,Mean,21.42
2713,837,D24HourMean,QuarterlyMean,Mean,9.12
2692,835,D24HourMean,QuarterlyMean,Mean,15.97
2712,830,D24HourMean,QuarterlyMean,Mean,17.28
2695,838,D24HourMean,QuarterlyMean,Mean,10.09
2710,830,D24HourMean,QuarterlyMean,Mean,17.13
2699,837,D24HourMean,QuarterlyMean,Mean,11.58
2713,835,D24HourMean,QuarterlyMean,Mean,10.74
2706,836,D24HourMean,QuarterlyMean,Mean,9.82
2710,828,D24HourMean,QuarterlyMean,Mean,20.36
2690,832,D24HourMean,QuarterlyMean,Mean,21.47
2715,839,D24HourMean,QuarterlyMean,Mean,3.29
2697,836,D24HourMean,QuarterlyMean,Mean,13.77
2715,838,D24HourMean,QuarterlyMean,Mean,6.74
2697,827,D24HourMean,QuarterlyMean,Mean,24.80
2697,828,D24HourMean,QuarterlyMean,Mean,22.07
2708,839,D24HourMean,QuarterlyMean,Mean,3.69
2721,832,D24HourMean,QuarterlyMean,Mean,12.62
2695,836,D24HourMean,QuarterlyMean,Mean,15.82
2715,831,D24HourMean,QuarterlyMean,Mean,16.07
2694,835,D24HourMean,QuarterlyMean,Mean,15.36
2696,830,D24HourMean,QuarterlyMean,Mean,19.68
2698,830,D24HourMean,QuarterlyMean,Mean,18.07
2695,839,D24HourMean,QuarterlyMean,Mean,13.45
2706,831,D24HourMean,QuarterlyMean,Mean,17.11
2693,829,D24HourMean,QuarterlyMean,Mean,25.60
2700,835,D24HourMean,QuarterlyMean,Mean,14.26
2721,828,D24HourMean,QuarterlyMean,Mean,22.28
2694,838,D24HourMean,QuarterlyMean,Mean,14.02
2710,835,D24HourMean,QuarterlyMean,Mean,10.46
2696,831,D24HourMean,QuarterlyMean,Mean,18.96
2713,838,D24HourMean,QuarterlyMean,Mean,8.05
2704,832,D24HourMean,QuarterlyMean,Mean,16.22
2702,835,D24HourMean,QuarterlyMean,Mean,11.61
2718,834,D24HourMean,QuarterlyMean,Mean,12.08
2699,840,D24HourMean,QuarterlyMean,Mean,4.13
2719,830,D24HourMean,QuarterlyMean,Mean,14.03
2693,831,D24HourMean,QuarterlyMean,Mean,21.54
2697,834,D24HourMean,QuarterlyMean,Mean,15.28
2698,834,D24HourMean,QuarterlyMean,Mean,15.62
2715,833,D24HourMean,QuarterlyMean,Mean,15.64
2704,835,D24HourMean,QuarterlyMean,Mean,11.57
2701,828,D24HourMean,QuarterlyMean,Mean,21.79
2697,830,D24HourMean,QuarterlyMean,Mean,19.09
2717,832,D24HourMean,QuarterlyMean,Mean,14.00
2692,833,D24HourMean,QuarterlyMean,Mean,18.09
2695,832,D24HourMean,QuarterlyMean,Mean,18.89
2704,829,D24HourMean,QuarterlyMean,Mean,22.08
2698,835,D24HourMean,QuarterlyMean,Mean,15.11
2714,834,D24HourMean,QuarterlyMean,Mean,12.25
2701,838,D24HourMean,QuarterlyMean,Mean,11.04
2705,829,D24HourMean,QuarterlyMean,Mean,21.14
2694,836,D24HourMean,QuarterlyMean,Mean,14.82
2711,830,D24HourMean,QuarterlyMean,Mean,16.90
2715,828,D24HourMean,QuarterlyMean,Mean,20.63
2714,840,D24HourMean,QuarterlyMean,Mean,2.77
2704,831,D24HourMean,QuarterlyMean,Mean,17.12
2715,835,D24HourMean,QuarterlyMean,Mean,11.86
2713,833,D24HourMean,QuarterlyMean,Mean,14.73
2705,835,D24HourMean,QuarterlyMean,Mean,11.25
2693,837,D24HourMean,QuarterlyMean,Mean,12.05
2694,831,D24HourMean,QuarterlyMean,Mean,20.08
2699,831,D24HourMean,QuarterlyMean,Mean,17.45
2719,833,D24HourMean,QuarterlyMean,Mean,12.03
2709,834,D24HourMean,QuarterlyMean,Mean,12.04
2712,836,D24HourMean,QuarterlyMean,Mean,10.17
2691,829,D24HourMean,QuarterlyMean,Mean,30.56
2700,840,D24HourMean,QuarterlyMean,Mean,3.91
2713,836,D24HourMean,QuarterlyMean,Mean,9.68
2703,838,D24HourMean,QuarterlyMean,Mean,5.09
2713,830,D24HourMean,QuarterlyMean,Mean,16.77
2710,831,D24HourMean,QuarterlyMean,Mean,15.72
2707,828,D24HourMean,QuarterlyMean,Mean,21.52
2712,829,D24HourMean,QuarterlyMean,Mean,17.27
2698,839,D24HourMean,QuarterlyMean,Mean,8.73
2711,828,D24HourMean,QuarterlyMean,Mean,20.13
2690,829,D24HourMean,QuarterlyMean,Mean,31.33
2709,838,D24HourMean,QuarterlyMean,Mean,9.01
2716,836,D24HourMean,QuarterlyMean,Mean,9.43
2706,834,D24HourMean,QuarterlyMean,Mean,13.18
2693,834,D24HourMean,QuarterlyMean,Mean,16.51
2694,834,D24HourMean,QuarterlyMean,Mean,16.01
2697,831,D24HourMean,QuarterlyMean,Mean,18.46
2694,837,D24HourMean,QuarterlyMean,Mean,12.51
2716,834,D24HourMean,QuarterlyMean,Mean,12.80
2698,837,D24HourMean,QuarterlyMean,Mean,12.48
2701,836,D24HourMean,QuarterlyMean,Mean,11.94
2695,834,D24HourMean,QuarterlyMean,Mean,15.92
2699,829,D24HourMean,QuarterlyMean,Mean,19.54
2705,836,D24HourMean,QuarterlyMean,Mean,9.79
2696,837,D24HourMean,QuarterlyMean,Mean,13.75
2694,829,D24HourMean,QuarterlyMean,Mean,24.72
2692,832,D24HourMean,QuarterlyMean,Mean,21.01
2718,830,D24HourMean,QuarterlyMean,Mean,14.02
2711,838,D24HourMean,QuarterlyMean,Mean,8.38
2708,832,D24HourMean,QuarterlyMean,Mean,15.94
2707,838,D24HourMean,QuarterlyMean,Mean,4.69
2701,830,D24HourMean,QuarterlyMean,Mean,19.54
2694,832,D24HourMean,QuarterlyMean,Mean,19.14
2700,828,D24HourMean,QuarterlyMean,Mean,21.28
2697,832,D24HourMean,QuarterlyMean,Mean,17.98
2691,830,D24HourMean,QuarterlyMean,Mean,27.54
2706,828,D24HourMean,QuarterlyMean,Mean,22.37
2714,836,D24HourMean,QuarterlyMean,Mean,9.42
2714,832,D24HourMean,QuarterlyMean,Mean,15.90
2710,839,D24HourMean,QuarterlyMean,Mean,8.40
2710,833,D24HourMean,QuarterlyMean,Mean,12.73
2693,833,D24HourMean,QuarterlyMean,Mean,18.09
2701,834,D24HourMean,QuarterlyMean,Mean,13.66
2712,831,D24HourMean,QuarterlyMean,Mean,16.37
2712,837,D24HourMean,QuarterlyMean,Mean,9.37
2714,831,D24HourMean,QuarterlyMean,Mean,16.24
2708,838,D24HourMean,QuarterlyMean,Mean,4.62
2702,836,D24HourMean,QuarterlyMean,Mean,10.42
2703,833,D24HourMean,QuarterlyMean,Mean,14.75
2713,829,D24HourMean,QuarterlyMean,Mean,17.42
2692,834,D24HourMean,QuarterlyMean,Mean,16.62
2696,832,D24HourMean,QuarterlyMean,Mean,18.20
2701,841,D24HourMean,QuarterlyMean,Mean,3.40
2701,831,D24HourMean,QuarterlyMean,Mean,18.82
2698,840,D24HourMean,QuarterlyMean,Mean,4.41
2692,830,D24HourMean,QuarterlyMean,Mean,24.43
2703,839,D24HourMean,QuarterlyMean,Mean,4.15
2706,829,D24HourMean,QuarterlyMean,Mean,20.08
2696,840,D24HourMean,QuarterlyMean,Mean,10.68
2701,827,D24HourMean,QuarterlyMean,Mean,23.65
2711,836,D24HourMean,QuarterlyMean,Mean,10.62
2713,840,D24HourMean,QuarterlyMean,Mean,2.79
2701,837,D24HourMean,QuarterlyMean,Mean,11.64
2699,830,D24HourMean,QuarterlyMean,Mean,18.30
2706,832,D24HourMean,QuarterlyMean,Mean,16.37
2718,828,D24HourMean,QuarterlyMean,Mean,20.76
2691,834,D24HourMean,QuarterlyMean,Mean,17.22
2720,831,D24HourMean,QuarterlyMean,Mean,12.59
2717,831,D24HourMean,QuarterlyMean,Mean,13.53
2691,832,D24HourMean,QuarterlyMean,Mean,20.81
2703,835,D24HourMean,QuarterlyMean,Mean,11.74
2702,834,D24HourMean,QuarterlyMean,Mean,13.32
2718,829,D24HourMean,QuarterlyMean,Mean,18.33
2715,830,D24HourMean,QuarterlyMean,Mean,16.30
2693,830,D24HourMean,QuarterlyMean,Mean,23.80
2700,842,D24HourMean,QuarterlyMean,Mean,9.53
2714,835,D24HourMean,QuarterlyMean,Mean,10.69
2701,842,D24HourMean,QuarterlyMean,Mean,9.10
2713,828,D24HourMean,QuarterlyMean,Mean,20.41
2697,829,D24HourMean,QuarterlyMean,Mean,20.17
2702,832,D24HourMean,QuarterlyMean,Mean,16.70
2716,832,D24HourMean,QuarterlyMean,Mean,14.97
2694,833,D24HourMean,QuarterlyMean,Mean,17.61
2707,840,D24HourMean,QuarterlyMean,Mean,3.16
2707,834,D24HourMean,QuarterlyMean,Mean,13.13
2697,837,D24HourMean,QuarterlyMean,Mean,12.91
2697,838,D24HourMean,QuarterlyMean,Mean,10.99
2699,841,D24HourMean,QuarterlyMean,Mean,3.83
2698,833,D24HourMean,QuarterlyMean,Mean,16.67
2708,835,D24HourMean,QuarterlyMean,Mean,11.39
2711,839,D24HourMean,QuarterlyMean,Mean,6.61
2721,830,D24HourMean,QuarterlyMean,Mean,15.35
2698,832,D24HourMean,QuarterlyMean,Mean,17.32
2713,831,D24HourMean,QuarterlyMean,Mean,16.45
2702,839,D24HourMean,QuarterlyMean,Mean,4.23
2693,828,D24HourMean,QuarterlyMean,Mean,29.28
2708,828,D24HourMean,QuarterlyMean,Mean,20.91
2699,828,D24HourMean,QuarterlyMean,Mean,21.38
2720,834,D24HourMean,QuarterlyMean,Mean,10.35
2696,833,D24HourMean,QuarterlyMean,Mean,16.33
2703,830,D24HourMean,QuarterlyMean,Mean,18.12
2704,837,D24HourMean,QuarterlyMean,Mean,9.47
2699,832,D24HourMean,QuarterlyMean,Mean,17.28
2710,838,D24HourMean,QuarterlyMean,Mean,8.40
2699,834,D24HourMean,QuarterlyMean,Mean,14.76
2714,829,D24HourMean,QuarterlyMean,Mean,17.71
2709,830,D24HourMean,QuarterlyMean,Mean,17.38
2710,837,D24HourMean,QuarterlyMean,Mean,9.22
2700,838,D24HourMean,QuarterlyMean,Mean,10.71
2710,832,D24HourMean,QuarterlyMean,Mean,14.45
2719,829,D24HourMean,QuarterlyMean,Mean,18.68
2718,832,D24HourMean,QuarterlyMean,Mean,13.01
2703,829,D24HourMean,QuarterlyMean,Mean,21.23
2707,836,D24HourMean,QuarterlyMean,Mean,9.76
2704,841,D24HourMean,QuarterlyMean,Mean,3.23
2717,833,D24HourMean,QuarterlyMean,Mean,12.88
2708,830,D24HourMean,QuarterlyMean,Mean,17.04
2703,831,D24HourMean,QuarterlyMean,Mean,17.93
2705,837,D24HourMean,QuarterlyMean,Mean,9.88
2706,833,D24HourMean,QuarterlyMean,Mean,14.76
2700,832,D24HourMean,QuarterlyMean,Mean,16.70
2697,835,D24HourMean,QuarterlyMean,Mean,14.46
