Column,Row,Metric,Seasonal Metric,Annual Metric,Values
912,711,D24HourMean,QuarterlyMean,Mean,11.45
951,719,D24HourMean,QuarterlyMean,Mean,7.84
922,704,D24HourMean,QuarterlyMean,Mean,10.03
953,718,D24HourMean,QuarterlyMean,Mean,7.70
944,719,D24HourMean,QuarterlyMean,Mean,4.58
941,705,D24HourMean,QuarterlyMean,Mean,9.56
917,713,D24HourMean,QuarterlyMean,Mean,10.88
955,709,D24HourMean,QuarterlyMean,Mean,8.77
917,699,D24HourMean,QuarterlyMean,Mean,9.60
926,704,D24HourMean,QuarterlyMean,Mean,9.44
910,707,D24HourMean,QuarterlyMean,Mean,10.04
951,715,D24HourMean,QuarterlyMean,Mean,7.89
931,699,D24HourMean,QuarterlyMean,Mean,8.70
937,698,D24HourMean,QuarterlyMean,Mean,7.20
929,695,D24HourMean,QuarterlyMean,Mean,7.80
956,716,D24HourMean,QuarterlyMean,Mean,8.25
936,711,D24HourMean,QuarterlyMean,Mean,7.82
944,704,D24HourMean,QuarterlyMean,Mean,10.16
932,709,D24HourMean,QuarterlyMean,Mean,9.65
952,709,D24HourMean,QuarterlyMean,Mean,8.20
941,710,D24HourMean,QuarterlyMean,Mean,9.99
963,708,D24HourMean,QuarterlyMean,Mean,8.11
932,717,D24HourMean,QuarterlyMean,Mean,9.19
940,708,D24HourMean,QuarterlyMean,Mean,9.39
939,701,D24HourMean,QuarterlyMean,Mean,8.39
926,717,D24HourMean,QuarterlyMean,Mean,9.10
943,698,D24HourMean,QuarterlyMean,Mean,7.61
964,711,D24HourMean,QuarterlyMean,Mean,8.20
955,713,D24HourMean,QuarterlyMean,Mean,9.55
912,702,D24HourMean,QuarterlyMean,Mean,8.94
927,691,D24HourMean,QuarterlyMean,Mean,12.38
957,713,D24HourMean,QuarterlyMean,Mean,8.56
944,707,D24HourMean,QuarterlyMean,Mean,8.01
950,709,D24HourMean,QuarterlyMean,Mean,8.62
930,691,D24HourMean,QuarterlyMean,Mean,7.36
919,715,D24HourMean,QuarterlyMean,Mean,9.22
945,708,D24HourMean,QuarterlyMean,Mean,9.32
951,708,D24HourMean,QuarterlyMean,Mean,7.80
923,708,D24HourMean,QuarterlyMean,Mean,9.43
953,707,D24HourMean,QuarterlyMean,Mean,8.22
919,711,D24HourMean,QuarterlyMean,Mean,10.42
946,704,D24HourMean,QuarterlyMean,Mean,9.84
920,703,D24HourMean,QuarterlyMean,Mean,9.34
949,709,D24HourMean,QuarterlyMean,Mean,8.65
916,713,D24HourMean,QuarterlyMean,Mean,11.20
948,713,D24HourMean,QuarterlyMean,Mean,7.50
925,701,D24HourMean,QuarterlyMean,Mean,9.46
938,714,D24HourMean,QuarterlyMean,Mean,9.84
927,696,D24HourMean,QuarterlyMean,Mean,7.73
936,715,D24HourMean,QuarterlyMean,Mean,9.79
945,701,D24HourMean,QuarterlyMean,Mean,7.13
950,713,D24HourMean,QuarterlyMean,Mean,7.94
954,710,D24HourMean,QuarterlyMean,Mean,8.46
936,707,D24HourMean,QuarterlyMean,Mean,9.92
948,715,D24HourMean,QuarterlyMean,Mean,7.24
943,719,D24HourMean,QuarterlyMean,Mean,7.84
947,704,D24HourMean,QuarterlyMean,Mean,9.75
924,703,D24HourMean,QuarterlyMean,Mean,11.01
919,710,D24HourMean,QuarterlyMean,Mean,10.42
917,701,D24HourMean,QuarterlyMean,Mean,8.82
915,706,D24HourMean,QuarterlyMean,Mean,9.79
946,718,D24HourMean,QuarterlyMean,Mean,7.40
951,709,D24HourMean,QuarterlyMean,Mean,8.36
949,716,D24HourMean,QuarterlyMean,Mean,8.65
912,703,D24HourMean,QuarterlyMean,Mean,8.74
923,709,D24HourMean,QuarterlyMean,Mean,9.65
920,713,D24HourMean,QuarterlyMean,Mean,11.42
958,717,D24HourMean,QuarterlyMean,Mean,8.96
958,708,D24HourMean,QuarterlyMean,Mean,8.53
930,713,D24HourMean,QuarterlyMean,Mean,9.68
945,718,D24HourMean,QuarterlyMean,Mean,7.47
930,695,D24HourMean,QuarterlyMean,Mean,8.22
933,711,D24HourMean,QuarterlyMean,Mean,8.51
942,711,D24HourMean,QuarterlyMean,Mean,10.13
960,708,D24HourMean,QuarterlyMean,Mean,9.24
939,708,D24HourMean,QuarterlyMean,Mean,9.39
928,704,D24HourMean,QuarterlyMean,Mean,10.23
947,703,D24HourMean,QuarterlyMean,Mean,9.96
935,708,D24HourMean,QuarterlyMean,Mean,8.94
939,702,D24HourMean,QuarterlyMean,Mean,8.44
928,710,D24HourMean,QuarterlyMean,Mean,10.18
940,713,D24HourMean,QuarterlyMean,Mean,8.30
933,698,D24HourMean,QuarterlyMean,Mean,9.75
915,705,D24HourMean,QuarterlyMean,Mean,9.05
917,711,D24HourMean,QuarterlyMean,Mean,10.61
957,711,D24HourMean,QuarterlyMean,Mean,7.73
937,716,D24HourMean,QuarterlyMean,Mean,9.48
953,712,D24HourMean,QuarterlyMean,Mean,8.55
934,706,D24HourMean,QuarterlyMean,Mean,9.10
964,713,D24HourMean,QuarterlyMean,Mean,9.00
945,703,D24HourMean,QuarterlyMean,Mean,8.86
921,717,D24HourMean,QuarterlyMean,Mean,11.15
929,717,D24HourMean,QuarterlyMean,Mean,9.20
931,695,D24HourMean,QuarterlyMean,Mean,7.96
942,717,D24HourMean,QuarterlyMean,Mean,8.65
922,712,D24HourMean,QuarterlyMean,Mean,10.83
943,714,D24HourMean,QuarterlyMean,Mean,8.79
936,704,D24HourMean,QuarterlyMean,Mean,9.86
920,708,D24HourMean,QuarterlyMean,Mean,9.56
931,702,D24HourMean,QuarterlyMean,Mean,8.44
956,713,D24HourMean,QuarterlyMean,Mean,8.70
937,702,D24HourMean,QuarterlyMean,Mean,7.73
926,702,D24HourMean,QuarterlyMean,Mean,9.87
960,715,D24HourMean,QuarterlyMean,Mean,9.79
932,710,D24HourMean,QuarterlyMean,Mean,9.56
958,707,D24HourMean,QuarterlyMean,Mean,8.88
959,713,D24HourMean,QuarterlyMean,Mean,9.27
959,716,D24HourMean,QuarterlyMean,Mean,10.61
957,715,D24HourMean,QuarterlyMean,Mean,8.36
918,699,D24HourMean,QuarterlyMean,Mean,9.19
947,708,D24HourMean,QuarterlyMean,Mean,7.62
925,699,D24HourMean,QuarterlyMean,Mean,9.00
914,712,D24HourMean,QuarterlyMean,Mean,11.17
926,708,D24HourMean,QuarterlyMean,Mean,11.06
938,700,D24HourMean,QuarterlyMean,Mean,8.15
938,715,D24HourMean,QuarterlyMean,Mean,9.67
956,711,D24HourMean,QuarterlyMean,Mean,8.15
924,705,D24HourMean,QuarterlyMean,Mean,10.33
924,704,D24HourMean,QuarterlyMean,Mean,10.40
942,708,D24HourMean,QuarterlyMean,Mean,8.82
938,703,D24HourMean,QuarterlyMean,Mean,8.27
913,707,D24HourMean,QuarterlyMean,Mean,10.54
924,695,D24HourMean,QuarterlyMean,Mean,10.47
947,718,D24HourMean,QuarterlyMean,Mean,7.19
925,700,D24HourMean,QuarterlyMean,Mean,8.55
922,706,D24HourMean,QuarterlyMean,Mean,9.97
926,697,D24HourMean,QuarterlyMean,Mean,9.12
960,710,D24HourMean,QuarterlyMean,Mean,8.39
931,708,D24HourMean,QuarterlyMean,Mean,9.15
926,695,D24HourMean,QuarterlyMean,Mean,9.91
939,715,D24HourMean,QuarterlyMean,Mean,8.81
951,710,D24HourMean,QuarterlyMean,Mean,8.41
931,713,D24HourMean,QuarterlyMean,Mean,10.11
926,715,D24HourMean,QuarterlyMean,Mean,9.72
961,709,D24HourMean,QuarterlyMean,Mean,8.24
927,700,D24HourMean,QuarterlyMean,Mean,7.29
915,701,D24HourMean,QuarterlyMean,Mean,8.46
955,714,D24HourMean,QuarterlyMean,Mean,8.63
920,711,D24HourMean,QuarterlyMean,Mean,10.71
920,712,D24HourMean,QuarterlyMean,Mean,10.96
916,711,D24HourMean,QuarterlyMean,Mean,10.71
930,699,D24HourMean,QuarterlyMean,Mean,8.44
917,709,D24HourMean,QuarterlyMean,Mean,10.30
922,699,D24HourMean,QuarterlyMean,Mean,9.39
950,712,D24HourMean,QuarterlyMean,Mean,7.70
948,710,D24HourMean,QuarterlyMean,Mean,7.75
912,705,D24HourMean,QuarterlyMean,Mean,9.58
951,711,D24HourMean,QuarterlyMean,Mean,8.01
942,709,D24HourMean,QuarterlyMean,Mean,9.72
918,713,D24HourMean,QuarterlyMean,Mean,10.91
937,708,D24HourMean,QuarterlyMean,Mean,9.94
933,709,D24HourMean,QuarterlyMean,Mean,8.91
916,699,D24HourMean,QuarterlyMean,Mean,8.55
928,700,D24HourMean,QuarterlyMean,Mean,7.47
929,716,D24HourMean,QuarterlyMean,Mean,9.20
940,711,D24HourMean,QuarterlyMean,Mean,9.31
947,705,D24HourMean,QuarterlyMean,Mean,9.53
958,713,D24HourMean,QuarterlyMean,Mean,9.05
939,714,D24HourMean,QuarterlyMean,Mean,8.51
914,713,D24HourMean,QuarterlyMean,Mean,11.57
919,706,D24HourMean,QuarterlyMean,Mean,9.99
927,694,D24HourMean,QuarterlyMean,Mean,10.89
939,705,D24HourMean,QuarterlyMean,Mean,10.20
939,711,D24HourMean,QuarterlyMean,Mean,9.24
937,706,D24HourMean,QuarterlyMean,Mean,10.62
936,700,D24HourMean,QuarterlyMean,Mean,8.82
921,707,D24HourMean,QuarterlyMean,Mean,10.25
936,706,D24HourMean,QuarterlyMean,Mean,9.89
928,711,D24HourMean,QuarterlyMean,Mean,9.72
939,707,D24HourMean,QuarterlyMean,Mean,9.68
952,710,D24HourMean,QuarterlyMean,Mean,8.08
924,709,D24HourMean,QuarterlyMean,Mean,10.03
927,710,D24HourMean,QuarterlyMean,Mean,10.47
945,712,D24HourMean,QuarterlyMean,Mean,8.41
940,707,D24HourMean,QuarterlyMean,Mean,9.58
954,716,D24HourMean,QuarterlyMean,Mean,7.99
938,708,D24HourMean,QuarterlyMean,Mean,9.96
966,712,D24HourMean,QuarterlyMean,Mean,7.73
948,712,D24HourMean,QuarterlyMean,Mean,7.13
911,710,D24HourMean,QuarterlyMean,Mean,11.18
944,717,D24HourMean,QuarterlyMean,Mean,8.06
947,706,D24HourMean,QuarterlyMean,Mean,8.60
935,709,D24HourMean,QuarterlyMean,Mean,8.81
950,716,D24HourMean,QuarterlyMean,Mean,8.75
942,706,D24HourMean,QuarterlyMean,Mean,9.39
935,712,D24HourMean,QuarterlyMean,Mean,7.87
931,716,D24HourMean,QuarterlyMean,Mean,8.65
925,717,D24HourMean,QuarterlyMean,Mean,9.15
928,697,D24HourMean,QuarterlyMean,Mean,8.43
932,698,D24HourMean,QuarterlyMean,Mean,9.01
930,692,D24HourMean,QuarterlyMean,Mean,7.73
920,705,D24HourMean,QuarterlyMean,Mean,9.39
917,708,D24HourMean,QuarterlyMean,Mean,10.57
914,705,D24HourMean,QuarterlyMean,Mean,9.70
913,705,D24HourMean,QuarterlyMean,Mean,9.46
946,713,D24HourMean,QuarterlyMean,Mean,7.94
913,703,D24HourMean,QuarterlyMean,Mean,8.69
918,702,D24HourMean,QuarterlyMean,Mean,7.71
923,706,D24HourMean,QuarterlyMean,Mean,10.33
908,704,D24HourMean,QuarterlyMean,Mean,9.79
940,704,D24HourMean,QuarterlyMean,Mean,10.06
919,704,D24HourMean,QuarterlyMean,Mean,9.29
922,716,D24HourMean,QuarterlyMean,Mean,11.28
915,704,D24HourMean,QuarterlyMean,Mean,8.48
952,719,D24HourMean,QuarterlyMean,Mean,4.23
930,712,D24HourMean,QuarterlyMean,Mean,9.53
943,709,D24HourMean,QuarterlyMean,Mean,8.93
918,703,D24HourMean,QuarterlyMean,Mean,7.85
930,711,D24HourMean,QuarterlyMean,Mean,9.48
935,717,D24HourMean,QuarterlyMean,Mean,8.91
956,717,D24HourMean,QuarterlyMean,Mean,8.30
928,698,D24HourMean,QuarterlyMean,Mean,8.48
921,714,D24HourMean,QuarterlyMean,Mean,12.46
939,712,D24HourMean,QuarterlyMean,Mean,9.05
941,709,D24HourMean,QuarterlyMean,Mean,9.65
935,713,D24HourMean,QuarterlyMean,Mean,8.77
919,709,D24HourMean,QuarterlyMean,Mean,10.06
940,701,D24HourMean,QuarterlyMean,Mean,8.15
942,702,D24HourMean,QuarterlyMean,Mean,10.32
916,709,D24HourMean,QuarterlyMean,Mean,9.68
915,713,D24HourMean,QuarterlyMean,Mean,11.30
964,709,D24HourMean,QuarterlyMean,Mean,8.13
958,715,D24HourMean,QuarterlyMean,Mean,9.37
928,695,D24HourMean,QuarterlyMean,Mean,7.50
950,708,D24HourMean,QuarterlyMean,Mean,8.34
962,709,D24HourMean,QuarterlyMean,Mean,8.70
946,701,D24HourMean,QuarterlyMean,Mean,9.41
929,708,D24HourMean,QuarterlyMean,Mean,8.93
930,700,D24HourMean,QuarterlyMean,Mean,8.44
945,705,D24HourMean,QuarterlyMean,Mean,10.04
966,710,D24HourMean,QuarterlyMean,Mean,7.84
925,706,D24HourMean,QuarterlyMean,Mean,10.30
928,709,D24HourMean,QuarterlyMean,Mean,10.25
923,714,D24HourMean,QuarterlyMean,Mean,11.71
929,713,D24HourMean,QuarterlyMean,Mean,9.25
953,708,D24HourMean,QuarterlyMean,Mean,9.56
945,706,D24HourMean,QuarterlyMean,Mean,8.62
929,699,D24HourMean,QuarterlyMean,Mean,8.17
927,692,D24HourMean,QuarterlyMean,Mean,11.89
945,702,D24HourMean,QuarterlyMean,Mean,7.92
936,702,D24HourMean,QuarterlyMean,Mean,7.68
938,712,D24HourMean,QuarterlyMean,Mean,7.99
933,702,D24HourMean,QuarterlyMean,Mean,7.64
935,699,D24HourMean,QuarterlyMean,Mean,9.65
917,702,D24HourMean,QuarterlyMean,Mean,7.75
922,711,D24HourMean,QuarterlyMean,Mean,11.01
917,705,D24HourMean,QuarterlyMean,Mean,8.18
917,715,D24HourMean,QuarterlyMean,Mean,10.62
923,716,D24HourMean,QuarterlyMean,Mean,12.19
916,710,D24HourMean,QuarterlyMean,Mean,9.77
953,709,D24HourMean,QuarterlyMean,Mean,8.44
950,719,D24HourMean,QuarterlyMean,Mean,7.38
924,716,D24HourMean,QuarterlyMean,Mean,11.67
932,703,D24HourMean,QuarterlyMean,Mean,8.17
934,708,D24HourMean,QuarterlyMean,Mean,8.94
939,703,D24HourMean,QuarterlyMean,Mean,10.11
913,708,D24HourMean,QuarterlyMean,Mean,10.21
935,703,D24HourMean,QuarterlyMean,Mean,7.73
943,712,D24HourMean,QuarterlyMean,Mean,9.68
937,699,D24HourMean,QuarterlyMean,Mean,8.41
947,712,D24HourMean,QuarterlyMean,Mean,7.66
936,699,D24HourMean,QuarterlyMean,Mean,9.53
918,716,D24HourMean,QuarterlyMean,Mean,10.42
941,702,D24HourMean,QuarterlyMean,Mean,10.32
931,701,D24HourMean,QuarterlyMean,Mean,9.13
960,709,D24HourMean,QuarterlyMean,Mean,8.41
947,710,D24HourMean,QuarterlyMean,Mean,7.94
918,706,D24HourMean,QuarterlyMean,Mean,9.97
918,710,D24HourMean,QuarterlyMean,Mean,10.20
965,711,D24HourMean,QuarterlyMean,Mean,7.63
923,717,D24HourMean,QuarterlyMean,Mean,12.63
929,714,D24HourMean,QuarterlyMean,Mean,8.10
952,715,D24HourMean,QuarterlyMean,Mean,7.75
926,701,D24HourMean,QuarterlyMean,Mean,8.98
937,713,D24HourMean,QuarterlyMean,Mean,8.69
951,712,D24HourMean,QuarterlyMean,Mean,9.55
930,690,D24HourMean,QuarterlyMean,Mean,8.82
926,716,D24HourMean,QuarterlyMean,Mean,9.94
931,705,D24HourMean,QuarterlyMean,Mean,8.88
922,700,D24HourMean,QuarterlyMean,Mean,8.27
922,701,D24HourMean,QuarterlyMean,Mean,8.62
943,713,D24HourMean,QuarterlyMean,Mean,8.65
927,699,D24HourMean,QuarterlyMean,Mean,7.73
940,712,D24HourMean,QuarterlyMean,Mean,9.00
930,697,D24HourMean,QuarterlyMean,Mean,8.60
955,715,D24HourMean,QuarterlyMean,Mean,8.55
945,711,D24HourMean,QuarterlyMean,Mean,8.39
936,716,D24HourMean,QuarterlyMean,Mean,9.19
923,710,D24HourMean,QuarterlyMean,Mean,9.82
948,714,D24HourMean,QuarterlyMean,Mean,7.48
958,716,D24HourMean,QuarterlyMean,Mean,9.20
922,702,D24HourMean,QuarterlyMean,Mean,8.93
956,708,D24HourMean,QuarterlyMean,Mean,8.22
934,704,D24HourMean,QuarterlyMean,Mean,7.62
923,701,D24HourMean,QuarterlyMean,Mean,9.62
931,693,D24HourMean,QuarterlyMean,Mean,7.10
932,715,D24HourMean,QuarterlyMean,Mean,8.89
955,707,D24HourMean,QuarterlyMean,Mean,8.46
951,713,D24HourMean,QuarterlyMean,Mean,9.70
945,713,D24HourMean,QuarterlyMean,Mean,8.20
931,714,D24HourMean,QuarterlyMean,Mean,9.01
911,707,D24HourMean,QuarterlyMean,Mean,10.18
932,708,D24HourMean,QuarterlyMean,Mean,9.51
939,716,D24HourMean,QuarterlyMean,Mean,8.55
939,713,D24HourMean,QuarterlyMean,Mean,9.13
929,710,D24HourMean,QuarterlyMean,Mean,10.01
936,713,D24HourMean,QuarterlyMean,Mean,8.79
920,715,D24HourMean,QuarterlyMean,Mean,11.10
927,714,D24HourMean,QuarterlyMean,Mean,8.41
918,708,D24HourMean,QuarterlyMean,Mean,10.72
914,709,D24HourMean,QuarterlyMean,Mean,9.91
919,707,D24HourMean,QuarterlyMean,Mean,10.25
958,712,D24HourMean,QuarterlyMean,Mean,8.65
925,703,D24HourMean,QuarterlyMean,Mean,10.74
941,714,D24HourMean,QuarterlyMean,Mean,7.85
962,710,D24HourMean,QuarterlyMean,Mean,7.68
928,693,D24HourMean,QuarterlyMean,Mean,8.58
930,707,D24HourMean,QuarterlyMean,Mean,9.91
934,703,D24HourMean,QuarterlyMean,Mean,7.73
925,707,D24HourMean,QuarterlyMean,Mean,10.88
915,708,D24HourMean,QuarterlyMean,Mean,9.79
923,700,D24HourMean,QuarterlyMean,Mean,8.84
940,709,D24HourMean,QuarterlyMean,Mean,9.22
953,713,D24HourMean,QuarterlyMean,Mean,10.18
937,704,D24HourMean,QuarterlyMean,Mean,9.12
941,707,D24HourMean,QuarterlyMean,Mean,8.88
955,708,D24HourMean,QuarterlyMean,Mean,8.44
919,713,D24HourMean,QuarterlyMean,Mean,10.91
927,715,D24HourMean,QuarterlyMean,Mean,9.63
919,705,D24HourMean,QuarterlyMean,Mean,9.41
920,709,D24HourMean,QuarterlyMean,Mean,9.92
925,704,D24HourMean,QuarterlyMean,Mean,9.50
949,714,D24HourMean,QuarterlyMean,Mean,7.48
940,718,D24HourMean,QuarterlyMean,Mean,7.73
923,703,D24HourMean,QuarterlyMean,Mean,11.33
957,709,D24HourMean,QuarterlyMean,Mean,8.84
957,712,D24HourMean,QuarterlyMean,Mean,8.36
931,698,D24HourMean,QuarterlyMean,Mean,8.29
938,716,D24HourMean,QuarterlyMean,Mean,9.41
954,708,D24HourMean,QuarterlyMean,Mean,8.44
919,702,D24HourMean,QuarterlyMean,Mean,7.71
950,715,D24HourMean,QuarterlyMean,Mean,7.62
911,709,D24HourMean,QuarterlyMean,Mean,10.44
920,707,D24HourMean,QuarterlyMean,Mean,10.09
926,709,D24HourMean,QuarterlyMean,Mean,11.13
925,694,D24HourMean,QuarterlyMean,Mean,13.23
924,717,D24HourMean,QuarterlyMean,Mean,11.76
926,694,D24HourMean,QuarterlyMean,Mean,12.61
962,708,D24HourMean,QuarterlyMean,Mean,8.63
949,705,D24HourMean,QuarterlyMean,Mean,8.89
933,712,D24HourMean,QuarterlyMean,Mean,9.55
947,713,D24HourMean,QuarterlyMean,Mean,7.64
943,704,D24HourMean,QuarterlyMean,Mean,10.16
963,709,D24HourMean,QuarterlyMean,Mean,8.23
929,697,D24HourMean,QuarterlyMean,Mean,8.72
957,716,D24HourMean,QuarterlyMean,Mean,8.20
937,714,D24HourMean,QuarterlyMean,Mean,9.75
957,708,D24HourMean,QuarterlyMean,Mean,8.39
927,704,D24HourMean,QuarterlyMean,Mean,10.18
911,703,D24HourMean,QuarterlyMean,Mean,9.00
929,694,D24HourMean,QuarterlyMean,Mean,9.20
953,715,D24HourMean,QuarterlyMean,Mean,7.90
913,706,D24HourMean,QuarterlyMean,Mean,10.20
943,711,D24HourMean,QuarterlyMean,Mean,9.20
945,700,D24HourMean,QuarterlyMean,Mean,7.13
912,708,D24HourMean,QuarterlyMean,Mean,10.56
950,714,D24HourMean,QuarterlyMean,Mean,7.54
942,712,D24HourMean,QuarterlyMean,Mean,9.36
960,712,D24HourMean,QuarterlyMean,Mean,8.41
922,705,D24HourMean,QuarterlyMean,Mean,10.18
927,712,D24HourMean,QuarterlyMean,Mean,9.50
910,704,D24HourMean,QuarterlyMean,Mean,9.53
935,723,D24HourMean,QuarterlyMean,Mean,10.52
918,714,D24HourMean,QuarterlyMean,Mean,10.50
922,717,D24HourMean,QuarterlyMean,Mean,10.86
924,715,D24HourMean,QuarterlyMean,Mean,10.59
921,699,D24HourMean,QuarterlyMean,Mean,8.27
962,711,D24HourMean,QuarterlyMean,Mean,8.37
924,713,D24HourMean,QuarterlyMean,Mean,9.94
932,704,D24HourMean,QuarterlyMean,Mean,9.03
933,700,D24HourMean,QuarterlyMean,Mean,8.04
940,706,D24HourMean,QuarterlyMean,Mean,9.50
948,711,D24HourMean,QuarterlyMean,Mean,7.52
916,703,D24HourMean,QuarterlyMean,Mean,8.06
942,713,D24HourMean,QuarterlyMean,Mean,8.70
933,693,D24HourMean,QuarterlyMean,Mean,6.44
930,704,D24HourMean,QuarterlyMean,Mean,9.19
934,713,D24HourMean,QuarterlyMean,Mean,10.01
910,710,D24HourMean,QuarterlyMean,Mean,10.64
923,707,D24HourMean,QuarterlyMean,Mean,10.42
920,717,D24HourMean,QuarterlyMean,Mean,10.86
949,708,D24HourMean,QuarterlyMean,Mean,8.43
949,707,D24HourMean,QuarterlyMean,Mean,7.92
932,706,D24HourMean,QuarterlyMean,Mean,9.10
950,706,D24HourMean,QuarterlyMean,Mean,7.90
929,691,D24HourMean,QuarterlyMean,Mean,9.20
946,710,D24HourMean,QuarterlyMean,Mean,8.03
924,712,D24HourMean,QuarterlyMean,Mean,9.80
944,700,D24HourMean,QuarterlyMean,Mean,7.36
950,707,D24HourMean,QuarterlyMean,Mean,8.15
909,705,D24HourMean,QuarterlyMean,Mean,9.82
933,715,D24HourMean,QuarterlyMean,Mean,9.39
929,709,D24HourMean,QuarterlyMean,Mean,8.84
933,707,D24HourMean,QuarterlyMean,Mean,9.22
914,702,D24HourMean,QuarterlyMean,Mean,8.84
926,706,D24HourMean,QuarterlyMean,Mean,10.35
943,705,D24HourMean,QuarterlyMean,Mean,7.90
955,716,D24HourMean,QuarterlyMean,Mean,4.50
954,709,D24HourMean,QuarterlyMean,Mean,8.69
924,697,D24HourMean,QuarterlyMean,Mean,9.03
935,701,D24HourMean,QuarterlyMean,Mean,8.01
941,715,D24HourMean,QuarterlyMean,Mean,8.08
928,713,D24HourMean,QuarterlyMean,Mean,9.08
931,709,D24HourMean,QuarterlyMean,Mean,9.01
921,706,D24HourMean,QuarterlyMean,Mean,9.99
937,710,D24HourMean,QuarterlyMean,Mean,8.17
954,713,D24HourMean,QuarterlyMean,Mean,8.56
920,716,D24HourMean,QuarterlyMean,Mean,10.84
957,714,D24HourMean,QuarterlyMean,Mean,8.34
927,697,D24HourMean,QuarterlyMean,Mean,7.73
952,718,D24HourMean,QuarterlyMean,Mean,7.45
929,707,D24HourMean,QuarterlyMean,Mean,10.21
934,707,D24HourMean,QuarterlyMean,Mean,9.24
949,717,D24HourMean,QuarterlyMean,Mean,8.36
928,691,D24HourMean,QuarterlyMean,Mean,13.90
909,703,D24HourMean,QuarterlyMean,Mean,9.22
946,711,D24HourMean,QuarterlyMean,Mean,7.99
916,705,D24HourMean,QuarterlyMean,Mean,8.67
913,711,D24HourMean,QuarterlyMean,Mean,11.03
936,709,D24HourMean,QuarterlyMean,Mean,9.08
924,699,D24HourMean,QuarterlyMean,Mean,9.75
928,706,D24HourMean,QuarterlyMean,Mean,11.03
939,710,D24HourMean,QuarterlyMean,Mean,9.00
928,714,D24HourMean,QuarterlyMean,Mean,8.30
909,709,D24HourMean,QuarterlyMean,Mean,10.93
925,705,D24HourMean,QuarterlyMean,Mean,9.48
944,709,D24HourMean,QuarterlyMean,Mean,8.15
921,701,D24HourMean,QuarterlyMean,Mean,8.04
960,711,D24HourMean,QuarterlyMean,Mean,8.04
926,705,D24HourMean,QuarterlyMean,Mean,9.62
948,716,D24HourMean,QuarterlyMean,Mean,8.01
926,712,D24HourMean,QuarterlyMean,Mean,9.13
932,701,D24HourMean,QuarterlyMean,Mean,8.79
937,715,D24HourMean,QuarterlyMean,Mean,9.91
949,712,D24HourMean,QuarterlyMean,Mean,7.70
917,704,D24HourMean,QuarterlyMean,Mean,8.01
941,700,D24HourMean,QuarterlyMean,Mean,7.68
914,708,D24HourMean,QuarterlyMean,Mean,10.04
934,712,D24HourMean,QuarterlyMean,Mean,9.03
914,701,D24HourMean,QuarterlyMean,Mean,8.27
920,699,D24HourMean,QuarterlyMean,Mean,8.75
931,700,D24HourMean,QuarterlyMean,Mean,9.10
943,703,D24HourMean,QuarterlyMean,Mean,9.55
920,714,D24HourMean,QuarterlyMean,Mean,11.35
933,705,D24HourMean,QuarterlyMean,Mean,8.13
944,712,D24HourMean,QuarterlyMean,Mean,9.58
929,706,D24HourMean,QuarterlyMean,Mean,9.84
928,699,D24HourMean,QuarterlyMean,Mean,8.18
938,717,D24HourMean,QuarterlyMean,Mean,8.72
943,715,D24HourMean,QuarterlyMean,Mean,8.72
967,710,D24HourMean,QuarterlyMean,Mean,7.51
944,702,D24HourMean,QuarterlyMean,Mean,7.15
915,710,D24HourMean,QuarterlyMean,Mean,9.84
961,713,D24HourMean,QuarterlyMean,Mean,9.00
936,708,D24HourMean,QuarterlyMean,Mean,9.41
933,694,D24HourMean,QuarterlyMean,Mean,7.26
925,713,D24HourMean,QuarterlyMean,Mean,9.34
961,712,D24HourMean,QuarterlyMean,Mean,9.27
945,717,D24HourMean,QuarterlyMean,Mean,8.39
934,716,D24HourMean,QuarterlyMean,Mean,8.20
920,706,D24HourMean,QuarterlyMean,Mean,9.89
952,708,D24HourMean,QuarterlyMean,Mean,9.58
930,702,D24HourMean,QuarterlyMean,Mean,9.29
940,702,D24HourMean,QuarterlyMean,Mean,10.01
941,716,D24HourMean,QuarterlyMean,Mean,8.93
935,707,D24HourMean,QuarterlyMean,Mean,9.13
955,711,D24HourMean,QuarterlyMean,Mean,8.41
954,717,D24HourMean,QuarterlyMean,Mean,8.10
930,715,D24HourMean,QuarterlyMean,Mean,8.41
953,710,D24HourMean,QuarterlyMean,Mean,8.50
909,710,D24HourMean,QuarterlyMean,Mean,11.05
929,704,D24HourMean,QuarterlyMean,Mean,9.65
932,700,D24HourMean,QuarterlyMean,Mean,9.20
953,717,D24HourMean,QuarterlyMean,Mean,7.75
953,716,D24HourMean,QuarterlyMean,Mean,7.57
959,709,D24HourMean,QuarterlyMean,Mean,8.94
918,704,D24HourMean,QuarterlyMean,Mean,8.15
918,715,D24HourMean,QuarterlyMean,Mean,10.57
927,702,D24HourMean,QuarterlyMean,Mean,8.77
924,698,D24HourMean,QuarterlyMean,Mean,9.97
924,708,D24HourMean,QuarterlyMean,Mean,9.70
947,714,D24HourMean,QuarterlyMean,Mean,7.62
945,707,D24HourMean,QuarterlyMean,Mean,8.86
911,711,D24HourMean,QuarterlyMean,Mean,11.59
959,708,D24HourMean,QuarterlyMean,Mean,8.82
944,708,D24HourMean,QuarterlyMean,Mean,8.74
937,711,D24HourMean,QuarterlyMean,Mean,7.62
932,707,D24HourMean,QuarterlyMean,Mean,8.96
914,707,D24HourMean,QuarterlyMean,Mean,10.45
922,713,D24HourMean,QuarterlyMean,Mean,12.36
957,707,D24HourMean,QuarterlyMean,Mean,8.69
919,708,D24HourMean,QuarterlyMean,Mean,10.11
925,710,D24HourMean,QuarterlyMean,Mean,9.97
965,712,D24HourMean,QuarterlyMean,Mean,8.18
929,693,D24HourMean,QuarterlyMean,Mean,7.83
936,701,D24HourMean,QuarterlyMean,Mean,7.96
908,705,D24HourMean,QuarterlyMean,Mean,9.91
919,712,D24HourMean,QuarterlyMean,Mean,10.86
958,709,D24HourMean,QuarterlyMean,Mean,8.70
922,709,D24HourMean,QuarterlyMean,Mean,9.50
916,707,D24HourMean,QuarterlyMean,Mean,9.72
925,711,D24HourMean,QuarterlyMean,Mean,9.43
934,700,D24HourMean,QuarterlyMean,Mean,8.08
959,715,D24HourMean,QuarterlyMean,Mean,9.84
948,708,D24HourMean,QuarterlyMean,Mean,8.13
957,710,D24HourMean,QuarterlyMean,Mean,8.88
935,704,D24HourMean,QuarterlyMean,Mean,9.75
952,711,D24HourMean,QuarterlyMean,Mean,8.10
926,707,D24HourMean,QuarterlyMean,Mean,10.78
945,710,D24HourMean,QuarterlyMean,Mean,8.11
924,693,D24HourMean,QuarterlyMean,Mean,9.97
942,707,D24HourMean,QuarterlyMean,Mean,9.08
925,709,D24HourMean,QuarterlyMean,Mean,11.35
919,703,D24HourMean,QuarterlyMean,Mean,8.23
916,714,D24HourMean,QuarterlyMean,Mean,9.50
918,700,D24HourMean,QuarterlyMean,Mean,9.17
927,703,D24HourMean,QuarterlyMean,Mean,9.77
946,702,D24HourMean,QuarterlyMean,Mean,9.48
941,708,D24HourMean,QuarterlyMean,Mean,9.29
924,710,D24HourMean,QuarterlyMean,Mean,9.72
959,711,D24HourMean,QuarterlyMean,Mean,7.83
949,718,D24HourMean,QuarterlyMean,Mean,6.92
955,712,D24HourMean,QuarterlyMean,Mean,9.50
915,709,D24HourMean,QuarterlyMean,Mean,9.79
931,712,D24HourMean,QuarterlyMean,Mean,9.63
925,714,D24HourMean,QuarterlyMean,Mean,8.65
944,715,D24HourMean,QuarterlyMean,Mean,8.23
963,710,D24HourMean,QuarterlyMean,Mean,8.08
930,694,D24HourMean,QuarterlyMean,Mean,8.94
947,707,D24HourMean,QuarterlyMean,Mean,7.64
924,694,D24HourMean,QuarterlyMean,Mean,12.92
920,710,D24HourMean,QuarterlyMean,Mean,10.49
936,710,D24HourMean,QuarterlyMean,Mean,8.22
923,712,D24HourMean,QuarterlyMean,Mean,10.26
926,700,D24HourMean,QuarterlyMean,Mean,7.71
931,691,D24HourMean,QuarterlyMean,Mean,8.08
918,712,D24HourMean,QuarterlyMean,Mean,10.57
915,707,D24HourMean,QuarterlyMean,Mean,10.23
930,709,D24HourMean,QuarterlyMean,Mean,8.15
959,707,D24HourMean,QuarterlyMean,Mean,8.94
926,710,D24HourMean,QuarterlyMean,Mean,9.79
948,707,D24HourMean,QuarterlyMean,Mean,7.83
947,716,D24HourMean,QuarterlyMean,Mean,8.06
956,709,D24HourMean,QuarterlyMean,Mean,8.96
954,712,D24HourMean,QuarterlyMean,Mean,8.79
930,708,D24HourMean,QuarterlyMean,Mean,8.88
921,710,D24HourMean,QuarterlyMean,Mean,10.66
942,715,D24HourMean,QuarterlyMean,Mean,8.15
927,707,D24HourMean,QuarterlyMean,Mean,10.83
923,713,D24HourMean,QuarterlyMean,Mean,10.79
943,716,D24HourMean,QuarterlyMean,Mean,8.30
947,702,D24HourMean,QuarterlyMean,Mean,10.20
912,704,D24HourMean,QuarterlyMean,Mean,9.07
929,701,D24HourMean,QuarterlyMean,Mean,8.67
921,702,D24HourMean,QuarterlyMean,Mean,9.08
943,701,D24HourMean,QuarterlyMean,Mean,6.82
922,710,D24HourMean,QuarterlyMean,Mean,10.59
926,692,D24HourMean,QuarterlyMean,Mean,9.03
929,711,D24HourMean,QuarterlyMean,Mean,9.72
923,702,D24HourMean,QuarterlyMean,Mean,10.37
942,716,D24HourMean,QuarterlyMean,Mean,8.67
914,700,D24HourMean,QuarterlyMean,Mean,8.23
916,712,D24HourMean,QuarterlyMean,Mean,11.33
916,700,D24HourMean,QuarterlyMean,Mean,8.48
931,697,D24HourMean,QuarterlyMean,Mean,9.13
918,709,D24HourMean,QuarterlyMean,Mean,10.30
934,698,D24HourMean,QuarterlyMean,Mean,9.32
936,703,D24HourMean,QuarterlyMean,Mean,7.52
962,712,D24HourMean,QuarterlyMean,Mean,8.58
947,715,D24HourMean,QuarterlyMean,Mean,7.59
924,714,D24HourMean,QuarterlyMean,Mean,10.11
937,707,D24HourMean,QuarterlyMean,Mean,10.55
933,713,D24HourMean,QuarterlyMean,Mean,10.23
929,712,D24HourMean,QuarterlyMean,Mean,9.41
956,707,D24HourMean,QuarterlyMean,Mean,8.32
931,692,D24HourMean,QuarterlyMean,Mean,7.80
935,710,D24HourMean,QuarterlyMean,Mean,8.11
928,694,D24HourMean,QuarterlyMean,Mean,7.83
928,707,D24HourMean,QuarterlyMean,Mean,10.26
951,717,D24HourMean,QuarterlyMean,Mean,7.52
946,712,D24HourMean,QuarterlyMean,Mean,7.80
949,711,D24HourMean,QuarterlyMean,Mean,8.04
956,706,D24HourMean,QuarterlyMean,Mean,8.82
924,702,D24HourMean,QuarterlyMean,Mean,10.35
938,710,D24HourMean,QuarterlyMean,Mean,8.37
933,699,D24HourMean,QuarterlyMean,Mean,9.58
942,703,D24HourMean,QuarterlyMean,Mean,10.06
939,700,D24HourMean,QuarterlyMean,Mean,7.85
938,709,D24HourMean,QuarterlyMean,Mean,9.89
907,704,D24HourMean,QuarterlyMean,Mean,9.75
915,712,D24HourMean,QuarterlyMean,Mean,11.35
958,714,D24HourMean,QuarterlyMean,Mean,8.93
933,708,D24HourMean,QuarterlyMean,Mean,9.36
930,693,D24HourMean,QuarterlyMean,Mean,7.50
932,695,D24HourMean,QuarterlyMean,Mean,8.37
915,700,D24HourMean,QuarterlyMean,Mean,8.32
909,706,D24HourMean,QuarterlyMean,Mean,10.23
909,707,D24HourMean,QuarterlyMean,Mean,10.18
943,700,D24HourMean,QuarterlyMean,Mean,7.47
944,711,D24HourMean,QuarterlyMean,Mean,8.69
925,716,D24HourMean,QuarterlyMean,Mean,10.23
939,717,D24HourMean,QuarterlyMean,Mean,8.43
925,696,D24HourMean,QuarterlyMean,Mean,9.80
911,705,D24HourMean,QuarterlyMean,Mean,9.87
957,717,D24HourMean,QuarterlyMean,Mean,7.89
923,699,D24HourMean,QuarterlyMean,Mean,9.65
920,702,D24HourMean,QuarterlyMean,Mean,8.36
921,700,D24HourMean,QuarterlyMean,Mean,7.73
929,690,D24HourMean,QuarterlyMean,Mean,11.57
921,713,D24HourMean,QuarterlyMean,Mean,11.79
940,710,D24HourMean,QuarterlyMean,Mean,9.53
933,717,D24HourMean,QuarterlyMean,Mean,9.03
939,709,D24HourMean,QuarterlyMean,Mean,9.25
953,711,D24HourMean,QuarterlyMean,Mean,8.44
938,706,D24HourMean,QuarterlyMean,Mean,10.32
942,705,D24HourMean,QuarterlyMean,Mean,8.62
945,714,D24HourMean,QuarterlyMean,Mean,8.91
921,703,D24HourMean,QuarterlyMean,Mean,9.63
925,715,D24HourMean,QuarterlyMean,Mean,9.58
944,718,D24HourMean,QuarterlyMean,Mean,7.97
909,708,D24HourMean,QuarterlyMean,Mean,10.30
949,713,D24HourMean,QuarterlyMean,Mean,7.82
912,710,D24HourMean,QuarterlyMean,Mean,10.86
942,718,D24HourMean,QuarterlyMean,Mean,8.20
923,695,D24HourMean,QuarterlyMean,Mean,12.14
922,703,D24HourMean,QuarterlyMean,Mean,9.92
944,703,D24HourMean,QuarterlyMean,Mean,9.29
912,709,D24HourMean,QuarterlyMean,Mean,10.13
928,701,D24HourMean,QuarterlyMean,Mean,8.62
935,706,D24HourMean,QuarterlyMean,Mean,10.04
934,699,D24HourMean,QuarterlyMean,Mean,9.63
930,698,D24HourMean,QuarterlyMean,Mean,8.27
943,717,D24HourMean,QuarterlyMean,Mean,8.44
946,707,D24HourMean,QuarterlyMean,Mean,8.46
929,698,D24HourMean,QuarterlyMean,Mean,8.29
925,702,D24HourMean,QuarterlyMean,Mean,10.40
913,710,D24HourMean,QuarterlyMean,Mean,10.25
948,717,D24HourMean,QuarterlyMean,Mean,7.94
944,706,D24HourMean,QuarterlyMean,Mean,8.81
937,700,D24HourMean,QuarterlyMean,Mean,8.67
938,702,D24HourMean,QuarterlyMean,Mean,8.50
946,706,D24HourMean,QuarterlyMean,Mean,8.74
935,714,D24HourMean,QuarterlyMean,Mean,9.89
931,717,D24HourMean,QuarterlyMean,Mean,9.00
934,701,D24HourMean,QuarterlyMean,Mean,7.64
946,715,D24HourMean,QuarterlyMean,Mean,8.48
933,714,D24HourMean,QuarterlyMean,Mean,10.57
922,715,D24HourMean,QuarterlyMean,Mean,12.11
925,698,D24HourMean,QuarterlyMean,Mean,9.85
944,713,D24HourMean,QuarterlyMean,Mean,8.65
913,701,D24HourMean,QuarterlyMean,Mean,8.49
917,710,D24HourMean,QuarterlyMean,Mean,9.97
926,711,D24HourMean,QuarterlyMean,Mean,8.88
924,718,D24HourMean,QuarterlyMean,Mean,9.55
938,713,D24HourMean,QuarterlyMean,Mean,8.23
926,699,D24HourMean,QuarterlyMean,Mean,8.06
932,702,D24HourMean,QuarterlyMean,Mean,8.01
923,704,D24HourMean,QuarterlyMean,Mean,10.49
911,708,D24HourMean,QuarterlyMean,Mean,10.49
940,715,D24HourMean,QuarterlyMean,Mean,8.37
924,696,D24HourMean,QuarterlyMean,Mean,9.99
966,711,D24HourMean,QuarterlyMean,Mean,7.99
954,711,D24HourMean,QuarterlyMean,Mean,8.36
917,700,D24HourMean,QuarterlyMean,Mean,9.07
923,705,D24HourMean,QuarterlyMean,Mean,10.13
949,715,D24HourMean,QuarterlyMean,Mean,7.52
961,708,D24HourMean,QuarterlyMean,Mean,8.58
917,703,D24HourMean,QuarterlyMean,Mean,8.08
948,704,D24HourMean,QuarterlyMean,Mean,7.80
927,698,D24HourMean,QuarterlyMean,Mean,8.32
915,703,D24HourMean,QuarterlyMean,Mean,8.36
956,715,D24HourMean,QuarterlyMean,Mean,8.36
942,719,D24HourMean,QuarterlyMean,Mean,7.96
936,698,D24HourMean,QuarterlyMean,Mean,9.01
932,693,D24HourMean,QuarterlyMean,Mean,7.50
915,702,D24HourMean,QuarterlyMean,Mean,8.04
964,712,D24HourMean,QuarterlyMean,Mean,8.63
917,707,D24HourMean,QuarterlyMean,Mean,10.52
950,710,D24HourMean,QuarterlyMean,Mean,8.65
936,712,D24HourMean,QuarterlyMean,Mean,7.73
944,701,D24HourMean,QuarterlyMean,Mean,7.06
927,716,D24HourMean,QuarterlyMean,Mean,11.05
945,716,D24HourMean,QuarterlyMean,Mean,8.15
923,711,D24HourMean,QuarterlyMean,Mean,9.84
934,702,D24HourMean,QuarterlyMean,Mean,7.85
946,716,D24HourMean,QuarterlyMean,Mean,8.36
941,713,D24HourMean,QuarterlyMean,Mean,8.32
918,705,D24HourMean,QuarterlyMean,Mean,8.39
927,701,D24HourMean,QuarterlyMean,Mean,7.85
930,703,D24HourMean,QuarterlyMean,Mean,9.19
937,703,D24HourMean,QuarterlyMean,Mean,7.57
937,709,D24HourMean,QuarterlyMean,Mean,10.20
954,714,D24HourMean,QuarterlyMean,Mean,8.18
934,705,D24HourMean,QuarterlyMean,Mean,8.39
929,696,D24HourMean,QuarterlyMean,Mean,8.37
951,716,D24HourMean,QuarterlyMean,Mean,7.71
921,709,D24HourMean,QuarterlyMean,Mean,9.85
940,703,D24HourMean,QuarterlyMean,Mean,10.32
952,714,D24HourMean,QuarterlyMean,Mean,9.46
928,690,D24HourMean,QuarterlyMean,Mean,13.67
952,717,D24HourMean,QuarterlyMean,Mean,7.50
928,708,D24HourMean,QuarterlyMean,Mean,10.38
925,697,D24HourMean,QuarterlyMean,Mean,9.44
947,717,D24HourMean,QuarterlyMean,Mean,7.76
948,703,D24HourMean,QuarterlyMean,Mean,9.56
932,714,D24HourMean,QuarterlyMean,Mean,9.27
952,712,D24HourMean,QuarterlyMean,Mean,10.16
939,718,D24HourMean,QuarterlyMean,Mean,7.56
920,700,D24HourMean,QuarterlyMean,Mean,8.11
913,709,D24HourMean,QuarterlyMean,Mean,10.11
950,718,D24HourMean,QuarterlyMean,Mean,6.98
945,709,D24HourMean,QuarterlyMean,Mean,8.06
924,711,D24HourMean,QuarterlyMean,Mean,9.89
928,712,D24HourMean,QuarterlyMean,Mean,9.67
921,708,D24HourMean,QuarterlyMean,Mean,9.63
912,707,D24HourMean,QuarterlyMean,Mean,10.28
919,716,D24HourMean,QuarterlyMean,Mean,9.07
914,706,D24HourMean,QuarterlyMean,Mean,10.20
948,705,D24HourMean,QuarterlyMean,Mean,7.17
941,706,D24HourMean,QuarterlyMean,Mean,9.43
955,717,D24HourMean,QuarterlyMean,Mean,8.36
938,704,D24HourMean,QuarterlyMean,Mean,9.01
910,706,D24HourMean,QuarterlyMean,Mean,9.97
959,710,D24HourMean,QuarterlyMean,Mean,8.75
927,706,D24HourMean,QuarterlyMean,Mean,10.72
937,701,D24HourMean,QuarterlyMean,Mean,8.39
912,706,D24HourMean,QuarterlyMean,Mean,10.16
929,705,D24HourMean,QuarterlyMean,Mean,9.44
926,714,D24HourMean,QuarterlyMean,Mean,9.70
924,707,D24HourMean,QuarterlyMean,Mean,10.95
921,715,D24HourMean,QuarterlyMean,Mean,11.71
941,718,D24HourMean,QuarterlyMean,Mean,8.10
943,702,D24HourMean,QuarterlyMean,Mean,7.61
932,699,D24HourMean,QuarterlyMean,Mean,9.22
930,710,D24HourMean,QuarterlyMean,Mean,9.34
943,710,D24HourMean,QuarterlyMean,Mean,9.34
929,702,D24HourMean,QuarterlyMean,Mean,9.56
914,711,D24HourMean,QuarterlyMean,Mean,10.74
936,717,D24HourMean,QuarterlyMean,Mean,9.01
948,709,D24HourMean,QuarterlyMean,Mean,8.08
937,717,D24HourMean,QuarterlyMean,Mean,8.81
933,695,D24HourMean,QuarterlyMean,Mean,8.43
910,705,D24HourMean,QuarterlyMean,Mean,9.86
947,711,D24HourMean,QuarterlyMean,Mean,7.90
934,715,D24HourMean,QuarterlyMean,Mean,9.25
961,710,D24HourMean,QuarterlyMean,Mean,7.45
956,714,D24HourMean,QuarterlyMean,Mean,8.58
933,706,D24HourMean,QuarterlyMean,Mean,9.10
921,716,D24HourMean,QuarterlyMean,Mean,11.03
940,714,D24HourMean,QuarterlyMean,Mean,8.04
941,701,D24HourMean,QuarterlyMean,Mean,6.71
965,710,D24HourMean,QuarterlyMean,Mean,8.08
918,711,D24HourMean,QuarterlyMean,Mean,10.52
939,704,D24HourMean,QuarterlyMean,Mean,9.70
931,704,D24HourMean,QuarterlyMean,Mean,8.93
930,716,D24HourMean,QuarterlyMean,Mean,9.00
916,702,D24HourMean,QuarterlyMean,Mean,7.97
934,709,D24HourMean,QuarterlyMean,Mean,8.91
913,712,D24HourMean,QuarterlyMean,Mean,11.23
928,696,D24HourMean,QuarterlyMean,Mean,7.90
932,705,D24HourMean,QuarterlyMean,Mean,9.05
935,700,D24HourMean,QuarterlyMean,Mean,8.39
932,712,D24HourMean,QuarterlyMean,Mean,9.70
927,705,D24HourMean,QuarterlyMean,Mean,10.18
941,704,D24HourMean,QuarterlyMean,Mean,10.11
958,711,D24HourMean,QuarterlyMean,Mean,8.03
930,696,D24HourMean,QuarterlyMean,Mean,9.41
931,703,D24HourMean,QuarterlyMean,Mean,8.27
930,701,D24HourMean,QuarterlyMean,Mean,8.58
917,714,D24HourMean,QuarterlyMean,Mean,9.39
941,699,D24HourMean,QuarterlyMean,Mean,8.93
946,705,D24HourMean,QuarterlyMean,Mean,9.65
942,701,D24HourMean,QuarterlyMean,Mean,9.19
934,711,D24HourMean,QuarterlyMean,Mean,8.18
923,718,D24HourMean,QuarterlyMean,Mean,9.39
965,709,D24HourMean,QuarterlyMean,Mean,8.27
929,703,D24HourMean,QuarterlyMean,Mean,9.67
941,712,D24HourMean,QuarterlyMean,Mean,9.17
924,700,D24HourMean,QuarterlyMean,Mean,8.94
943,707,D24HourMean,QuarterlyMean,Mean,8.53
935,716,D24HourMean,QuarterlyMean,Mean,8.86
927,709,D24HourMean,QuarterlyMean,Mean,10.83
942,704,D24HourMean,QuarterlyMean,Mean,10.08
931,711,D24HourMean,QuarterlyMean,Mean,9.22
925,712,D24HourMean,QuarterlyMean,Mean,9.55
911,702,D24HourMean,QuarterlyMean,Mean,9.22
940,705,D24HourMean,QuarterlyMean,Mean,9.97
919,701,D24HourMean,QuarterlyMean,Mean,7.87
931,696,D24HourMean,QuarterlyMean,Mean,8.70
942,714,D24HourMean,QuarterlyMean,Mean,7.90
910,708,D24HourMean,QuarterlyMean,Mean,10.59
921,711,D24HourMean,QuarterlyMean,Mean,11.22
938,705,D24HourMean,QuarterlyMean,Mean,10.23
956,712,D24HourMean,QuarterlyMean,Mean,8.63
928,717,D24HourMean,QuarterlyMean,Mean,10.76
910,703,D24HourMean,QuarterlyMean,Mean,8.82
959,714,D24HourMean,QuarterlyMean,Mean,9.20
930,706,D24HourMean,QuarterlyMean,Mean,9.00
926,696,D24HourMean,QuarterlyMean,Mean,8.75
953,714,D24HourMean,QuarterlyMean,Mean,9.58
932,716,D24HourMean,QuarterlyMean,Mean,8.44
945,715,D24HourMean,QuarterlyMean,Mean,8.46
914,703,D24HourMean,QuarterlyMean,Mean,8.37
938,699,D24HourMean,QuarterlyMean,Mean,8.29
913,702,D24HourMean,QuarterlyMean,Mean,8.94
948,718,D24HourMean,QuarterlyMean,Mean,6.99
942,700,D24HourMean,QuarterlyMean,Mean,7.33
926,703,D24HourMean,QuarterlyMean,Mean,9.70
932,694,D24HourMean,QuarterlyMean,Mean,6.94
922,707,D24HourMean,QuarterlyMean,Mean,10.69
944,710,D24HourMean,QuarterlyMean,Mean,8.56
949,710,D24HourMean,QuarterlyMean,Mean,8.36
911,706,D24HourMean,QuarterlyMean,Mean,10.06
923,696,D24HourMean,QuarterlyMean,Mean,10.11
954,707,D24HourMean,QuarterlyMean,Mean,8.48
923,715,D24HourMean,QuarterlyMean,Mean,11.18
964,710,D24HourMean,QuarterlyMean,Mean,8.29
910,709,D24HourMean,QuarterlyMean,Mean,10.81
916,708,D24HourMean,QuarterlyMean,Mean,9.68
928,705,D24HourMean,QuarterlyMean,Mean,10.55
944,716,D24HourMean,QuarterlyMean,Mean,8.10
946,708,D24HourMean,QuarterlyMean,Mean,7.99
930,717,D24HourMean,QuarterlyMean,Mean,9.00
936,705,D24HourMean,QuarterlyMean,Mean,10.13
917,712,D24HourMean,QuarterlyMean,Mean,10.98
934,714,D24HourMean,QuarterlyMean,Mean,10.03
940,716,D24HourMean,QuarterlyMean,Mean,8.49
914,710,D24HourMean,QuarterlyMean,Mean,10.23
918,701,D24HourMean,QuarterlyMean,Mean,8.46
946,703,D24HourMean,QuarterlyMean,Mean,9.82
944,714,D24HourMean,QuarterlyMean,Mean,8.63
931,694,D24HourMean,QuarterlyMean,Mean,7.45
935,698,D24HourMean,QuarterlyMean,Mean,9.17
961,711,D24HourMean,QuarterlyMean,Mean,8.08
936,714,D24HourMean,QuarterlyMean,Mean,9.91
913,704,D24HourMean,QuarterlyMean,Mean,8.39
939,706,D24HourMean,QuarterlyMean,Mean,10.06
943,718,D24HourMean,QuarterlyMean,Mean,8.51
916,704,D24HourMean,QuarterlyMean,Mean,8.46
941,711,D24HourMean,QuarterlyMean,Mean,9.55
928,702,D24HourMean,QuarterlyMean,Mean,9.00
933,701,D24HourMean,QuarterlyMean,Mean,7.87
941,717,D24HourMean,QuarterlyMean,Mean,8.79
967,711,D24HourMean,QuarterlyMean,Mean,8.00
929,715,D24HourMean,QuarterlyMean,Mean,8.34
935,715,D24HourMean,QuarterlyMean,Mean,9.72
928,715,D24HourMean,QuarterlyMean,Mean,8.49
931,715,D24HourMean,QuarterlyMean,Mean,8.88
942,710,D24HourMean,QuarterlyMean,Mean,9.80
928,692,D24HourMean,QuarterlyMean,Mean,11.20
944,705,D24HourMean,QuarterlyMean,Mean,10.20
956,710,D24HourMean,QuarterlyMean,Mean,8.88
918,707,D24HourMean,QuarterlyMean,Mean,10.67
930,714,D24HourMean,QuarterlyMean,Mean,8.27
954,715,D24HourMean,QuarterlyMean,Mean,7.82
932,696,D24HourMean,QuarterlyMean,Mean,8.72
931,707,D24HourMean,QuarterlyMean,Mean,9.01
927,695,D24HourMean,QuarterlyMean,Mean,8.17
931,706,D24HourMean,QuarterlyMean,Mean,8.84
935,711,D24HourMean,QuarterlyMean,Mean,7.97
931,710,D24HourMean,QuarterlyMean,Mean,9.20
932,697,D24HourMean,QuarterlyMean,Mean,8.88
959,712,D24HourMean,QuarterlyMean,Mean,8.98
924,706,D24HourMean,QuarterlyMean,Mean,10.33
920,704,D24HourMean,QuarterlyMean,Mean,9.39
916,706,D24HourMean,QuarterlyMean,Mean,9.43
921,712,D24HourMean,QuarterlyMean,Mean,11.23
924,692,D24HourMean,QuarterlyMean,Mean,7.66
926,698,D24HourMean,QuarterlyMean,Mean,8.75
932,711,D24HourMean,QuarterlyMean,Mean,9.07
932,713,D24HourMean,QuarterlyMean,Mean,10.32
920,701,D24HourMean,QuarterlyMean,Mean,7.89
929,700,D24HourMean,QuarterlyMean,Mean,7.57
937,705,D24HourMean,QuarterlyMean,Mean,10.23
950,717,D24HourMean,QuarterlyMean,Mean,8.23
938,711,D24HourMean,QuarterlyMean,Mean,8.18
935,705,D24HourMean,QuarterlyMean,Mean,10.03
930,705,D24HourMean,QuarterlyMean,Mean,8.82
937,712,D24HourMean,QuarterlyMean,Mean,7.94
943,706,D24HourMean,QuarterlyMean,Mean,7.87
911,704,D24HourMean,QuarterlyMean,Mean,9.50
933,716,D24HourMean,QuarterlyMean,Mean,8.29
915,711,D24HourMean,QuarterlyMean,Mean,11.03
947,709,D24HourMean,QuarterlyMean,Mean,8.10
946,709,D24HourMean,QuarterlyMean,Mean,8.10
925,708,D24HourMean,QuarterlyMean,Mean,11.11
928,716,D24HourMean,QuarterlyMean,Mean,10.86
927,708,D24HourMean,QuarterlyMean,Mean,10.81
927,713,D24HourMean,QuarterlyMean,Mean,9.24
943,708,D24HourMean,QuarterlyMean,Mean,9.19
929,692,D24HourMean,QuarterlyMean,Mean,8.60
922,714,D24HourMean,QuarterlyMean,Mean,12.56
938,707,D24HourMean,QuarterlyMean,Mean,10.49
909,704,D24HourMean,QuarterlyMean,Mean,9.72
922,718,D24HourMean,QuarterlyMean,Mean,10.57
958,710,D24HourMean,QuarterlyMean,Mean,8.63
934,717,D24HourMean,QuarterlyMean,Mean,8.62
948,706,D24HourMean,QuarterlyMean,Mean,7.62
946,717,D24HourMean,QuarterlyMean,Mean,8.01
919,714,D24HourMean,QuarterlyMean,Mean,10.67
952,713,D24HourMean,QuarterlyMean,Mean,9.84
952,716,D24HourMean,QuarterlyMean,Mean,7.45
925,695,D24HourMean,QuarterlyMean,Mean,10.55
914,704,D24HourMean,QuarterlyMean,Mean,8.63
951,714,D24HourMean,QuarterlyMean,Mean,7.54
934,710,D24HourMean,QuarterlyMean,Mean,8.63
933,703,D24HourMean,QuarterlyMean,Mean,7.48
919,700,D24HourMean,QuarterlyMean,Mean,8.63
926,713,D24HourMean,QuarterlyMean,Mean,9.03
955,710,D24HourMean,QuarterlyMean,Mean,8.55
954,718,D24HourMean,QuarterlyMean,Mean,8.50
945,704,D24HourMean,QuarterlyMean,Mean,10.23
927,693,D24HourMean,QuarterlyMean,Mean,11.22
950,711,D24HourMean,QuarterlyMean,Mean,8.17
942,699,D24HourMean,QuarterlyMean,Mean,9.53
917,706,D24HourMean,QuarterlyMean,Mean,9.62
921,704,D24HourMean,QuarterlyMean,Mean,9.55
941,703,D24HourMean,QuarterlyMean,Mean,10.64
912,701,D24HourMean,QuarterlyMean,Mean,9.07
946,714,D24HourMean,QuarterlyMean,Mean,8.82
949,706,D24HourMean,QuarterlyMean,Mean,7.66
963,711,D24HourMean,QuarterlyMean,Mean,8.56
921,705,D24HourMean,QuarterlyMean,Mean,9.50
922,708,D24HourMean,QuarterlyMean,Mean,9.75
924,701,D24HourMean,QuarterlyMean,Mean,9.62
927,711,D24HourMean,QuarterlyMean,Mean,9.60
933,704,D24HourMean,QuarterlyMean,Mean,7.54
938,701,D24HourMean,QuarterlyMean,Mean,8.51
935,702,D24HourMean,QuarterlyMean,Mean,8.17
916,701,D24HourMean,QuarterlyMean,Mean,8.22
940,717,D24HourMean,QuarterlyMean,Mean,8.08
928,703,D24HourMean,QuarterlyMean,Mean,9.97
933,710,D24HourMean,QuarterlyMean,Mean,8.63
927,717,D24HourMean,QuarterlyMean,Mean,10.69
951,718,D24HourMean,QuarterlyMean,Mean,7.29
