Column,Row,Metric,Seasonal Metric,Annual Metric,Values
1899,888,D24HourMean,QuarterlyMean,Mean,19.41
1893,928,D24HourMean,QuarterlyMean,Mean,13.41
1907,906,D24HourMean,QuarterlyMean,Mean,17.68
1900,913,D24HourMean,QuarterlyMean,Mean,16.51
1903,927,D24HourMean,QuarterlyMean,Mean,14.85
1902,929,D24HourMean,QuarterlyMean,Mean,14.55
1890,921,D24HourMean,QuarterlyMean,Mean,14.98
1878,896,D24HourMean,QuarterlyMean,Mean,31.04
1902,916,D24HourMean,QuarterlyMean,Mean,14.78
1884,918,D24HourMean,QuarterlyMean,Mean,15.39
1903,869,D24HourMean,QuarterlyMean,Mean,47.61
1905,882,D24HourMean,QuarterlyMean,Mean,36.25
1880,896,D24HourMean,QuarterlyMean,Mean,32.25
1888,901,D24HourMean,QuarterlyMean,Mean,24.03
1895,931,D24HourMean,QuarterlyMean,Mean,12.55
1903,886,D24HourMean,QuarterlyMean,Mean,33.43
1895,907,D24HourMean,QuarterlyMean,Mean,18.37
1887,893,D24HourMean,QuarterlyMean,Mean,38.92
1880,892,D24HourMean,QuarterlyMean,Mean,38.23
1885,905,D24HourMean,QuarterlyMean,Mean,22.56
1896,898,D24HourMean,QuarterlyMean,Mean,28.42
1896,886,D24HourMean,QuarterlyMean,Mean,31.72
1891,915,D24HourMean,QuarterlyMean,Mean,14.91
1893,902,D24HourMean,QuarterlyMean,Mean,25.17
1901,879,D24HourMean,QuarterlyMean,Mean,37.78
1903,885,D24HourMean,QuarterlyMean,Mean,22.10
1899,897,D24HourMean,QuarterlyMean,Mean,25.09
1895,888,D24HourMean,QuarterlyMean,Mean,30.55
1900,919,D24HourMean,QuarterlyMean,Mean,14.43
1902,878,D24HourMean,QuarterlyMean,Mean,28.76
1906,882,D24HourMean,QuarterlyMean,Mean,31.39
1901,906,D24HourMean,QuarterlyMean,Mean,19.55
1894,892,D24HourMean,QuarterlyMean,Mean,30.24
1883,904,D24HourMean,QuarterlyMean,Mean,25.44
1887,926,D24HourMean,QuarterlyMean,Mean,13.45
1896,890,D24HourMean,QuarterlyMean,Mean,27.69
1905,913,D24HourMean,QuarterlyMean,Mean,15.05
1900,892,D24HourMean,QuarterlyMean,Mean,24.98
1902,930,D24HourMean,QuarterlyMean,Mean,13.32
1892,911,D24HourMean,QuarterlyMean,Mean,16.41
1906,893,D24HourMean,QuarterlyMean,Mean,23.58
1882,896,D24HourMean,QuarterlyMean,Mean,33.35
1900,875,D24HourMean,QuarterlyMean,Mean,44.72
1906,927,D24HourMean,QuarterlyMean,Mean,12.03
1903,890,D24HourMean,QuarterlyMean,Mean,32.00
1889,928,D24HourMean,QuarterlyMean,Mean,12.82
1900,879,D24HourMean,QuarterlyMean,Mean,28.30
1899,904,D24HourMean,QuarterlyMean,Mean,20.56
1881,900,D24HourMean,QuarterlyMean,Mean,29.50
1910,882,D24HourMean,QuarterlyMean,Mean,29.81
1894,875,D24HourMean,QuarterlyMean,Mean,54.95
1889,921,D24HourMean,QuarterlyMean,Mean,15.28
1882,895,D24HourMean,QuarterlyMean,Mean,35.17
1900,882,D24HourMean,QuarterlyMean,Mean,39.38
1899,883,D24HourMean,QuarterlyMean,Mean,38.86
1894,928,D24HourMean,QuarterlyMean,Mean,13.44
1898,873,D24HourMean,QuarterlyMean,Mean,49.06
1905,889,D24HourMean,QuarterlyMean,Mean,29.38
1888,907,D24HourMean,QuarterlyMean,Mean,20.85
1914,885,D24HourMean,QuarterlyMean,Mean,28.17
1904,908,D24HourMean,QuarterlyMean,Mean,17.52
1886,915,D24HourMean,QuarterlyMean,Mean,17.29
1888,927,D24HourMean,QuarterlyMean,Mean,13.14
1904,884,D24HourMean,QuarterlyMean,Mean,32.96
1899,881,D24HourMean,QuarterlyMean,Mean,38.88
1890,924,D24HourMean,QuarterlyMean,Mean,14.05
1901,921,D24HourMean,QuarterlyMean,Mean,13.99
1904,926,D24HourMean,QuarterlyMean,Mean,13.54
1903,919,D24HourMean,QuarterlyMean,Mean,14.45
1883,902,D24HourMean,QuarterlyMean,Mean,27.83
1889,911,D24HourMean,QuarterlyMean,Mean,15.97
1901,908,D24HourMean,QuarterlyMean,Mean,19.11
1889,887,D24HourMean,QuarterlyMean,Mean,48.69
1905,879,D24HourMean,QuarterlyMean,Mean,39.27
1877,899,D24HourMean,QuarterlyMean,Mean,31.03
1885,914,D24HourMean,QuarterlyMean,Mean,16.01
1902,915,D24HourMean,QuarterlyMean,Mean,15.13
1897,866,D24HourMean,QuarterlyMean,Mean,59.56
1899,902,D24HourMean,QuarterlyMean,Mean,22.87
1905,914,D24HourMean,QuarterlyMean,Mean,15.18
1907,928,D24HourMean,QuarterlyMean,Mean,11.01
1879,901,D24HourMean,QuarterlyMean,Mean,29.81
1896,897,D24HourMean,QuarterlyMean,Mean,31.20
1898,890,D24HourMean,QuarterlyMean,Mean,28.72
1903,895,D24HourMean,QuarterlyMean,Mean,22.84
1900,917,D24HourMean,QuarterlyMean,Mean,14.67
1886,917,D24HourMean,QuarterlyMean,Mean,15.42
1912,891,D24HourMean,QuarterlyMean,Mean,21.81
1895,893,D24HourMean,QuarterlyMean,Mean,32.31
1911,889,D24HourMean,QuarterlyMean,Mean,27.03
1895,867,D24HourMean,QuarterlyMean,Mean,60.99
1897,880,D24HourMean,QuarterlyMean,Mean,42.77
1906,916,D24HourMean,QuarterlyMean,Mean,14.10
1886,921,D24HourMean,QuarterlyMean,Mean,14.47
1902,912,D24HourMean,QuarterlyMean,Mean,15.57
1881,895,D24HourMean,QuarterlyMean,Mean,34.61
1885,898,D24HourMean,QuarterlyMean,Mean,-4.57
1897,908,D24HourMean,QuarterlyMean,Mean,18.97
1891,923,D24HourMean,QuarterlyMean,Mean,13.99
1888,883,D24HourMean,QuarterlyMean,Mean,54.16
1898,884,D24HourMean,QuarterlyMean,Mean,25.17
1912,885,D24HourMean,QuarterlyMean,Mean,27.86
1888,926,D24HourMean,QuarterlyMean,Mean,13.74
1892,883,D24HourMean,QuarterlyMean,Mean,47.78
1895,870,D24HourMean,QuarterlyMean,Mean,61.23
1907,908,D24HourMean,QuarterlyMean,Mean,17.13
1887,905,D24HourMean,QuarterlyMean,Mean,22.31
1909,908,D24HourMean,QuarterlyMean,Mean,17.44
1901,883,D24HourMean,QuarterlyMean,Mean,37.26
1887,892,D24HourMean,QuarterlyMean,Mean,36.52
1893,905,D24HourMean,QuarterlyMean,Mean,19.72
1897,926,D24HourMean,QuarterlyMean,Mean,14.87
1902,873,D24HourMean,QuarterlyMean,Mean,48.35
1895,877,D24HourMean,QuarterlyMean,Mean,48.02
1898,899,D24HourMean,QuarterlyMean,Mean,25.78
1894,900,D24HourMean,QuarterlyMean,Mean,25.72
1898,925,D24HourMean,QuarterlyMean,Mean,15.49
1906,915,D24HourMean,QuarterlyMean,Mean,13.95
1896,929,D24HourMean,QuarterlyMean,Mean,12.97
1904,883,D24HourMean,QuarterlyMean,Mean,34.24
1888,906,D24HourMean,QuarterlyMean,Mean,22.45
1894,880,D24HourMean,QuarterlyMean,Mean,43.53
1892,915,D24HourMean,QuarterlyMean,Mean,14.95
1894,891,D24HourMean,QuarterlyMean,Mean,29.78
1903,878,D24HourMean,QuarterlyMean,Mean,36.15
1898,883,D24HourMean,QuarterlyMean,Mean,41.04
1899,871,D24HourMean,QuarterlyMean,Mean,49.93
1904,916,D24HourMean,QuarterlyMean,Mean,14.93
1887,902,D24HourMean,QuarterlyMean,Mean,25.44
1884,886,D24HourMean,QuarterlyMean,Mean,49.14
1903,905,D24HourMean,QuarterlyMean,Mean,19.13
1894,897,D24HourMean,QuarterlyMean,Mean,31.49
1887,899,D24HourMean,QuarterlyMean,Mean,36.14
1909,882,D24HourMean,QuarterlyMean,Mean,29.27
1883,894,D24HourMean,QuarterlyMean,Mean,38.28
1889,909,D24HourMean,QuarterlyMean,Mean,19.76
1886,896,D24HourMean,QuarterlyMean,Mean,-4.70
1888,885,D24HourMean,QuarterlyMean,Mean,46.30
1900,921,D24HourMean,QuarterlyMean,Mean,13.89
1887,889,D24HourMean,QuarterlyMean,Mean,45.03
1904,917,D24HourMean,QuarterlyMean,Mean,14.53
1908,907,D24HourMean,QuarterlyMean,Mean,21.26
1889,889,D24HourMean,QuarterlyMean,Mean,41.54
1898,889,D24HourMean,QuarterlyMean,Mean,31.83
1908,898,D24HourMean,QuarterlyMean,Mean,20.77
1897,871,D24HourMean,QuarterlyMean,Mean,55.93
1900,894,D24HourMean,QuarterlyMean,Mean,24.41
1904,919,D24HourMean,QuarterlyMean,Mean,14.07
1881,897,D24HourMean,QuarterlyMean,Mean,34.60
1900,872,D24HourMean,QuarterlyMean,Mean,49.12
1891,892,D24HourMean,QuarterlyMean,Mean,33.94
1891,921,D24HourMean,QuarterlyMean,Mean,15.06
1909,891,D24HourMean,QuarterlyMean,Mean,22.42
1909,884,D24HourMean,QuarterlyMean,Mean,18.47
1906,905,D24HourMean,QuarterlyMean,Mean,17.47
1895,905,D24HourMean,QuarterlyMean,Mean,19.05
1910,898,D24HourMean,QuarterlyMean,Mean,19.64
1894,930,D24HourMean,QuarterlyMean,Mean,12.37
1898,917,D24HourMean,QuarterlyMean,Mean,13.85
1906,911,D24HourMean,QuarterlyMean,Mean,14.82
1896,877,D24HourMean,QuarterlyMean,Mean,45.75
1898,914,D24HourMean,QuarterlyMean,Mean,16.46
1906,885,D24HourMean,QuarterlyMean,Mean,30.33
1896,892,D24HourMean,QuarterlyMean,Mean,30.93
1896,914,D24HourMean,QuarterlyMean,Mean,15.66
1889,891,D24HourMean,QuarterlyMean,Mean,40.15
1893,901,D24HourMean,QuarterlyMean,Mean,27.31
1908,887,D24HourMean,QuarterlyMean,Mean,28.17
1896,920,D24HourMean,QuarterlyMean,Mean,14.53
1886,907,D24HourMean,QuarterlyMean,Mean,21.01
1900,903,D24HourMean,QuarterlyMean,Mean,23.25
1901,880,D24HourMean,QuarterlyMean,Mean,35.98
1891,928,D24HourMean,QuarterlyMean,Mean,12.75
1899,917,D24HourMean,QuarterlyMean,Mean,14.20
1902,895,D24HourMean,QuarterlyMean,Mean,23.73
1901,904,D24HourMean,QuarterlyMean,Mean,20.32
1886,918,D24HourMean,QuarterlyMean,Mean,15.19
1888,922,D24HourMean,QuarterlyMean,Mean,14.48
1888,884,D24HourMean,QuarterlyMean,Mean,51.07
1892,923,D24HourMean,QuarterlyMean,Mean,13.15
1900,876,D24HourMean,QuarterlyMean,Mean,41.46
1902,884,D24HourMean,QuarterlyMean,Mean,37.19
1904,889,D24HourMean,QuarterlyMean,Mean,30.69
1890,890,D24HourMean,QuarterlyMean,Mean,30.19
1899,928,D24HourMean,QuarterlyMean,Mean,13.62
1905,894,D24HourMean,QuarterlyMean,Mean,23.57
1885,891,D24HourMean,QuarterlyMean,Mean,37.30
1901,885,D24HourMean,QuarterlyMean,Mean,37.05
1904,911,D24HourMean,QuarterlyMean,Mean,15.89
1900,869,D24HourMean,QuarterlyMean,Mean,51.20
1903,877,D24HourMean,QuarterlyMean,Mean,29.42
1900,893,D24HourMean,QuarterlyMean,Mean,23.79
1894,926,D24HourMean,QuarterlyMean,Mean,13.87
1908,885,D24HourMean,QuarterlyMean,Mean,29.21
1891,914,D24HourMean,QuarterlyMean,Mean,15.19
1884,888,D24HourMean,QuarterlyMean,Mean,50.39
1894,916,D24HourMean,QuarterlyMean,Mean,13.97
1886,890,D24HourMean,QuarterlyMean,Mean,37.54
1889,906,D24HourMean,QuarterlyMean,Mean,22.74
1885,900,D24HourMean,QuarterlyMean,Mean,31.26
1885,909,D24HourMean,QuarterlyMean,Mean,18.72
1879,893,D24HourMean,QuarterlyMean,Mean,35.11
1898,921,D24HourMean,QuarterlyMean,Mean,13.97
1888,910,D24HourMean,QuarterlyMean,Mean,16.36
1915,890,D24HourMean,QuarterlyMean,Mean,23.49
1907,881,D24HourMean,QuarterlyMean,Mean,35.98
1892,919,D24HourMean,QuarterlyMean,Mean,15.43
1901,930,D24HourMean,QuarterlyMean,Mean,13.42
1901,887,D24HourMean,QuarterlyMean,Mean,20.33
1887,913,D24HourMean,QuarterlyMean,Mean,16.52
1895,881,D24HourMean,QuarterlyMean,Mean,40.72
1902,879,D24HourMean,QuarterlyMean,Mean,36.31
1911,887,D24HourMean,QuarterlyMean,Mean,25.01
1897,897,D24HourMean,QuarterlyMean,Mean,30.67
1901,912,D24HourMean,QuarterlyMean,Mean,15.19
1900,871,D24HourMean,QuarterlyMean,Mean,48.94
1893,888,D24HourMean,QuarterlyMean,Mean,38.66
1893,893,D24HourMean,QuarterlyMean,Mean,28.66
1909,914,D24HourMean,QuarterlyMean,Mean,13.30
1895,913,D24HourMean,QuarterlyMean,Mean,15.67
1899,863,D24HourMean,QuarterlyMean,Mean,57.90
1903,913,D24HourMean,QuarterlyMean,Mean,16.17
1910,928,D24HourMean,QuarterlyMean,Mean,11.11
1891,917,D24HourMean,QuarterlyMean,Mean,15.71
1891,884,D24HourMean,QuarterlyMean,Mean,44.00
1915,885,D24HourMean,QuarterlyMean,Mean,28.63
1896,905,D24HourMean,QuarterlyMean,Mean,18.53
1896,903,D24HourMean,QuarterlyMean,Mean,22.00
1887,890,D24HourMean,QuarterlyMean,Mean,36.42
1906,913,D24HourMean,QuarterlyMean,Mean,14.65
1898,903,D24HourMean,QuarterlyMean,Mean,21.36
1886,886,D24HourMean,QuarterlyMean,Mean,47.83
1899,905,D24HourMean,QuarterlyMean,Mean,20.01
1901,884,D24HourMean,QuarterlyMean,Mean,36.15
1892,897,D24HourMean,QuarterlyMean,Mean,29.66
1915,884,D24HourMean,QuarterlyMean,Mean,27.14
1886,913,D24HourMean,QuarterlyMean,Mean,15.97
1879,900,D24HourMean,QuarterlyMean,Mean,31.13
1890,896,D24HourMean,QuarterlyMean,Mean,32.92
1902,926,D24HourMean,QuarterlyMean,Mean,14.52
1895,919,D24HourMean,QuarterlyMean,Mean,14.24
1906,908,D24HourMean,QuarterlyMean,Mean,17.75
1880,900,D24HourMean,QuarterlyMean,Mean,31.55
1887,887,D24HourMean,QuarterlyMean,Mean,54.92
1884,906,D24HourMean,QuarterlyMean,Mean,22.40
1888,909,D24HourMean,QuarterlyMean,Mean,18.30
1901,926,D24HourMean,QuarterlyMean,Mean,14.72
1884,902,D24HourMean,QuarterlyMean,Mean,27.72
1896,891,D24HourMean,QuarterlyMean,Mean,31.20
1899,919,D24HourMean,QuarterlyMean,Mean,14.05
1900,931,D24HourMean,QuarterlyMean,Mean,12.65
1900,909,D24HourMean,QuarterlyMean,Mean,18.17
1888,923,D24HourMean,QuarterlyMean,Mean,14.48
1909,909,D24HourMean,QuarterlyMean,Mean,16.05
1893,925,D24HourMean,QuarterlyMean,Mean,13.85
1882,891,D24HourMean,QuarterlyMean,Mean,38.73
1886,884,D24HourMean,QuarterlyMean,Mean,48.83
1889,902,D24HourMean,QuarterlyMean,Mean,23.73
1905,906,D24HourMean,QuarterlyMean,Mean,18.56
1901,873,D24HourMean,QuarterlyMean,Mean,50.57
1888,918,D24HourMean,QuarterlyMean,Mean,14.96
1898,888,D24HourMean,QuarterlyMean,Mean,28.39
1883,924,D24HourMean,QuarterlyMean,Mean,12.62
1892,907,D24HourMean,QuarterlyMean,Mean,21.20
1899,907,D24HourMean,QuarterlyMean,Mean,19.87
1901,914,D24HourMean,QuarterlyMean,Mean,15.46
1884,917,D24HourMean,QuarterlyMean,Mean,15.54
1892,902,D24HourMean,QuarterlyMean,Mean,24.03
1905,923,D24HourMean,QuarterlyMean,Mean,13.34
1905,893,D24HourMean,QuarterlyMean,Mean,23.82
1893,894,D24HourMean,QuarterlyMean,Mean,30.10
1895,916,D24HourMean,QuarterlyMean,Mean,14.72
1891,912,D24HourMean,QuarterlyMean,Mean,15.85
1896,881,D24HourMean,QuarterlyMean,Mean,41.07
1900,888,D24HourMean,QuarterlyMean,Mean,19.25
1889,919,D24HourMean,QuarterlyMean,Mean,15.31
1885,899,D24HourMean,QuarterlyMean,Mean,44.08
1896,885,D24HourMean,QuarterlyMean,Mean,33.87
1883,891,D24HourMean,QuarterlyMean,Mean,39.71
1899,891,D24HourMean,QuarterlyMean,Mean,31.48
1892,908,D24HourMean,QuarterlyMean,Mean,20.76
1898,882,D24HourMean,QuarterlyMean,Mean,41.29
1891,888,D24HourMean,QuarterlyMean,Mean,35.03
1899,889,D24HourMean,QuarterlyMean,Mean,33.26
1897,879,D24HourMean,QuarterlyMean,Mean,40.06
1887,910,D24HourMean,QuarterlyMean,Mean,16.51
1903,887,D24HourMean,QuarterlyMean,Mean,30.55
1908,910,D24HourMean,QuarterlyMean,Mean,14.42
1890,902,D24HourMean,QuarterlyMean,Mean,25.14
1886,891,D24HourMean,QuarterlyMean,Mean,37.69
1899,914,D24HourMean,QuarterlyMean,Mean,16.74
1900,900,D24HourMean,QuarterlyMean,Mean,21.97
1890,897,D24HourMean,QuarterlyMean,Mean,32.08
1904,881,D24HourMean,QuarterlyMean,Mean,36.85
1889,913,D24HourMean,QuarterlyMean,Mean,16.48
1907,883,D24HourMean,QuarterlyMean,Mean,20.59
1890,883,D24HourMean,QuarterlyMean,Mean,51.73
1897,902,D24HourMean,QuarterlyMean,Mean,24.46
1894,884,D24HourMean,QuarterlyMean,Mean,37.69
1908,894,D24HourMean,QuarterlyMean,Mean,22.16
1897,877,D24HourMean,QuarterlyMean,Mean,43.58
1903,893,D24HourMean,QuarterlyMean,Mean,25.45
1889,914,D24HourMean,QuarterlyMean,Mean,16.08
1911,882,D24HourMean,QuarterlyMean,Mean,30.25
1898,924,D24HourMean,QuarterlyMean,Mean,15.41
1884,895,D24HourMean,QuarterlyMean,Mean,47.91
1901,903,D24HourMean,QuarterlyMean,Mean,20.66
1887,896,D24HourMean,QuarterlyMean,Mean,-4.67
1901,907,D24HourMean,QuarterlyMean,Mean,19.60
1885,902,D24HourMean,QuarterlyMean,Mean,27.25
1895,922,D24HourMean,QuarterlyMean,Mean,14.72
1906,888,D24HourMean,QuarterlyMean,Mean,30.26
1898,863,D24HourMean,QuarterlyMean,Mean,56.46
1894,899,D24HourMean,QuarterlyMean,Mean,26.98
1890,918,D24HourMean,QuarterlyMean,Mean,15.56
1880,903,D24HourMean,QuarterlyMean,Mean,25.77
1879,896,D24HourMean,QuarterlyMean,Mean,32.51
1885,924,D24HourMean,QuarterlyMean,Mean,13.72
1912,888,D24HourMean,QuarterlyMean,Mean,25.36
1895,892,D24HourMean,QuarterlyMean,Mean,34.24
1886,926,D24HourMean,QuarterlyMean,Mean,13.35
1911,894,D24HourMean,QuarterlyMean,Mean,23.90
1895,876,D24HourMean,QuarterlyMean,Mean,51.48
1908,890,D24HourMean,QuarterlyMean,Mean,23.50
1900,890,D24HourMean,QuarterlyMean,Mean,17.56
1902,894,D24HourMean,QuarterlyMean,Mean,24.49
1902,883,D24HourMean,QuarterlyMean,Mean,35.50
1889,895,D24HourMean,QuarterlyMean,Mean,33.19
1886,904,D24HourMean,QuarterlyMean,Mean,23.96
1894,889,D24HourMean,QuarterlyMean,Mean,31.84
1904,922,D24HourMean,QuarterlyMean,Mean,13.57
1905,880,D24HourMean,QuarterlyMean,Mean,41.37
1897,915,D24HourMean,QuarterlyMean,Mean,16.07
1894,909,D24HourMean,QuarterlyMean,Mean,18.53
1911,930,D24HourMean,QuarterlyMean,Mean,10.96
1883,898,D24HourMean,QuarterlyMean,Mean,32.28
1905,910,D24HourMean,QuarterlyMean,Mean,15.59
1887,915,D24HourMean,QuarterlyMean,Mean,16.65
1907,912,D24HourMean,QuarterlyMean,Mean,14.32
1892,920,D24HourMean,QuarterlyMean,Mean,15.38
1887,921,D24HourMean,QuarterlyMean,Mean,14.63
1897,888,D24HourMean,QuarterlyMean,Mean,29.08
1885,901,D24HourMean,QuarterlyMean,Mean,28.39
1887,886,D24HourMean,QuarterlyMean,Mean,46.76
1905,916,D24HourMean,QuarterlyMean,Mean,14.49
1903,914,D24HourMean,QuarterlyMean,Mean,15.89
1877,897,D24HourMean,QuarterlyMean,Mean,31.37
1877,900,D24HourMean,QuarterlyMean,Mean,29.52
1899,874,D24HourMean,QuarterlyMean,Mean,47.04
1897,892,D24HourMean,QuarterlyMean,Mean,25.79
1886,901,D24HourMean,QuarterlyMean,Mean,25.64
1906,887,D24HourMean,QuarterlyMean,Mean,32.34
1898,909,D24HourMean,QuarterlyMean,Mean,19.21
1910,915,D24HourMean,QuarterlyMean,Mean,12.95
1887,924,D24HourMean,QuarterlyMean,Mean,14.37
1891,896,D24HourMean,QuarterlyMean,Mean,31.48
1893,927,D24HourMean,QuarterlyMean,Mean,13.54
1913,907,D24HourMean,QuarterlyMean,Mean,15.65
1882,903,D24HourMean,QuarterlyMean,Mean,25.86
1901,902,D24HourMean,QuarterlyMean,Mean,21.44
1900,867,D24HourMean,QuarterlyMean,Mean,52.66
1892,888,D24HourMean,QuarterlyMean,Mean,34.74
1902,869,D24HourMean,QuarterlyMean,Mean,46.60
1882,892,D24HourMean,QuarterlyMean,Mean,38.76
1884,896,D24HourMean,QuarterlyMean,Mean,47.49
1913,888,D24HourMean,QuarterlyMean,Mean,24.22
1897,889,D24HourMean,QuarterlyMean,Mean,32.28
1895,891,D24HourMean,QuarterlyMean,Mean,33.57
1895,894,D24HourMean,QuarterlyMean,Mean,17.02
1893,882,D24HourMean,QuarterlyMean,Mean,48.67
1902,903,D24HourMean,QuarterlyMean,Mean,20.61
1894,877,D24HourMean,QuarterlyMean,Mean,48.51
1895,872,D24HourMean,QuarterlyMean,Mean,59.57
1895,911,D24HourMean,QuarterlyMean,Mean,17.20
1898,919,D24HourMean,QuarterlyMean,Mean,13.60
1903,894,D24HourMean,QuarterlyMean,Mean,23.93
1903,904,D24HourMean,QuarterlyMean,Mean,19.53
1898,930,D24HourMean,QuarterlyMean,Mean,13.53
1898,901,D24HourMean,QuarterlyMean,Mean,23.96
1883,890,D24HourMean,QuarterlyMean,Mean,40.62
1897,869,D24HourMean,QuarterlyMean,Mean,56.88
1900,873,D24HourMean,QuarterlyMean,Mean,37.77
1910,912,D24HourMean,QuarterlyMean,Mean,13.66
1895,899,D24HourMean,QuarterlyMean,Mean,26.81
1896,887,D24HourMean,QuarterlyMean,Mean,30.07
1909,910,D24HourMean,QuarterlyMean,Mean,14.33
1901,874,D24HourMean,QuarterlyMean,Mean,36.01
1894,923,D24HourMean,QuarterlyMean,Mean,14.10
1886,908,D24HourMean,QuarterlyMean,Mean,19.85
1897,931,D24HourMean,QuarterlyMean,Mean,12.94
1905,925,D24HourMean,QuarterlyMean,Mean,12.60
1900,922,D24HourMean,QuarterlyMean,Mean,15.23
1891,924,D24HourMean,QuarterlyMean,Mean,14.20
1896,864,D24HourMean,QuarterlyMean,Mean,62.39
1894,911,D24HourMean,QuarterlyMean,Mean,16.39
1900,864,D24HourMean,QuarterlyMean,Mean,55.46
1898,929,D24HourMean,QuarterlyMean,Mean,13.61
1893,919,D24HourMean,QuarterlyMean,Mean,14.55
1897,929,D24HourMean,QuarterlyMean,Mean,13.57
1886,893,D24HourMean,QuarterlyMean,Mean,36.56
1905,920,D24HourMean,QuarterlyMean,Mean,14.00
1886,903,D24HourMean,QuarterlyMean,Mean,25.89
1902,890,D24HourMean,QuarterlyMean,Mean,31.49
1906,884,D24HourMean,QuarterlyMean,Mean,30.71
1896,884,D24HourMean,QuarterlyMean,Mean,40.02
1881,899,D24HourMean,QuarterlyMean,Mean,32.03
1908,913,D24HourMean,QuarterlyMean,Mean,13.88
1891,909,D24HourMean,QuarterlyMean,Mean,19.18
1905,915,D24HourMean,QuarterlyMean,Mean,12.78
1892,900,D24HourMean,QuarterlyMean,Mean,26.32
1899,895,D24HourMean,QuarterlyMean,Mean,23.39
1902,897,D24HourMean,QuarterlyMean,Mean,23.09
1889,920,D24HourMean,QuarterlyMean,Mean,15.56
1902,887,D24HourMean,QuarterlyMean,Mean,30.60
1896,895,D24HourMean,QuarterlyMean,Mean,15.85
1896,873,D24HourMean,QuarterlyMean,Mean,55.88
1900,929,D24HourMean,QuarterlyMean,Mean,13.72
1896,921,D24HourMean,QuarterlyMean,Mean,14.45
1888,891,D24HourMean,QuarterlyMean,Mean,37.68
1908,914,D24HourMean,QuarterlyMean,Mean,13.73
1908,888,D24HourMean,QuarterlyMean,Mean,31.20
1897,864,D24HourMean,QuarterlyMean,Mean,59.59
1902,882,D24HourMean,QuarterlyMean,Mean,38.29
1909,889,D24HourMean,QuarterlyMean,Mean,30.53
1899,896,D24HourMean,QuarterlyMean,Mean,23.46
1900,926,D24HourMean,QuarterlyMean,Mean,14.22
1894,906,D24HourMean,QuarterlyMean,Mean,19.16
1897,921,D24HourMean,QuarterlyMean,Mean,14.14
1895,904,D24HourMean,QuarterlyMean,Mean,19.35
1890,915,D24HourMean,QuarterlyMean,Mean,15.09
1903,912,D24HourMean,QuarterlyMean,Mean,15.89
1905,885,D24HourMean,QuarterlyMean,Mean,30.66
1897,878,D24HourMean,QuarterlyMean,Mean,40.97
1884,921,D24HourMean,QuarterlyMean,Mean,15.19
1898,897,D24HourMean,QuarterlyMean,Mean,26.76
1889,893,D24HourMean,QuarterlyMean,Mean,37.54
1899,892,D24HourMean,QuarterlyMean,Mean,17.08
1895,873,D24HourMean,QuarterlyMean,Mean,58.08
1899,926,D24HourMean,QuarterlyMean,Mean,14.57
1887,911,D24HourMean,QuarterlyMean,Mean,15.97
1898,905,D24HourMean,QuarterlyMean,Mean,19.43
1903,880,D24HourMean,QuarterlyMean,Mean,39.44
1905,890,D24HourMean,QuarterlyMean,Mean,26.26
1893,891,D24HourMean,QuarterlyMean,Mean,30.28
1916,885,D24HourMean,QuarterlyMean,Mean,27.06
1908,912,D24HourMean,QuarterlyMean,Mean,14.27
1910,893,D24HourMean,QuarterlyMean,Mean,24.25
1880,902,D24HourMean,QuarterlyMean,Mean,26.18
1900,923,D24HourMean,QuarterlyMean,Mean,14.85
1892,905,D24HourMean,QuarterlyMean,Mean,21.60
1881,898,D24HourMean,QuarterlyMean,Mean,32.02
1906,879,D24HourMean,QuarterlyMean,Mean,42.41
1898,922,D24HourMean,QuarterlyMean,Mean,14.75
1900,868,D24HourMean,QuarterlyMean,Mean,50.76
1897,900,D24HourMean,QuarterlyMean,Mean,27.48
1904,887,D24HourMean,QuarterlyMean,Mean,30.61
1883,893,D24HourMean,QuarterlyMean,Mean,38.38
1896,893,D24HourMean,QuarterlyMean,Mean,30.78
1901,916,D24HourMean,QuarterlyMean,Mean,14.88
1897,881,D24HourMean,QuarterlyMean,Mean,41.60
1892,912,D24HourMean,QuarterlyMean,Mean,16.11
1890,887,D24HourMean,QuarterlyMean,Mean,44.91
1888,897,D24HourMean,QuarterlyMean,Mean,34.63
1903,906,D24HourMean,QuarterlyMean,Mean,18.35
1910,892,D24HourMean,QuarterlyMean,Mean,24.22
1906,881,D24HourMean,QuarterlyMean,Mean,36.95
1905,917,D24HourMean,QuarterlyMean,Mean,14.50
1887,920,D24HourMean,QuarterlyMean,Mean,14.71
1902,893,D24HourMean,QuarterlyMean,Mean,25.86
1906,906,D24HourMean,QuarterlyMean,Mean,17.54
1897,899,D24HourMean,QuarterlyMean,Mean,27.89
1901,897,D24HourMean,QuarterlyMean,Mean,22.79
1904,918,D24HourMean,QuarterlyMean,Mean,14.40
1909,911,D24HourMean,QuarterlyMean,Mean,13.93
1909,881,D24HourMean,QuarterlyMean,Mean,28.99
1899,911,D24HourMean,QuarterlyMean,Mean,15.98
1903,876,D24HourMean,QuarterlyMean,Mean,31.00
1904,909,D24HourMean,QuarterlyMean,Mean,17.52
1901,925,D24HourMean,QuarterlyMean,Mean,14.22
1905,922,D24HourMean,QuarterlyMean,Mean,13.55
1899,921,D24HourMean,QuarterlyMean,Mean,14.18
1892,922,D24HourMean,QuarterlyMean,Mean,14.78
1902,896,D24HourMean,QuarterlyMean,Mean,22.95
1883,895,D24HourMean,QuarterlyMean,Mean,38.98
1891,906,D24HourMean,QuarterlyMean,Mean,21.67
1902,907,D24HourMean,QuarterlyMean,Mean,18.01
1893,910,D24HourMean,QuarterlyMean,Mean,17.47
1890,889,D24HourMean,QuarterlyMean,Mean,32.31
1877,901,D24HourMean,QuarterlyMean,Mean,30.20
1887,885,D24HourMean,QuarterlyMean,Mean,45.52
1891,925,D24HourMean,QuarterlyMean,Mean,13.57
1892,929,D24HourMean,QuarterlyMean,Mean,12.97
1898,900,D24HourMean,QuarterlyMean,Mean,26.27
1895,926,D24HourMean,QuarterlyMean,Mean,14.09
1888,915,D24HourMean,QuarterlyMean,Mean,15.88
1894,873,D24HourMean,QuarterlyMean,Mean,61.63
1889,897,D24HourMean,QuarterlyMean,Mean,32.45
1904,914,D24HourMean,QuarterlyMean,Mean,15.80
1901,889,D24HourMean,QuarterlyMean,Mean,28.14
1894,913,D24HourMean,QuarterlyMean,Mean,14.47
1899,893,D24HourMean,QuarterlyMean,Mean,24.14
1900,883,D24HourMean,QuarterlyMean,Mean,38.54
1905,921,D24HourMean,QuarterlyMean,Mean,14.02
1907,916,D24HourMean,QuarterlyMean,Mean,13.87
1889,899,D24HourMean,QuarterlyMean,Mean,27.25
1890,906,D24HourMean,QuarterlyMean,Mean,22.37
1886,905,D24HourMean,QuarterlyMean,Mean,22.58
1894,903,D24HourMean,QuarterlyMean,Mean,21.00
1900,907,D24HourMean,QuarterlyMean,Mean,20.10
1900,896,D24HourMean,QuarterlyMean,Mean,23.17
1889,884,D24HourMean,QuarterlyMean,Mean,44.32
1896,906,D24HourMean,QuarterlyMean,Mean,19.03
1880,899,D24HourMean,QuarterlyMean,Mean,32.99
1890,898,D24HourMean,QuarterlyMean,Mean,29.59
1908,909,D24HourMean,QuarterlyMean,Mean,16.00
1884,905,D24HourMean,QuarterlyMean,Mean,23.17
1898,865,D24HourMean,QuarterlyMean,Mean,59.38
1899,868,D24HourMean,QuarterlyMean,Mean,51.73
1888,886,D24HourMean,QuarterlyMean,Mean,50.62
1891,929,D24HourMean,QuarterlyMean,Mean,12.74
1899,901,D24HourMean,QuarterlyMean,Mean,23.33
1902,920,D24HourMean,QuarterlyMean,Mean,14.63
1904,924,D24HourMean,QuarterlyMean,Mean,13.34
1884,913,D24HourMean,QuarterlyMean,Mean,15.80
1897,901,D24HourMean,QuarterlyMean,Mean,26.08
1897,923,D24HourMean,QuarterlyMean,Mean,14.68
1902,870,D24HourMean,QuarterlyMean,Mean,45.95
1894,908,D24HourMean,QuarterlyMean,Mean,18.43
1898,918,D24HourMean,QuarterlyMean,Mean,13.82
1894,910,D24HourMean,QuarterlyMean,Mean,16.98
1893,879,D24HourMean,QuarterlyMean,Mean,45.04
1885,894,D24HourMean,QuarterlyMean,Mean,36.10
1900,901,D24HourMean,QuarterlyMean,Mean,22.74
1884,907,D24HourMean,QuarterlyMean,Mean,21.88
1914,890,D24HourMean,QuarterlyMean,Mean,23.50
1882,902,D24HourMean,QuarterlyMean,Mean,27.56
1895,874,D24HourMean,QuarterlyMean,Mean,55.34
1892,901,D24HourMean,QuarterlyMean,Mean,26.49
1904,878,D24HourMean,QuarterlyMean,Mean,38.16
1906,889,D24HourMean,QuarterlyMean,Mean,29.19
1885,892,D24HourMean,QuarterlyMean,Mean,36.78
1889,896,D24HourMean,QuarterlyMean,Mean,33.30
1913,885,D24HourMean,QuarterlyMean,Mean,27.85
1890,908,D24HourMean,QuarterlyMean,Mean,20.34
1902,925,D24HourMean,QuarterlyMean,Mean,13.79
1895,878,D24HourMean,QuarterlyMean,Mean,44.83
1906,891,D24HourMean,QuarterlyMean,Mean,25.89
1898,904,D24HourMean,QuarterlyMean,Mean,20.53
1890,905,D24HourMean,QuarterlyMean,Mean,21.99
1900,916,D24HourMean,QuarterlyMean,Mean,14.62
1900,915,D24HourMean,QuarterlyMean,Mean,15.87
1888,890,D24HourMean,QuarterlyMean,Mean,36.55
1888,895,D24HourMean,QuarterlyMean,Mean,32.67
1884,924,D24HourMean,QuarterlyMean,Mean,13.35
1895,928,D24HourMean,QuarterlyMean,Mean,13.36
1890,909,D24HourMean,QuarterlyMean,Mean,19.90
1892,928,D24HourMean,QuarterlyMean,Mean,13.21
1900,887,D24HourMean,QuarterlyMean,Mean,20.47
1903,884,D24HourMean,QuarterlyMean,Mean,32.82
1894,886,D24HourMean,QuarterlyMean,Mean,44.00
1895,895,D24HourMean,QuarterlyMean,Mean,16.17
1894,895,D24HourMean,QuarterlyMean,Mean,29.60
1891,920,D24HourMean,QuarterlyMean,Mean,15.39
1888,902,D24HourMean,QuarterlyMean,Mean,23.33
1901,898,D24HourMean,QuarterlyMean,Mean,24.41
1892,887,D24HourMean,QuarterlyMean,Mean,43.69
1886,889,D24HourMean,QuarterlyMean,Mean,41.01
1902,914,D24HourMean,QuarterlyMean,Mean,15.66
1893,921,D24HourMean,QuarterlyMean,Mean,14.75
1909,888,D24HourMean,QuarterlyMean,Mean,30.70
1896,915,D24HourMean,QuarterlyMean,Mean,16.23
1914,887,D24HourMean,QuarterlyMean,Mean,25.20
1902,918,D24HourMean,QuarterlyMean,Mean,14.83
1892,898,D24HourMean,QuarterlyMean,Mean,29.03
1909,915,D24HourMean,QuarterlyMean,Mean,13.21
1895,929,D24HourMean,QuarterlyMean,Mean,12.74
1889,924,D24HourMean,QuarterlyMean,Mean,14.20
1879,897,D24HourMean,QuarterlyMean,Mean,32.31
1883,892,D24HourMean,QuarterlyMean,Mean,39.05
1884,887,D24HourMean,QuarterlyMean,Mean,44.91
1900,927,D24HourMean,QuarterlyMean,Mean,13.87
1902,872,D24HourMean,QuarterlyMean,Mean,47.75
1899,899,D24HourMean,QuarterlyMean,Mean,24.30
1905,908,D24HourMean,QuarterlyMean,Mean,18.01
1885,919,D24HourMean,QuarterlyMean,Mean,14.95
1896,875,D24HourMean,QuarterlyMean,Mean,51.11
1907,892,D24HourMean,QuarterlyMean,Mean,21.56
1884,914,D24HourMean,QuarterlyMean,Mean,16.16
1901,876,D24HourMean,QuarterlyMean,Mean,40.96
1910,887,D24HourMean,QuarterlyMean,Mean,25.56
1910,927,D24HourMean,QuarterlyMean,Mean,11.31
1884,897,D24HourMean,QuarterlyMean,Mean,-4.68
1893,878,D24HourMean,QuarterlyMean,Mean,46.50
1882,890,D24HourMean,QuarterlyMean,Mean,39.89
1905,905,D24HourMean,QuarterlyMean,Mean,18.75
1907,907,D24HourMean,QuarterlyMean,Mean,17.62
1893,887,D24HourMean,QuarterlyMean,Mean,43.10
1894,907,D24HourMean,QuarterlyMean,Mean,18.92
1893,903,D24HourMean,QuarterlyMean,Mean,21.35
1900,874,D24HourMean,QuarterlyMean,Mean,36.37
1885,897,D24HourMean,QuarterlyMean,Mean,40.31
1907,882,D24HourMean,QuarterlyMean,Mean,30.89
1884,901,D24HourMean,QuarterlyMean,Mean,29.92
1896,928,D24HourMean,QuarterlyMean,Mean,13.44
1903,883,D24HourMean,QuarterlyMean,Mean,34.53
1878,901,D24HourMean,QuarterlyMean,Mean,29.61
1897,912,D24HourMean,QuarterlyMean,Mean,15.92
1899,918,D24HourMean,QuarterlyMean,Mean,14.17
1886,925,D24HourMean,QuarterlyMean,Mean,13.49
1903,928,D24HourMean,QuarterlyMean,Mean,15.51
1893,916,D24HourMean,QuarterlyMean,Mean,14.78
1896,888,D24HourMean,QuarterlyMean,Mean,30.17
1906,909,D24HourMean,QuarterlyMean,Mean,16.88
1886,885,D24HourMean,QuarterlyMean,Mean,46.72
1894,931,D24HourMean,QuarterlyMean,Mean,12.46
1892,881,D24HourMean,QuarterlyMean,Mean,51.22
1908,883,D24HourMean,QuarterlyMean,Mean,29.24
1889,903,D24HourMean,QuarterlyMean,Mean,22.91
1897,891,D24HourMean,QuarterlyMean,Mean,29.89
1906,894,D24HourMean,QuarterlyMean,Mean,23.30
1898,893,D24HourMean,QuarterlyMean,Mean,24.93
1891,931,D24HourMean,QuarterlyMean,Mean,11.13
1898,928,D24HourMean,QuarterlyMean,Mean,13.49
1901,865,D24HourMean,QuarterlyMean,Mean,56.25
1896,924,D24HourMean,QuarterlyMean,Mean,14.33
1915,889,D24HourMean,QuarterlyMean,Mean,26.51
1886,900,D24HourMean,QuarterlyMean,Mean,31.81
1897,883,D24HourMean,QuarterlyMean,Mean,45.72
1901,909,D24HourMean,QuarterlyMean,Mean,18.27
1908,892,D24HourMean,QuarterlyMean,Mean,20.90
1892,906,D24HourMean,QuarterlyMean,Mean,21.38
1891,918,D24HourMean,QuarterlyMean,Mean,15.06
1885,925,D24HourMean,QuarterlyMean,Mean,13.14
1901,877,D24HourMean,QuarterlyMean,Mean,43.40
1911,883,D24HourMean,QuarterlyMean,Mean,32.96
1902,889,D24HourMean,QuarterlyMean,Mean,28.02
1897,870,D24HourMean,QuarterlyMean,Mean,53.22
1904,893,D24HourMean,QuarterlyMean,Mean,24.31
1891,883,D24HourMean,QuarterlyMean,Mean,49.09
1892,913,D24HourMean,QuarterlyMean,Mean,15.24
1898,869,D24HourMean,QuarterlyMean,Mean,54.75
1888,898,D24HourMean,QuarterlyMean,Mean,30.29
1899,916,D24HourMean,QuarterlyMean,Mean,14.68
1896,910,D24HourMean,QuarterlyMean,Mean,16.64
1889,886,D24HourMean,QuarterlyMean,Mean,48.98
1905,891,D24HourMean,QuarterlyMean,Mean,25.74
1895,898,D24HourMean,QuarterlyMean,Mean,27.98
1894,901,D24HourMean,QuarterlyMean,Mean,27.23
1893,929,D24HourMean,QuarterlyMean,Mean,12.87
1909,885,D24HourMean,QuarterlyMean,Mean,28.50
1879,902,D24HourMean,QuarterlyMean,Mean,28.27
1887,919,D24HourMean,QuarterlyMean,Mean,14.90
1895,901,D24HourMean,QuarterlyMean,Mean,24.91
1894,894,D24HourMean,QuarterlyMean,Mean,30.61
1895,912,D24HourMean,QuarterlyMean,Mean,16.12
1892,925,D24HourMean,QuarterlyMean,Mean,13.92
1896,866,D24HourMean,QuarterlyMean,Mean,62.38
1898,923,D24HourMean,QuarterlyMean,Mean,15.08
1884,910,D24HourMean,QuarterlyMean,Mean,16.59
1904,892,D24HourMean,QuarterlyMean,Mean,25.20
1901,915,D24HourMean,QuarterlyMean,Mean,15.89
1891,907,D24HourMean,QuarterlyMean,Mean,20.98
1889,917,D24HourMean,QuarterlyMean,Mean,15.31
1895,930,D24HourMean,QuarterlyMean,Mean,12.54
1882,899,D24HourMean,QuarterlyMean,Mean,30.34
1898,894,D24HourMean,QuarterlyMean,Mean,25.94
1903,915,D24HourMean,QuarterlyMean,Mean,15.54
1903,924,D24HourMean,QuarterlyMean,Mean,13.37
1908,911,D24HourMean,QuarterlyMean,Mean,14.11
1913,884,D24HourMean,QuarterlyMean,Mean,26.72
1901,911,D24HourMean,QuarterlyMean,Mean,15.95
1885,908,D24HourMean,QuarterlyMean,Mean,19.82
1906,914,D24HourMean,QuarterlyMean,Mean,14.55
1901,870,D24HourMean,QuarterlyMean,Mean,46.83
1903,926,D24HourMean,QuarterlyMean,Mean,14.42
1899,869,D24HourMean,QuarterlyMean,Mean,52.53
1888,900,D24HourMean,QuarterlyMean,Mean,24.95
1898,906,D24HourMean,QuarterlyMean,Mean,19.18
1909,887,D24HourMean,QuarterlyMean,Mean,25.39
1887,903,D24HourMean,QuarterlyMean,Mean,24.71
1894,929,D24HourMean,QuarterlyMean,Mean,11.75
1885,886,D24HourMean,QuarterlyMean,Mean,44.60
1895,918,D24HourMean,QuarterlyMean,Mean,14.14
1899,922,D24HourMean,QuarterlyMean,Mean,14.81
1909,912,D24HourMean,QuarterlyMean,Mean,13.76
1912,883,D24HourMean,QuarterlyMean,Mean,30.93
1906,924,D24HourMean,QuarterlyMean,Mean,12.92
1911,890,D24HourMean,QuarterlyMean,Mean,22.47
1893,897,D24HourMean,QuarterlyMean,Mean,28.67
1904,885,D24HourMean,QuarterlyMean,Mean,21.43
1887,909,D24HourMean,QuarterlyMean,Mean,18.40
1893,876,D24HourMean,QuarterlyMean,Mean,53.43
1909,886,D24HourMean,QuarterlyMean,Mean,26.82
1896,874,D24HourMean,QuarterlyMean,Mean,54.69
1895,871,D24HourMean,QuarterlyMean,Mean,60.61
1891,897,D24HourMean,QuarterlyMean,Mean,31.91
1890,913,D24HourMean,QuarterlyMean,Mean,15.32
1898,886,D24HourMean,QuarterlyMean,Mean,22.42
1909,892,D24HourMean,QuarterlyMean,Mean,24.38
1881,901,D24HourMean,QuarterlyMean,Mean,30.92
1891,905,D24HourMean,QuarterlyMean,Mean,21.97
1904,877,D24HourMean,QuarterlyMean,Mean,28.25
1899,925,D24HourMean,QuarterlyMean,Mean,15.59
1893,930,D24HourMean,QuarterlyMean,Mean,11.80
1902,906,D24HourMean,QuarterlyMean,Mean,18.40
1880,901,D24HourMean,QuarterlyMean,Mean,35.40
1907,914,D24HourMean,QuarterlyMean,Mean,13.84
1899,873,D24HourMean,QuarterlyMean,Mean,38.28
1890,930,D24HourMean,QuarterlyMean,Mean,11.37
1893,892,D24HourMean,QuarterlyMean,Mean,30.52
1888,899,D24HourMean,QuarterlyMean,Mean,28.59
1914,883,D24HourMean,QuarterlyMean,Mean,29.07
1896,917,D24HourMean,QuarterlyMean,Mean,14.52
1908,880,D24HourMean,QuarterlyMean,Mean,34.23
1893,923,D24HourMean,QuarterlyMean,Mean,13.14
1908,884,D24HourMean,QuarterlyMean,Mean,28.00
1899,908,D24HourMean,QuarterlyMean,Mean,19.06
1885,921,D24HourMean,QuarterlyMean,Mean,14.98
1890,893,D24HourMean,QuarterlyMean,Mean,35.00
1893,899,D24HourMean,QuarterlyMean,Mean,27.15
1906,880,D24HourMean,QuarterlyMean,Mean,40.09
1892,896,D24HourMean,QuarterlyMean,Mean,29.74
1878,900,D24HourMean,QuarterlyMean,Mean,29.75
1903,891,D24HourMean,QuarterlyMean,Mean,25.66
1895,924,D24HourMean,QuarterlyMean,Mean,14.28
1887,884,D24HourMean,QuarterlyMean,Mean,49.37
1903,917,D24HourMean,QuarterlyMean,Mean,14.80
1890,925,D24HourMean,QuarterlyMean,Mean,13.74
1912,884,D24HourMean,QuarterlyMean,Mean,27.96
1901,927,D24HourMean,QuarterlyMean,Mean,14.73
1895,920,D24HourMean,QuarterlyMean,Mean,14.58
1906,925,D24HourMean,QuarterlyMean,Mean,12.65
1887,922,D24HourMean,QuarterlyMean,Mean,14.48
1907,888,D24HourMean,QuarterlyMean,Mean,29.58
1889,907,D24HourMean,QuarterlyMean,Mean,21.40
1899,878,D24HourMean,QuarterlyMean,Mean,38.80
1902,913,D24HourMean,QuarterlyMean,Mean,15.72
1880,893,D24HourMean,QuarterlyMean,Mean,35.48
1891,910,D24HourMean,QuarterlyMean,Mean,16.28
1907,886,D24HourMean,QuarterlyMean,Mean,27.53
1885,910,D24HourMean,QuarterlyMean,Mean,16.92
1900,902,D24HourMean,QuarterlyMean,Mean,22.42
1900,885,D24HourMean,QuarterlyMean,Mean,35.90
1904,920,D24HourMean,QuarterlyMean,Mean,14.30
1897,863,D24HourMean,QuarterlyMean,Mean,62.87
1890,884,D24HourMean,QuarterlyMean,Mean,43.79
1890,912,D24HourMean,QuarterlyMean,Mean,15.14
1892,879,D24HourMean,QuarterlyMean,Mean,46.99
1883,900,D24HourMean,QuarterlyMean,Mean,30.25
1908,889,D24HourMean,QuarterlyMean,Mean,30.39
1899,913,D24HourMean,QuarterlyMean,Mean,17.34
1898,908,D24HourMean,QuarterlyMean,Mean,19.45
1915,888,D24HourMean,QuarterlyMean,Mean,27.47
1901,913,D24HourMean,QuarterlyMean,Mean,15.39
1902,910,D24HourMean,QuarterlyMean,Mean,16.59
1912,889,D24HourMean,QuarterlyMean,Mean,26.85
1889,888,D24HourMean,QuarterlyMean,Mean,44.26
1894,925,D24HourMean,QuarterlyMean,Mean,13.89
1905,911,D24HourMean,QuarterlyMean,Mean,15.21
1897,914,D24HourMean,QuarterlyMean,Mean,16.36
1885,889,D24HourMean,QuarterlyMean,Mean,49.36
1901,875,D24HourMean,QuarterlyMean,Mean,43.64
1883,901,D24HourMean,QuarterlyMean,Mean,28.50
1889,892,D24HourMean,QuarterlyMean,Mean,39.34
1885,904,D24HourMean,QuarterlyMean,Mean,24.61
1895,923,D24HourMean,QuarterlyMean,Mean,14.48
1907,913,D24HourMean,QuarterlyMean,Mean,13.89
1897,894,D24HourMean,QuarterlyMean,Mean,29.42
1908,917,D24HourMean,QuarterlyMean,Mean,13.44
1884,904,D24HourMean,QuarterlyMean,Mean,24.69
1914,889,D24HourMean,QuarterlyMean,Mean,23.84
1882,901,D24HourMean,QuarterlyMean,Mean,27.44
1899,886,D24HourMean,QuarterlyMean,Mean,22.07
1898,898,D24HourMean,QuarterlyMean,Mean,25.85
1916,891,D24HourMean,QuarterlyMean,Mean,22.28
1903,911,D24HourMean,QuarterlyMean,Mean,16.08
1906,878,D24HourMean,QuarterlyMean,Mean,42.86
1893,904,D24HourMean,QuarterlyMean,Mean,19.98
1886,902,D24HourMean,QuarterlyMean,Mean,26.73
1891,927,D24HourMean,QuarterlyMean,Mean,13.04
1894,893,D24HourMean,QuarterlyMean,Mean,28.57
1902,871,D24HourMean,QuarterlyMean,Mean,46.82
1893,908,D24HourMean,QuarterlyMean,Mean,21.17
1889,912,D24HourMean,QuarterlyMean,Mean,15.44
1895,932,D24HourMean,QuarterlyMean,Mean,11.88
1901,868,D24HourMean,QuarterlyMean,Mean,49.89
1891,882,D24HourMean,QuarterlyMean,Mean,44.31
1906,926,D24HourMean,QuarterlyMean,Mean,12.05
1907,894,D24HourMean,QuarterlyMean,Mean,23.22
1901,896,D24HourMean,QuarterlyMean,Mean,22.68
1891,916,D24HourMean,QuarterlyMean,Mean,15.06
1893,911,D24HourMean,QuarterlyMean,Mean,16.85
1891,894,D24HourMean,QuarterlyMean,Mean,35.23
1889,900,D24HourMean,QuarterlyMean,Mean,24.74
1895,882,D24HourMean,QuarterlyMean,Mean,41.27
1904,923,D24HourMean,QuarterlyMean,Mean,13.55
1882,904,D24HourMean,QuarterlyMean,Mean,24.57
1903,907,D24HourMean,QuarterlyMean,Mean,18.04
1893,907,D24HourMean,QuarterlyMean,Mean,21.24
1892,924,D24HourMean,QuarterlyMean,Mean,14.09
1907,927,D24HourMean,QuarterlyMean,Mean,11.52
1905,907,D24HourMean,QuarterlyMean,Mean,18.40
1890,928,D24HourMean,QuarterlyMean,Mean,12.79
1898,896,D24HourMean,QuarterlyMean,Mean,24.88
1891,900,D24HourMean,QuarterlyMean,Mean,24.95
1899,876,D24HourMean,QuarterlyMean,Mean,43.01
1904,906,D24HourMean,QuarterlyMean,Mean,18.79
1892,882,D24HourMean,QuarterlyMean,Mean,50.16
1897,876,D24HourMean,QuarterlyMean,Mean,45.33
1886,927,D24HourMean,QuarterlyMean,Mean,13.02
1896,927,D24HourMean,QuarterlyMean,Mean,14.30
1882,900,D24HourMean,QuarterlyMean,Mean,28.58
1899,924,D24HourMean,QuarterlyMean,Mean,15.26
1887,904,D24HourMean,QuarterlyMean,Mean,23.31
1897,874,D24HourMean,QuarterlyMean,Mean,50.92
1887,900,D24HourMean,QuarterlyMean,Mean,26.71
1894,896,D24HourMean,QuarterlyMean,Mean,31.10
1894,876,D24HourMean,QuarterlyMean,Mean,52.76
1883,899,D24HourMean,QuarterlyMean,Mean,30.67
1884,889,D24HourMean,QuarterlyMean,Mean,49.30
1896,878,D24HourMean,QuarterlyMean,Mean,41.23
1906,895,D24HourMean,QuarterlyMean,Mean,23.73
1893,924,D24HourMean,QuarterlyMean,Mean,14.28
1887,897,D24HourMean,QuarterlyMean,Mean,33.52
1907,925,D24HourMean,QuarterlyMean,Mean,12.44
1904,895,D24HourMean,QuarterlyMean,Mean,22.76
1877,898,D24HourMean,QuarterlyMean,Mean,30.59
1894,915,D24HourMean,QuarterlyMean,Mean,15.31
1896,879,D24HourMean,QuarterlyMean,Mean,42.59
1897,886,D24HourMean,QuarterlyMean,Mean,22.83
1902,919,D24HourMean,QuarterlyMean,Mean,14.67
1893,920,D24HourMean,QuarterlyMean,Mean,15.31
1901,894,D24HourMean,QuarterlyMean,Mean,24.54
1906,918,D24HourMean,QuarterlyMean,Mean,13.95
1894,885,D24HourMean,QuarterlyMean,Mean,39.09
1896,867,D24HourMean,QuarterlyMean,Mean,60.39
1899,884,D24HourMean,QuarterlyMean,Mean,24.78
1889,894,D24HourMean,QuarterlyMean,Mean,33.50
1907,891,D24HourMean,QuarterlyMean,Mean,21.75
1912,886,D24HourMean,QuarterlyMean,Mean,26.05
1894,927,D24HourMean,QuarterlyMean,Mean,13.59
1885,895,D24HourMean,QuarterlyMean,Mean,-4.83
1887,888,D24HourMean,QuarterlyMean,Mean,51.42
1886,922,D24HourMean,QuarterlyMean,Mean,14.43
1890,888,D24HourMean,QuarterlyMean,Mean,34.52
1901,905,D24HourMean,QuarterlyMean,Mean,19.80
1910,929,D24HourMean,QuarterlyMean,Mean,10.60
1908,893,D24HourMean,QuarterlyMean,Mean,21.08
1879,892,D24HourMean,QuarterlyMean,Mean,36.58
1885,912,D24HourMean,QuarterlyMean,Mean,15.82
1887,901,D24HourMean,QuarterlyMean,Mean,24.42
1901,919,D24HourMean,QuarterlyMean,Mean,14.62
1911,885,D24HourMean,QuarterlyMean,Mean,26.76
1901,922,D24HourMean,QuarterlyMean,Mean,14.05
1890,923,D24HourMean,QuarterlyMean,Mean,14.14
1910,888,D24HourMean,QuarterlyMean,Mean,27.18
1907,910,D24HourMean,QuarterlyMean,Mean,14.44
1892,884,D24HourMean,QuarterlyMean,Mean,46.22
1891,895,D24HourMean,QuarterlyMean,Mean,33.38
1896,876,D24HourMean,QuarterlyMean,Mean,48.30
1912,887,D24HourMean,QuarterlyMean,Mean,25.14
1886,911,D24HourMean,QuarterlyMean,Mean,15.98
1898,870,D24HourMean,QuarterlyMean,Mean,51.91
1900,906,D24HourMean,QuarterlyMean,Mean,19.90
1898,868,D24HourMean,QuarterlyMean,Mean,55.48
1894,898,D24HourMean,QuarterlyMean,Mean,28.06
1909,916,D24HourMean,QuarterlyMean,Mean,13.15
1885,916,D24HourMean,QuarterlyMean,Mean,16.69
1903,910,D24HourMean,QuarterlyMean,Mean,16.39
1903,868,D24HourMean,QuarterlyMean,Mean,48.55
1893,884,D24HourMean,QuarterlyMean,Mean,40.07
1878,898,D24HourMean,QuarterlyMean,Mean,31.86
1888,924,D24HourMean,QuarterlyMean,Mean,13.93
1895,908,D24HourMean,QuarterlyMean,Mean,18.20
1887,908,D24HourMean,QuarterlyMean,Mean,19.53
1908,926,D24HourMean,QuarterlyMean,Mean,12.01
1894,912,D24HourMean,QuarterlyMean,Mean,15.75
1888,905,D24HourMean,QuarterlyMean,Mean,22.87
1886,916,D24HourMean,QuarterlyMean,Mean,16.93
1896,923,D24HourMean,QuarterlyMean,Mean,14.48
1899,894,D24HourMean,QuarterlyMean,Mean,24.71
1881,894,D24HourMean,QuarterlyMean,Mean,35.94
1884,894,D24HourMean,QuarterlyMean,Mean,37.59
1896,932,D24HourMean,QuarterlyMean,Mean,12.52
1907,885,D24HourMean,QuarterlyMean,Mean,30.03
1906,917,D24HourMean,QuarterlyMean,Mean,14.10
1906,892,D24HourMean,QuarterlyMean,Mean,24.46
1885,884,D24HourMean,QuarterlyMean,Mean,50.03
1900,881,D24HourMean,QuarterlyMean,Mean,36.59
1909,894,D24HourMean,QuarterlyMean,Mean,22.68
1894,919,D24HourMean,QuarterlyMean,Mean,14.34
1896,865,D24HourMean,QuarterlyMean,Mean,61.77
1891,890,D24HourMean,QuarterlyMean,Mean,29.33
1903,920,D24HourMean,QuarterlyMean,Mean,14.37
1896,870,D24HourMean,QuarterlyMean,Mean,59.07
1910,886,D24HourMean,QuarterlyMean,Mean,27.11
1887,925,D24HourMean,QuarterlyMean,Mean,13.70
1890,903,D24HourMean,QuarterlyMean,Mean,23.71
1893,909,D24HourMean,QuarterlyMean,Mean,20.87
1908,925,D24HourMean,QuarterlyMean,Mean,12.24
1894,917,D24HourMean,QuarterlyMean,Mean,14.35
1904,921,D24HourMean,QuarterlyMean,Mean,13.94
1886,895,D24HourMean,QuarterlyMean,Mean,-4.80
1884,893,D24HourMean,QuarterlyMean,Mean,37.86
1895,875,D24HourMean,QuarterlyMean,Mean,53.32
1901,888,D24HourMean,QuarterlyMean,Mean,32.02
1893,922,D24HourMean,QuarterlyMean,Mean,14.58
1897,910,D24HourMean,QuarterlyMean,Mean,16.26
1893,926,D24HourMean,QuarterlyMean,Mean,12.23
1898,879,D24HourMean,QuarterlyMean,Mean,29.05
1904,891,D24HourMean,QuarterlyMean,Mean,25.42
1890,904,D24HourMean,QuarterlyMean,Mean,21.51
1911,892,D24HourMean,QuarterlyMean,Mean,24.39
1885,911,D24HourMean,QuarterlyMean,Mean,16.05
1890,891,D24HourMean,QuarterlyMean,Mean,39.08
1904,880,D24HourMean,QuarterlyMean,Mean,37.96
1886,906,D24HourMean,QuarterlyMean,Mean,21.88
1900,925,D24HourMean,QuarterlyMean,Mean,15.47
1888,920,D24HourMean,QuarterlyMean,Mean,15.04
1886,897,D24HourMean,QuarterlyMean,Mean,34.03
1901,928,D24HourMean,QuarterlyMean,Mean,14.83
1901,924,D24HourMean,QuarterlyMean,Mean,13.55
1896,880,D24HourMean,QuarterlyMean,Mean,39.77
1889,885,D24HourMean,QuarterlyMean,Mean,40.72
1901,878,D24HourMean,QuarterlyMean,Mean,37.63
1900,905,D24HourMean,QuarterlyMean,Mean,20.16
1895,902,D24HourMean,QuarterlyMean,Mean,25.75
1898,874,D24HourMean,QuarterlyMean,Mean,47.80
1886,888,D24HourMean,QuarterlyMean,Mean,43.71
1899,903,D24HourMean,QuarterlyMean,Mean,21.35
1893,912,D24HourMean,QuarterlyMean,Mean,15.70
1894,914,D24HourMean,QuarterlyMean,Mean,14.81
1900,866,D24HourMean,QuarterlyMean,Mean,53.35
1888,904,D24HourMean,QuarterlyMean,Mean,24.14
1905,912,D24HourMean,QuarterlyMean,Mean,15.10
1895,890,D24HourMean,QuarterlyMean,Mean,33.04
1886,887,D24HourMean,QuarterlyMean,Mean,43.93
1897,906,D24HourMean,QuarterlyMean,Mean,19.19
1899,870,D24HourMean,QuarterlyMean,Mean,50.75
1896,911,D24HourMean,QuarterlyMean,Mean,15.92
1897,928,D24HourMean,QuarterlyMean,Mean,13.42
1908,891,D24HourMean,QuarterlyMean,Mean,21.91
1881,891,D24HourMean,QuarterlyMean,Mean,38.81
1888,929,D24HourMean,QuarterlyMean,Mean,11.34
1896,901,D24HourMean,QuarterlyMean,Mean,25.99
1884,909,D24HourMean,QuarterlyMean,Mean,18.69
1885,915,D24HourMean,QuarterlyMean,Mean,17.36
1897,924,D24HourMean,QuarterlyMean,Mean,14.50
1896,904,D24HourMean,QuarterlyMean,Mean,19.24
1893,877,D24HourMean,QuarterlyMean,Mean,49.78
1893,895,D24HourMean,QuarterlyMean,Mean,28.89
1899,910,D24HourMean,QuarterlyMean,Mean,16.08
1895,883,D24HourMean,QuarterlyMean,Mean,42.22
1901,892,D24HourMean,QuarterlyMean,Mean,25.20
1899,912,D24HourMean,QuarterlyMean,Mean,16.07
1890,922,D24HourMean,QuarterlyMean,Mean,14.91
1905,883,D24HourMean,QuarterlyMean,Mean,37.26
1887,923,D24HourMean,QuarterlyMean,Mean,14.63
1894,878,D24HourMean,QuarterlyMean,Mean,46.08
1883,903,D24HourMean,QuarterlyMean,Mean,26.48
1906,910,D24HourMean,QuarterlyMean,Mean,15.06
1889,905,D24HourMean,QuarterlyMean,Mean,22.96
1901,867,D24HourMean,QuarterlyMean,Mean,54.74
1892,880,D24HourMean,QuarterlyMean,Mean,49.86
1905,878,D24HourMean,QuarterlyMean,Mean,40.52
1884,920,D24HourMean,QuarterlyMean,Mean,15.51
1899,885,D24HourMean,QuarterlyMean,Mean,37.06
1885,887,D24HourMean,QuarterlyMean,Mean,44.78
1885,890,D24HourMean,QuarterlyMean,Mean,39.23
1889,923,D24HourMean,QuarterlyMean,Mean,14.57
1900,932,D24HourMean,QuarterlyMean,Mean,11.99
1892,893,D24HourMean,QuarterlyMean,Mean,32.30
1883,889,D24HourMean,QuarterlyMean,Mean,47.61
1896,926,D24HourMean,QuarterlyMean,Mean,14.60
1907,887,D24HourMean,QuarterlyMean,Mean,32.36
1898,910,D24HourMean,QuarterlyMean,Mean,15.92
1903,909,D24HourMean,QuarterlyMean,Mean,18.07
1887,883,D24HourMean,QuarterlyMean,Mean,51.99
1909,926,D24HourMean,QuarterlyMean,Mean,11.74
1898,891,D24HourMean,QuarterlyMean,Mean,30.17
1907,880,D24HourMean,QuarterlyMean,Mean,39.97
1890,901,D24HourMean,QuarterlyMean,Mean,24.90
1903,888,D24HourMean,QuarterlyMean,Mean,30.03
1914,888,D24HourMean,QuarterlyMean,Mean,25.42
1890,907,D24HourMean,QuarterlyMean,Mean,21.40
1889,898,D24HourMean,QuarterlyMean,Mean,29.91
1901,891,D24HourMean,QuarterlyMean,Mean,29.44
1898,907,D24HourMean,QuarterlyMean,Mean,19.60
1900,930,D24HourMean,QuarterlyMean,Mean,13.41
1878,894,D24HourMean,QuarterlyMean,Mean,33.90
1888,889,D24HourMean,QuarterlyMean,Mean,42.78
1904,882,D24HourMean,QuarterlyMean,Mean,36.65
1893,890,D24HourMean,QuarterlyMean,Mean,30.11
1897,909,D24HourMean,QuarterlyMean,Mean,18.40
1896,908,D24HourMean,QuarterlyMean,Mean,18.66
1900,877,D24HourMean,QuarterlyMean,Mean,40.19
1892,916,D24HourMean,QuarterlyMean,Mean,14.86
1885,903,D24HourMean,QuarterlyMean,Mean,26.33
1902,905,D24HourMean,QuarterlyMean,Mean,18.71
1907,909,D24HourMean,QuarterlyMean,Mean,16.41
1897,920,D24HourMean,QuarterlyMean,Mean,13.99
1899,929,D24HourMean,QuarterlyMean,Mean,13.59
1901,910,D24HourMean,QuarterlyMean,Mean,16.59
1880,894,D24HourMean,QuarterlyMean,Mean,34.28
1900,865,D24HourMean,QuarterlyMean,Mean,58.99
1894,905,D24HourMean,QuarterlyMean,Mean,19.19
1893,875,D24HourMean,QuarterlyMean,Mean,55.37
1881,903,D24HourMean,QuarterlyMean,Mean,25.91
1879,894,D24HourMean,QuarterlyMean,Mean,34.20
1896,869,D24HourMean,QuarterlyMean,Mean,61.31
1885,923,D24HourMean,QuarterlyMean,Mean,14.07
1895,909,D24HourMean,QuarterlyMean,Mean,17.81
1895,880,D24HourMean,QuarterlyMean,Mean,40.78
1894,902,D24HourMean,QuarterlyMean,Mean,21.33
1898,878,D24HourMean,QuarterlyMean,Mean,41.25
1901,886,D24HourMean,QuarterlyMean,Mean,31.87
1904,907,D24HourMean,QuarterlyMean,Mean,18.20
1895,903,D24HourMean,QuarterlyMean,Mean,21.89
1903,879,D24HourMean,QuarterlyMean,Mean,35.78
1888,894,D24HourMean,QuarterlyMean,Mean,33.84
1888,903,D24HourMean,QuarterlyMean,Mean,23.18
1905,881,D24HourMean,QuarterlyMean,Mean,38.45
1892,931,D24HourMean,QuarterlyMean,Mean,11.01
1896,900,D24HourMean,QuarterlyMean,Mean,26.96
1898,902,D24HourMean,QuarterlyMean,Mean,22.02
1907,890,D24HourMean,QuarterlyMean,Mean,23.50
1913,883,D24HourMean,QuarterlyMean,Mean,28.63
1895,886,D24HourMean,QuarterlyMean,Mean,32.37
1890,917,D24HourMean,QuarterlyMean,Mean,15.82
1897,930,D24HourMean,QuarterlyMean,Mean,13.08
1901,869,D24HourMean,QuarterlyMean,Mean,47.89
1893,931,D24HourMean,QuarterlyMean,Mean,11.41
1888,893,D24HourMean,QuarterlyMean,Mean,37.50
1895,915,D24HourMean,QuarterlyMean,Mean,15.82
1894,883,D24HourMean,QuarterlyMean,Mean,41.19
1902,891,D24HourMean,QuarterlyMean,Mean,28.46
1892,886,D24HourMean,QuarterlyMean,Mean,44.56
1902,921,D24HourMean,QuarterlyMean,Mean,14.03
1910,884,D24HourMean,QuarterlyMean,Mean,29.78
1895,927,D24HourMean,QuarterlyMean,Mean,13.99
1895,896,D24HourMean,QuarterlyMean,Mean,31.10
1886,920,D24HourMean,QuarterlyMean,Mean,14.55
1885,920,D24HourMean,QuarterlyMean,Mean,15.33
1899,909,D24HourMean,QuarterlyMean,Mean,18.48
1905,918,D24HourMean,QuarterlyMean,Mean,14.22
1897,925,D24HourMean,QuarterlyMean,Mean,15.10
1904,925,D24HourMean,QuarterlyMean,Mean,13.05
1900,886,D24HourMean,QuarterlyMean,Mean,34.40
1892,917,D24HourMean,QuarterlyMean,Mean,15.29
1907,884,D24HourMean,QuarterlyMean,Mean,30.07
1898,920,D24HourMean,QuarterlyMean,Mean,13.95
1884,890,D24HourMean,QuarterlyMean,Mean,39.17
1888,911,D24HourMean,QuarterlyMean,Mean,15.83
1884,892,D24HourMean,QuarterlyMean,Mean,37.91
1898,913,D24HourMean,QuarterlyMean,Mean,16.20
1901,871,D24HourMean,QuarterlyMean,Mean,49.05
1884,908,D24HourMean,QuarterlyMean,Mean,19.87
1895,879,D24HourMean,QuarterlyMean,Mean,43.53
1898,872,D24HourMean,QuarterlyMean,Mean,51.29
1896,925,D24HourMean,QuarterlyMean,Mean,14.50
1896,872,D24HourMean,QuarterlyMean,Mean,57.84
1907,924,D24HourMean,QuarterlyMean,Mean,12.69
1883,897,D24HourMean,QuarterlyMean,Mean,34.15
1908,927,D24HourMean,QuarterlyMean,Mean,11.50
1915,887,D24HourMean,QuarterlyMean,Mean,27.12
1898,880,D24HourMean,QuarterlyMean,Mean,39.68
1900,914,D24HourMean,QuarterlyMean,Mean,16.21
1898,932,D24HourMean,QuarterlyMean,Mean,12.96
1896,863,D24HourMean,QuarterlyMean,Mean,62.38
1905,888,D24HourMean,QuarterlyMean,Mean,29.80
1888,888,D24HourMean,QuarterlyMean,Mean,52.01
1894,920,D24HourMean,QuarterlyMean,Mean,14.63
1909,928,D24HourMean,QuarterlyMean,Mean,10.93
1880,898,D24HourMean,QuarterlyMean,Mean,32.50
1899,867,D24HourMean,QuarterlyMean,Mean,54.44
1893,914,D24HourMean,QuarterlyMean,Mean,15.19
1911,888,D24HourMean,QuarterlyMean,Mean,25.61
1885,907,D24HourMean,QuarterlyMean,Mean,21.56
1889,918,D24HourMean,QuarterlyMean,Mean,15.39
1902,928,D24HourMean,QuarterlyMean,Mean,15.39
1891,930,D24HourMean,QuarterlyMean,Mean,12.38
1892,885,D24HourMean,QuarterlyMean,Mean,47.29
1886,898,D24HourMean,QuarterlyMean,Mean,47.57
1890,914,D24HourMean,QuarterlyMean,Mean,15.31
1899,898,D24HourMean,QuarterlyMean,Mean,25.23
1906,890,D24HourMean,QuarterlyMean,Mean,26.15
1903,896,D24HourMean,QuarterlyMean,Mean,24.88
1898,867,D24HourMean,QuarterlyMean,Mean,55.84
1890,885,D24HourMean,QuarterlyMean,Mean,40.72
1893,917,D24HourMean,QuarterlyMean,Mean,14.70
1890,929,D24HourMean,QuarterlyMean,Mean,12.86
1887,891,D24HourMean,QuarterlyMean,Mean,37.30
1904,890,D24HourMean,QuarterlyMean,Mean,25.69
1885,917,D24HourMean,QuarterlyMean,Mean,15.49
1888,914,D24HourMean,QuarterlyMean,Mean,16.03
1893,915,D24HourMean,QuarterlyMean,Mean,15.01
1899,900,D24HourMean,QuarterlyMean,Mean,22.12
1892,891,D24HourMean,QuarterlyMean,Mean,30.11
1901,890,D24HourMean,QuarterlyMean,Mean,33.63
1909,913,D24HourMean,QuarterlyMean,Mean,13.46
1888,917,D24HourMean,QuarterlyMean,Mean,14.73
1905,877,D24HourMean,QuarterlyMean,Mean,26.96
1911,886,D24HourMean,QuarterlyMean,Mean,26.05
1902,867,D24HourMean,QuarterlyMean,Mean,50.04
1901,917,D24HourMean,QuarterlyMean,Mean,14.86
1901,866,D24HourMean,QuarterlyMean,Mean,52.28
1915,886,D24HourMean,QuarterlyMean,Mean,28.97
1898,881,D24HourMean,QuarterlyMean,Mean,39.65
1901,931,D24HourMean,QuarterlyMean,Mean,12.73
1885,918,D24HourMean,QuarterlyMean,Mean,14.96
1888,887,D24HourMean,QuarterlyMean,Mean,53.75
1879,898,D24HourMean,QuarterlyMean,Mean,32.92
1879,899,D24HourMean,QuarterlyMean,Mean,33.69
1897,916,D24HourMean,QuarterlyMean,Mean,15.29
1895,869,D24HourMean,QuarterlyMean,Mean,62.28
1913,887,D24HourMean,QuarterlyMean,Mean,24.57
1900,884,D24HourMean,QuarterlyMean,Mean,37.72
1891,889,D24HourMean,QuarterlyMean,Mean,32.10
1900,889,D24HourMean,QuarterlyMean,Mean,18.24
1884,903,D24HourMean,QuarterlyMean,Mean,26.26
1900,897,D24HourMean,QuarterlyMean,Mean,23.14
1889,901,D24HourMean,QuarterlyMean,Mean,25.21
1897,911,D24HourMean,QuarterlyMean,Mean,15.98
1886,914,D24HourMean,QuarterlyMean,Mean,16.05
1878,897,D24HourMean,QuarterlyMean,Mean,32.11
1901,872,D24HourMean,QuarterlyMean,Mean,48.54
1905,886,D24HourMean,QuarterlyMean,Mean,19.46
1907,896,D24HourMean,QuarterlyMean,Mean,23.18
1910,889,D24HourMean,QuarterlyMean,Mean,29.06
1881,893,D24HourMean,QuarterlyMean,Mean,36.07
1889,929,D24HourMean,QuarterlyMean,Mean,12.09
1884,925,D24HourMean,QuarterlyMean,Mean,12.80
1890,919,D24HourMean,QuarterlyMean,Mean,15.29
1892,895,D24HourMean,QuarterlyMean,Mean,30.45
1902,876,D24HourMean,QuarterlyMean,Mean,31.98
1885,906,D24HourMean,QuarterlyMean,Mean,21.52
1898,866,D24HourMean,QuarterlyMean,Mean,58.85
1892,927,D24HourMean,QuarterlyMean,Mean,12.80
1910,894,D24HourMean,QuarterlyMean,Mean,25.14
1885,888,D24HourMean,QuarterlyMean,Mean,50.36
1907,889,D24HourMean,QuarterlyMean,Mean,29.56
1903,921,D24HourMean,QuarterlyMean,Mean,14.22
1908,881,D24HourMean,QuarterlyMean,Mean,32.25
1890,895,D24HourMean,QuarterlyMean,Mean,32.72
1903,881,D24HourMean,QuarterlyMean,Mean,38.42
1901,920,D24HourMean,QuarterlyMean,Mean,14.35
1888,913,D24HourMean,QuarterlyMean,Mean,16.36
1891,881,D24HourMean,QuarterlyMean,Mean,43.73
1897,875,D24HourMean,QuarterlyMean,Mean,47.39
1886,909,D24HourMean,QuarterlyMean,Mean,18.56
1900,911,D24HourMean,QuarterlyMean,Mean,15.97
1886,923,D24HourMean,QuarterlyMean,Mean,14.68
1889,922,D24HourMean,QuarterlyMean,Mean,14.38
1908,928,D24HourMean,QuarterlyMean,Mean,10.84
1892,899,D24HourMean,QuarterlyMean,Mean,27.44
1902,917,D24HourMean,QuarterlyMean,Mean,14.98
1886,910,D24HourMean,QuarterlyMean,Mean,16.62
1891,926,D24HourMean,QuarterlyMean,Mean,13.62
1899,875,D24HourMean,QuarterlyMean,Mean,43.98
1880,897,D24HourMean,QuarterlyMean,Mean,33.15
1899,887,D24HourMean,QuarterlyMean,Mean,20.68
1904,915,D24HourMean,QuarterlyMean,Mean,15.01
1909,898,D24HourMean,QuarterlyMean,Mean,20.31
1909,897,D24HourMean,QuarterlyMean,Mean,22.50
1903,892,D24HourMean,QuarterlyMean,Mean,25.77
1910,897,D24HourMean,QuarterlyMean,Mean,21.69
1894,904,D24HourMean,QuarterlyMean,Mean,19.53
1898,885,D24HourMean,QuarterlyMean,Mean,23.87
1892,903,D24HourMean,QuarterlyMean,Mean,23.20
1885,922,D24HourMean,QuarterlyMean,Mean,13.93
1894,874,D24HourMean,QuarterlyMean,Mean,58.17
1900,920,D24HourMean,QuarterlyMean,Mean,13.95
1884,898,D24HourMean,QuarterlyMean,Mean,31.26
1890,910,D24HourMean,QuarterlyMean,Mean,16.23
1897,893,D24HourMean,QuarterlyMean,Mean,25.69
1888,892,D24HourMean,QuarterlyMean,Mean,37.39
1888,896,D24HourMean,QuarterlyMean,Mean,32.97
1900,928,D24HourMean,QuarterlyMean,Mean,13.47
1910,885,D24HourMean,QuarterlyMean,Mean,27.77
1893,889,D24HourMean,QuarterlyMean,Mean,34.28
1898,912,D24HourMean,QuarterlyMean,Mean,16.10
1899,890,D24HourMean,QuarterlyMean,Mean,30.23
1904,905,D24HourMean,QuarterlyMean,Mean,19.81
1899,877,D24HourMean,QuarterlyMean,Mean,40.67
1905,909,D24HourMean,QuarterlyMean,Mean,17.39
1883,896,D24HourMean,QuarterlyMean,Mean,38.89
1887,895,D24HourMean,QuarterlyMean,Mean,-4.77
1890,886,D24HourMean,QuarterlyMean,Mean,47.80
1910,916,D24HourMean,QuarterlyMean,Mean,12.65
1897,927,D24HourMean,QuarterlyMean,Mean,13.74
1902,924,D24HourMean,QuarterlyMean,Mean,13.52
1890,894,D24HourMean,QuarterlyMean,Mean,34.11
1900,899,D24HourMean,QuarterlyMean,Mean,24.39
1894,922,D24HourMean,QuarterlyMean,Mean,14.53
1896,882,D24HourMean,QuarterlyMean,Mean,41.36
1897,913,D24HourMean,QuarterlyMean,Mean,17.56
1903,918,D24HourMean,QuarterlyMean,Mean,14.73
1904,894,D24HourMean,QuarterlyMean,Mean,23.57
1892,878,D24HourMean,QuarterlyMean,Mean,49.21
1901,882,D24HourMean,QuarterlyMean,Mean,37.78
1897,898,D24HourMean,QuarterlyMean,Mean,26.57
1892,926,D24HourMean,QuarterlyMean,Mean,13.24
1897,882,D24HourMean,QuarterlyMean,Mean,41.70
1906,907,D24HourMean,QuarterlyMean,Mean,18.45
1907,917,D24HourMean,QuarterlyMean,Mean,13.86
1899,882,D24HourMean,QuarterlyMean,Mean,42.85
1900,870,D24HourMean,QuarterlyMean,Mean,50.56
1882,898,D24HourMean,QuarterlyMean,Mean,31.10
1897,918,D24HourMean,QuarterlyMean,Mean,13.50
1894,882,D24HourMean,QuarterlyMean,Mean,45.64
1905,887,D24HourMean,QuarterlyMean,Mean,30.86
1878,895,D24HourMean,QuarterlyMean,Mean,32.50
1891,911,D24HourMean,QuarterlyMean,Mean,16.13
1897,904,D24HourMean,QuarterlyMean,Mean,20.06
1908,908,D24HourMean,QuarterlyMean,Mean,16.53
1876,900,D24HourMean,QuarterlyMean,Mean,29.31
1896,907,D24HourMean,QuarterlyMean,Mean,18.97
1902,909,D24HourMean,QuarterlyMean,Mean,18.19
1910,895,D24HourMean,QuarterlyMean,Mean,22.40
1887,914,D24HourMean,QuarterlyMean,Mean,16.46
1910,891,D24HourMean,QuarterlyMean,Mean,22.47
1894,887,D24HourMean,QuarterlyMean,Mean,34.88
1890,927,D24HourMean,QuarterlyMean,Mean,13.62
1892,892,D24HourMean,QuarterlyMean,Mean,33.09
1889,926,D24HourMean,QuarterlyMean,Mean,13.79
1897,907,D24HourMean,QuarterlyMean,Mean,19.16
1891,885,D24HourMean,QuarterlyMean,Mean,40.23
1902,866,D24HourMean,QuarterlyMean,Mean,50.10
1894,879,D24HourMean,QuarterlyMean,Mean,44.89
1890,916,D24HourMean,QuarterlyMean,Mean,15.38
1896,931,D24HourMean,QuarterlyMean,Mean,12.60
1881,904,D24HourMean,QuarterlyMean,Mean,24.47
1887,918,D24HourMean,QuarterlyMean,Mean,15.01
1896,871,D24HourMean,QuarterlyMean,Mean,58.56
1902,927,D24HourMean,QuarterlyMean,Mean,15.00
1894,871,D24HourMean,QuarterlyMean,Mean,62.92
1909,893,D24HourMean,QuarterlyMean,Mean,23.57
1900,904,D24HourMean,QuarterlyMean,Mean,22.90
1886,919,D24HourMean,QuarterlyMean,Mean,15.09
1900,918,D24HourMean,QuarterlyMean,Mean,14.57
1890,892,D24HourMean,QuarterlyMean,Mean,35.58
1897,917,D24HourMean,QuarterlyMean,Mean,13.85
1891,904,D24HourMean,QuarterlyMean,Mean,21.72
1902,888,D24HourMean,QuarterlyMean,Mean,29.46
1894,918,D24HourMean,QuarterlyMean,Mean,14.29
1893,886,D24HourMean,QuarterlyMean,Mean,45.13
1902,911,D24HourMean,QuarterlyMean,Mean,16.35
1900,878,D24HourMean,QuarterlyMean,Mean,38.82
1888,928,D24HourMean,QuarterlyMean,Mean,11.85
1900,891,D24HourMean,QuarterlyMean,Mean,17.30
1910,913,D24HourMean,QuarterlyMean,Mean,13.33
1882,893,D24HourMean,QuarterlyMean,Mean,37.15
1900,908,D24HourMean,QuarterlyMean,Mean,19.22
1903,871,D24HourMean,QuarterlyMean,Mean,45.98
1892,894,D24HourMean,QuarterlyMean,Mean,31.14
1911,884,D24HourMean,QuarterlyMean,Mean,28.10
1893,883,D24HourMean,QuarterlyMean,Mean,40.39
1905,924,D24HourMean,QuarterlyMean,Mean,13.19
1888,908,D24HourMean,QuarterlyMean,Mean,19.68
1891,901,D24HourMean,QuarterlyMean,Mean,25.59
1885,885,D24HourMean,QuarterlyMean,Mean,47.26
1893,874,D24HourMean,QuarterlyMean,Mean,59.46
1894,921,D24HourMean,QuarterlyMean,Mean,15.33
1898,916,D24HourMean,QuarterlyMean,Mean,14.78
1886,899,D24HourMean,QuarterlyMean,Mean,40.71
1905,895,D24HourMean,QuarterlyMean,Mean,23.23
1898,915,D24HourMean,QuarterlyMean,Mean,15.64
1904,879,D24HourMean,QuarterlyMean,Mean,35.85
1896,919,D24HourMean,QuarterlyMean,Mean,14.24
1901,923,D24HourMean,QuarterlyMean,Mean,13.90
1897,884,D24HourMean,QuarterlyMean,Mean,38.85
1901,899,D24HourMean,QuarterlyMean,Mean,23.84
1900,924,D24HourMean,QuarterlyMean,Mean,14.70
1882,897,D24HourMean,QuarterlyMean,Mean,37.32
1908,897,D24HourMean,QuarterlyMean,Mean,22.40
1912,890,D24HourMean,QuarterlyMean,Mean,22.23
1903,882,D24HourMean,QuarterlyMean,Mean,38.15
1891,887,D24HourMean,QuarterlyMean,Mean,44.16
1909,929,D24HourMean,QuarterlyMean,Mean,10.82
1892,914,D24HourMean,QuarterlyMean,Mean,15.08
1910,910,D24HourMean,QuarterlyMean,Mean,14.56
1884,919,D24HourMean,QuarterlyMean,Mean,15.03
1895,900,D24HourMean,QuarterlyMean,Mean,25.77
1896,902,D24HourMean,QuarterlyMean,Mean,25.61
1914,884,D24HourMean,QuarterlyMean,Mean,26.46
1897,872,D24HourMean,QuarterlyMean,Mean,54.34
1897,890,D24HourMean,QuarterlyMean,Mean,31.01
1887,907,D24HourMean,QuarterlyMean,Mean,20.63
1896,916,D24HourMean,QuarterlyMean,Mean,14.98
1907,915,D24HourMean,QuarterlyMean,Mean,13.72
1895,897,D24HourMean,QuarterlyMean,Mean,31.35
1902,885,D24HourMean,QuarterlyMean,Mean,33.51
1889,890,D24HourMean,QuarterlyMean,Mean,39.23
1891,898,D24HourMean,QuarterlyMean,Mean,29.72
1899,865,D24HourMean,QuarterlyMean,Mean,72.65
1898,927,D24HourMean,QuarterlyMean,Mean,13.22
1905,884,D24HourMean,QuarterlyMean,Mean,32.89
1888,912,D24HourMean,QuarterlyMean,Mean,15.55
1880,895,D24HourMean,QuarterlyMean,Mean,33.75
1894,888,D24HourMean,QuarterlyMean,Mean,32.50
1906,883,D24HourMean,QuarterlyMean,Mean,34.73
1897,919,D24HourMean,QuarterlyMean,Mean,13.57
1910,883,D24HourMean,QuarterlyMean,Mean,28.68
1903,897,D24HourMean,QuarterlyMean,Mean,22.71
1897,922,D24HourMean,QuarterlyMean,Mean,14.73
1902,880,D24HourMean,QuarterlyMean,Mean,36.01
1903,889,D24HourMean,QuarterlyMean,Mean,28.27
1888,916,D24HourMean,QuarterlyMean,Mean,14.94
1906,896,D24HourMean,QuarterlyMean,Mean,24.50
1899,930,D24HourMean,QuarterlyMean,Mean,13.29
1890,900,D24HourMean,QuarterlyMean,Mean,23.79
1902,877,D24HourMean,QuarterlyMean,Mean,30.29
1892,921,D24HourMean,QuarterlyMean,Mean,15.44
1909,927,D24HourMean,QuarterlyMean,Mean,11.39
1896,883,D24HourMean,QuarterlyMean,Mean,40.33
1881,892,D24HourMean,QuarterlyMean,Mean,38.73
1897,865,D24HourMean,QuarterlyMean,Mean,59.53
1900,912,D24HourMean,QuarterlyMean,Mean,15.80
1895,910,D24HourMean,QuarterlyMean,Mean,16.75
1905,896,D24HourMean,QuarterlyMean,Mean,25.70
1881,896,D24HourMean,QuarterlyMean,Mean,33.67
1897,895,D24HourMean,QuarterlyMean,Mean,32.47
1903,870,D24HourMean,QuarterlyMean,Mean,45.65
1889,915,D24HourMean,QuarterlyMean,Mean,16.05
1904,913,D24HourMean,QuarterlyMean,Mean,15.90
1896,868,D24HourMean,QuarterlyMean,Mean,61.51
1891,899,D24HourMean,QuarterlyMean,Mean,33.52
1893,913,D24HourMean,QuarterlyMean,Mean,14.78
1897,887,D24HourMean,QuarterlyMean,Mean,30.04
1898,871,D24HourMean,QuarterlyMean,Mean,52.26
1898,864,D24HourMean,QuarterlyMean,Mean,58.99
1896,894,D24HourMean,QuarterlyMean,Mean,16.71
1909,890,D24HourMean,QuarterlyMean,Mean,23.47
1891,886,D24HourMean,QuarterlyMean,Mean,44.62
1897,868,D24HourMean,QuarterlyMean,Mean,60.22
1890,911,D24HourMean,QuarterlyMean,Mean,15.75
1889,910,D24HourMean,QuarterlyMean,Mean,16.38
1911,928,D24HourMean,QuarterlyMean,Mean,11.11
1887,894,D24HourMean,QuarterlyMean,Mean,36.47
1894,924,D24HourMean,QuarterlyMean,Mean,14.00
1911,893,D24HourMean,QuarterlyMean,Mean,23.58
1908,882,D24HourMean,QuarterlyMean,Mean,28.52
1890,899,D24HourMean,QuarterlyMean,Mean,27.07
1903,923,D24HourMean,QuarterlyMean,Mean,13.84
1893,898,D24HourMean,QuarterlyMean,Mean,27.17
1884,899,D24HourMean,QuarterlyMean,Mean,39.06
1914,886,D24HourMean,QuarterlyMean,Mean,27.01
1896,918,D24HourMean,QuarterlyMean,Mean,14.24
1896,896,D24HourMean,QuarterlyMean,Mean,31.85
1900,910,D24HourMean,QuarterlyMean,Mean,16.48
1885,893,D24HourMean,QuarterlyMean,Mean,36.79
1889,882,D24HourMean,QuarterlyMean,Mean,45.28
1895,917,D24HourMean,QuarterlyMean,Mean,14.43
1904,912,D24HourMean,QuarterlyMean,Mean,15.44
1907,895,D24HourMean,QuarterlyMean,Mean,23.87
1908,915,D24HourMean,QuarterlyMean,Mean,13.46
1891,908,D24HourMean,QuarterlyMean,Mean,20.14
1893,880,D24HourMean,QuarterlyMean,Mean,49.62
1899,866,D24HourMean,QuarterlyMean,Mean,57.28
1886,894,D24HourMean,QuarterlyMean,Mean,35.97
1899,879,D24HourMean,QuarterlyMean,Mean,28.56
1904,886,D24HourMean,QuarterlyMean,Mean,32.61
1911,906,D24HourMean,QuarterlyMean,Mean,16.19
1902,868,D24HourMean,QuarterlyMean,Mean,49.83
1908,886,D24HourMean,QuarterlyMean,Mean,28.72
1887,927,D24HourMean,QuarterlyMean,Mean,12.67
1888,921,D24HourMean,QuarterlyMean,Mean,14.78
1904,904,D24HourMean,QuarterlyMean,Mean,21.86
1896,899,D24HourMean,QuarterlyMean,Mean,26.51
1905,919,D24HourMean,QuarterlyMean,Mean,13.84
1896,909,D24HourMean,QuarterlyMean,Mean,18.41
1899,872,D24HourMean,QuarterlyMean,Mean,49.52
1902,886,D24HourMean,QuarterlyMean,Mean,32.26
1901,929,D24HourMean,QuarterlyMean,Mean,14.22
1899,880,D24HourMean,QuarterlyMean,Mean,38.22
1896,913,D24HourMean,QuarterlyMean,Mean,15.82
1887,906,D24HourMean,QuarterlyMean,Mean,21.70
1894,872,D24HourMean,QuarterlyMean,Mean,61.80
1897,905,D24HourMean,QuarterlyMean,Mean,19.18
1887,912,D24HourMean,QuarterlyMean,Mean,15.52
1884,900,D24HourMean,QuarterlyMean,Mean,33.09
1898,887,D24HourMean,QuarterlyMean,Mean,20.97
1888,925,D24HourMean,QuarterlyMean,Mean,13.45
1891,891,D24HourMean,QuarterlyMean,Mean,35.73
1895,885,D24HourMean,QuarterlyMean,Mean,35.53
1911,891,D24HourMean,QuarterlyMean,Mean,22.26
1907,911,D24HourMean,QuarterlyMean,Mean,14.17
1911,895,D24HourMean,QuarterlyMean,Mean,21.75
1897,867,D24HourMean,QuarterlyMean,Mean,57.96
1901,918,D24HourMean,QuarterlyMean,Mean,14.78
1906,912,D24HourMean,QuarterlyMean,Mean,14.77
1915,891,D24HourMean,QuarterlyMean,Mean,24.95
1901,932,D24HourMean,QuarterlyMean,Mean,12.15
1910,911,D24HourMean,QuarterlyMean,Mean,13.75
1886,912,D24HourMean,QuarterlyMean,Mean,15.64
1898,892,D24HourMean,QuarterlyMean,Mean,17.28
1906,886,D24HourMean,QuarterlyMean,Mean,18.73
1894,870,D24HourMean,QuarterlyMean,Mean,69.08
1900,880,D24HourMean,QuarterlyMean,Mean,35.81
1891,913,D24HourMean,QuarterlyMean,Mean,15.36
1899,864,D24HourMean,QuarterlyMean,Mean,57.22
1892,890,D24HourMean,QuarterlyMean,Mean,30.95
1887,898,D24HourMean,QuarterlyMean,Mean,30.05
1902,892,D24HourMean,QuarterlyMean,Mean,25.90
1905,926,D24HourMean,QuarterlyMean,Mean,12.79
1903,908,D24HourMean,QuarterlyMean,Mean,17.60
1891,903,D24HourMean,QuarterlyMean,Mean,24.00
1897,885,D24HourMean,QuarterlyMean,Mean,35.39
1908,916,D24HourMean,QuarterlyMean,Mean,13.56
1892,909,D24HourMean,QuarterlyMean,Mean,19.61
1901,881,D24HourMean,QuarterlyMean,Mean,38.50
1891,922,D24HourMean,QuarterlyMean,Mean,13.70
1895,887,D24HourMean,QuarterlyMean,Mean,32.24
1889,883,D24HourMean,QuarterlyMean,Mean,52.04
1877,896,D24HourMean,QuarterlyMean,Mean,30.72
1896,912,D24HourMean,QuarterlyMean,Mean,17.08
1892,918,D24HourMean,QuarterlyMean,Mean,15.10
1903,922,D24HourMean,QuarterlyMean,Mean,13.55
1902,922,D24HourMean,QuarterlyMean,Mean,13.82
1896,930,D24HourMean,QuarterlyMean,Mean,12.59
1913,886,D24HourMean,QuarterlyMean,Mean,25.75
1901,895,D24HourMean,QuarterlyMean,Mean,22.88
1913,891,D24HourMean,QuarterlyMean,Mean,23.96
1892,904,D24HourMean,QuarterlyMean,Mean,21.62
1895,925,D24HourMean,QuarterlyMean,Mean,14.22
1898,875,D24HourMean,QuarterlyMean,Mean,45.35
1898,911,D24HourMean,QuarterlyMean,Mean,15.87
1895,889,D24HourMean,QuarterlyMean,Mean,32.38
1895,884,D24HourMean,QuarterlyMean,Mean,38.29
1899,906,D24HourMean,QuarterlyMean,Mean,20.08
1893,896,D24HourMean,QuarterlyMean,Mean,29.86
1910,914,D24HourMean,QuarterlyMean,Mean,13.56
1878,899,D24HourMean,QuarterlyMean,Mean,32.03
1885,896,D24HourMean,QuarterlyMean,Mean,-4.72
1913,890,D24HourMean,QuarterlyMean,Mean,23.50
1891,893,D24HourMean,QuarterlyMean,Mean,33.47
1896,922,D24HourMean,QuarterlyMean,Mean,14.48
1893,900,D24HourMean,QuarterlyMean,Mean,26.27
1903,925,D24HourMean,QuarterlyMean,Mean,13.62
1890,926,D24HourMean,QuarterlyMean,Mean,13.67
1893,918,D24HourMean,QuarterlyMean,Mean,14.42
1895,868,D24HourMean,QuarterlyMean,Mean,62.34
1899,920,D24HourMean,QuarterlyMean,Mean,14.05
1896,889,D24HourMean,QuarterlyMean,Mean,32.35
1904,888,D24HourMean,QuarterlyMean,Mean,31.03
1879,895,D24HourMean,QuarterlyMean,Mean,32.82
1888,919,D24HourMean,QuarterlyMean,Mean,15.24
1894,890,D24HourMean,QuarterlyMean,Mean,29.47
1887,916,D24HourMean,QuarterlyMean,Mean,16.64
1892,910,D24HourMean,QuarterlyMean,Mean,16.80
1897,932,D24HourMean,QuarterlyMean,Mean,12.84
1885,927,D24HourMean,QuarterlyMean,Mean,12.89
1899,923,D24HourMean,QuarterlyMean,Mean,14.83
1893,906,D24HourMean,QuarterlyMean,Mean,19.51
1898,926,D24HourMean,QuarterlyMean,Mean,14.30
1890,920,D24HourMean,QuarterlyMean,Mean,15.51
1899,915,D24HourMean,QuarterlyMean,Mean,15.66
1897,903,D24HourMean,QuarterlyMean,Mean,21.99
1916,884,D24HourMean,QuarterlyMean,Mean,30.03
1881,902,D24HourMean,QuarterlyMean,Mean,27.42
1884,891,D24HourMean,QuarterlyMean,Mean,37.56
1897,896,D24HourMean,QuarterlyMean,Mean,30.25
1903,916,D24HourMean,QuarterlyMean,Mean,15.11
1910,930,D24HourMean,QuarterlyMean,Mean,10.46
1902,904,D24HourMean,QuarterlyMean,Mean,19.84
1891,919,D24HourMean,QuarterlyMean,Mean,14.95
1892,930,D24HourMean,QuarterlyMean,Mean,11.75
1898,877,D24HourMean,QuarterlyMean,Mean,43.17
1890,882,D24HourMean,QuarterlyMean,Mean,45.97
1901,893,D24HourMean,QuarterlyMean,Mean,24.85
1910,890,D24HourMean,QuarterlyMean,Mean,22.45
1905,892,D24HourMean,QuarterlyMean,Mean,24.88
1889,904,D24HourMean,QuarterlyMean,Mean,23.31
1886,892,D24HourMean,QuarterlyMean,Mean,36.62
1891,902,D24HourMean,QuarterlyMean,Mean,25.28
1883,905,D24HourMean,QuarterlyMean,Mean,23.92
1907,893,D24HourMean,QuarterlyMean,Mean,21.48
1886,924,D24HourMean,QuarterlyMean,Mean,14.00
1894,881,D24HourMean,QuarterlyMean,Mean,45.79
1898,895,D24HourMean,QuarterlyMean,Mean,24.77
1895,914,D24HourMean,QuarterlyMean,Mean,15.36
1913,889,D24HourMean,QuarterlyMean,Mean,25.33
1889,927,D24HourMean,QuarterlyMean,Mean,13.24
1895,921,D24HourMean,QuarterlyMean,Mean,15.31
1900,898,D24HourMean,QuarterlyMean,Mean,24.77
1902,881,D24HourMean,QuarterlyMean,Mean,37.34
1885,913,D24HourMean,QuarterlyMean,Mean,15.67
1889,916,D24HourMean,QuarterlyMean,Mean,15.59
1895,906,D24HourMean,QuarterlyMean,Mean,18.82
1911,912,D24HourMean,QuarterlyMean,Mean,14.27
1897,873,D24HourMean,QuarterlyMean,Mean,50.24
1898,931,D24HourMean,QuarterlyMean,Mean,13.18
1899,927,D24HourMean,QuarterlyMean,Mean,13.57
1898,876,D24HourMean,QuarterlyMean,Mean,45.08
1902,908,D24HourMean,QuarterlyMean,Mean,18.25
1889,925,D24HourMean,QuarterlyMean,Mean,13.64
1914,891,D24HourMean,QuarterlyMean,Mean,23.58
1902,875,D24HourMean,QuarterlyMean,Mean,33.70
1887,917,D24HourMean,QuarterlyMean,Mean,15.04
1893,881,D24HourMean,QuarterlyMean,Mean,49.48
1911,929,D24HourMean,QuarterlyMean,Mean,10.84
1904,910,D24HourMean,QuarterlyMean,Mean,16.26
1904,896,D24HourMean,QuarterlyMean,Mean,24.17
1882,894,D24HourMean,QuarterlyMean,Mean,36.52
1907,926,D24HourMean,QuarterlyMean,Mean,12.14
1889,908,D24HourMean,QuarterlyMean,Mean,20.61
1909,883,D24HourMean,QuarterlyMean,Mean,28.71
1900,895,D24HourMean,QuarterlyMean,Mean,23.44
1892,889,D24HourMean,QuarterlyMean,Mean,34.00
1893,885,D24HourMean,QuarterlyMean,Mean,40.30
1902,923,D24HourMean,QuarterlyMean,Mean,13.85
