Column,Row,Metric,Seasonal Metric,Annual Metric,Values
2051,1116,D24HourMean,QuarterlyMean,Mean,8.02
2033,1108,D24HourMean,QuarterlyMean,Mean,8.54
2013,1121,D24HourMean,QuarterlyMean,Mean,8.94
2015,1120,D24HourMean,QuarterlyMean,Mean,8.57
2026,1116,D24HourMean,QuarterlyMean,Mean,7.58
2038,1106,D24HourMean,QuarterlyMean,Mean,7.75
2023,1122,D24HourMean,QuarterlyMean,Mean,8.35
2056,1120,D24HourMean,QuarterlyMean,Mean,7.25
2043,1099,D24HourMean,QuarterlyMean,Mean,8.31
2025,1123,D24HourMean,QuarterlyMean,Mean,8.39
2062,1117,D24HourMean,QuarterlyMean,Mean,7.53
2060,1113,D24HourMean,QuarterlyMean,Mean,7.95
2049,1104,D24HourMean,QuarterlyMean,Mean,8.25
2052,1111,D24HourMean,QuarterlyMean,Mean,7.81
2038,1102,D24HourMean,QuarterlyMean,Mean,7.50
2038,1100,D24HourMean,QuarterlyMean,Mean,7.87
2023,1123,D24HourMean,QuarterlyMean,Mean,8.44
2042,1105,D24HourMean,QuarterlyMean,Mean,7.95
2046,1121,D24HourMean,QuarterlyMean,Mean,8.07
2050,1114,D24HourMean,QuarterlyMean,Mean,8.18
2051,1119,D24HourMean,QuarterlyMean,Mean,7.52
2033,1120,D24HourMean,QuarterlyMean,Mean,7.78
2036,1114,D24HourMean,QuarterlyMean,Mean,8.10
2023,1115,D24HourMean,QuarterlyMean,Mean,7.54
2025,1118,D24HourMean,QuarterlyMean,Mean,7.79
2064,1112,D24HourMean,QuarterlyMean,Mean,7.72
2019,1113,D24HourMean,QuarterlyMean,Mean,7.85
2018,1122,D24HourMean,QuarterlyMean,Mean,8.24
2028,1111,D24HourMean,QuarterlyMean,Mean,8.66
2034,1123,D24HourMean,QuarterlyMean,Mean,8.08
2045,1103,D24HourMean,QuarterlyMean,Mean,7.44
2041,1112,D24HourMean,QuarterlyMean,Mean,8.57
2053,1112,D24HourMean,QuarterlyMean,Mean,8.18
2053,1120,D24HourMean,QuarterlyMean,Mean,7.54
2030,1111,D24HourMean,QuarterlyMean,Mean,8.39
2044,1122,D24HourMean,QuarterlyMean,Mean,8.05
2026,1123,D24HourMean,QuarterlyMean,Mean,8.32
2046,1105,D24HourMean,QuarterlyMean,Mean,7.35
2030,1104,D24HourMean,QuarterlyMean,Mean,7.91
2047,1118,D24HourMean,QuarterlyMean,Mean,7.68
2055,1109,D24HourMean,QuarterlyMean,Mean,8.06
2038,1119,D24HourMean,QuarterlyMean,Mean,7.74
2021,1118,D24HourMean,QuarterlyMean,Mean,7.94
2036,1103,D24HourMean,QuarterlyMean,Mean,7.66
2029,1112,D24HourMean,QuarterlyMean,Mean,8.26
2033,1119,D24HourMean,QuarterlyMean,Mean,7.87
2045,1104,D24HourMean,QuarterlyMean,Mean,7.51
2061,1112,D24HourMean,QuarterlyMean,Mean,8.00
2041,1117,D24HourMean,QuarterlyMean,Mean,7.87
2046,1101,D24HourMean,QuarterlyMean,Mean,7.86
2036,1119,D24HourMean,QuarterlyMean,Mean,7.64
2059,1112,D24HourMean,QuarterlyMean,Mean,7.87
2052,1110,D24HourMean,QuarterlyMean,Mean,7.71
2033,1117,D24HourMean,QuarterlyMean,Mean,7.47
2032,1119,D24HourMean,QuarterlyMean,Mean,7.76
2054,1113,D24HourMean,QuarterlyMean,Mean,7.95
2051,1109,D24HourMean,QuarterlyMean,Mean,8.29
2039,1117,D24HourMean,QuarterlyMean,Mean,7.81
2028,1113,D24HourMean,QuarterlyMean,Mean,7.68
2029,1114,D24HourMean,QuarterlyMean,Mean,7.52
2035,1104,D24HourMean,QuarterlyMean,Mean,8.21
2035,1113,D24HourMean,QuarterlyMean,Mean,7.89
2055,1103,D24HourMean,QuarterlyMean,Mean,7.71
2055,1110,D24HourMean,QuarterlyMean,Mean,7.76
2034,1111,D24HourMean,QuarterlyMean,Mean,7.88
2052,1104,D24HourMean,QuarterlyMean,Mean,8.20
2039,1109,D24HourMean,QuarterlyMean,Mean,9.83
2044,1116,D24HourMean,QuarterlyMean,Mean,8.17
2039,1104,D24HourMean,QuarterlyMean,Mean,8.23
2038,1101,D24HourMean,QuarterlyMean,Mean,7.60
2057,1118,D24HourMean,QuarterlyMean,Mean,7.41
2044,1109,D24HourMean,QuarterlyMean,Mean,8.34
2057,1117,D24HourMean,QuarterlyMean,Mean,7.44
2032,1118,D24HourMean,QuarterlyMean,Mean,7.55
2041,1121,D24HourMean,QuarterlyMean,Mean,7.98
2061,1114,D24HourMean,QuarterlyMean,Mean,7.95
2042,1103,D24HourMean,QuarterlyMean,Mean,7.61
2043,1114,D24HourMean,QuarterlyMean,Mean,8.33
2049,1116,D24HourMean,QuarterlyMean,Mean,7.95
2066,1115,D24HourMean,QuarterlyMean,Mean,7.37
2057,1113,D24HourMean,QuarterlyMean,Mean,7.99
2024,1118,D24HourMean,QuarterlyMean,Mean,7.67
2036,1104,D24HourMean,QuarterlyMean,Mean,8.10
2026,1114,D24HourMean,QuarterlyMean,Mean,7.67
2066,1116,D24HourMean,QuarterlyMean,Mean,7.24
2028,1122,D24HourMean,QuarterlyMean,Mean,8.20
2032,1121,D24HourMean,QuarterlyMean,Mean,7.63
2062,1118,D24HourMean,QuarterlyMean,Mean,7.46
2037,1113,D24HourMean,QuarterlyMean,Mean,7.99
2050,1119,D24HourMean,QuarterlyMean,Mean,7.52
2041,1120,D24HourMean,QuarterlyMean,Mean,8.28
2037,1099,D24HourMean,QuarterlyMean,Mean,8.69
2063,1117,D24HourMean,QuarterlyMean,Mean,7.47
2032,1106,D24HourMean,QuarterlyMean,Mean,7.87
2020,1113,D24HourMean,QuarterlyMean,Mean,7.92
2022,1122,D24HourMean,QuarterlyMean,Mean,8.37
2063,1114,D24HourMean,QuarterlyMean,Mean,7.77
2039,1114,D24HourMean,QuarterlyMean,Mean,8.25
2049,1107,D24HourMean,QuarterlyMean,Mean,8.20
2054,1115,D24HourMean,QuarterlyMean,Mean,7.95
2062,1116,D24HourMean,QuarterlyMean,Mean,7.73
2060,1118,D24HourMean,QuarterlyMean,Mean,7.44
2043,1117,D24HourMean,QuarterlyMean,Mean,8.19
2045,1115,D24HourMean,QuarterlyMean,Mean,8.15
2053,1111,D24HourMean,QuarterlyMean,Mean,7.75
2036,1099,D24HourMean,QuarterlyMean,Mean,9.04
2020,1111,D24HourMean,QuarterlyMean,Mean,8.30
2055,1111,D24HourMean,QuarterlyMean,Mean,7.86
2050,1116,D24HourMean,QuarterlyMean,Mean,7.88
2032,1108,D24HourMean,QuarterlyMean,Mean,8.62
2015,1118,D24HourMean,QuarterlyMean,Mean,8.55
2017,1115,D24HourMean,QuarterlyMean,Mean,8.16
2055,1104,D24HourMean,QuarterlyMean,Mean,7.96
2045,1107,D24HourMean,QuarterlyMean,Mean,7.72
2029,1117,D24HourMean,QuarterlyMean,Mean,7.64
2043,1119,D24HourMean,QuarterlyMean,Mean,8.22
2048,1123,D24HourMean,QuarterlyMean,Mean,7.72
2030,1114,D24HourMean,QuarterlyMean,Mean,7.64
2051,1115,D24HourMean,QuarterlyMean,Mean,8.23
2049,1106,D24HourMean,QuarterlyMean,Mean,8.14
2040,1104,D24HourMean,QuarterlyMean,Mean,8.38
2015,1113,D24HourMean,QuarterlyMean,Mean,8.04
2056,1121,D24HourMean,QuarterlyMean,Mean,7.23
2031,1121,D24HourMean,QuarterlyMean,Mean,7.79
2055,1115,D24HourMean,QuarterlyMean,Mean,8.13
2044,1115,D24HourMean,QuarterlyMean,Mean,8.10
2027,1116,D24HourMean,QuarterlyMean,Mean,7.53
2030,1116,D24HourMean,QuarterlyMean,Mean,7.66
2019,1119,D24HourMean,QuarterlyMean,Mean,8.15
2058,1117,D24HourMean,QuarterlyMean,Mean,7.53
2056,1117,D24HourMean,QuarterlyMean,Mean,7.46
2031,1103,D24HourMean,QuarterlyMean,Mean,7.97
2027,1123,D24HourMean,QuarterlyMean,Mean,8.42
2023,1114,D24HourMean,QuarterlyMean,Mean,7.60
2036,1117,D24HourMean,QuarterlyMean,Mean,7.64
2049,1112,D24HourMean,QuarterlyMean,Mean,8.23
2056,1118,D24HourMean,QuarterlyMean,Mean,7.39
2056,1108,D24HourMean,QuarterlyMean,Mean,8.40
2059,1113,D24HourMean,QuarterlyMean,Mean,7.81
2041,1109,D24HourMean,QuarterlyMean,Mean,9.54
2061,1117,D24HourMean,QuarterlyMean,Mean,7.54
2035,1112,D24HourMean,QuarterlyMean,Mean,8.02
2045,1106,D24HourMean,QuarterlyMean,Mean,7.48
2018,1120,D24HourMean,QuarterlyMean,Mean,8.16
2033,1109,D24HourMean,QuarterlyMean,Mean,8.88
2041,1116,D24HourMean,QuarterlyMean,Mean,8.09
2034,1122,D24HourMean,QuarterlyMean,Mean,7.88
2052,1116,D24HourMean,QuarterlyMean,Mean,8.09
2044,1101,D24HourMean,QuarterlyMean,Mean,7.82
2049,1119,D24HourMean,QuarterlyMean,Mean,7.50
2036,1113,D24HourMean,QuarterlyMean,Mean,7.93
2036,1112,D24HourMean,QuarterlyMean,Mean,7.98
2051,1103,D24HourMean,QuarterlyMean,Mean,8.45
2035,1121,D24HourMean,QuarterlyMean,Mean,7.65
2026,1111,D24HourMean,QuarterlyMean,Mean,7.99
2017,1112,D24HourMean,QuarterlyMean,Mean,8.02
2015,1121,D24HourMean,QuarterlyMean,Mean,8.72
2024,1113,D24HourMean,QuarterlyMean,Mean,7.87
2044,1105,D24HourMean,QuarterlyMean,Mean,7.30
2039,1108,D24HourMean,QuarterlyMean,Mean,9.30
2033,1106,D24HourMean,QuarterlyMean,Mean,7.87
2056,1112,D24HourMean,QuarterlyMean,Mean,7.94
2032,1104,D24HourMean,QuarterlyMean,Mean,7.97
2032,1114,D24HourMean,QuarterlyMean,Mean,7.66
2047,1122,D24HourMean,QuarterlyMean,Mean,7.95
2038,1117,D24HourMean,QuarterlyMean,Mean,7.74
2027,1120,D24HourMean,QuarterlyMean,Mean,8.12
2055,1118,D24HourMean,QuarterlyMean,Mean,7.46
2044,1110,D24HourMean,QuarterlyMean,Mean,8.04
2058,1107,D24HourMean,QuarterlyMean,Mean,8.37
2062,1110,D24HourMean,QuarterlyMean,Mean,7.88
2055,1114,D24HourMean,QuarterlyMean,Mean,8.14
2037,1111,D24HourMean,QuarterlyMean,Mean,7.97
2035,1120,D24HourMean,QuarterlyMean,Mean,7.78
2034,1120,D24HourMean,QuarterlyMean,Mean,7.79
2050,1103,D24HourMean,QuarterlyMean,Mean,8.19
2021,1119,D24HourMean,QuarterlyMean,Mean,8.03
2041,1114,D24HourMean,QuarterlyMean,Mean,8.22
2044,1118,D24HourMean,QuarterlyMean,Mean,8.17
2041,1118,D24HourMean,QuarterlyMean,Mean,8.01
2057,1107,D24HourMean,QuarterlyMean,Mean,8.35
2060,1114,D24HourMean,QuarterlyMean,Mean,7.93
2057,1109,D24HourMean,QuarterlyMean,Mean,8.45
2029,1109,D24HourMean,QuarterlyMean,Mean,8.65
2019,1114,D24HourMean,QuarterlyMean,Mean,7.92
2060,1119,D24HourMean,QuarterlyMean,Mean,7.27
2049,1110,D24HourMean,QuarterlyMean,Mean,8.15
2055,1107,D24HourMean,QuarterlyMean,Mean,8.40
2054,1121,D24HourMean,QuarterlyMean,Mean,7.57
2058,1113,D24HourMean,QuarterlyMean,Mean,7.80
2034,1119,D24HourMean,QuarterlyMean,Mean,7.89
2038,1123,D24HourMean,QuarterlyMean,Mean,8.10
2040,1110,D24HourMean,QuarterlyMean,Mean,8.70
2027,1119,D24HourMean,QuarterlyMean,Mean,7.88
2038,1112,D24HourMean,QuarterlyMean,Mean,7.84
2018,1116,D24HourMean,QuarterlyMean,Mean,7.98
2051,1101,D24HourMean,QuarterlyMean,Mean,8.06
2044,1108,D24HourMean,QuarterlyMean,Mean,8.24
2031,1120,D24HourMean,QuarterlyMean,Mean,7.78
2054,1111,D24HourMean,QuarterlyMean,Mean,7.86
2056,1116,D24HourMean,QuarterlyMean,Mean,7.53
2034,1102,D24HourMean,QuarterlyMean,Mean,7.40
2021,1115,D24HourMean,QuarterlyMean,Mean,7.79
2050,1122,D24HourMean,QuarterlyMean,Mean,7.45
2020,1123,D24HourMean,QuarterlyMean,Mean,8.15
2059,1119,D24HourMean,QuarterlyMean,Mean,7.13
2033,1123,D24HourMean,QuarterlyMean,Mean,8.06
2033,1111,D24HourMean,QuarterlyMean,Mean,8.32
2057,1112,D24HourMean,QuarterlyMean,Mean,7.96
2063,1116,D24HourMean,QuarterlyMean,Mean,7.84
2029,1118,D24HourMean,QuarterlyMean,Mean,7.85
2062,1115,D24HourMean,QuarterlyMean,Mean,7.71
2043,1116,D24HourMean,QuarterlyMean,Mean,8.33
2058,1110,D24HourMean,QuarterlyMean,Mean,7.76
2040,1106,D24HourMean,QuarterlyMean,Mean,7.72
2042,1118,D24HourMean,QuarterlyMean,Mean,8.05
2026,1121,D24HourMean,QuarterlyMean,Mean,8.27
2034,1115,D24HourMean,QuarterlyMean,Mean,7.75
2059,1116,D24HourMean,QuarterlyMean,Mean,7.56
2015,1116,D24HourMean,QuarterlyMean,Mean,8.49
2040,1118,D24HourMean,QuarterlyMean,Mean,7.88
2046,1115,D24HourMean,QuarterlyMean,Mean,8.08
2060,1115,D24HourMean,QuarterlyMean,Mean,7.68
2050,1106,D24HourMean,QuarterlyMean,Mean,8.15
2016,1114,D24HourMean,QuarterlyMean,Mean,8.14
2053,1121,D24HourMean,QuarterlyMean,Mean,7.43
2018,1111,D24HourMean,QuarterlyMean,Mean,7.90
2030,1107,D24HourMean,QuarterlyMean,Mean,8.25
2027,1121,D24HourMean,QuarterlyMean,Mean,8.27
2028,1119,D24HourMean,QuarterlyMean,Mean,7.90
2030,1105,D24HourMean,QuarterlyMean,Mean,8.30
2019,1111,D24HourMean,QuarterlyMean,Mean,8.06
2050,1108,D24HourMean,QuarterlyMean,Mean,8.42
2041,1110,D24HourMean,QuarterlyMean,Mean,8.51
2019,1121,D24HourMean,QuarterlyMean,Mean,7.91
2034,1121,D24HourMean,QuarterlyMean,Mean,7.60
2055,1112,D24HourMean,QuarterlyMean,Mean,8.03
2036,1108,D24HourMean,QuarterlyMean,Mean,8.01
2061,1116,D24HourMean,QuarterlyMean,Mean,7.75
2052,1112,D24HourMean,QuarterlyMean,Mean,7.94
2035,1106,D24HourMean,QuarterlyMean,Mean,7.85
2033,1112,D24HourMean,QuarterlyMean,Mean,8.23
2029,1104,D24HourMean,QuarterlyMean,Mean,8.14
2035,1119,D24HourMean,QuarterlyMean,Mean,7.78
2014,1121,D24HourMean,QuarterlyMean,Mean,8.98
2041,1111,D24HourMean,QuarterlyMean,Mean,8.40
2028,1117,D24HourMean,QuarterlyMean,Mean,7.60
2037,1107,D24HourMean,QuarterlyMean,Mean,8.01
2037,1102,D24HourMean,QuarterlyMean,Mean,7.59
2044,1107,D24HourMean,QuarterlyMean,Mean,7.79
2032,1120,D24HourMean,QuarterlyMean,Mean,7.67
2054,1118,D24HourMean,QuarterlyMean,Mean,7.35
2046,1104,D24HourMean,QuarterlyMean,Mean,7.48
2043,1115,D24HourMean,QuarterlyMean,Mean,8.15
2057,1110,D24HourMean,QuarterlyMean,Mean,7.65
2022,1116,D24HourMean,QuarterlyMean,Mean,7.91
2064,1116,D24HourMean,QuarterlyMean,Mean,7.54
2040,1108,D24HourMean,QuarterlyMean,Mean,9.68
2048,1104,D24HourMean,QuarterlyMean,Mean,8.21
2032,1117,D24HourMean,QuarterlyMean,Mean,7.47
2047,1100,D24HourMean,QuarterlyMean,Mean,7.94
2048,1120,D24HourMean,QuarterlyMean,Mean,7.57
2041,1115,D24HourMean,QuarterlyMean,Mean,8.42
2039,1107,D24HourMean,QuarterlyMean,Mean,8.42
2036,1121,D24HourMean,QuarterlyMean,Mean,7.70
2044,1104,D24HourMean,QuarterlyMean,Mean,7.43
2027,1118,D24HourMean,QuarterlyMean,Mean,7.72
2055,1116,D24HourMean,QuarterlyMean,Mean,7.76
2013,1115,D24HourMean,QuarterlyMean,Mean,8.84
2053,1108,D24HourMean,QuarterlyMean,Mean,8.20
2049,1111,D24HourMean,QuarterlyMean,Mean,7.93
2053,1110,D24HourMean,QuarterlyMean,Mean,7.86
2060,1109,D24HourMean,QuarterlyMean,Mean,8.28
2040,1120,D24HourMean,QuarterlyMean,Mean,8.19
2023,1113,D24HourMean,QuarterlyMean,Mean,7.99
2029,1105,D24HourMean,QuarterlyMean,Mean,8.28
2014,1113,D24HourMean,QuarterlyMean,Mean,8.19
2051,1113,D24HourMean,QuarterlyMean,Mean,7.99
2064,1113,D24HourMean,QuarterlyMean,Mean,7.54
2045,1121,D24HourMean,QuarterlyMean,Mean,8.19
2058,1114,D24HourMean,QuarterlyMean,Mean,7.90
2047,1119,D24HourMean,QuarterlyMean,Mean,7.70
2048,1108,D24HourMean,QuarterlyMean,Mean,8.24
2026,1112,D24HourMean,QuarterlyMean,Mean,7.97
2055,1121,D24HourMean,QuarterlyMean,Mean,7.41
2032,1115,D24HourMean,QuarterlyMean,Mean,7.45
2032,1111,D24HourMean,QuarterlyMean,Mean,8.30
2054,1105,D24HourMean,QuarterlyMean,Mean,7.63
2051,1108,D24HourMean,QuarterlyMean,Mean,8.40
2032,1105,D24HourMean,QuarterlyMean,Mean,8.22
2013,1117,D24HourMean,QuarterlyMean,Mean,9.06
2025,1114,D24HourMean,QuarterlyMean,Mean,7.71
2026,1122,D24HourMean,QuarterlyMean,Mean,8.36
2034,1109,D24HourMean,QuarterlyMean,Mean,8.76
2042,1101,D24HourMean,QuarterlyMean,Mean,7.87
2050,1102,D24HourMean,QuarterlyMean,Mean,7.94
2041,1101,D24HourMean,QuarterlyMean,Mean,8.00
2052,1114,D24HourMean,QuarterlyMean,Mean,8.06
2039,1099,D24HourMean,QuarterlyMean,Mean,8.59
2030,1108,D24HourMean,QuarterlyMean,Mean,8.27
2036,1101,D24HourMean,QuarterlyMean,Mean,7.75
2038,1120,D24HourMean,QuarterlyMean,Mean,7.98
2040,1103,D24HourMean,QuarterlyMean,Mean,8.08
2026,1115,D24HourMean,QuarterlyMean,Mean,7.62
2042,1109,D24HourMean,QuarterlyMean,Mean,9.02
2048,1105,D24HourMean,QuarterlyMean,Mean,7.72
2053,1118,D24HourMean,QuarterlyMean,Mean,7.57
2048,1115,D24HourMean,QuarterlyMean,Mean,8.09
2015,1119,D24HourMean,QuarterlyMean,Mean,8.53
2035,1103,D24HourMean,QuarterlyMean,Mean,7.51
2038,1113,D24HourMean,QuarterlyMean,Mean,8.10
2043,1110,D24HourMean,QuarterlyMean,Mean,8.11
2059,1110,D24HourMean,QuarterlyMean,Mean,7.61
2034,1103,D24HourMean,QuarterlyMean,Mean,7.50
2034,1104,D24HourMean,QuarterlyMean,Mean,8.20
2038,1104,D24HourMean,QuarterlyMean,Mean,8.00
2048,1118,D24HourMean,QuarterlyMean,Mean,7.53
2024,1116,D24HourMean,QuarterlyMean,Mean,7.67
2017,1118,D24HourMean,QuarterlyMean,Mean,8.08
2045,1113,D24HourMean,QuarterlyMean,Mean,8.60
2054,1107,D24HourMean,QuarterlyMean,Mean,8.29
2061,1118,D24HourMean,QuarterlyMean,Mean,7.42
2029,1121,D24HourMean,QuarterlyMean,Mean,8.01
2047,1112,D24HourMean,QuarterlyMean,Mean,8.39
2027,1112,D24HourMean,QuarterlyMean,Mean,8.19
2042,1119,D24HourMean,QuarterlyMean,Mean,8.21
2030,1115,D24HourMean,QuarterlyMean,Mean,7.47
2036,1107,D24HourMean,QuarterlyMean,Mean,7.91
2041,1102,D24HourMean,QuarterlyMean,Mean,7.84
2038,1118,D24HourMean,QuarterlyMean,Mean,7.63
2044,1113,D24HourMean,QuarterlyMean,Mean,8.51
2025,1116,D24HourMean,QuarterlyMean,Mean,7.56
2012,1120,D24HourMean,QuarterlyMean,Mean,9.08
2036,1102,D24HourMean,QuarterlyMean,Mean,7.65
2065,1113,D24HourMean,QuarterlyMean,Mean,7.53
2033,1105,D24HourMean,QuarterlyMean,Mean,8.03
2042,1100,D24HourMean,QuarterlyMean,Mean,8.05
2051,1107,D24HourMean,QuarterlyMean,Mean,8.50
2062,1111,D24HourMean,QuarterlyMean,Mean,7.88
2021,1123,D24HourMean,QuarterlyMean,Mean,8.24
2058,1102,D24HourMean,QuarterlyMean,Mean,8.38
2047,1117,D24HourMean,QuarterlyMean,Mean,7.76
2057,1115,D24HourMean,QuarterlyMean,Mean,7.90
2056,1106,D24HourMean,QuarterlyMean,Mean,8.14
2061,1113,D24HourMean,QuarterlyMean,Mean,7.95
2032,1113,D24HourMean,QuarterlyMean,Mean,7.86
2052,1106,D24HourMean,QuarterlyMean,Mean,8.24
2065,1114,D24HourMean,QuarterlyMean,Mean,7.53
2040,1114,D24HourMean,QuarterlyMean,Mean,8.11
2014,1120,D24HourMean,QuarterlyMean,Mean,8.93
2031,1108,D24HourMean,QuarterlyMean,Mean,8.34
2062,1113,D24HourMean,QuarterlyMean,Mean,7.89
2056,1103,D24HourMean,QuarterlyMean,Mean,7.60
2037,1123,D24HourMean,QuarterlyMean,Mean,8.14
2037,1115,D24HourMean,QuarterlyMean,Mean,8.06
2031,1115,D24HourMean,QuarterlyMean,Mean,7.54
2039,1106,D24HourMean,QuarterlyMean,Mean,7.95
2040,1107,D24HourMean,QuarterlyMean,Mean,8.52
2033,1118,D24HourMean,QuarterlyMean,Mean,7.80
2051,1106,D24HourMean,QuarterlyMean,Mean,8.14
2047,1114,D24HourMean,QuarterlyMean,Mean,8.22
2043,1105,D24HourMean,QuarterlyMean,Mean,7.35
2058,1108,D24HourMean,QuarterlyMean,Mean,8.41
2018,1115,D24HourMean,QuarterlyMean,Mean,8.16
2045,1100,D24HourMean,QuarterlyMean,Mean,7.96
2034,1106,D24HourMean,QuarterlyMean,Mean,7.87
2014,1115,D24HourMean,QuarterlyMean,Mean,8.76
2038,1107,D24HourMean,QuarterlyMean,Mean,7.99
2053,1105,D24HourMean,QuarterlyMean,Mean,7.70
2028,1115,D24HourMean,QuarterlyMean,Mean,7.34
2053,1109,D24HourMean,QuarterlyMean,Mean,8.32
2031,1122,D24HourMean,QuarterlyMean,Mean,7.61
2012,1117,D24HourMean,QuarterlyMean,Mean,9.31
2049,1120,D24HourMean,QuarterlyMean,Mean,7.50
2050,1121,D24HourMean,QuarterlyMean,Mean,7.38
2027,1110,D24HourMean,QuarterlyMean,Mean,8.17
2021,1117,D24HourMean,QuarterlyMean,Mean,7.79
2043,1120,D24HourMean,QuarterlyMean,Mean,8.43
2053,1116,D24HourMean,QuarterlyMean,Mean,8.23
2048,1112,D24HourMean,QuarterlyMean,Mean,8.18
2044,1111,D24HourMean,QuarterlyMean,Mean,8.38
2023,1119,D24HourMean,QuarterlyMean,Mean,7.85
2021,1121,D24HourMean,QuarterlyMean,Mean,8.16
2040,1116,D24HourMean,QuarterlyMean,Mean,8.14
2021,1120,D24HourMean,QuarterlyMean,Mean,7.94
2019,1117,D24HourMean,QuarterlyMean,Mean,8.03
2049,1122,D24HourMean,QuarterlyMean,Mean,7.52
2049,1114,D24HourMean,QuarterlyMean,Mean,8.36
2060,1117,D24HourMean,QuarterlyMean,Mean,7.56
2014,1117,D24HourMean,QuarterlyMean,Mean,8.91
2032,1109,D24HourMean,QuarterlyMean,Mean,9.04
2020,1122,D24HourMean,QuarterlyMean,Mean,8.08
2028,1121,D24HourMean,QuarterlyMean,Mean,8.10
2031,1104,D24HourMean,QuarterlyMean,Mean,7.95
2045,1118,D24HourMean,QuarterlyMean,Mean,8.15
2029,1123,D24HourMean,QuarterlyMean,Mean,8.11
2041,1113,D24HourMean,QuarterlyMean,Mean,8.53
2036,1110,D24HourMean,QuarterlyMean,Mean,8.32
2046,1120,D24HourMean,QuarterlyMean,Mean,8.05
2067,1112,D24HourMean,QuarterlyMean,Mean,7.60
2041,1099,D24HourMean,QuarterlyMean,Mean,8.41
2016,1121,D24HourMean,QuarterlyMean,Mean,8.55
2020,1116,D24HourMean,QuarterlyMean,Mean,8.02
2031,1111,D24HourMean,QuarterlyMean,Mean,8.54
2041,1107,D24HourMean,QuarterlyMean,Mean,8.61
2045,1114,D24HourMean,QuarterlyMean,Mean,8.12
2053,1104,D24HourMean,QuarterlyMean,Mean,7.89
2052,1105,D24HourMean,QuarterlyMean,Mean,7.88
2053,1107,D24HourMean,QuarterlyMean,Mean,8.30
2038,1108,D24HourMean,QuarterlyMean,Mean,8.31
2040,1122,D24HourMean,QuarterlyMean,Mean,8.08
2057,1111,D24HourMean,QuarterlyMean,Mean,7.75
2045,1119,D24HourMean,QuarterlyMean,Mean,8.26
2048,1122,D24HourMean,QuarterlyMean,Mean,7.72
2059,1115,D24HourMean,QuarterlyMean,Mean,7.70
2025,1117,D24HourMean,QuarterlyMean,Mean,7.47
2030,1113,D24HourMean,QuarterlyMean,Mean,7.77
2050,1123,D24HourMean,QuarterlyMean,Mean,7.34
2048,1114,D24HourMean,QuarterlyMean,Mean,8.31
2043,1118,D24HourMean,QuarterlyMean,Mean,8.24
2029,1116,D24HourMean,QuarterlyMean,Mean,7.59
2046,1113,D24HourMean,QuarterlyMean,Mean,8.38
2050,1120,D24HourMean,QuarterlyMean,Mean,7.40
2051,1120,D24HourMean,QuarterlyMean,Mean,7.31
2036,1122,D24HourMean,QuarterlyMean,Mean,7.96
2057,1105,D24HourMean,QuarterlyMean,Mean,8.08
2023,1121,D24HourMean,QuarterlyMean,Mean,8.21
2021,1114,D24HourMean,QuarterlyMean,Mean,7.72
2014,1118,D24HourMean,QuarterlyMean,Mean,8.77
2042,1120,D24HourMean,QuarterlyMean,Mean,8.19
2049,1101,D24HourMean,QuarterlyMean,Mean,7.94
2046,1112,D24HourMean,QuarterlyMean,Mean,8.37
2038,1122,D24HourMean,QuarterlyMean,Mean,8.10
2022,1121,D24HourMean,QuarterlyMean,Mean,8.18
2058,1119,D24HourMean,QuarterlyMean,Mean,7.13
2012,1119,D24HourMean,QuarterlyMean,Mean,9.08
2045,1111,D24HourMean,QuarterlyMean,Mean,8.15
2038,1116,D24HourMean,QuarterlyMean,Mean,7.88
2030,1117,D24HourMean,QuarterlyMean,Mean,7.66
2030,1119,D24HourMean,QuarterlyMean,Mean,7.88
2039,1121,D24HourMean,QuarterlyMean,Mean,8.12
2029,1119,D24HourMean,QuarterlyMean,Mean,8.06
2030,1118,D24HourMean,QuarterlyMean,Mean,7.78
2031,1113,D24HourMean,QuarterlyMean,Mean,7.89
2035,1111,D24HourMean,QuarterlyMean,Mean,7.93
2046,1103,D24HourMean,QuarterlyMean,Mean,7.62
2020,1120,D24HourMean,QuarterlyMean,Mean,7.94
2054,1117,D24HourMean,QuarterlyMean,Mean,7.71
2052,1118,D24HourMean,QuarterlyMean,Mean,7.50
2047,1105,D24HourMean,QuarterlyMean,Mean,7.67
2046,1122,D24HourMean,QuarterlyMean,Mean,8.19
2044,1100,D24HourMean,QuarterlyMean,Mean,8.31
2011,1118,D24HourMean,QuarterlyMean,Mean,8.93
2018,1121,D24HourMean,QuarterlyMean,Mean,8.15
2019,1122,D24HourMean,QuarterlyMean,Mean,7.87
2028,1123,D24HourMean,QuarterlyMean,Mean,8.25
2046,1119,D24HourMean,QuarterlyMean,Mean,7.92
2029,1107,D24HourMean,QuarterlyMean,Mean,8.35
2046,1102,D24HourMean,QuarterlyMean,Mean,7.77
2044,1119,D24HourMean,QuarterlyMean,Mean,8.29
2038,1121,D24HourMean,QuarterlyMean,Mean,8.07
2045,1117,D24HourMean,QuarterlyMean,Mean,8.15
2019,1123,D24HourMean,QuarterlyMean,Mean,8.11
2023,1118,D24HourMean,QuarterlyMean,Mean,7.73
2040,1112,D24HourMean,QuarterlyMean,Mean,8.52
2035,1118,D24HourMean,QuarterlyMean,Mean,7.76
2045,1101,D24HourMean,QuarterlyMean,Mean,7.93
2056,1104,D24HourMean,QuarterlyMean,Mean,7.87
2012,1118,D24HourMean,QuarterlyMean,Mean,9.09
2048,1109,D24HourMean,QuarterlyMean,Mean,8.44
2045,1108,D24HourMean,QuarterlyMean,Mean,8.28
2031,1118,D24HourMean,QuarterlyMean,Mean,7.73
2047,1115,D24HourMean,QuarterlyMean,Mean,8.08
2033,1113,D24HourMean,QuarterlyMean,Mean,7.72
2028,1104,D24HourMean,QuarterlyMean,Mean,8.28
2034,1116,D24HourMean,QuarterlyMean,Mean,7.63
2013,1119,D24HourMean,QuarterlyMean,Mean,8.69
2024,1117,D24HourMean,QuarterlyMean,Mean,7.53
2039,1111,D24HourMean,QuarterlyMean,Mean,8.26
2040,1121,D24HourMean,QuarterlyMean,Mean,8.07
2037,1106,D24HourMean,QuarterlyMean,Mean,7.65
2039,1116,D24HourMean,QuarterlyMean,Mean,8.11
2013,1116,D24HourMean,QuarterlyMean,Mean,9.22
2043,1106,D24HourMean,QuarterlyMean,Mean,7.46
2037,1116,D24HourMean,QuarterlyMean,Mean,7.76
2043,1122,D24HourMean,QuarterlyMean,Mean,7.94
2026,1118,D24HourMean,QuarterlyMean,Mean,7.68
2020,1115,D24HourMean,QuarterlyMean,Mean,8.07
2024,1114,D24HourMean,QuarterlyMean,Mean,7.78
2058,1115,D24HourMean,QuarterlyMean,Mean,7.81
2020,1119,D24HourMean,QuarterlyMean,Mean,8.10
2050,1115,D24HourMean,QuarterlyMean,Mean,8.13
2026,1113,D24HourMean,QuarterlyMean,Mean,7.87
2042,1104,D24HourMean,QuarterlyMean,Mean,7.63
2011,1113,D24HourMean,QuarterlyMean,Mean,8.86
2030,1110,D24HourMean,QuarterlyMean,Mean,8.51
2039,1101,D24HourMean,QuarterlyMean,Mean,8.11
2051,1118,D24HourMean,QuarterlyMean,Mean,7.51
2014,1119,D24HourMean,QuarterlyMean,Mean,8.83
2018,1112,D24HourMean,QuarterlyMean,Mean,7.91
2052,1121,D24HourMean,QuarterlyMean,Mean,7.29
2043,1113,D24HourMean,QuarterlyMean,Mean,8.72
2027,1117,D24HourMean,QuarterlyMean,Mean,7.65
2048,1121,D24HourMean,QuarterlyMean,Mean,7.52
2032,1122,D24HourMean,QuarterlyMean,Mean,7.87
2045,1120,D24HourMean,QuarterlyMean,Mean,8.22
2057,1119,D24HourMean,QuarterlyMean,Mean,7.09
2047,1108,D24HourMean,QuarterlyMean,Mean,8.26
2028,1118,D24HourMean,QuarterlyMean,Mean,7.69
2039,1115,D24HourMean,QuarterlyMean,Mean,8.11
2046,1116,D24HourMean,QuarterlyMean,Mean,8.02
2035,1122,D24HourMean,QuarterlyMean,Mean,7.95
2068,1112,D24HourMean,QuarterlyMean,Mean,7.42
2056,1105,D24HourMean,QuarterlyMean,Mean,7.97
2015,1114,D24HourMean,QuarterlyMean,Mean,8.02
2056,1110,D24HourMean,QuarterlyMean,Mean,7.79
2031,1119,D24HourMean,QuarterlyMean,Mean,7.78
2046,1110,D24HourMean,QuarterlyMean,Mean,8.23
2029,1120,D24HourMean,QuarterlyMean,Mean,8.03
2053,1117,D24HourMean,QuarterlyMean,Mean,7.56
2042,1111,D24HourMean,QuarterlyMean,Mean,8.47
2034,1112,D24HourMean,QuarterlyMean,Mean,7.77
2013,1120,D24HourMean,QuarterlyMean,Mean,8.87
2049,1113,D24HourMean,QuarterlyMean,Mean,8.33
2021,1110,D24HourMean,QuarterlyMean,Mean,8.34
2019,1116,D24HourMean,QuarterlyMean,Mean,8.14
2057,1106,D24HourMean,QuarterlyMean,Mean,8.09
2066,1114,D24HourMean,QuarterlyMean,Mean,7.37
2016,1120,D24HourMean,QuarterlyMean,Mean,8.12
2049,1123,D24HourMean,QuarterlyMean,Mean,7.36
2016,1115,D24HourMean,QuarterlyMean,Mean,8.14
2024,1123,D24HourMean,QuarterlyMean,Mean,8.44
2038,1114,D24HourMean,QuarterlyMean,Mean,8.10
2041,1100,D24HourMean,QuarterlyMean,Mean,8.08
2042,1121,D24HourMean,QuarterlyMean,Mean,7.89
2048,1119,D24HourMean,QuarterlyMean,Mean,7.61
2035,1115,D24HourMean,QuarterlyMean,Mean,7.86
2037,1122,D24HourMean,QuarterlyMean,Mean,7.89
2023,1116,D24HourMean,QuarterlyMean,Mean,7.58
2029,1115,D24HourMean,QuarterlyMean,Mean,7.52
2050,1117,D24HourMean,QuarterlyMean,Mean,7.62
2048,1100,D24HourMean,QuarterlyMean,Mean,8.33
2049,1108,D24HourMean,QuarterlyMean,Mean,8.29
2053,1103,D24HourMean,QuarterlyMean,Mean,8.18
2047,1102,D24HourMean,QuarterlyMean,Mean,7.75
2047,1107,D24HourMean,QuarterlyMean,Mean,7.91
2044,1112,D24HourMean,QuarterlyMean,Mean,8.38
2033,1121,D24HourMean,QuarterlyMean,Mean,7.61
2024,1112,D24HourMean,QuarterlyMean,Mean,8.01
2027,1115,D24HourMean,QuarterlyMean,Mean,7.44
2035,1105,D24HourMean,QuarterlyMean,Mean,8.19
2062,1114,D24HourMean,QuarterlyMean,Mean,7.87
2040,1117,D24HourMean,QuarterlyMean,Mean,7.84
2028,1112,D24HourMean,QuarterlyMean,Mean,8.26
2041,1104,D24HourMean,QuarterlyMean,Mean,8.04
2035,1108,D24HourMean,QuarterlyMean,Mean,8.47
2043,1103,D24HourMean,QuarterlyMean,Mean,7.21
2045,1116,D24HourMean,QuarterlyMean,Mean,8.10
2020,1117,D24HourMean,QuarterlyMean,Mean,7.90
2058,1120,D24HourMean,QuarterlyMean,Mean,7.11
2034,1117,D24HourMean,QuarterlyMean,Mean,7.50
2039,1102,D24HourMean,QuarterlyMean,Mean,7.80
2041,1105,D24HourMean,QuarterlyMean,Mean,8.40
2050,1113,D24HourMean,QuarterlyMean,Mean,8.18
2057,1101,D24HourMean,QuarterlyMean,Mean,8.43
2066,1111,D24HourMean,QuarterlyMean,Mean,7.71
2033,1110,D24HourMean,QuarterlyMean,Mean,8.51
2037,1104,D24HourMean,QuarterlyMean,Mean,8.01
2056,1107,D24HourMean,QuarterlyMean,Mean,8.37
2050,1107,D24HourMean,QuarterlyMean,Mean,8.47
2023,1120,D24HourMean,QuarterlyMean,Mean,8.11
2014,1114,D24HourMean,QuarterlyMean,Mean,8.30
2065,1111,D24HourMean,QuarterlyMean,Mean,7.76
2054,1110,D24HourMean,QuarterlyMean,Mean,7.74
2035,1107,D24HourMean,QuarterlyMean,Mean,7.89
2047,1116,D24HourMean,QuarterlyMean,Mean,7.96
2013,1118,D24HourMean,QuarterlyMean,Mean,8.81
2023,1112,D24HourMean,QuarterlyMean,Mean,7.81
2024,1119,D24HourMean,QuarterlyMean,Mean,7.82
2040,1119,D24HourMean,QuarterlyMean,Mean,7.95
2065,1112,D24HourMean,QuarterlyMean,Mean,7.72
2061,1109,D24HourMean,QuarterlyMean,Mean,8.47
2036,1106,D24HourMean,QuarterlyMean,Mean,7.75
2048,1110,D24HourMean,QuarterlyMean,Mean,8.07
2040,1109,D24HourMean,QuarterlyMean,Mean,10.06
2054,1116,D24HourMean,QuarterlyMean,Mean,7.90
2017,1113,D24HourMean,QuarterlyMean,Mean,7.79
2052,1103,D24HourMean,QuarterlyMean,Mean,8.28
2032,1116,D24HourMean,QuarterlyMean,Mean,7.59
2048,1117,D24HourMean,QuarterlyMean,Mean,7.83
2051,1117,D24HourMean,QuarterlyMean,Mean,7.56
2060,1111,D24HourMean,QuarterlyMean,Mean,7.85
2027,1114,D24HourMean,QuarterlyMean,Mean,7.44
2026,1119,D24HourMean,QuarterlyMean,Mean,8.10
2039,1112,D24HourMean,QuarterlyMean,Mean,8.09
2055,1106,D24HourMean,QuarterlyMean,Mean,8.02
2040,1113,D24HourMean,QuarterlyMean,Mean,8.52
2054,1114,D24HourMean,QuarterlyMean,Mean,7.92
2036,1120,D24HourMean,QuarterlyMean,Mean,7.70
2061,1111,D24HourMean,QuarterlyMean,Mean,8.00
2047,1110,D24HourMean,QuarterlyMean,Mean,8.12
2045,1105,D24HourMean,QuarterlyMean,Mean,7.39
2052,1109,D24HourMean,QuarterlyMean,Mean,8.10
2053,1115,D24HourMean,QuarterlyMean,Mean,8.07
2036,1100,D24HourMean,QuarterlyMean,Mean,8.19
2038,1105,D24HourMean,QuarterlyMean,Mean,7.56
2049,1115,D24HourMean,QuarterlyMean,Mean,8.16
2024,1115,D24HourMean,QuarterlyMean,Mean,7.60
2022,1117,D24HourMean,QuarterlyMean,Mean,7.70
2028,1116,D24HourMean,QuarterlyMean,Mean,7.44
2041,1103,D24HourMean,QuarterlyMean,Mean,8.05
2021,1111,D24HourMean,QuarterlyMean,Mean,8.11
2025,1115,D24HourMean,QuarterlyMean,Mean,7.58
2056,1109,D24HourMean,QuarterlyMean,Mean,8.32
2018,1117,D24HourMean,QuarterlyMean,Mean,7.96
2022,1112,D24HourMean,QuarterlyMean,Mean,8.02
2049,1117,D24HourMean,QuarterlyMean,Mean,7.73
2033,1116,D24HourMean,QuarterlyMean,Mean,7.41
2047,1120,D24HourMean,QuarterlyMean,Mean,7.70
2063,1111,D24HourMean,QuarterlyMean,Mean,7.65
2031,1105,D24HourMean,QuarterlyMean,Mean,8.06
2039,1119,D24HourMean,QuarterlyMean,Mean,7.91
2052,1107,D24HourMean,QuarterlyMean,Mean,8.57
2020,1118,D24HourMean,QuarterlyMean,Mean,7.98
2039,1110,D24HourMean,QuarterlyMean,Mean,8.55
2041,1122,D24HourMean,QuarterlyMean,Mean,8.06
2045,1109,D24HourMean,QuarterlyMean,Mean,8.41
2047,1109,D24HourMean,QuarterlyMean,Mean,8.44
2051,1122,D24HourMean,QuarterlyMean,Mean,7.24
2020,1121,D24HourMean,QuarterlyMean,Mean,8.05
2021,1113,D24HourMean,QuarterlyMean,Mean,7.97
2044,1121,D24HourMean,QuarterlyMean,Mean,8.19
2015,1112,D24HourMean,QuarterlyMean,Mean,8.02
2043,1104,D24HourMean,QuarterlyMean,Mean,7.27
2030,1120,D24HourMean,QuarterlyMean,Mean,7.95
2027,1113,D24HourMean,QuarterlyMean,Mean,7.89
2044,1102,D24HourMean,QuarterlyMean,Mean,7.53
2042,1112,D24HourMean,QuarterlyMean,Mean,8.80
2033,1104,D24HourMean,QuarterlyMean,Mean,8.10
2027,1111,D24HourMean,QuarterlyMean,Mean,8.43
2032,1107,D24HourMean,QuarterlyMean,Mean,7.87
2037,1117,D24HourMean,QuarterlyMean,Mean,7.73
2029,1113,D24HourMean,QuarterlyMean,Mean,7.82
2035,1110,D24HourMean,QuarterlyMean,Mean,8.60
2029,1111,D24HourMean,QuarterlyMean,Mean,8.64
2045,1112,D24HourMean,QuarterlyMean,Mean,8.46
2062,1112,D24HourMean,QuarterlyMean,Mean,7.93
2032,1112,D24HourMean,QuarterlyMean,Mean,8.14
2047,1104,D24HourMean,QuarterlyMean,Mean,7.71
2030,1109,D24HourMean,QuarterlyMean,Mean,8.44
2045,1122,D24HourMean,QuarterlyMean,Mean,8.00
2051,1111,D24HourMean,QuarterlyMean,Mean,7.86
2048,1102,D24HourMean,QuarterlyMean,Mean,7.84
2020,1114,D24HourMean,QuarterlyMean,Mean,7.78
2045,1099,D24HourMean,QuarterlyMean,Mean,8.05
2053,1113,D24HourMean,QuarterlyMean,Mean,7.97
2021,1116,D24HourMean,QuarterlyMean,Mean,7.97
2035,1117,D24HourMean,QuarterlyMean,Mean,7.55
2027,1122,D24HourMean,QuarterlyMean,Mean,8.38
2017,1116,D24HourMean,QuarterlyMean,Mean,8.14
2044,1117,D24HourMean,QuarterlyMean,Mean,8.22
2063,1115,D24HourMean,QuarterlyMean,Mean,7.66
2039,1100,D24HourMean,QuarterlyMean,Mean,7.91
2036,1115,D24HourMean,QuarterlyMean,Mean,8.03
2043,1107,D24HourMean,QuarterlyMean,Mean,7.74
2037,1101,D24HourMean,QuarterlyMean,Mean,7.74
2046,1114,D24HourMean,QuarterlyMean,Mean,8.24
2055,1117,D24HourMean,QuarterlyMean,Mean,7.57
2025,1119,D24HourMean,QuarterlyMean,Mean,7.94
2037,1108,D24HourMean,QuarterlyMean,Mean,8.13
2052,1117,D24HourMean,QuarterlyMean,Mean,7.67
2041,1119,D24HourMean,QuarterlyMean,Mean,8.02
2021,1122,D24HourMean,QuarterlyMean,Mean,8.42
2050,1109,D24HourMean,QuarterlyMean,Mean,8.38
2042,1117,D24HourMean,QuarterlyMean,Mean,8.14
2059,1117,D24HourMean,QuarterlyMean,Mean,7.58
2038,1110,D24HourMean,QuarterlyMean,Mean,8.28
2042,1110,D24HourMean,QuarterlyMean,Mean,8.37
2049,1105,D24HourMean,QuarterlyMean,Mean,7.96
2061,1110,D24HourMean,QuarterlyMean,Mean,7.90
2053,1119,D24HourMean,QuarterlyMean,Mean,7.36
2045,1110,D24HourMean,QuarterlyMean,Mean,8.10
2018,1114,D24HourMean,QuarterlyMean,Mean,8.07
2043,1112,D24HourMean,QuarterlyMean,Mean,8.57
2058,1116,D24HourMean,QuarterlyMean,Mean,7.60
2044,1106,D24HourMean,QuarterlyMean,Mean,7.49
2031,1114,D24HourMean,QuarterlyMean,Mean,7.59
2039,1113,D24HourMean,QuarterlyMean,Mean,8.34
2017,1119,D24HourMean,QuarterlyMean,Mean,8.16
2056,1119,D24HourMean,QuarterlyMean,Mean,7.15
2037,1105,D24HourMean,QuarterlyMean,Mean,7.66
2039,1122,D24HourMean,QuarterlyMean,Mean,8.12
2037,1110,D24HourMean,QuarterlyMean,Mean,8.06
2057,1102,D24HourMean,QuarterlyMean,Mean,8.41
2037,1120,D24HourMean,QuarterlyMean,Mean,7.83
2025,1112,D24HourMean,QuarterlyMean,Mean,8.02
2018,1119,D24HourMean,QuarterlyMean,Mean,8.25
2031,1116,D24HourMean,QuarterlyMean,Mean,7.64
2026,1117,D24HourMean,QuarterlyMean,Mean,7.65
2038,1103,D24HourMean,QuarterlyMean,Mean,7.91
2033,1115,D24HourMean,QuarterlyMean,Mean,7.40
2022,1119,D24HourMean,QuarterlyMean,Mean,7.94
2052,1119,D24HourMean,QuarterlyMean,Mean,7.50
2042,1106,D24HourMean,QuarterlyMean,Mean,7.71
2028,1110,D24HourMean,QuarterlyMean,Mean,8.20
2033,1114,D24HourMean,QuarterlyMean,Mean,7.52
2051,1110,D24HourMean,QuarterlyMean,Mean,8.01
2037,1109,D24HourMean,QuarterlyMean,Mean,8.38
2037,1119,D24HourMean,QuarterlyMean,Mean,7.65
2053,1106,D24HourMean,QuarterlyMean,Mean,8.04
2048,1101,D24HourMean,QuarterlyMean,Mean,8.00
2030,1106,D24HourMean,QuarterlyMean,Mean,8.39
2043,1111,D24HourMean,QuarterlyMean,Mean,8.66
2040,1115,D24HourMean,QuarterlyMean,Mean,8.27
2063,1113,D24HourMean,QuarterlyMean,Mean,7.73
2029,1106,D24HourMean,QuarterlyMean,Mean,8.67
2064,1114,D24HourMean,QuarterlyMean,Mean,7.47
2048,1106,D24HourMean,QuarterlyMean,Mean,7.74
2055,1108,D24HourMean,QuarterlyMean,Mean,8.16
2041,1106,D24HourMean,QuarterlyMean,Mean,7.81
2018,1113,D24HourMean,QuarterlyMean,Mean,7.69
2028,1120,D24HourMean,QuarterlyMean,Mean,8.02
2023,1111,D24HourMean,QuarterlyMean,Mean,7.99
2063,1110,D24HourMean,QuarterlyMean,Mean,7.90
2042,1102,D24HourMean,QuarterlyMean,Mean,7.54
2036,1118,D24HourMean,QuarterlyMean,Mean,7.62
2022,1114,D24HourMean,QuarterlyMean,Mean,7.74
2042,1107,D24HourMean,QuarterlyMean,Mean,8.16
2052,1120,D24HourMean,QuarterlyMean,Mean,7.45
2025,1122,D24HourMean,QuarterlyMean,Mean,8.41
2019,1112,D24HourMean,QuarterlyMean,Mean,8.01
2035,1109,D24HourMean,QuarterlyMean,Mean,8.82
2058,1112,D24HourMean,QuarterlyMean,Mean,7.85
2058,1118,D24HourMean,QuarterlyMean,Mean,7.41
2047,1103,D24HourMean,QuarterlyMean,Mean,7.58
2031,1112,D24HourMean,QuarterlyMean,Mean,8.21
2040,1105,D24HourMean,QuarterlyMean,Mean,8.44
2024,1111,D24HourMean,QuarterlyMean,Mean,8.14
2059,1114,D24HourMean,QuarterlyMean,Mean,7.72
2017,1114,D24HourMean,QuarterlyMean,Mean,8.11
2029,1110,D24HourMean,QuarterlyMean,Mean,8.42
2030,1122,D24HourMean,QuarterlyMean,Mean,7.99
2043,1102,D24HourMean,QuarterlyMean,Mean,7.40
2039,1118,D24HourMean,QuarterlyMean,Mean,7.74
2050,1110,D24HourMean,QuarterlyMean,Mean,8.01
2017,1117,D24HourMean,QuarterlyMean,Mean,8.15
2033,1102,D24HourMean,QuarterlyMean,Mean,7.46
2054,1119,D24HourMean,QuarterlyMean,Mean,7.27
2050,1105,D24HourMean,QuarterlyMean,Mean,8.10
2047,1111,D24HourMean,QuarterlyMean,Mean,8.31
2015,1115,D24HourMean,QuarterlyMean,Mean,8.30
2051,1112,D24HourMean,QuarterlyMean,Mean,7.96
2041,1108,D24HourMean,QuarterlyMean,Mean,9.47
2040,1100,D24HourMean,QuarterlyMean,Mean,8.08
2057,1108,D24HourMean,QuarterlyMean,Mean,8.47
2051,1114,D24HourMean,QuarterlyMean,Mean,8.20
2052,1115,D24HourMean,QuarterlyMean,Mean,8.18
2017,1120,D24HourMean,QuarterlyMean,Mean,8.09
2046,1108,D24HourMean,QuarterlyMean,Mean,8.29
2055,1105,D24HourMean,QuarterlyMean,Mean,7.82
2042,1114,D24HourMean,QuarterlyMean,Mean,8.32
2054,1109,D24HourMean,QuarterlyMean,Mean,8.08
2049,1121,D24HourMean,QuarterlyMean,Mean,7.54
2054,1120,D24HourMean,QuarterlyMean,Mean,7.48
2039,1105,D24HourMean,QuarterlyMean,Mean,8.00
2038,1099,D24HourMean,QuarterlyMean,Mean,8.69
2045,1102,D24HourMean,QuarterlyMean,Mean,7.51
2047,1106,D24HourMean,QuarterlyMean,Mean,7.54
2056,1115,D24HourMean,QuarterlyMean,Mean,8.08
2056,1113,D24HourMean,QuarterlyMean,Mean,8.09
2025,1113,D24HourMean,QuarterlyMean,Mean,7.93
2043,1108,D24HourMean,QuarterlyMean,Mean,8.16
2066,1112,D24HourMean,QuarterlyMean,Mean,7.57
2057,1116,D24HourMean,QuarterlyMean,Mean,7.55
2016,1122,D24HourMean,QuarterlyMean,Mean,8.56
2034,1108,D24HourMean,QuarterlyMean,Mean,8.41
2037,1103,D24HourMean,QuarterlyMean,Mean,8.08
2056,1111,D24HourMean,QuarterlyMean,Mean,7.82
2033,1107,D24HourMean,QuarterlyMean,Mean,7.84
2024,1122,D24HourMean,QuarterlyMean,Mean,8.12
2034,1118,D24HourMean,QuarterlyMean,Mean,7.71
2034,1107,D24HourMean,QuarterlyMean,Mean,7.73
2035,1102,D24HourMean,QuarterlyMean,Mean,7.62
2051,1104,D24HourMean,QuarterlyMean,Mean,8.17
2059,1109,D24HourMean,QuarterlyMean,Mean,8.32
2044,1120,D24HourMean,QuarterlyMean,Mean,8.31
2016,1116,D24HourMean,QuarterlyMean,Mean,8.14
2049,1118,D24HourMean,QuarterlyMean,Mean,7.52
2042,1108,D24HourMean,QuarterlyMean,Mean,8.73
2048,1116,D24HourMean,QuarterlyMean,Mean,8.01
2055,1119,D24HourMean,QuarterlyMean,Mean,7.22
2016,1118,D24HourMean,QuarterlyMean,Mean,8.31
2033,1103,D24HourMean,QuarterlyMean,Mean,7.60
2028,1109,D24HourMean,QuarterlyMean,Mean,8.36
2048,1107,D24HourMean,QuarterlyMean,Mean,8.07
2038,1115,D24HourMean,QuarterlyMean,Mean,7.99
2015,1117,D24HourMean,QuarterlyMean,Mean,8.47
2017,1122,D24HourMean,QuarterlyMean,Mean,8.37
2037,1100,D24HourMean,QuarterlyMean,Mean,8.22
2025,1111,D24HourMean,QuarterlyMean,Mean,8.04
2040,1101,D24HourMean,QuarterlyMean,Mean,7.99
2036,1116,D24HourMean,QuarterlyMean,Mean,7.67
2044,1099,D24HourMean,QuarterlyMean,Mean,8.34
2054,1108,D24HourMean,QuarterlyMean,Mean,7.91
2048,1103,D24HourMean,QuarterlyMean,Mean,7.75
2016,1117,D24HourMean,QuarterlyMean,Mean,8.31
2049,1103,D24HourMean,QuarterlyMean,Mean,8.21
2051,1121,D24HourMean,QuarterlyMean,Mean,7.26
2061,1115,D24HourMean,QuarterlyMean,Mean,7.73
2031,1109,D24HourMean,QuarterlyMean,Mean,8.21
2034,1105,D24HourMean,QuarterlyMean,Mean,7.96
2016,1113,D24HourMean,QuarterlyMean,Mean,7.90
2034,1110,D24HourMean,QuarterlyMean,Mean,8.57
2063,1112,D24HourMean,QuarterlyMean,Mean,7.84
2034,1113,D24HourMean,QuarterlyMean,Mean,7.81
2046,1118,D24HourMean,QuarterlyMean,Mean,7.82
2022,1120,D24HourMean,QuarterlyMean,Mean,7.99
2050,1118,D24HourMean,QuarterlyMean,Mean,7.53
2030,1121,D24HourMean,QuarterlyMean,Mean,7.91
2031,1110,D24HourMean,QuarterlyMean,Mean,8.55
2046,1109,D24HourMean,QuarterlyMean,Mean,8.36
2031,1117,D24HourMean,QuarterlyMean,Mean,7.64
2054,1103,D24HourMean,QuarterlyMean,Mean,8.08
2060,1116,D24HourMean,QuarterlyMean,Mean,7.67
2043,1100,D24HourMean,QuarterlyMean,Mean,8.05
2019,1115,D24HourMean,QuarterlyMean,Mean,8.11
2019,1118,D24HourMean,QuarterlyMean,Mean,8.08
2047,1101,D24HourMean,QuarterlyMean,Mean,7.74
2059,1118,D24HourMean,QuarterlyMean,Mean,7.46
2022,1115,D24HourMean,QuarterlyMean,Mean,7.65
2038,1109,D24HourMean,QuarterlyMean,Mean,8.74
2017,1121,D24HourMean,QuarterlyMean,Mean,8.17
2024,1120,D24HourMean,QuarterlyMean,Mean,8.20
2042,1122,D24HourMean,QuarterlyMean,Mean,7.89
2036,1105,D24HourMean,QuarterlyMean,Mean,8.08
2058,1111,D24HourMean,QuarterlyMean,Mean,7.80
2058,1109,D24HourMean,QuarterlyMean,Mean,8.36
2040,1102,D24HourMean,QuarterlyMean,Mean,7.79
2023,1117,D24HourMean,QuarterlyMean,Mean,7.58
2040,1111,D24HourMean,QuarterlyMean,Mean,8.30
2044,1103,D24HourMean,QuarterlyMean,Mean,7.30
2037,1114,D24HourMean,QuarterlyMean,Mean,8.20
2049,1109,D24HourMean,QuarterlyMean,Mean,8.33
2026,1120,D24HourMean,QuarterlyMean,Mean,8.14
2032,1103,D24HourMean,QuarterlyMean,Mean,7.79
2019,1120,D24HourMean,QuarterlyMean,Mean,8.09
2022,1118,D24HourMean,QuarterlyMean,Mean,7.88
2031,1107,D24HourMean,QuarterlyMean,Mean,8.11
2048,1111,D24HourMean,QuarterlyMean,Mean,8.23
2036,1109,D24HourMean,QuarterlyMean,Mean,8.47
2021,1112,D24HourMean,QuarterlyMean,Mean,8.02
2051,1105,D24HourMean,QuarterlyMean,Mean,8.09
2053,1114,D24HourMean,QuarterlyMean,Mean,8.00
2032,1110,D24HourMean,QuarterlyMean,Mean,8.57
2037,1118,D24HourMean,QuarterlyMean,Mean,7.64
2024,1121,D24HourMean,QuarterlyMean,Mean,8.09
2025,1120,D24HourMean,QuarterlyMean,Mean,8.29
2016,1119,D24HourMean,QuarterlyMean,Mean,8.27
2035,1114,D24HourMean,QuarterlyMean,Mean,8.07
2054,1104,D24HourMean,QuarterlyMean,Mean,7.90
2030,1123,D24HourMean,QuarterlyMean,Mean,8.06
2064,1115,D24HourMean,QuarterlyMean,Mean,7.47
2046,1117,D24HourMean,QuarterlyMean,Mean,7.85
2047,1113,D24HourMean,QuarterlyMean,Mean,8.36
2055,1120,D24HourMean,QuarterlyMean,Mean,7.25
2047,1121,D24HourMean,QuarterlyMean,Mean,7.72
2044,1114,D24HourMean,QuarterlyMean,Mean,8.14
2049,1102,D24HourMean,QuarterlyMean,Mean,7.84
2046,1111,D24HourMean,QuarterlyMean,Mean,8.11
2047,1123,D24HourMean,QuarterlyMean,Mean,7.88
2052,1113,D24HourMean,QuarterlyMean,Mean,8.06
2052,1108,D24HourMean,QuarterlyMean,Mean,8.22
2046,1100,D24HourMean,QuarterlyMean,Mean,7.98
2057,1114,D24HourMean,QuarterlyMean,Mean,7.94
2046,1107,D24HourMean,QuarterlyMean,Mean,7.81
2055,1113,D24HourMean,QuarterlyMean,Mean,8.06
2054,1106,D24HourMean,QuarterlyMean,Mean,7.88
2029,1122,D24HourMean,QuarterlyMean,Mean,8.18
2042,1116,D24HourMean,QuarterlyMean,Mean,8.24
2028,1105,D24HourMean,QuarterlyMean,Mean,8.24
2052,1102,D24HourMean,QuarterlyMean,Mean,8.05
2037,1112,D24HourMean,QuarterlyMean,Mean,7.94
2039,1103,D24HourMean,QuarterlyMean,Mean,7.95
2042,1113,D24HourMean,QuarterlyMean,Mean,8.74
2043,1101,D24HourMean,QuarterlyMean,Mean,7.81
2056,1114,D24HourMean,QuarterlyMean,Mean,8.08
2018,1118,D24HourMean,QuarterlyMean,Mean,8.14
2050,1104,D24HourMean,QuarterlyMean,Mean,8.38
2037,1121,D24HourMean,QuarterlyMean,Mean,7.77
2065,1115,D24HourMean,QuarterlyMean,Mean,7.58
2060,1112,D24HourMean,QuarterlyMean,Mean,7.94
2014,1116,D24HourMean,QuarterlyMean,Mean,8.88
2016,1112,D24HourMean,QuarterlyMean,Mean,8.06
2054,1112,D24HourMean,QuarterlyMean,Mean,8.01
2028,1114,D24HourMean,QuarterlyMean,Mean,7.46
2031,1106,D24HourMean,QuarterlyMean,Mean,8.03
2020,1112,D24HourMean,QuarterlyMean,Mean,8.08
2035,1123,D24HourMean,QuarterlyMean,Mean,8.00
2057,1120,D24HourMean,QuarterlyMean,Mean,7.27
2034,1114,D24HourMean,QuarterlyMean,Mean,7.98
2033,1122,D24HourMean,QuarterlyMean,Mean,7.89
2043,1109,D24HourMean,QuarterlyMean,Mean,8.39
2035,1116,D24HourMean,QuarterlyMean,Mean,7.41
2043,1121,D24HourMean,QuarterlyMean,Mean,8.06
2022,1123,D24HourMean,QuarterlyMean,Mean,8.45
2025,1121,D24HourMean,QuarterlyMean,Mean,8.25
2060,1110,D24HourMean,QuarterlyMean,Mean,7.93
2065,1116,D24HourMean,QuarterlyMean,Mean,7.53
2064,1111,D24HourMean,QuarterlyMean,Mean,7.81
2042,1115,D24HourMean,QuarterlyMean,Mean,8.42
2022,1111,D24HourMean,QuarterlyMean,Mean,8.04
2059,1111,D24HourMean,QuarterlyMean,Mean,7.70
2046,1106,D24HourMean,QuarterlyMean,Mean,7.34
2051,1102,D24HourMean,QuarterlyMean,Mean,8.03
2050,1111,D24HourMean,QuarterlyMean,Mean,7.91
2050,1112,D24HourMean,QuarterlyMean,Mean,8.08
2048,1113,D24HourMean,QuarterlyMean,Mean,8.35
2022,1113,D24HourMean,QuarterlyMean,Mean,7.99
2030,1112,D24HourMean,QuarterlyMean,Mean,8.21
2036,1111,D24HourMean,QuarterlyMean,Mean,8.11
2039,1120,D24HourMean,QuarterlyMean,Mean,8.02
2038,1111,D24HourMean,QuarterlyMean,Mean,8.00
