Column,Row,Metric,Seasonal Metric,Annual Metric,Values
1713,1102,D24HourMean,QuarterlyMean,Mean,8.05
1722,1109,D24HourMean,QuarterlyMean,Mean,7.87
1728,1100,D24HourMean,QuarterlyMean,Mean,8.28
1728,1091,D24HourMean,QuarterlyMean,Mean,8.26
1723,1094,D24HourMean,QuarterlyMean,Mean,8.23
1707,1075,D24HourMean,QuarterlyMean,Mean,14.69
1704,1083,D24HourMean,QuarterlyMean,Mean,12.47
1735,1100,D24HourMean,QuarterlyMean,Mean,8.35
1710,1081,D24HourMean,QuarterlyMean,Mean,7.69
1718,1081,D24HourMean,QuarterlyMean,Mean,8.27
1733,1101,D24HourMean,QuarterlyMean,Mean,8.96
1725,1080,D24HourMean,QuarterlyMean,Mean,10.56
1728,1089,D24HourMean,QuarterlyMean,Mean,8.81
1710,1085,D24HourMean,QuarterlyMean,Mean,7.92
1736,1094,D24HourMean,QuarterlyMean,Mean,8.53
1723,1080,D24HourMean,QuarterlyMean,Mean,9.71
1737,1096,D24HourMean,QuarterlyMean,Mean,8.93
1714,1080,D24HourMean,QuarterlyMean,Mean,8.89
1719,1092,D24HourMean,QuarterlyMean,Mean,8.09
1718,1086,D24HourMean,QuarterlyMean,Mean,7.82
1723,1089,D24HourMean,QuarterlyMean,Mean,8.76
1736,1095,D24HourMean,QuarterlyMean,Mean,8.54
1714,1101,D24HourMean,QuarterlyMean,Mean,9.01
1735,1085,D24HourMean,QuarterlyMean,Mean,11.89
1726,1081,D24HourMean,QuarterlyMean,Mean,10.30
1705,1094,D24HourMean,QuarterlyMean,Mean,11.46
1708,1078,D24HourMean,QuarterlyMean,Mean,10.61
1721,1107,D24HourMean,QuarterlyMean,Mean,6.86
1708,1080,D24HourMean,QuarterlyMean,Mean,9.58
1731,1090,D24HourMean,QuarterlyMean,Mean,9.35
1715,1097,D24HourMean,QuarterlyMean,Mean,7.76
1702,1094,D24HourMean,QuarterlyMean,Mean,13.40
1731,1082,D24HourMean,QuarterlyMean,Mean,12.38
1700,1102,D24HourMean,QuarterlyMean,Mean,12.83
1711,1079,D24HourMean,QuarterlyMean,Mean,9.67
1730,1091,D24HourMean,QuarterlyMean,Mean,8.74
1713,1087,D24HourMean,QuarterlyMean,Mean,8.05
1725,1083,D24HourMean,QuarterlyMean,Mean,10.37
1715,1082,D24HourMean,QuarterlyMean,Mean,7.91
1703,1097,D24HourMean,QuarterlyMean,Mean,13.20
1735,1094,D24HourMean,QuarterlyMean,Mean,9.08
1738,1086,D24HourMean,QuarterlyMean,Mean,11.52
1722,1084,D24HourMean,QuarterlyMean,Mean,8.64
1724,1085,D24HourMean,QuarterlyMean,Mean,8.72
1722,1088,D24HourMean,QuarterlyMean,Mean,8.08
1726,1089,D24HourMean,QuarterlyMean,Mean,9.17
1711,1083,D24HourMean,QuarterlyMean,Mean,7.94
1718,1102,D24HourMean,QuarterlyMean,Mean,8.09
1700,1081,D24HourMean,QuarterlyMean,Mean,14.81
1721,1079,D24HourMean,QuarterlyMean,Mean,10.10
1735,1089,D24HourMean,QuarterlyMean,Mean,9.58
1736,1085,D24HourMean,QuarterlyMean,Mean,12.01
1715,1102,D24HourMean,QuarterlyMean,Mean,7.51
1711,1090,D24HourMean,QuarterlyMean,Mean,8.88
1731,1100,D24HourMean,QuarterlyMean,Mean,8.99
1715,1096,D24HourMean,QuarterlyMean,Mean,7.90
1709,1089,D24HourMean,QuarterlyMean,Mean,8.53
1726,1088,D24HourMean,QuarterlyMean,Mean,9.46
1733,1082,D24HourMean,QuarterlyMean,Mean,12.70
1726,1091,D24HourMean,QuarterlyMean,Mean,7.79
1735,1090,D24HourMean,QuarterlyMean,Mean,8.64
1737,1094,D24HourMean,QuarterlyMean,Mean,9.05
1705,1080,D24HourMean,QuarterlyMean,Mean,11.71
1731,1097,D24HourMean,QuarterlyMean,Mean,8.38
1713,1088,D24HourMean,QuarterlyMean,Mean,8.15
1717,1079,D24HourMean,QuarterlyMean,Mean,10.45
1739,1092,D24HourMean,QuarterlyMean,Mean,8.02
1734,1090,D24HourMean,QuarterlyMean,Mean,9.05
1715,1094,D24HourMean,QuarterlyMean,Mean,7.88
1736,1089,D24HourMean,QuarterlyMean,Mean,9.48
1725,1096,D24HourMean,QuarterlyMean,Mean,8.23
1717,1096,D24HourMean,QuarterlyMean,Mean,7.88
1720,1080,D24HourMean,QuarterlyMean,Mean,8.99
1726,1096,D24HourMean,QuarterlyMean,Mean,9.01
1720,1079,D24HourMean,QuarterlyMean,Mean,9.94
1725,1093,D24HourMean,QuarterlyMean,Mean,8.23
1698,1079,D24HourMean,QuarterlyMean,Mean,14.73
1716,1092,D24HourMean,QuarterlyMean,Mean,7.79
1720,1102,D24HourMean,QuarterlyMean,Mean,8.83
1710,1078,D24HourMean,QuarterlyMean,Mean,10.74
1715,1080,D24HourMean,QuarterlyMean,Mean,9.57
1726,1085,D24HourMean,QuarterlyMean,Mean,9.79
1719,1082,D24HourMean,QuarterlyMean,Mean,7.75
1723,1083,D24HourMean,QuarterlyMean,Mean,9.59
1734,1093,D24HourMean,QuarterlyMean,Mean,8.91
1711,1085,D24HourMean,QuarterlyMean,Mean,7.82
1729,1084,D24HourMean,QuarterlyMean,Mean,10.66
1714,1081,D24HourMean,QuarterlyMean,Mean,8.01
1702,1097,D24HourMean,QuarterlyMean,Mean,13.34
1727,1082,D24HourMean,QuarterlyMean,Mean,10.91
1719,1103,D24HourMean,QuarterlyMean,Mean,7.33
1702,1079,D24HourMean,QuarterlyMean,Mean,13.99
1719,1083,D24HourMean,QuarterlyMean,Mean,7.61
1734,1089,D24HourMean,QuarterlyMean,Mean,9.36
1731,1101,D24HourMean,QuarterlyMean,Mean,8.84
1733,1095,D24HourMean,QuarterlyMean,Mean,7.93
1730,1085,D24HourMean,QuarterlyMean,Mean,11.62
1710,1098,D24HourMean,QuarterlyMean,Mean,8.03
1736,1096,D24HourMean,QuarterlyMean,Mean,8.62
1729,1093,D24HourMean,QuarterlyMean,Mean,7.32
1737,1084,D24HourMean,QuarterlyMean,Mean,12.87
1711,1080,D24HourMean,QuarterlyMean,Mean,8.37
1725,1095,D24HourMean,QuarterlyMean,Mean,8.28
1709,1093,D24HourMean,QuarterlyMean,Mean,8.79
1732,1086,D24HourMean,QuarterlyMean,Mean,10.81
1730,1090,D24HourMean,QuarterlyMean,Mean,9.16
1723,1107,D24HourMean,QuarterlyMean,Mean,7.50
1724,1093,D24HourMean,QuarterlyMean,Mean,8.26
1703,1084,D24HourMean,QuarterlyMean,Mean,13.12
1718,1109,D24HourMean,QuarterlyMean,Mean,6.49
1716,1107,D24HourMean,QuarterlyMean,Mean,6.92
1721,1084,D24HourMean,QuarterlyMean,Mean,8.31
1729,1088,D24HourMean,QuarterlyMean,Mean,9.72
1732,1101,D24HourMean,QuarterlyMean,Mean,8.61
1700,1078,D24HourMean,QuarterlyMean,Mean,14.90
1708,1089,D24HourMean,QuarterlyMean,Mean,9.07
1716,1100,D24HourMean,QuarterlyMean,Mean,7.44
1711,1089,D24HourMean,QuarterlyMean,Mean,8.20
1723,1097,D24HourMean,QuarterlyMean,Mean,8.18
1708,1083,D24HourMean,QuarterlyMean,Mean,8.29
1723,1096,D24HourMean,QuarterlyMean,Mean,7.95
1709,1080,D24HourMean,QuarterlyMean,Mean,8.77
1699,1094,D24HourMean,QuarterlyMean,Mean,13.97
1738,1087,D24HourMean,QuarterlyMean,Mean,10.59
1718,1087,D24HourMean,QuarterlyMean,Mean,8.05
1723,1092,D24HourMean,QuarterlyMean,Mean,8.33
1714,1077,D24HourMean,QuarterlyMean,Mean,11.74
1720,1110,D24HourMean,QuarterlyMean,Mean,6.73
1733,1094,D24HourMean,QuarterlyMean,Mean,8.96
1721,1094,D24HourMean,QuarterlyMean,Mean,7.91
1720,1083,D24HourMean,QuarterlyMean,Mean,8.47
1729,1101,D24HourMean,QuarterlyMean,Mean,7.46
1733,1090,D24HourMean,QuarterlyMean,Mean,8.60
1731,1099,D24HourMean,QuarterlyMean,Mean,8.84
1734,1082,D24HourMean,QuarterlyMean,Mean,12.76
1734,1099,D24HourMean,QuarterlyMean,Mean,8.73
1731,1087,D24HourMean,QuarterlyMean,Mean,10.55
1736,1099,D24HourMean,QuarterlyMean,Mean,8.77
1716,1095,D24HourMean,QuarterlyMean,Mean,7.75
1733,1084,D24HourMean,QuarterlyMean,Mean,12.51
1724,1091,D24HourMean,QuarterlyMean,Mean,7.53
1720,1103,D24HourMean,QuarterlyMean,Mean,7.41
1725,1085,D24HourMean,QuarterlyMean,Mean,9.19
1722,1091,D24HourMean,QuarterlyMean,Mean,8.50
1706,1099,D24HourMean,QuarterlyMean,Mean,10.01
1717,1101,D24HourMean,QuarterlyMean,Mean,8.14
1714,1107,D24HourMean,QuarterlyMean,Mean,6.46
1704,1080,D24HourMean,QuarterlyMean,Mean,12.79
1728,1090,D24HourMean,QuarterlyMean,Mean,9.18
1710,1095,D24HourMean,QuarterlyMean,Mean,8.67
1729,1086,D24HourMean,QuarterlyMean,Mean,11.49
1721,1088,D24HourMean,QuarterlyMean,Mean,7.58
1722,1105,D24HourMean,QuarterlyMean,Mean,9.84
1722,1087,D24HourMean,QuarterlyMean,Mean,8.14
1740,1090,D24HourMean,QuarterlyMean,Mean,8.22
1705,1101,D24HourMean,QuarterlyMean,Mean,10.47
1720,1078,D24HourMean,QuarterlyMean,Mean,11.15
1728,1083,D24HourMean,QuarterlyMean,Mean,10.84
1720,1101,D24HourMean,QuarterlyMean,Mean,8.75
1734,1086,D24HourMean,QuarterlyMean,Mean,11.57
1734,1091,D24HourMean,QuarterlyMean,Mean,8.85
1714,1076,D24HourMean,QuarterlyMean,Mean,13.29
1708,1101,D24HourMean,QuarterlyMean,Mean,8.62
1723,1093,D24HourMean,QuarterlyMean,Mean,8.73
1706,1079,D24HourMean,QuarterlyMean,Mean,10.78
1714,1106,D24HourMean,QuarterlyMean,Mean,6.79
1717,1110,D24HourMean,QuarterlyMean,Mean,6.71
1707,1090,D24HourMean,QuarterlyMean,Mean,9.67
1711,1102,D24HourMean,QuarterlyMean,Mean,8.06
1731,1098,D24HourMean,QuarterlyMean,Mean,8.02
1736,1097,D24HourMean,QuarterlyMean,Mean,8.69
1731,1091,D24HourMean,QuarterlyMean,Mean,9.19
1732,1094,D24HourMean,QuarterlyMean,Mean,9.16
1709,1081,D24HourMean,QuarterlyMean,Mean,7.99
1722,1080,D24HourMean,QuarterlyMean,Mean,9.95
1718,1099,D24HourMean,QuarterlyMean,Mean,8.47
1732,1092,D24HourMean,QuarterlyMean,Mean,9.02
1716,1094,D24HourMean,QuarterlyMean,Mean,7.86
1705,1096,D24HourMean,QuarterlyMean,Mean,11.51
1717,1109,D24HourMean,QuarterlyMean,Mean,6.82
1709,1079,D24HourMean,QuarterlyMean,Mean,9.75
1738,1096,D24HourMean,QuarterlyMean,Mean,8.76
1707,1081,D24HourMean,QuarterlyMean,Mean,9.32
1708,1092,D24HourMean,QuarterlyMean,Mean,8.84
1726,1112,D24HourMean,QuarterlyMean,Mean,8.78
1716,1091,D24HourMean,QuarterlyMean,Mean,8.10
1700,1099,D24HourMean,QuarterlyMean,Mean,13.32
1713,1079,D24HourMean,QuarterlyMean,Mean,9.44
1720,1106,D24HourMean,QuarterlyMean,Mean,8.54
1723,1079,D24HourMean,QuarterlyMean,Mean,10.63
1728,1082,D24HourMean,QuarterlyMean,Mean,11.25
1718,1111,D24HourMean,QuarterlyMean,Mean,7.18
1735,1099,D24HourMean,QuarterlyMean,Mean,8.32
1738,1093,D24HourMean,QuarterlyMean,Mean,9.88
1729,1096,D24HourMean,QuarterlyMean,Mean,8.28
1734,1084,D24HourMean,QuarterlyMean,Mean,12.75
1739,1087,D24HourMean,QuarterlyMean,Mean,11.13
1711,1076,D24HourMean,QuarterlyMean,Mean,12.59
1711,1094,D24HourMean,QuarterlyMean,Mean,8.79
1720,1096,D24HourMean,QuarterlyMean,Mean,8.07
1716,1083,D24HourMean,QuarterlyMean,Mean,7.63
1713,1086,D24HourMean,QuarterlyMean,Mean,8.31
1722,1086,D24HourMean,QuarterlyMean,Mean,8.40
1708,1100,D24HourMean,QuarterlyMean,Mean,8.50
1705,1086,D24HourMean,QuarterlyMean,Mean,11.12
1723,1086,D24HourMean,QuarterlyMean,Mean,8.40
1737,1082,D24HourMean,QuarterlyMean,Mean,13.38
1698,1078,D24HourMean,QuarterlyMean,Mean,14.78
1709,1077,D24HourMean,QuarterlyMean,Mean,11.21
1705,1087,D24HourMean,QuarterlyMean,Mean,11.29
1714,1095,D24HourMean,QuarterlyMean,Mean,7.88
1739,1090,D24HourMean,QuarterlyMean,Mean,8.32
1716,1081,D24HourMean,QuarterlyMean,Mean,8.31
1726,1087,D24HourMean,QuarterlyMean,Mean,9.03
1722,1108,D24HourMean,QuarterlyMean,Mean,6.95
1717,1084,D24HourMean,QuarterlyMean,Mean,7.58
1706,1081,D24HourMean,QuarterlyMean,Mean,10.44
1714,1087,D24HourMean,QuarterlyMean,Mean,8.24
1712,1099,D24HourMean,QuarterlyMean,Mean,7.96
1707,1094,D24HourMean,QuarterlyMean,Mean,9.68
1723,1109,D24HourMean,QuarterlyMean,Mean,8.21
1732,1082,D24HourMean,QuarterlyMean,Mean,12.70
1733,1086,D24HourMean,QuarterlyMean,Mean,11.67
1732,1102,D24HourMean,QuarterlyMean,Mean,9.37
1733,1096,D24HourMean,QuarterlyMean,Mean,7.90
1707,1079,D24HourMean,QuarterlyMean,Mean,10.49
1721,1098,D24HourMean,QuarterlyMean,Mean,7.60
1722,1093,D24HourMean,QuarterlyMean,Mean,8.24
1730,1095,D24HourMean,QuarterlyMean,Mean,7.72
1727,1113,D24HourMean,QuarterlyMean,Mean,8.38
1722,1092,D24HourMean,QuarterlyMean,Mean,8.28
1718,1097,D24HourMean,QuarterlyMean,Mean,8.56
1736,1092,D24HourMean,QuarterlyMean,Mean,8.16
1724,1097,D24HourMean,QuarterlyMean,Mean,7.86
1735,1084,D24HourMean,QuarterlyMean,Mean,12.85
1730,1102,D24HourMean,QuarterlyMean,Mean,9.23
1723,1098,D24HourMean,QuarterlyMean,Mean,7.77
1722,1095,D24HourMean,QuarterlyMean,Mean,7.79
1708,1076,D24HourMean,QuarterlyMean,Mean,13.17
1704,1102,D24HourMean,QuarterlyMean,Mean,11.59
1731,1103,D24HourMean,QuarterlyMean,Mean,9.46
1718,1085,D24HourMean,QuarterlyMean,Mean,7.70
1715,1089,D24HourMean,QuarterlyMean,Mean,8.09
1712,1096,D24HourMean,QuarterlyMean,Mean,8.79
1706,1093,D24HourMean,QuarterlyMean,Mean,10.23
1719,1107,D24HourMean,QuarterlyMean,Mean,6.61
1716,1085,D24HourMean,QuarterlyMean,Mean,7.33
1719,1091,D24HourMean,QuarterlyMean,Mean,8.23
1725,1086,D24HourMean,QuarterlyMean,Mean,9.02
1719,1100,D24HourMean,QuarterlyMean,Mean,8.59
1707,1080,D24HourMean,QuarterlyMean,Mean,9.92
1724,1087,D24HourMean,QuarterlyMean,Mean,8.55
1716,1087,D24HourMean,QuarterlyMean,Mean,8.03
1705,1084,D24HourMean,QuarterlyMean,Mean,11.32
1703,1093,D24HourMean,QuarterlyMean,Mean,13.37
1720,1087,D24HourMean,QuarterlyMean,Mean,7.44
1714,1089,D24HourMean,QuarterlyMean,Mean,8.26
1735,1087,D24HourMean,QuarterlyMean,Mean,10.62
1715,1083,D24HourMean,QuarterlyMean,Mean,7.49
1739,1089,D24HourMean,QuarterlyMean,Mean,8.88
1719,1090,D24HourMean,QuarterlyMean,Mean,8.26
1706,1095,D24HourMean,QuarterlyMean,Mean,10.52
1717,1099,D24HourMean,QuarterlyMean,Mean,7.72
1720,1109,D24HourMean,QuarterlyMean,Mean,7.31
1714,1082,D24HourMean,QuarterlyMean,Mean,7.84
1715,1085,D24HourMean,QuarterlyMean,Mean,7.60
1698,1081,D24HourMean,QuarterlyMean,Mean,15.19
1739,1088,D24HourMean,QuarterlyMean,Mean,9.52
1707,1087,D24HourMean,QuarterlyMean,Mean,9.82
1707,1098,D24HourMean,QuarterlyMean,Mean,9.97
1721,1081,D24HourMean,QuarterlyMean,Mean,8.47
1725,1082,D24HourMean,QuarterlyMean,Mean,10.10
1728,1092,D24HourMean,QuarterlyMean,Mean,7.58
1714,1099,D24HourMean,QuarterlyMean,Mean,7.76
1724,1084,D24HourMean,QuarterlyMean,Mean,9.81
1726,1111,D24HourMean,QuarterlyMean,Mean,9.07
1737,1088,D24HourMean,QuarterlyMean,Mean,9.43
1714,1102,D24HourMean,QuarterlyMean,Mean,8.61
1708,1096,D24HourMean,QuarterlyMean,Mean,9.55
1709,1084,D24HourMean,QuarterlyMean,Mean,8.08
1721,1096,D24HourMean,QuarterlyMean,Mean,7.76
1710,1094,D24HourMean,QuarterlyMean,Mean,8.96
1738,1097,D24HourMean,QuarterlyMean,Mean,9.04
1719,1096,D24HourMean,QuarterlyMean,Mean,8.33
1726,1094,D24HourMean,QuarterlyMean,Mean,8.31
1711,1098,D24HourMean,QuarterlyMean,Mean,7.84
1703,1101,D24HourMean,QuarterlyMean,Mean,12.12
1725,1084,D24HourMean,QuarterlyMean,Mean,10.20
1716,1077,D24HourMean,QuarterlyMean,Mean,12.11
1710,1083,D24HourMean,QuarterlyMean,Mean,8.29
1720,1105,D24HourMean,QuarterlyMean,Mean,8.56
1737,1086,D24HourMean,QuarterlyMean,Mean,11.50
1699,1078,D24HourMean,QuarterlyMean,Mean,14.98
1710,1080,D24HourMean,QuarterlyMean,Mean,8.37
1734,1101,D24HourMean,QuarterlyMean,Mean,8.06
1708,1082,D24HourMean,QuarterlyMean,Mean,8.37
1729,1091,D24HourMean,QuarterlyMean,Mean,8.66
1709,1087,D24HourMean,QuarterlyMean,Mean,8.84
1717,1080,D24HourMean,QuarterlyMean,Mean,9.77
1736,1088,D24HourMean,QuarterlyMean,Mean,9.58
1723,1087,D24HourMean,QuarterlyMean,Mean,8.15
1708,1097,D24HourMean,QuarterlyMean,Mean,9.43
1716,1088,D24HourMean,QuarterlyMean,Mean,7.91
1721,1082,D24HourMean,QuarterlyMean,Mean,9.13
1720,1085,D24HourMean,QuarterlyMean,Mean,8.07
1719,1087,D24HourMean,QuarterlyMean,Mean,7.68
1719,1086,D24HourMean,QuarterlyMean,Mean,7.77
1713,1095,D24HourMean,QuarterlyMean,Mean,7.91
1724,1100,D24HourMean,QuarterlyMean,Mean,7.48
1708,1099,D24HourMean,QuarterlyMean,Mean,8.81
1716,1098,D24HourMean,QuarterlyMean,Mean,7.76
1737,1090,D24HourMean,QuarterlyMean,Mean,8.03
1712,1087,D24HourMean,QuarterlyMean,Mean,8.22
1705,1075,D24HourMean,QuarterlyMean,Mean,15.05
1724,1112,D24HourMean,QuarterlyMean,Mean,9.18
1733,1092,D24HourMean,QuarterlyMean,Mean,9.47
1730,1098,D24HourMean,QuarterlyMean,Mean,7.88
1699,1079,D24HourMean,QuarterlyMean,Mean,14.58
1726,1097,D24HourMean,QuarterlyMean,Mean,8.51
1710,1093,D24HourMean,QuarterlyMean,Mean,8.86
1721,1085,D24HourMean,QuarterlyMean,Mean,8.29
1722,1099,D24HourMean,QuarterlyMean,Mean,7.60
1711,1082,D24HourMean,QuarterlyMean,Mean,7.38
1719,1110,D24HourMean,QuarterlyMean,Mean,6.92
1701,1078,D24HourMean,QuarterlyMean,Mean,14.69
1725,1109,D24HourMean,QuarterlyMean,Mean,8.70
1726,1098,D24HourMean,QuarterlyMean,Mean,8.89
1707,1078,D24HourMean,QuarterlyMean,Mean,11.32
1718,1092,D24HourMean,QuarterlyMean,Mean,7.98
1729,1085,D24HourMean,QuarterlyMean,Mean,11.64
1737,1097,D24HourMean,QuarterlyMean,Mean,9.09
1737,1100,D24HourMean,QuarterlyMean,Mean,8.42
1697,1078,D24HourMean,QuarterlyMean,Mean,14.96
1718,1106,D24HourMean,QuarterlyMean,Mean,7.69
1721,1101,D24HourMean,QuarterlyMean,Mean,9.11
1718,1093,D24HourMean,QuarterlyMean,Mean,7.81
1699,1082,D24HourMean,QuarterlyMean,Mean,14.38
1727,1095,D24HourMean,QuarterlyMean,Mean,8.78
1707,1099,D24HourMean,QuarterlyMean,Mean,9.50
1733,1087,D24HourMean,QuarterlyMean,Mean,10.08
1713,1097,D24HourMean,QuarterlyMean,Mean,7.53
1716,1084,D24HourMean,QuarterlyMean,Mean,7.25
1703,1096,D24HourMean,QuarterlyMean,Mean,13.34
1704,1081,D24HourMean,QuarterlyMean,Mean,12.67
1706,1077,D24HourMean,QuarterlyMean,Mean,12.81
1726,1093,D24HourMean,QuarterlyMean,Mean,7.91
1719,1095,D24HourMean,QuarterlyMean,Mean,7.81
1715,1107,D24HourMean,QuarterlyMean,Mean,7.23
1707,1093,D24HourMean,QuarterlyMean,Mean,9.46
1732,1090,D24HourMean,QuarterlyMean,Mean,9.12
1729,1098,D24HourMean,QuarterlyMean,Mean,9.51
1713,1101,D24HourMean,QuarterlyMean,Mean,8.40
1717,1086,D24HourMean,QuarterlyMean,Mean,7.79
1727,1084,D24HourMean,QuarterlyMean,Mean,10.38
1708,1088,D24HourMean,QuarterlyMean,Mean,8.96
1712,1081,D24HourMean,QuarterlyMean,Mean,7.64
1721,1108,D24HourMean,QuarterlyMean,Mean,6.76
1721,1105,D24HourMean,QuarterlyMean,Mean,8.94
1728,1093,D24HourMean,QuarterlyMean,Mean,7.65
1723,1090,D24HourMean,QuarterlyMean,Mean,8.42
1712,1079,D24HourMean,QuarterlyMean,Mean,9.39
1718,1080,D24HourMean,QuarterlyMean,Mean,9.65
1706,1087,D24HourMean,QuarterlyMean,Mean,10.18
1705,1095,D24HourMean,QuarterlyMean,Mean,11.19
1730,1112,D24HourMean,QuarterlyMean,Mean,8.46
1711,1101,D24HourMean,QuarterlyMean,Mean,8.01
1719,1098,D24HourMean,QuarterlyMean,Mean,7.91
1705,1076,D24HourMean,QuarterlyMean,Mean,13.47
1715,1095,D24HourMean,QuarterlyMean,Mean,7.77
1712,1085,D24HourMean,QuarterlyMean,Mean,7.94
1717,1091,D24HourMean,QuarterlyMean,Mean,7.98
1714,1084,D24HourMean,QuarterlyMean,Mean,7.84
1718,1088,D24HourMean,QuarterlyMean,Mean,7.84
1720,1100,D24HourMean,QuarterlyMean,Mean,8.17
1711,1095,D24HourMean,QuarterlyMean,Mean,8.46
1731,1092,D24HourMean,QuarterlyMean,Mean,7.84
1710,1087,D24HourMean,QuarterlyMean,Mean,8.65
1726,1082,D24HourMean,QuarterlyMean,Mean,10.01
1731,1095,D24HourMean,QuarterlyMean,Mean,7.70
1712,1084,D24HourMean,QuarterlyMean,Mean,7.68
1705,1082,D24HourMean,QuarterlyMean,Mean,11.78
1725,1081,D24HourMean,QuarterlyMean,Mean,9.45
1715,1099,D24HourMean,QuarterlyMean,Mean,7.51
1722,1101,D24HourMean,QuarterlyMean,Mean,8.97
1719,1088,D24HourMean,QuarterlyMean,Mean,7.75
1704,1094,D24HourMean,QuarterlyMean,Mean,12.10
1706,1084,D24HourMean,QuarterlyMean,Mean,10.33
1722,1094,D24HourMean,QuarterlyMean,Mean,7.96
1736,1090,D24HourMean,QuarterlyMean,Mean,8.64
1734,1094,D24HourMean,QuarterlyMean,Mean,9.06
1705,1083,D24HourMean,QuarterlyMean,Mean,11.54
1721,1109,D24HourMean,QuarterlyMean,Mean,6.95
1736,1100,D24HourMean,QuarterlyMean,Mean,8.68
1730,1083,D24HourMean,QuarterlyMean,Mean,11.84
1713,1077,D24HourMean,QuarterlyMean,Mean,11.49
1717,1095,D24HourMean,QuarterlyMean,Mean,7.70
1710,1088,D24HourMean,QuarterlyMean,Mean,8.52
1725,1100,D24HourMean,QuarterlyMean,Mean,7.35
1713,1106,D24HourMean,QuarterlyMean,Mean,7.30
1703,1077,D24HourMean,QuarterlyMean,Mean,14.06
1715,1098,D24HourMean,QuarterlyMean,Mean,7.69
1718,1095,D24HourMean,QuarterlyMean,Mean,7.88
1719,1080,D24HourMean,QuarterlyMean,Mean,9.16
1708,1079,D24HourMean,QuarterlyMean,Mean,10.04
1705,1093,D24HourMean,QuarterlyMean,Mean,11.40
1721,1100,D24HourMean,QuarterlyMean,Mean,8.19
1714,1091,D24HourMean,QuarterlyMean,Mean,8.71
1709,1099,D24HourMean,QuarterlyMean,Mean,8.31
1701,1076,D24HourMean,QuarterlyMean,Mean,14.59
1729,1095,D24HourMean,QuarterlyMean,Mean,7.76
1724,1090,D24HourMean,QuarterlyMean,Mean,8.31
1721,1093,D24HourMean,QuarterlyMean,Mean,7.75
1738,1092,D24HourMean,QuarterlyMean,Mean,8.40
1727,1081,D24HourMean,QuarterlyMean,Mean,11.10
1715,1092,D24HourMean,QuarterlyMean,Mean,7.67
1707,1097,D24HourMean,QuarterlyMean,Mean,9.94
1712,1082,D24HourMean,QuarterlyMean,Mean,7.68
1731,1089,D24HourMean,QuarterlyMean,Mean,9.75
1708,1085,D24HourMean,QuarterlyMean,Mean,8.43
1739,1095,D24HourMean,QuarterlyMean,Mean,9.03
1715,1090,D24HourMean,QuarterlyMean,Mean,8.42
1728,1086,D24HourMean,QuarterlyMean,Mean,10.73
1701,1099,D24HourMean,QuarterlyMean,Mean,13.77
1708,1094,D24HourMean,QuarterlyMean,Mean,9.17
1719,1105,D24HourMean,QuarterlyMean,Mean,7.95
1714,1100,D24HourMean,QuarterlyMean,Mean,7.62
1717,1087,D24HourMean,QuarterlyMean,Mean,8.10
1725,1099,D24HourMean,QuarterlyMean,Mean,7.49
1706,1076,D24HourMean,QuarterlyMean,Mean,13.61
1712,1101,D24HourMean,QuarterlyMean,Mean,7.84
1717,1097,D24HourMean,QuarterlyMean,Mean,8.16
1724,1083,D24HourMean,QuarterlyMean,Mean,10.07
1718,1094,D24HourMean,QuarterlyMean,Mean,7.86
1738,1095,D24HourMean,QuarterlyMean,Mean,8.78
1714,1092,D24HourMean,QuarterlyMean,Mean,8.03
1735,1096,D24HourMean,QuarterlyMean,Mean,8.28
1728,1081,D24HourMean,QuarterlyMean,Mean,11.51
1714,1086,D24HourMean,QuarterlyMean,Mean,8.21
1713,1078,D24HourMean,QuarterlyMean,Mean,10.47
1708,1084,D24HourMean,QuarterlyMean,Mean,8.50
1730,1087,D24HourMean,QuarterlyMean,Mean,10.03
1710,1100,D24HourMean,QuarterlyMean,Mean,8.26
1727,1088,D24HourMean,QuarterlyMean,Mean,8.86
1731,1085,D24HourMean,QuarterlyMean,Mean,11.22
1706,1098,D24HourMean,QuarterlyMean,Mean,10.72
1728,1099,D24HourMean,QuarterlyMean,Mean,9.28
1733,1100,D24HourMean,QuarterlyMean,Mean,9.17
1722,1098,D24HourMean,QuarterlyMean,Mean,7.69
1724,1109,D24HourMean,QuarterlyMean,Mean,8.42
1733,1085,D24HourMean,QuarterlyMean,Mean,11.30
1714,1098,D24HourMean,QuarterlyMean,Mean,7.55
1719,1085,D24HourMean,QuarterlyMean,Mean,8.00
1730,1094,D24HourMean,QuarterlyMean,Mean,7.97
1719,1079,D24HourMean,QuarterlyMean,Mean,10.27
1716,1109,D24HourMean,QuarterlyMean,Mean,7.08
1707,1088,D24HourMean,QuarterlyMean,Mean,9.70
1717,1107,D24HourMean,QuarterlyMean,Mean,7.27
1706,1100,D24HourMean,QuarterlyMean,Mean,9.79
1709,1088,D24HourMean,QuarterlyMean,Mean,8.62
1704,1101,D24HourMean,QuarterlyMean,Mean,11.14
1716,1093,D24HourMean,QuarterlyMean,Mean,8.03
1719,1102,D24HourMean,QuarterlyMean,Mean,8.78
1708,1087,D24HourMean,QuarterlyMean,Mean,9.12
1717,1102,D24HourMean,QuarterlyMean,Mean,7.88
1709,1086,D24HourMean,QuarterlyMean,Mean,8.32
1708,1095,D24HourMean,QuarterlyMean,Mean,9.27
1716,1089,D24HourMean,QuarterlyMean,Mean,8.49
1703,1095,D24HourMean,QuarterlyMean,Mean,13.10
1722,1081,D24HourMean,QuarterlyMean,Mean,8.95
1729,1092,D24HourMean,QuarterlyMean,Mean,7.53
1730,1082,D24HourMean,QuarterlyMean,Mean,12.08
1727,1097,D24HourMean,QuarterlyMean,Mean,8.56
1725,1087,D24HourMean,QuarterlyMean,Mean,9.02
1727,1086,D24HourMean,QuarterlyMean,Mean,9.38
1728,1112,D24HourMean,QuarterlyMean,Mean,8.20
1711,1081,D24HourMean,QuarterlyMean,Mean,7.68
1724,1107,D24HourMean,QuarterlyMean,Mean,7.50
1731,1084,D24HourMean,QuarterlyMean,Mean,11.28
1702,1096,D24HourMean,QuarterlyMean,Mean,13.62
1736,1082,D24HourMean,QuarterlyMean,Mean,13.00
1728,1087,D24HourMean,QuarterlyMean,Mean,9.74
1710,1082,D24HourMean,QuarterlyMean,Mean,7.64
1727,1096,D24HourMean,QuarterlyMean,Mean,8.83
1712,1089,D24HourMean,QuarterlyMean,Mean,8.17
1723,1101,D24HourMean,QuarterlyMean,Mean,8.21
1707,1102,D24HourMean,QuarterlyMean,Mean,8.84
1711,1100,D24HourMean,QuarterlyMean,Mean,7.79
1711,1097,D24HourMean,QuarterlyMean,Mean,8.15
1703,1094,D24HourMean,QuarterlyMean,Mean,13.09
1708,1102,D24HourMean,QuarterlyMean,Mean,8.46
1715,1103,D24HourMean,QuarterlyMean,Mean,7.58
1729,1082,D24HourMean,QuarterlyMean,Mean,11.88
1708,1098,D24HourMean,QuarterlyMean,Mean,9.19
1728,1113,D24HourMean,QuarterlyMean,Mean,8.20
1730,1101,D24HourMean,QuarterlyMean,Mean,8.71
1712,1093,D24HourMean,QuarterlyMean,Mean,8.57
1705,1102,D24HourMean,QuarterlyMean,Mean,10.41
1713,1091,D24HourMean,QuarterlyMean,Mean,9.14
1724,1094,D24HourMean,QuarterlyMean,Mean,8.57
1720,1094,D24HourMean,QuarterlyMean,Mean,7.88
1720,1088,D24HourMean,QuarterlyMean,Mean,7.81
1718,1083,D24HourMean,QuarterlyMean,Mean,7.68
1727,1085,D24HourMean,QuarterlyMean,Mean,10.69
1723,1099,D24HourMean,QuarterlyMean,Mean,7.63
1722,1107,D24HourMean,QuarterlyMean,Mean,7.32
1701,1081,D24HourMean,QuarterlyMean,Mean,14.30
1717,1082,D24HourMean,QuarterlyMean,Mean,7.45
1724,1110,D24HourMean,QuarterlyMean,Mean,9.70
1720,1084,D24HourMean,QuarterlyMean,Mean,8.02
1721,1080,D24HourMean,QuarterlyMean,Mean,9.45
1722,1082,D24HourMean,QuarterlyMean,Mean,8.82
1721,1106,D24HourMean,QuarterlyMean,Mean,8.63
1718,1108,D24HourMean,QuarterlyMean,Mean,7.08
1732,1100,D24HourMean,QuarterlyMean,Mean,8.85
1729,1089,D24HourMean,QuarterlyMean,Mean,9.34
1699,1095,D24HourMean,QuarterlyMean,Mean,13.82
1713,1090,D24HourMean,QuarterlyMean,Mean,8.90
1704,1092,D24HourMean,QuarterlyMean,Mean,12.92
1705,1098,D24HourMean,QuarterlyMean,Mean,11.22
1725,1098,D24HourMean,QuarterlyMean,Mean,7.84
1711,1084,D24HourMean,QuarterlyMean,Mean,7.71
1734,1092,D24HourMean,QuarterlyMean,Mean,8.82
1713,1081,D24HourMean,QuarterlyMean,Mean,7.68
1724,1082,D24HourMean,QuarterlyMean,Mean,9.66
1736,1098,D24HourMean,QuarterlyMean,Mean,8.81
1712,1092,D24HourMean,QuarterlyMean,Mean,8.72
1738,1088,D24HourMean,QuarterlyMean,Mean,9.69
1735,1097,D24HourMean,QuarterlyMean,Mean,8.06
1718,1104,D24HourMean,QuarterlyMean,Mean,7.37
1721,1097,D24HourMean,QuarterlyMean,Mean,7.76
1730,1084,D24HourMean,QuarterlyMean,Mean,11.05
1717,1078,D24HourMean,QuarterlyMean,Mean,11.45
1705,1100,D24HourMean,QuarterlyMean,Mean,10.29
1727,1091,D24HourMean,QuarterlyMean,Mean,8.10
1721,1083,D24HourMean,QuarterlyMean,Mean,8.43
1715,1093,D24HourMean,QuarterlyMean,Mean,7.77
1709,1090,D24HourMean,QuarterlyMean,Mean,8.18
1715,1106,D24HourMean,QuarterlyMean,Mean,7.57
1733,1088,D24HourMean,QuarterlyMean,Mean,9.43
1709,1097,D24HourMean,QuarterlyMean,Mean,8.72
1710,1084,D24HourMean,QuarterlyMean,Mean,7.75
1707,1092,D24HourMean,QuarterlyMean,Mean,9.43
1716,1078,D24HourMean,QuarterlyMean,Mean,11.20
1730,1088,D24HourMean,QuarterlyMean,Mean,9.89
1714,1094,D24HourMean,QuarterlyMean,Mean,8.16
1726,1100,D24HourMean,QuarterlyMean,Mean,7.67
1727,1099,D24HourMean,QuarterlyMean,Mean,8.80
1713,1096,D24HourMean,QuarterlyMean,Mean,8.10
1725,1088,D24HourMean,QuarterlyMean,Mean,9.50
1737,1095,D24HourMean,QuarterlyMean,Mean,8.63
1719,1109,D24HourMean,QuarterlyMean,Mean,6.99
1705,1085,D24HourMean,QuarterlyMean,Mean,11.05
1737,1089,D24HourMean,QuarterlyMean,Mean,8.64
1721,1090,D24HourMean,QuarterlyMean,Mean,8.71
1727,1094,D24HourMean,QuarterlyMean,Mean,8.49
1704,1075,D24HourMean,QuarterlyMean,Mean,15.04
1728,1096,D24HourMean,QuarterlyMean,Mean,9.18
1732,1091,D24HourMean,QuarterlyMean,Mean,9.23
1713,1100,D24HourMean,QuarterlyMean,Mean,7.86
1716,1080,D24HourMean,QuarterlyMean,Mean,9.86
1709,1095,D24HourMean,QuarterlyMean,Mean,8.91
1732,1093,D24HourMean,QuarterlyMean,Mean,9.25
1704,1099,D24HourMean,QuarterlyMean,Mean,11.90
1731,1094,D24HourMean,QuarterlyMean,Mean,8.40
1720,1081,D24HourMean,QuarterlyMean,Mean,8.45
1701,1102,D24HourMean,QuarterlyMean,Mean,13.10
1722,1085,D24HourMean,QuarterlyMean,Mean,8.64
1738,1085,D24HourMean,QuarterlyMean,Mean,12.31
1728,1094,D24HourMean,QuarterlyMean,Mean,8.12
1723,1084,D24HourMean,QuarterlyMean,Mean,9.59
1724,1095,D24HourMean,QuarterlyMean,Mean,7.88
1712,1086,D24HourMean,QuarterlyMean,Mean,8.45
1720,1095,D24HourMean,QuarterlyMean,Mean,8.02
1719,1078,D24HourMean,QuarterlyMean,Mean,11.18
1704,1082,D24HourMean,QuarterlyMean,Mean,12.82
1724,1101,D24HourMean,QuarterlyMean,Mean,7.60
1709,1094,D24HourMean,QuarterlyMean,Mean,8.67
1703,1079,D24HourMean,QuarterlyMean,Mean,13.71
1735,1083,D24HourMean,QuarterlyMean,Mean,13.15
1708,1075,D24HourMean,QuarterlyMean,Mean,14.37
1718,1096,D24HourMean,QuarterlyMean,Mean,8.26
1722,1097,D24HourMean,QuarterlyMean,Mean,7.97
1710,1096,D24HourMean,QuarterlyMean,Mean,8.50
1707,1082,D24HourMean,QuarterlyMean,Mean,9.31
1738,1091,D24HourMean,QuarterlyMean,Mean,7.62
1715,1086,D24HourMean,QuarterlyMean,Mean,8.03
1722,1100,D24HourMean,QuarterlyMean,Mean,8.38
1700,1094,D24HourMean,QuarterlyMean,Mean,14.12
1715,1091,D24HourMean,QuarterlyMean,Mean,8.30
1715,1077,D24HourMean,QuarterlyMean,Mean,12.03
1711,1099,D24HourMean,QuarterlyMean,Mean,7.87
1699,1099,D24HourMean,QuarterlyMean,Mean,6.58
1718,1082,D24HourMean,QuarterlyMean,Mean,7.53
1717,1106,D24HourMean,QuarterlyMean,Mean,7.60
1718,1089,D24HourMean,QuarterlyMean,Mean,8.03
1721,1095,D24HourMean,QuarterlyMean,Mean,7.81
1730,1100,D24HourMean,QuarterlyMean,Mean,9.03
1704,1100,D24HourMean,QuarterlyMean,Mean,11.24
1709,1083,D24HourMean,QuarterlyMean,Mean,8.17
1716,1090,D24HourMean,QuarterlyMean,Mean,8.14
1731,1083,D24HourMean,QuarterlyMean,Mean,12.08
1706,1092,D24HourMean,QuarterlyMean,Mean,10.42
1731,1102,D24HourMean,QuarterlyMean,Mean,9.20
1718,1100,D24HourMean,QuarterlyMean,Mean,7.91
1719,1094,D24HourMean,QuarterlyMean,Mean,7.79
1729,1083,D24HourMean,QuarterlyMean,Mean,11.30
1733,1083,D24HourMean,QuarterlyMean,Mean,12.95
1725,1097,D24HourMean,QuarterlyMean,Mean,7.72
1723,1081,D24HourMean,QuarterlyMean,Mean,8.95
1706,1083,D24HourMean,QuarterlyMean,Mean,10.22
1703,1080,D24HourMean,QuarterlyMean,Mean,13.44
1712,1094,D24HourMean,QuarterlyMean,Mean,8.64
1726,1090,D24HourMean,QuarterlyMean,Mean,8.99
1713,1099,D24HourMean,QuarterlyMean,Mean,8.00
1721,1111,D24HourMean,QuarterlyMean,Mean,8.27
1704,1096,D24HourMean,QuarterlyMean,Mean,12.43
1706,1082,D24HourMean,QuarterlyMean,Mean,10.47
1721,1102,D24HourMean,QuarterlyMean,Mean,8.61
1723,1108,D24HourMean,QuarterlyMean,Mean,7.44
1719,1084,D24HourMean,QuarterlyMean,Mean,7.95
1717,1081,D24HourMean,QuarterlyMean,Mean,8.27
1723,1091,D24HourMean,QuarterlyMean,Mean,8.03
1720,1092,D24HourMean,QuarterlyMean,Mean,8.49
1713,1082,D24HourMean,QuarterlyMean,Mean,7.72
1725,1107,D24HourMean,QuarterlyMean,Mean,7.39
1726,1099,D24HourMean,QuarterlyMean,Mean,7.44
1713,1098,D24HourMean,QuarterlyMean,Mean,7.46
1737,1098,D24HourMean,QuarterlyMean,Mean,8.98
1708,1093,D24HourMean,QuarterlyMean,Mean,9.00
1724,1098,D24HourMean,QuarterlyMean,Mean,7.86
1702,1077,D24HourMean,QuarterlyMean,Mean,14.56
1731,1088,D24HourMean,QuarterlyMean,Mean,9.84
1702,1095,D24HourMean,QuarterlyMean,Mean,13.32
1710,1101,D24HourMean,QuarterlyMean,Mean,7.96
1732,1095,D24HourMean,QuarterlyMean,Mean,7.95
1711,1093,D24HourMean,QuarterlyMean,Mean,9.15
1712,1088,D24HourMean,QuarterlyMean,Mean,7.98
1725,1108,D24HourMean,QuarterlyMean,Mean,7.62
1707,1089,D24HourMean,QuarterlyMean,Mean,9.27
1730,1089,D24HourMean,QuarterlyMean,Mean,9.69
1720,1082,D24HourMean,QuarterlyMean,Mean,8.37
1714,1097,D24HourMean,QuarterlyMean,Mean,7.81
1709,1076,D24HourMean,QuarterlyMean,Mean,12.56
1718,1101,D24HourMean,QuarterlyMean,Mean,8.31
1722,1090,D24HourMean,QuarterlyMean,Mean,7.95
1736,1093,D24HourMean,QuarterlyMean,Mean,8.60
1701,1095,D24HourMean,QuarterlyMean,Mean,13.37
1727,1089,D24HourMean,QuarterlyMean,Mean,8.50
1712,1091,D24HourMean,QuarterlyMean,Mean,9.10
1723,1110,D24HourMean,QuarterlyMean,Mean,8.85
1729,1081,D24HourMean,QuarterlyMean,Mean,12.21
1719,1097,D24HourMean,QuarterlyMean,Mean,8.52
1702,1078,D24HourMean,QuarterlyMean,Mean,14.59
1728,1085,D24HourMean,QuarterlyMean,Mean,11.40
1710,1102,D24HourMean,QuarterlyMean,Mean,7.78
1704,1095,D24HourMean,QuarterlyMean,Mean,12.67
1712,1102,D24HourMean,QuarterlyMean,Mean,8.03
1721,1092,D24HourMean,QuarterlyMean,Mean,8.21
1705,1081,D24HourMean,QuarterlyMean,Mean,11.68
1734,1098,D24HourMean,QuarterlyMean,Mean,8.54
1724,1081,D24HourMean,QuarterlyMean,Mean,8.88
1729,1097,D24HourMean,QuarterlyMean,Mean,8.92
1702,1101,D24HourMean,QuarterlyMean,Mean,13.04
1737,1093,D24HourMean,QuarterlyMean,Mean,9.22
1725,1094,D24HourMean,QuarterlyMean,Mean,8.35
1726,1110,D24HourMean,QuarterlyMean,Mean,9.13
1713,1085,D24HourMean,QuarterlyMean,Mean,8.03
1729,1094,D24HourMean,QuarterlyMean,Mean,8.00
1729,1100,D24HourMean,QuarterlyMean,Mean,8.40
1728,1084,D24HourMean,QuarterlyMean,Mean,10.45
1739,1091,D24HourMean,QuarterlyMean,Mean,7.89
1706,1089,D24HourMean,QuarterlyMean,Mean,10.50
1727,1112,D24HourMean,QuarterlyMean,Mean,8.62
1729,1087,D24HourMean,QuarterlyMean,Mean,9.91
1730,1086,D24HourMean,QuarterlyMean,Mean,11.55
1720,1108,D24HourMean,QuarterlyMean,Mean,6.72
1718,1079,D24HourMean,QuarterlyMean,Mean,10.57
1707,1086,D24HourMean,QuarterlyMean,Mean,9.48
1701,1094,D24HourMean,QuarterlyMean,Mean,13.40
1711,1077,D24HourMean,QuarterlyMean,Mean,11.56
1705,1079,D24HourMean,QuarterlyMean,Mean,12.04
1713,1089,D24HourMean,QuarterlyMean,Mean,8.49
1706,1097,D24HourMean,QuarterlyMean,Mean,10.74
1724,1086,D24HourMean,QuarterlyMean,Mean,8.58
1725,1091,D24HourMean,QuarterlyMean,Mean,7.95
1733,1089,D24HourMean,QuarterlyMean,Mean,8.96
1716,1079,D24HourMean,QuarterlyMean,Mean,10.33
1731,1096,D24HourMean,QuarterlyMean,Mean,7.93
1718,1107,D24HourMean,QuarterlyMean,Mean,6.81
1709,1098,D24HourMean,QuarterlyMean,Mean,8.60
1713,1094,D24HourMean,QuarterlyMean,Mean,8.26
1716,1103,D24HourMean,QuarterlyMean,Mean,7.79
1721,1091,D24HourMean,QuarterlyMean,Mean,8.80
1703,1102,D24HourMean,QuarterlyMean,Mean,12.45
1712,1083,D24HourMean,QuarterlyMean,Mean,7.66
1713,1080,D24HourMean,QuarterlyMean,Mean,8.50
1724,1096,D24HourMean,QuarterlyMean,Mean,7.83
1733,1098,D24HourMean,QuarterlyMean,Mean,8.23
1709,1085,D24HourMean,QuarterlyMean,Mean,8.20
1720,1111,D24HourMean,QuarterlyMean,Mean,8.79
1734,1087,D24HourMean,QuarterlyMean,Mean,10.37
1705,1078,D24HourMean,QuarterlyMean,Mean,12.98
1737,1092,D24HourMean,QuarterlyMean,Mean,8.32
1719,1106,D24HourMean,QuarterlyMean,Mean,7.30
1715,1101,D24HourMean,QuarterlyMean,Mean,7.55
1716,1082,D24HourMean,QuarterlyMean,Mean,7.70
1720,1098,D24HourMean,QuarterlyMean,Mean,7.51
1733,1093,D24HourMean,QuarterlyMean,Mean,9.39
1734,1095,D24HourMean,QuarterlyMean,Mean,8.18
1717,1088,D24HourMean,QuarterlyMean,Mean,7.82
1706,1086,D24HourMean,QuarterlyMean,Mean,10.25
1702,1100,D24HourMean,QuarterlyMean,Mean,13.10
1714,1090,D24HourMean,QuarterlyMean,Mean,8.73
1705,1077,D24HourMean,QuarterlyMean,Mean,13.01
1703,1083,D24HourMean,QuarterlyMean,Mean,13.31
1709,1078,D24HourMean,QuarterlyMean,Mean,10.46
1734,1096,D24HourMean,QuarterlyMean,Mean,8.07
1711,1078,D24HourMean,QuarterlyMean,Mean,10.56
1700,1079,D24HourMean,QuarterlyMean,Mean,14.55
1717,1104,D24HourMean,QuarterlyMean,Mean,7.18
1709,1101,D24HourMean,QuarterlyMean,Mean,8.06
1710,1076,D24HourMean,QuarterlyMean,Mean,12.49
1712,1097,D24HourMean,QuarterlyMean,Mean,7.65
1703,1099,D24HourMean,QuarterlyMean,Mean,12.99
1715,1084,D24HourMean,QuarterlyMean,Mean,7.68
1723,1100,D24HourMean,QuarterlyMean,Mean,7.48
1712,1077,D24HourMean,QuarterlyMean,Mean,11.64
1716,1101,D24HourMean,QuarterlyMean,Mean,7.77
1715,1088,D24HourMean,QuarterlyMean,Mean,8.19
1702,1102,D24HourMean,QuarterlyMean,Mean,12.47
1734,1097,D24HourMean,QuarterlyMean,Mean,8.35
1712,1078,D24HourMean,QuarterlyMean,Mean,10.45
1723,1082,D24HourMean,QuarterlyMean,Mean,9.09
1720,1091,D24HourMean,QuarterlyMean,Mean,9.08
1702,1080,D24HourMean,QuarterlyMean,Mean,13.86
1720,1107,D24HourMean,QuarterlyMean,Mean,6.74
1728,1097,D24HourMean,QuarterlyMean,Mean,8.94
1704,1079,D24HourMean,QuarterlyMean,Mean,12.93
1734,1088,D24HourMean,QuarterlyMean,Mean,9.36
1727,1111,D24HourMean,QuarterlyMean,Mean,8.97
1712,1080,D24HourMean,QuarterlyMean,Mean,8.50
1735,1082,D24HourMean,QuarterlyMean,Mean,12.82
1724,1099,D24HourMean,QuarterlyMean,Mean,7.83
1735,1095,D24HourMean,QuarterlyMean,Mean,8.37
1717,1100,D24HourMean,QuarterlyMean,Mean,7.90
1717,1093,D24HourMean,QuarterlyMean,Mean,7.67
1712,1095,D24HourMean,QuarterlyMean,Mean,9.07
1729,1111,D24HourMean,QuarterlyMean,Mean,8.74
1706,1094,D24HourMean,QuarterlyMean,Mean,10.33
1724,1092,D24HourMean,QuarterlyMean,Mean,7.93
1717,1085,D24HourMean,QuarterlyMean,Mean,7.25
1726,1095,D24HourMean,QuarterlyMean,Mean,8.63
1705,1099,D24HourMean,QuarterlyMean,Mean,10.85
1727,1100,D24HourMean,QuarterlyMean,Mean,7.77
1732,1087,D24HourMean,QuarterlyMean,Mean,10.03
1710,1099,D24HourMean,QuarterlyMean,Mean,8.01
1722,1096,D24HourMean,QuarterlyMean,Mean,7.65
1719,1081,D24HourMean,QuarterlyMean,Mean,8.31
1706,1102,D24HourMean,QuarterlyMean,Mean,9.50
1727,1087,D24HourMean,QuarterlyMean,Mean,9.20
1710,1089,D24HourMean,QuarterlyMean,Mean,8.59
1727,1090,D24HourMean,QuarterlyMean,Mean,8.29
1705,1092,D24HourMean,QuarterlyMean,Mean,11.66
1727,1098,D24HourMean,QuarterlyMean,Mean,8.82
1717,1083,D24HourMean,QuarterlyMean,Mean,7.51
1719,1104,D24HourMean,QuarterlyMean,Mean,7.46
1738,1090,D24HourMean,QuarterlyMean,Mean,8.19
1721,1110,D24HourMean,QuarterlyMean,Mean,8.67
1720,1086,D24HourMean,QuarterlyMean,Mean,7.49
1726,1084,D24HourMean,QuarterlyMean,Mean,10.18
1737,1087,D24HourMean,QuarterlyMean,Mean,10.52
1697,1081,D24HourMean,QuarterlyMean,Mean,15.14
1702,1093,D24HourMean,QuarterlyMean,Mean,13.62
1725,1089,D24HourMean,QuarterlyMean,Mean,8.64
1732,1098,D24HourMean,QuarterlyMean,Mean,8.14
1727,1093,D24HourMean,QuarterlyMean,Mean,7.53
1714,1088,D24HourMean,QuarterlyMean,Mean,8.19
1715,1087,D24HourMean,QuarterlyMean,Mean,8.23
1718,1091,D24HourMean,QuarterlyMean,Mean,7.93
1716,1097,D24HourMean,QuarterlyMean,Mean,7.91
1728,1111,D24HourMean,QuarterlyMean,Mean,8.69
1718,1098,D24HourMean,QuarterlyMean,Mean,8.00
1722,1089,D24HourMean,QuarterlyMean,Mean,7.87
1707,1083,D24HourMean,QuarterlyMean,Mean,8.86
1718,1103,D24HourMean,QuarterlyMean,Mean,7.42
1715,1078,D24HourMean,QuarterlyMean,Mean,11.10
1723,1085,D24HourMean,QuarterlyMean,Mean,8.69
1699,1081,D24HourMean,QuarterlyMean,Mean,14.84
1729,1090,D24HourMean,QuarterlyMean,Mean,9.16
1704,1077,D24HourMean,QuarterlyMean,Mean,13.68
1706,1078,D24HourMean,QuarterlyMean,Mean,11.82
1726,1086,D24HourMean,QuarterlyMean,Mean,9.43
1730,1093,D24HourMean,QuarterlyMean,Mean,8.05
1738,1094,D24HourMean,QuarterlyMean,Mean,9.66
1714,1093,D24HourMean,QuarterlyMean,Mean,8.30
1732,1088,D24HourMean,QuarterlyMean,Mean,9.50
1733,1097,D24HourMean,QuarterlyMean,Mean,7.92
1729,1112,D24HourMean,QuarterlyMean,Mean,8.24
1717,1089,D24HourMean,QuarterlyMean,Mean,8.21
1703,1100,D24HourMean,QuarterlyMean,Mean,12.44
1703,1078,D24HourMean,QuarterlyMean,Mean,14.18
1710,1097,D24HourMean,QuarterlyMean,Mean,8.24
1712,1098,D24HourMean,QuarterlyMean,Mean,7.51
1730,1099,D24HourMean,QuarterlyMean,Mean,9.35
1704,1084,D24HourMean,QuarterlyMean,Mean,12.25
1727,1083,D24HourMean,QuarterlyMean,Mean,10.56
1733,1099,D24HourMean,QuarterlyMean,Mean,8.42
1717,1092,D24HourMean,QuarterlyMean,Mean,8.03
1713,1092,D24HourMean,QuarterlyMean,Mean,8.57
1734,1100,D24HourMean,QuarterlyMean,Mean,8.28
1738,1100,D24HourMean,QuarterlyMean,Mean,8.57
1711,1096,D24HourMean,QuarterlyMean,Mean,8.50
1735,1092,D24HourMean,QuarterlyMean,Mean,8.84
1716,1096,D24HourMean,QuarterlyMean,Mean,7.81
1710,1079,D24HourMean,QuarterlyMean,Mean,9.51
1734,1085,D24HourMean,QuarterlyMean,Mean,11.74
1712,1076,D24HourMean,QuarterlyMean,Mean,12.85
1719,1093,D24HourMean,QuarterlyMean,Mean,7.70
1724,1108,D24HourMean,QuarterlyMean,Mean,7.60
1731,1093,D24HourMean,QuarterlyMean,Mean,8.42
1709,1100,D24HourMean,QuarterlyMean,Mean,8.25
1726,1109,D24HourMean,QuarterlyMean,Mean,8.18
1733,1091,D24HourMean,QuarterlyMean,Mean,8.35
1700,1095,D24HourMean,QuarterlyMean,Mean,13.57
1710,1077,D24HourMean,QuarterlyMean,Mean,11.20
1707,1077,D24HourMean,QuarterlyMean,Mean,12.86
1720,1089,D24HourMean,QuarterlyMean,Mean,8.14
1732,1097,D24HourMean,QuarterlyMean,Mean,8.23
1713,1083,D24HourMean,QuarterlyMean,Mean,7.79
1701,1080,D24HourMean,QuarterlyMean,Mean,14.09
1717,1094,D24HourMean,QuarterlyMean,Mean,7.81
1698,1082,D24HourMean,QuarterlyMean,Mean,14.74
1707,1096,D24HourMean,QuarterlyMean,Mean,10.09
1716,1106,D24HourMean,QuarterlyMean,Mean,7.57
1721,1086,D24HourMean,QuarterlyMean,Mean,8.21
1707,1084,D24HourMean,QuarterlyMean,Mean,9.32
1736,1084,D24HourMean,QuarterlyMean,Mean,13.10
1735,1088,D24HourMean,QuarterlyMean,Mean,9.55
1713,1076,D24HourMean,QuarterlyMean,Mean,13.22
1734,1083,D24HourMean,QuarterlyMean,Mean,12.90
1736,1091,D24HourMean,QuarterlyMean,Mean,7.51
1706,1080,D24HourMean,QuarterlyMean,Mean,10.73
1713,1093,D24HourMean,QuarterlyMean,Mean,8.28
1721,1089,D24HourMean,QuarterlyMean,Mean,7.98
1704,1097,D24HourMean,QuarterlyMean,Mean,12.15
1704,1086,D24HourMean,QuarterlyMean,Mean,12.03
1717,1090,D24HourMean,QuarterlyMean,Mean,8.02
1727,1092,D24HourMean,QuarterlyMean,Mean,7.67
1708,1086,D24HourMean,QuarterlyMean,Mean,8.69
1732,1085,D24HourMean,QuarterlyMean,Mean,11.15
1720,1093,D24HourMean,QuarterlyMean,Mean,7.51
1713,1084,D24HourMean,QuarterlyMean,Mean,7.61
1722,1083,D24HourMean,QuarterlyMean,Mean,9.16
1706,1096,D24HourMean,QuarterlyMean,Mean,10.39
1719,1099,D24HourMean,QuarterlyMean,Mean,7.98
1707,1085,D24HourMean,QuarterlyMean,Mean,9.39
1715,1100,D24HourMean,QuarterlyMean,Mean,7.63
1721,1099,D24HourMean,QuarterlyMean,Mean,7.46
1708,1081,D24HourMean,QuarterlyMean,Mean,8.77
1730,1081,D24HourMean,QuarterlyMean,Mean,12.38
1714,1103,D24HourMean,QuarterlyMean,Mean,7.11
1714,1078,D24HourMean,QuarterlyMean,Mean,10.50
1703,1081,D24HourMean,QuarterlyMean,Mean,13.39
1732,1084,D24HourMean,QuarterlyMean,Mean,11.47
1719,1108,D24HourMean,QuarterlyMean,Mean,6.97
1728,1101,D24HourMean,QuarterlyMean,Mean,7.70
1707,1076,D24HourMean,QuarterlyMean,Mean,13.56
1724,1111,D24HourMean,QuarterlyMean,Mean,9.63
1727,1110,D24HourMean,QuarterlyMean,Mean,8.36
1732,1083,D24HourMean,QuarterlyMean,Mean,12.92
1708,1090,D24HourMean,QuarterlyMean,Mean,8.96
1725,1092,D24HourMean,QuarterlyMean,Mean,8.02
1709,1082,D24HourMean,QuarterlyMean,Mean,7.83
1715,1076,D24HourMean,QuarterlyMean,Mean,13.37
1719,1101,D24HourMean,QuarterlyMean,Mean,9.49
1740,1089,D24HourMean,QuarterlyMean,Mean,8.89
1737,1085,D24HourMean,QuarterlyMean,Mean,12.26
1706,1101,D24HourMean,QuarterlyMean,Mean,9.91
1707,1095,D24HourMean,QuarterlyMean,Mean,9.74
1701,1079,D24HourMean,QuarterlyMean,Mean,14.16
1715,1081,D24HourMean,QuarterlyMean,Mean,8.52
1732,1096,D24HourMean,QuarterlyMean,Mean,7.69
1738,1089,D24HourMean,QuarterlyMean,Mean,8.67
1735,1093,D24HourMean,QuarterlyMean,Mean,9.00
1716,1102,D24HourMean,QuarterlyMean,Mean,7.42
1720,1097,D24HourMean,QuarterlyMean,Mean,8.12
1731,1086,D24HourMean,QuarterlyMean,Mean,11.59
1735,1098,D24HourMean,QuarterlyMean,Mean,8.73
1707,1101,D24HourMean,QuarterlyMean,Mean,8.89
1730,1103,D24HourMean,QuarterlyMean,Mean,8.26
1726,1083,D24HourMean,QuarterlyMean,Mean,10.74
1726,1092,D24HourMean,QuarterlyMean,Mean,7.44
1724,1089,D24HourMean,QuarterlyMean,Mean,9.04
1720,1090,D24HourMean,QuarterlyMean,Mean,8.63
1723,1095,D24HourMean,QuarterlyMean,Mean,8.09
1736,1086,D24HourMean,QuarterlyMean,Mean,11.44
1711,1087,D24HourMean,QuarterlyMean,Mean,8.45
1728,1095,D24HourMean,QuarterlyMean,Mean,8.42
1722,1110,D24HourMean,QuarterlyMean,Mean,9.20
1725,1090,D24HourMean,QuarterlyMean,Mean,8.42
1719,1089,D24HourMean,QuarterlyMean,Mean,8.03
1715,1079,D24HourMean,QuarterlyMean,Mean,10.33
1721,1087,D24HourMean,QuarterlyMean,Mean,8.14
1712,1100,D24HourMean,QuarterlyMean,Mean,7.77
1702,1076,D24HourMean,QuarterlyMean,Mean,14.57
1735,1091,D24HourMean,QuarterlyMean,Mean,8.64
1730,1092,D24HourMean,QuarterlyMean,Mean,7.95
1724,1088,D24HourMean,QuarterlyMean,Mean,9.43
1717,1077,D24HourMean,QuarterlyMean,Mean,12.04
1732,1089,D24HourMean,QuarterlyMean,Mean,9.34
1729,1099,D24HourMean,QuarterlyMean,Mean,10.06
1735,1086,D24HourMean,QuarterlyMean,Mean,11.28
1714,1085,D24HourMean,QuarterlyMean,Mean,7.88
1728,1098,D24HourMean,QuarterlyMean,Mean,9.37
1706,1075,D24HourMean,QuarterlyMean,Mean,14.57
1714,1083,D24HourMean,QuarterlyMean,Mean,7.68
1718,1110,D24HourMean,QuarterlyMean,Mean,6.87
1714,1079,D24HourMean,QuarterlyMean,Mean,9.43
1728,1088,D24HourMean,QuarterlyMean,Mean,9.29
1704,1085,D24HourMean,QuarterlyMean,Mean,12.03
1736,1087,D24HourMean,QuarterlyMean,Mean,10.72
1705,1097,D24HourMean,QuarterlyMean,Mean,11.22
1716,1099,D24HourMean,QuarterlyMean,Mean,7.60
1720,1099,D24HourMean,QuarterlyMean,Mean,7.77
1714,1096,D24HourMean,QuarterlyMean,Mean,8.17
1723,1088,D24HourMean,QuarterlyMean,Mean,8.48
1732,1099,D24HourMean,QuarterlyMean,Mean,9.22
1712,1090,D24HourMean,QuarterlyMean,Mean,8.71
1709,1096,D24HourMean,QuarterlyMean,Mean,8.96
1716,1086,D24HourMean,QuarterlyMean,Mean,7.95
1708,1077,D24HourMean,QuarterlyMean,Mean,12.00
1709,1075,D24HourMean,QuarterlyMean,Mean,14.07
1737,1091,D24HourMean,QuarterlyMean,Mean,7.65
1730,1097,D24HourMean,QuarterlyMean,Mean,8.30
1718,1090,D24HourMean,QuarterlyMean,Mean,8.21
1730,1096,D24HourMean,QuarterlyMean,Mean,8.14
1722,1111,D24HourMean,QuarterlyMean,Mean,8.65
1710,1090,D24HourMean,QuarterlyMean,Mean,8.69
1718,1084,D24HourMean,QuarterlyMean,Mean,7.58
1706,1085,D24HourMean,QuarterlyMean,Mean,10.27
1717,1098,D24HourMean,QuarterlyMean,Mean,7.81
1711,1088,D24HourMean,QuarterlyMean,Mean,8.17
1724,1080,D24HourMean,QuarterlyMean,Mean,9.52
1725,1111,D24HourMean,QuarterlyMean,Mean,8.87
1707,1100,D24HourMean,QuarterlyMean,Mean,9.22
1696,1081,D24HourMean,QuarterlyMean,Mean,15.08
1717,1103,D24HourMean,QuarterlyMean,Mean,7.58
