Column,Row,Metric,Seasonal Metric,Annual Metric,Values
2706,809,D24HourMean,QuarterlyMean,Mean,22.92
2711,795,D24HourMean,QuarterlyMean,Mean,24.60
2688,804,D24HourMean,QuarterlyMean,Mean,37.50
2719,790,D24HourMean,QuarterlyMean,Mean,16.29
2701,807,D24HourMean,QuarterlyMean,Mean,25.42
2706,804,D24HourMean,QuarterlyMean,Mean,26.57
2702,803,D24HourMean,QuarterlyMean,Mean,26.76
2700,780,D24HourMean,QuarterlyMean,Mean,21.14
2692,804,D24HourMean,QuarterlyMean,Mean,29.25
2706,806,D24HourMean,QuarterlyMean,Mean,26.01
2719,778,D24HourMean,QuarterlyMean,Mean,19.34
2721,783,D24HourMean,QuarterlyMean,Mean,18.64
2693,796,D24HourMean,QuarterlyMean,Mean,33.28
2699,783,D24HourMean,QuarterlyMean,Mean,22.84
2704,783,D24HourMean,QuarterlyMean,Mean,20.43
2705,792,D24HourMean,QuarterlyMean,Mean,23.52
2701,809,D24HourMean,QuarterlyMean,Mean,24.82
2706,783,D24HourMean,QuarterlyMean,Mean,21.30
2711,809,D24HourMean,QuarterlyMean,Mean,24.38
2722,796,D24HourMean,QuarterlyMean,Mean,16.05
2708,793,D24HourMean,QuarterlyMean,Mean,24.87
2695,806,D24HourMean,QuarterlyMean,Mean,29.24
2714,800,D24HourMean,QuarterlyMean,Mean,22.33
2722,794,D24HourMean,QuarterlyMean,Mean,15.75
2695,801,D24HourMean,QuarterlyMean,Mean,29.06
2712,794,D24HourMean,QuarterlyMean,Mean,22.64
2693,781,D24HourMean,QuarterlyMean,Mean,22.42
2714,789,D24HourMean,QuarterlyMean,Mean,24.52
2692,778,D24HourMean,QuarterlyMean,Mean,22.02
2709,793,D24HourMean,QuarterlyMean,Mean,23.88
2701,785,D24HourMean,QuarterlyMean,Mean,21.32
2721,782,D24HourMean,QuarterlyMean,Mean,19.26
2698,815,D24HourMean,QuarterlyMean,Mean,27.63
2693,790,D24HourMean,QuarterlyMean,Mean,29.63
2720,792,D24HourMean,QuarterlyMean,Mean,16.28
2726,775,D24HourMean,QuarterlyMean,Mean,13.61
2721,785,D24HourMean,QuarterlyMean,Mean,16.88
2724,778,D24HourMean,QuarterlyMean,Mean,14.29
2719,783,D24HourMean,QuarterlyMean,Mean,22.23
2691,820,D24HourMean,QuarterlyMean,Mean,30.90
2692,817,D24HourMean,QuarterlyMean,Mean,31.22
2706,791,D24HourMean,QuarterlyMean,Mean,23.19
2721,795,D24HourMean,QuarterlyMean,Mean,16.52
2692,803,D24HourMean,QuarterlyMean,Mean,30.18
2694,786,D24HourMean,QuarterlyMean,Mean,30.64
2723,777,D24HourMean,QuarterlyMean,Mean,14.43
2697,790,D24HourMean,QuarterlyMean,Mean,26.22
2710,781,D24HourMean,QuarterlyMean,Mean,21.14
2726,784,D24HourMean,QuarterlyMean,Mean,15.30
2719,785,D24HourMean,QuarterlyMean,Mean,22.29
2698,814,D24HourMean,QuarterlyMean,Mean,26.55
2698,797,D24HourMean,QuarterlyMean,Mean,26.97
2700,784,D24HourMean,QuarterlyMean,Mean,22.39
2721,809,D24HourMean,QuarterlyMean,Mean,20.29
2714,801,D24HourMean,QuarterlyMean,Mean,23.16
2700,796,D24HourMean,QuarterlyMean,Mean,28.85
2691,792,D24HourMean,QuarterlyMean,Mean,30.99
2704,811,D24HourMean,QuarterlyMean,Mean,24.24
2698,811,D24HourMean,QuarterlyMean,Mean,27.66
2723,809,D24HourMean,QuarterlyMean,Mean,22.07
2693,808,D24HourMean,QuarterlyMean,Mean,30.21
2719,805,D24HourMean,QuarterlyMean,Mean,22.86
2716,788,D24HourMean,QuarterlyMean,Mean,21.24
2725,775,D24HourMean,QuarterlyMean,Mean,13.37
2696,797,D24HourMean,QuarterlyMean,Mean,28.29
2696,812,D24HourMean,QuarterlyMean,Mean,28.77
2685,807,D24HourMean,QuarterlyMean,Mean,27.93
2715,808,D24HourMean,QuarterlyMean,Mean,21.24
2694,781,D24HourMean,QuarterlyMean,Mean,21.99
2710,787,D24HourMean,QuarterlyMean,Mean,22.76
2693,786,D24HourMean,QuarterlyMean,Mean,29.61
2706,782,D24HourMean,QuarterlyMean,Mean,20.97
2701,789,D24HourMean,QuarterlyMean,Mean,22.14
2704,798,D24HourMean,QuarterlyMean,Mean,24.44
2689,804,D24HourMean,QuarterlyMean,Mean,35.51
2712,788,D24HourMean,QuarterlyMean,Mean,22.05
2710,810,D24HourMean,QuarterlyMean,Mean,24.54
2696,781,D24HourMean,QuarterlyMean,Mean,21.85
2693,793,D24HourMean,QuarterlyMean,Mean,29.25
2691,782,D24HourMean,QuarterlyMean,Mean,23.66
2720,808,D24HourMean,QuarterlyMean,Mean,20.82
2694,804,D24HourMean,QuarterlyMean,Mean,26.44
2712,790,D24HourMean,QuarterlyMean,Mean,22.00
2699,804,D24HourMean,QuarterlyMean,Mean,26.25
2704,807,D24HourMean,QuarterlyMean,Mean,25.30
2721,773,D24HourMean,QuarterlyMean,Mean,15.57
2721,794,D24HourMean,QuarterlyMean,Mean,16.31
2712,798,D24HourMean,QuarterlyMean,Mean,25.17
2686,809,D24HourMean,QuarterlyMean,Mean,31.65
2708,788,D24HourMean,QuarterlyMean,Mean,22.96
2693,811,D24HourMean,QuarterlyMean,Mean,30.55
2703,791,D24HourMean,QuarterlyMean,Mean,22.23
2706,803,D24HourMean,QuarterlyMean,Mean,25.06
2692,789,D24HourMean,QuarterlyMean,Mean,30.90
2706,792,D24HourMean,QuarterlyMean,Mean,23.93
2718,788,D24HourMean,QuarterlyMean,Mean,17.11
2723,807,D24HourMean,QuarterlyMean,Mean,21.57
2686,816,D24HourMean,QuarterlyMean,Mean,36.58
2693,806,D24HourMean,QuarterlyMean,Mean,29.77
2718,808,D24HourMean,QuarterlyMean,Mean,20.47
2720,775,D24HourMean,QuarterlyMean,Mean,17.42
2701,791,D24HourMean,QuarterlyMean,Mean,22.01
2708,807,D24HourMean,QuarterlyMean,Mean,25.75
2719,782,D24HourMean,QuarterlyMean,Mean,21.88
2720,790,D24HourMean,QuarterlyMean,Mean,16.03
2698,805,D24HourMean,QuarterlyMean,Mean,29.43
2707,792,D24HourMean,QuarterlyMean,Mean,24.63
2698,803,D24HourMean,QuarterlyMean,Mean,29.76
2699,789,D24HourMean,QuarterlyMean,Mean,24.94
2708,808,D24HourMean,QuarterlyMean,Mean,25.33
2702,790,D24HourMean,QuarterlyMean,Mean,21.75
2688,823,D24HourMean,QuarterlyMean,Mean,31.97
2703,778,D24HourMean,QuarterlyMean,Mean,20.47
2685,820,D24HourMean,QuarterlyMean,Mean,33.49
2723,779,D24HourMean,QuarterlyMean,Mean,15.34
2715,791,D24HourMean,QuarterlyMean,Mean,19.00
2722,783,D24HourMean,QuarterlyMean,Mean,16.65
2722,791,D24HourMean,QuarterlyMean,Mean,15.62
2721,788,D24HourMean,QuarterlyMean,Mean,15.92
2692,815,D24HourMean,QuarterlyMean,Mean,30.78
2693,792,D24HourMean,QuarterlyMean,Mean,29.91
2698,798,D24HourMean,QuarterlyMean,Mean,27.49
2709,787,D24HourMean,QuarterlyMean,Mean,22.69
2711,811,D24HourMean,QuarterlyMean,Mean,24.27
2690,807,D24HourMean,QuarterlyMean,Mean,30.97
2724,809,D24HourMean,QuarterlyMean,Mean,21.21
2715,792,D24HourMean,QuarterlyMean,Mean,18.06
2698,810,D24HourMean,QuarterlyMean,Mean,27.76
2695,784,D24HourMean,QuarterlyMean,Mean,24.95
2710,808,D24HourMean,QuarterlyMean,Mean,23.87
2701,787,D24HourMean,QuarterlyMean,Mean,22.31
2704,796,D24HourMean,QuarterlyMean,Mean,24.30
2710,805,D24HourMean,QuarterlyMean,Mean,25.08
2704,781,D24HourMean,QuarterlyMean,Mean,19.89
2722,789,D24HourMean,QuarterlyMean,Mean,15.83
2709,794,D24HourMean,QuarterlyMean,Mean,24.93
2709,804,D24HourMean,QuarterlyMean,Mean,25.75
2692,800,D24HourMean,QuarterlyMean,Mean,33.71
2703,804,D24HourMean,QuarterlyMean,Mean,26.18
2693,791,D24HourMean,QuarterlyMean,Mean,29.83
2692,791,D24HourMean,QuarterlyMean,Mean,31.04
2695,791,D24HourMean,QuarterlyMean,Mean,28.38
2698,806,D24HourMean,QuarterlyMean,Mean,28.62
2696,802,D24HourMean,QuarterlyMean,Mean,28.12
2711,796,D24HourMean,QuarterlyMean,Mean,24.09
2686,811,D24HourMean,QuarterlyMean,Mean,34.59
2690,809,D24HourMean,QuarterlyMean,Mean,31.28
2692,783,D24HourMean,QuarterlyMean,Mean,27.44
2712,802,D24HourMean,QuarterlyMean,Mean,25.99
2687,822,D24HourMean,QuarterlyMean,Mean,32.25
2683,806,D24HourMean,QuarterlyMean,Mean,39.59
2723,792,D24HourMean,QuarterlyMean,Mean,15.08
2692,806,D24HourMean,QuarterlyMean,Mean,30.16
2692,779,D24HourMean,QuarterlyMean,Mean,22.31
2727,773,D24HourMean,QuarterlyMean,Mean,13.81
2722,784,D24HourMean,QuarterlyMean,Mean,16.41
2691,790,D24HourMean,QuarterlyMean,Mean,31.24
2708,797,D24HourMean,QuarterlyMean,Mean,25.80
2690,822,D24HourMean,QuarterlyMean,Mean,30.73
2704,809,D24HourMean,QuarterlyMean,Mean,23.87
2724,810,D24HourMean,QuarterlyMean,Mean,21.01
2700,806,D24HourMean,QuarterlyMean,Mean,26.31
2698,796,D24HourMean,QuarterlyMean,Mean,31.71
2694,787,D24HourMean,QuarterlyMean,Mean,29.50
2703,782,D24HourMean,QuarterlyMean,Mean,20.27
2717,805,D24HourMean,QuarterlyMean,Mean,21.92
2682,807,D24HourMean,QuarterlyMean,Mean,40.75
2702,802,D24HourMean,QuarterlyMean,Mean,26.94
2695,787,D24HourMean,QuarterlyMean,Mean,29.25
2724,791,D24HourMean,QuarterlyMean,Mean,14.60
2725,776,D24HourMean,QuarterlyMean,Mean,13.41
2698,809,D24HourMean,QuarterlyMean,Mean,27.06
2705,782,D24HourMean,QuarterlyMean,Mean,21.09
2687,803,D24HourMean,QuarterlyMean,Mean,35.05
2688,809,D24HourMean,QuarterlyMean,Mean,30.84
2722,782,D24HourMean,QuarterlyMean,Mean,16.95
2708,804,D24HourMean,QuarterlyMean,Mean,25.64
2690,791,D24HourMean,QuarterlyMean,Mean,29.70
2689,794,D24HourMean,QuarterlyMean,Mean,31.00
2697,806,D24HourMean,QuarterlyMean,Mean,28.80
2721,804,D24HourMean,QuarterlyMean,Mean,22.60
2721,786,D24HourMean,QuarterlyMean,Mean,16.31
2704,806,D24HourMean,QuarterlyMean,Mean,25.69
2723,789,D24HourMean,QuarterlyMean,Mean,15.62
2694,814,D24HourMean,QuarterlyMean,Mean,29.04
2690,790,D24HourMean,QuarterlyMean,Mean,30.06
2702,796,D24HourMean,QuarterlyMean,Mean,25.30
2697,811,D24HourMean,QuarterlyMean,Mean,28.62
2703,810,D24HourMean,QuarterlyMean,Mean,23.16
2687,797,D24HourMean,QuarterlyMean,Mean,30.59
2707,796,D24HourMean,QuarterlyMean,Mean,25.64
2716,808,D24HourMean,QuarterlyMean,Mean,21.03
2691,791,D24HourMean,QuarterlyMean,Mean,31.39
2689,806,D24HourMean,QuarterlyMean,Mean,34.00
2713,792,D24HourMean,QuarterlyMean,Mean,23.07
2682,806,D24HourMean,QuarterlyMean,Mean,41.95
2702,789,D24HourMean,QuarterlyMean,Mean,21.77
2711,787,D24HourMean,QuarterlyMean,Mean,21.43
2691,796,D24HourMean,QuarterlyMean,Mean,30.20
2697,803,D24HourMean,QuarterlyMean,Mean,27.57
2693,789,D24HourMean,QuarterlyMean,Mean,29.07
2723,769,D24HourMean,QuarterlyMean,Mean,16.31
2700,793,D24HourMean,QuarterlyMean,Mean,25.80
2722,787,D24HourMean,QuarterlyMean,Mean,15.72
2697,821,D24HourMean,QuarterlyMean,Mean,30.24
2683,819,D24HourMean,QuarterlyMean,Mean,34.99
2720,786,D24HourMean,QuarterlyMean,Mean,17.42
2702,786,D24HourMean,QuarterlyMean,Mean,21.83
2721,811,D24HourMean,QuarterlyMean,Mean,20.49
2696,817,D24HourMean,QuarterlyMean,Mean,28.18
2697,781,D24HourMean,QuarterlyMean,Mean,21.62
2700,810,D24HourMean,QuarterlyMean,Mean,25.33
2708,798,D24HourMean,QuarterlyMean,Mean,26.05
2695,810,D24HourMean,QuarterlyMean,Mean,30.19
2702,797,D24HourMean,QuarterlyMean,Mean,26.13
2685,806,D24HourMean,QuarterlyMean,Mean,27.48
2702,791,D24HourMean,QuarterlyMean,Mean,22.39
2709,783,D24HourMean,QuarterlyMean,Mean,21.72
2698,799,D24HourMean,QuarterlyMean,Mean,27.66
2701,797,D24HourMean,QuarterlyMean,Mean,26.56
2709,808,D24HourMean,QuarterlyMean,Mean,23.43
2726,778,D24HourMean,QuarterlyMean,Mean,14.09
2696,799,D24HourMean,QuarterlyMean,Mean,33.31
2691,788,D24HourMean,QuarterlyMean,Mean,30.24
2720,810,D24HourMean,QuarterlyMean,Mean,23.93
2695,816,D24HourMean,QuarterlyMean,Mean,28.81
2723,793,D24HourMean,QuarterlyMean,Mean,15.01
2716,784,D24HourMean,QuarterlyMean,Mean,21.33
2708,810,D24HourMean,QuarterlyMean,Mean,23.79
2705,785,D24HourMean,QuarterlyMean,Mean,21.34
2694,813,D24HourMean,QuarterlyMean,Mean,29.01
2696,792,D24HourMean,QuarterlyMean,Mean,28.64
2687,817,D24HourMean,QuarterlyMean,Mean,34.25
2694,808,D24HourMean,QuarterlyMean,Mean,30.58
2705,806,D24HourMean,QuarterlyMean,Mean,26.01
2689,803,D24HourMean,QuarterlyMean,Mean,36.38
2703,808,D24HourMean,QuarterlyMean,Mean,24.92
2698,781,D24HourMean,QuarterlyMean,Mean,21.49
2689,796,D24HourMean,QuarterlyMean,Mean,30.55
2721,791,D24HourMean,QuarterlyMean,Mean,15.69
2724,779,D24HourMean,QuarterlyMean,Mean,14.22
2693,780,D24HourMean,QuarterlyMean,Mean,21.94
2682,818,D24HourMean,QuarterlyMean,Mean,35.37
2683,807,D24HourMean,QuarterlyMean,Mean,39.43
2704,802,D24HourMean,QuarterlyMean,Mean,26.67
2689,808,D24HourMean,QuarterlyMean,Mean,32.38
2686,819,D24HourMean,QuarterlyMean,Mean,33.18
2703,797,D24HourMean,QuarterlyMean,Mean,24.12
2711,790,D24HourMean,QuarterlyMean,Mean,21.17
2685,809,D24HourMean,QuarterlyMean,Mean,27.27
2696,777,D24HourMean,QuarterlyMean,Mean,23.55
2712,782,D24HourMean,QuarterlyMean,Mean,22.90
2699,795,D24HourMean,QuarterlyMean,Mean,26.07
2701,780,D24HourMean,QuarterlyMean,Mean,20.77
2717,786,D24HourMean,QuarterlyMean,Mean,19.82
2696,780,D24HourMean,QuarterlyMean,Mean,21.67
2712,806,D24HourMean,QuarterlyMean,Mean,25.24
2687,818,D24HourMean,QuarterlyMean,Mean,33.88
2688,798,D24HourMean,QuarterlyMean,Mean,34.48
2705,793,D24HourMean,QuarterlyMean,Mean,25.85
2711,797,D24HourMean,QuarterlyMean,Mean,24.34
2713,799,D24HourMean,QuarterlyMean,Mean,25.55
2689,800,D24HourMean,QuarterlyMean,Mean,34.14
2700,799,D24HourMean,QuarterlyMean,Mean,26.39
2713,789,D24HourMean,QuarterlyMean,Mean,22.99
2720,785,D24HourMean,QuarterlyMean,Mean,21.32
2695,790,D24HourMean,QuarterlyMean,Mean,28.22
2701,801,D24HourMean,QuarterlyMean,Mean,25.83
2701,810,D24HourMean,QuarterlyMean,Mean,24.73
2692,816,D24HourMean,QuarterlyMean,Mean,30.58
2698,800,D24HourMean,QuarterlyMean,Mean,28.13
2692,793,D24HourMean,QuarterlyMean,Mean,29.69
2703,792,D24HourMean,QuarterlyMean,Mean,22.98
2691,805,D24HourMean,QuarterlyMean,Mean,28.57
2717,787,D24HourMean,QuarterlyMean,Mean,18.90
2722,774,D24HourMean,QuarterlyMean,Mean,16.05
2709,800,D24HourMean,QuarterlyMean,Mean,26.89
2710,794,D24HourMean,QuarterlyMean,Mean,24.07
2722,786,D24HourMean,QuarterlyMean,Mean,15.85
2684,806,D24HourMean,QuarterlyMean,Mean,37.56
2712,793,D24HourMean,QuarterlyMean,Mean,24.15
2715,802,D24HourMean,QuarterlyMean,Mean,23.06
2723,790,D24HourMean,QuarterlyMean,Mean,15.61
2690,797,D24HourMean,QuarterlyMean,Mean,29.12
2700,783,D24HourMean,QuarterlyMean,Mean,21.27
2702,807,D24HourMean,QuarterlyMean,Mean,25.17
2707,797,D24HourMean,QuarterlyMean,Mean,25.52
2692,799,D24HourMean,QuarterlyMean,Mean,34.13
2719,809,D24HourMean,QuarterlyMean,Mean,20.92
2696,816,D24HourMean,QuarterlyMean,Mean,28.63
2699,805,D24HourMean,QuarterlyMean,Mean,25.47
2687,819,D24HourMean,QuarterlyMean,Mean,32.47
2685,810,D24HourMean,QuarterlyMean,Mean,33.45
2719,802,D24HourMean,QuarterlyMean,Mean,21.08
2711,802,D24HourMean,QuarterlyMean,Mean,25.47
2708,791,D24HourMean,QuarterlyMean,Mean,23.63
2696,798,D24HourMean,QuarterlyMean,Mean,28.93
2707,785,D24HourMean,QuarterlyMean,Mean,23.70
2712,810,D24HourMean,QuarterlyMean,Mean,24.56
2701,781,D24HourMean,QuarterlyMean,Mean,20.93
2703,794,D24HourMean,QuarterlyMean,Mean,24.42
2695,780,D24HourMean,QuarterlyMean,Mean,21.56
2719,784,D24HourMean,QuarterlyMean,Mean,21.80
2696,810,D24HourMean,QuarterlyMean,Mean,29.73
2707,804,D24HourMean,QuarterlyMean,Mean,26.27
2705,800,D24HourMean,QuarterlyMean,Mean,24.31
2700,808,D24HourMean,QuarterlyMean,Mean,25.57
2695,817,D24HourMean,QuarterlyMean,Mean,29.01
2713,786,D24HourMean,QuarterlyMean,Mean,22.25
2706,795,D24HourMean,QuarterlyMean,Mean,26.32
2690,787,D24HourMean,QuarterlyMean,Mean,30.30
2724,792,D24HourMean,QuarterlyMean,Mean,14.67
2701,804,D24HourMean,QuarterlyMean,Mean,27.20
2713,804,D24HourMean,QuarterlyMean,Mean,25.79
2686,803,D24HourMean,QuarterlyMean,Mean,34.83
2693,795,D24HourMean,QuarterlyMean,Mean,31.21
2684,819,D24HourMean,QuarterlyMean,Mean,34.19
2720,776,D24HourMean,QuarterlyMean,Mean,18.25
2692,787,D24HourMean,QuarterlyMean,Mean,30.29
2710,782,D24HourMean,QuarterlyMean,Mean,21.79
2717,802,D24HourMean,QuarterlyMean,Mean,22.51
2691,816,D24HourMean,QuarterlyMean,Mean,31.13
2690,789,D24HourMean,QuarterlyMean,Mean,31.86
2710,789,D24HourMean,QuarterlyMean,Mean,21.67
2721,781,D24HourMean,QuarterlyMean,Mean,19.08
2692,812,D24HourMean,QuarterlyMean,Mean,30.15
2686,805,D24HourMean,QuarterlyMean,Mean,34.89
2694,783,D24HourMean,QuarterlyMean,Mean,23.52
2709,809,D24HourMean,QuarterlyMean,Mean,23.89
2699,780,D24HourMean,QuarterlyMean,Mean,21.41
2694,780,D24HourMean,QuarterlyMean,Mean,21.69
2696,791,D24HourMean,QuarterlyMean,Mean,27.91
2693,815,D24HourMean,QuarterlyMean,Mean,30.38
2704,789,D24HourMean,QuarterlyMean,Mean,22.45
2710,809,D24HourMean,QuarterlyMean,Mean,24.76
2690,814,D24HourMean,QuarterlyMean,Mean,31.53
2716,806,D24HourMean,QuarterlyMean,Mean,22.12
2693,819,D24HourMean,QuarterlyMean,Mean,29.33
2703,787,D24HourMean,QuarterlyMean,Mean,21.85
2713,787,D24HourMean,QuarterlyMean,Mean,20.95
2688,811,D24HourMean,QuarterlyMean,Mean,32.68
2700,794,D24HourMean,QuarterlyMean,Mean,25.46
2688,801,D24HourMean,QuarterlyMean,Mean,35.84
2726,777,D24HourMean,QuarterlyMean,Mean,13.81
2695,783,D24HourMean,QuarterlyMean,Mean,22.57
2724,789,D24HourMean,QuarterlyMean,Mean,14.95
2698,821,D24HourMean,QuarterlyMean,Mean,29.99
2718,807,D24HourMean,QuarterlyMean,Mean,20.95
2725,785,D24HourMean,QuarterlyMean,Mean,14.92
2696,808,D24HourMean,QuarterlyMean,Mean,28.82
2700,809,D24HourMean,QuarterlyMean,Mean,25.00
2695,778,D24HourMean,QuarterlyMean,Mean,21.61
2707,789,D24HourMean,QuarterlyMean,Mean,23.66
2705,783,D24HourMean,QuarterlyMean,Mean,21.24
2691,800,D24HourMean,QuarterlyMean,Mean,34.44
2702,795,D24HourMean,QuarterlyMean,Mean,24.43
2700,791,D24HourMean,QuarterlyMean,Mean,23.56
2696,805,D24HourMean,QuarterlyMean,Mean,29.91
2692,788,D24HourMean,QuarterlyMean,Mean,29.67
2711,810,D24HourMean,QuarterlyMean,Mean,25.19
2694,796,D24HourMean,QuarterlyMean,Mean,30.96
2700,797,D24HourMean,QuarterlyMean,Mean,30.53
2694,803,D24HourMean,QuarterlyMean,Mean,28.79
2718,809,D24HourMean,QuarterlyMean,Mean,20.11
2703,783,D24HourMean,QuarterlyMean,Mean,20.76
2683,804,D24HourMean,QuarterlyMean,Mean,39.01
2721,793,D24HourMean,QuarterlyMean,Mean,16.18
2711,807,D24HourMean,QuarterlyMean,Mean,24.68
2690,811,D24HourMean,QuarterlyMean,Mean,32.68
2711,799,D24HourMean,QuarterlyMean,Mean,26.78
2720,789,D24HourMean,QuarterlyMean,Mean,15.91
2693,802,D24HourMean,QuarterlyMean,Mean,30.96
2722,771,D24HourMean,QuarterlyMean,Mean,15.29
2694,807,D24HourMean,QuarterlyMean,Mean,30.05
2694,818,D24HourMean,QuarterlyMean,Mean,30.08
2725,782,D24HourMean,QuarterlyMean,Mean,14.19
2689,817,D24HourMean,QuarterlyMean,Mean,31.39
2693,818,D24HourMean,QuarterlyMean,Mean,29.97
2695,807,D24HourMean,QuarterlyMean,Mean,29.93
2694,792,D24HourMean,QuarterlyMean,Mean,28.72
2710,802,D24HourMean,QuarterlyMean,Mean,25.50
2693,800,D24HourMean,QuarterlyMean,Mean,33.14
2721,774,D24HourMean,QuarterlyMean,Mean,19.17
2713,809,D24HourMean,QuarterlyMean,Mean,24.44
2703,801,D24HourMean,QuarterlyMean,Mean,27.11
2723,788,D24HourMean,QuarterlyMean,Mean,15.89
2711,791,D24HourMean,QuarterlyMean,Mean,21.40
2717,806,D24HourMean,QuarterlyMean,Mean,22.36
2696,784,D24HourMean,QuarterlyMean,Mean,21.82
2722,777,D24HourMean,QuarterlyMean,Mean,16.31
2720,804,D24HourMean,QuarterlyMean,Mean,26.32
2722,792,D24HourMean,QuarterlyMean,Mean,15.62
2711,792,D24HourMean,QuarterlyMean,Mean,23.38
2708,809,D24HourMean,QuarterlyMean,Mean,23.38
2707,808,D24HourMean,QuarterlyMean,Mean,24.08
2692,781,D24HourMean,QuarterlyMean,Mean,23.90
2718,786,D24HourMean,QuarterlyMean,Mean,19.02
2705,786,D24HourMean,QuarterlyMean,Mean,22.33
2725,787,D24HourMean,QuarterlyMean,Mean,14.88
2687,821,D24HourMean,QuarterlyMean,Mean,32.70
2703,796,D24HourMean,QuarterlyMean,Mean,24.03
2697,780,D24HourMean,QuarterlyMean,Mean,21.51
2696,786,D24HourMean,QuarterlyMean,Mean,27.60
2692,797,D24HourMean,QuarterlyMean,Mean,32.93
2712,799,D24HourMean,QuarterlyMean,Mean,25.44
2690,820,D24HourMean,QuarterlyMean,Mean,30.89
2718,787,D24HourMean,QuarterlyMean,Mean,18.04
2714,807,D24HourMean,QuarterlyMean,Mean,20.47
2692,818,D24HourMean,QuarterlyMean,Mean,30.27
2704,810,D24HourMean,QuarterlyMean,Mean,22.71
2709,797,D24HourMean,QuarterlyMean,Mean,25.61
2705,781,D24HourMean,QuarterlyMean,Mean,20.88
2693,809,D24HourMean,QuarterlyMean,Mean,31.16
2702,806,D24HourMean,QuarterlyMean,Mean,26.42
2697,792,D24HourMean,QuarterlyMean,Mean,28.01
2705,789,D24HourMean,QuarterlyMean,Mean,24.14
2698,812,D24HourMean,QuarterlyMean,Mean,26.66
2686,824,D24HourMean,QuarterlyMean,Mean,31.32
2688,799,D24HourMean,QuarterlyMean,Mean,34.49
2694,815,D24HourMean,QuarterlyMean,Mean,29.40
2684,817,D24HourMean,QuarterlyMean,Mean,34.96
2699,815,D24HourMean,QuarterlyMean,Mean,26.58
2697,820,D24HourMean,QuarterlyMean,Mean,28.16
2687,816,D24HourMean,QuarterlyMean,Mean,36.00
2714,804,D24HourMean,QuarterlyMean,Mean,20.97
2723,795,D24HourMean,QuarterlyMean,Mean,15.95
2704,797,D24HourMean,QuarterlyMean,Mean,23.54
2691,801,D24HourMean,QuarterlyMean,Mean,34.45
2687,796,D24HourMean,QuarterlyMean,Mean,30.78
2700,805,D24HourMean,QuarterlyMean,Mean,24.86
2691,802,D24HourMean,QuarterlyMean,Mean,34.82
2707,802,D24HourMean,QuarterlyMean,Mean,24.96
2694,810,D24HourMean,QuarterlyMean,Mean,30.13
2721,778,D24HourMean,QuarterlyMean,Mean,17.86
2704,805,D24HourMean,QuarterlyMean,Mean,26.64
2691,814,D24HourMean,QuarterlyMean,Mean,30.71
2715,810,D24HourMean,QuarterlyMean,Mean,22.69
2691,806,D24HourMean,QuarterlyMean,Mean,30.21
2721,779,D24HourMean,QuarterlyMean,Mean,18.43
2692,801,D24HourMean,QuarterlyMean,Mean,30.57
2707,794,D24HourMean,QuarterlyMean,Mean,25.53
2707,810,D24HourMean,QuarterlyMean,Mean,23.97
2697,796,D24HourMean,QuarterlyMean,Mean,32.03
2695,818,D24HourMean,QuarterlyMean,Mean,28.48
2705,784,D24HourMean,QuarterlyMean,Mean,21.01
2718,811,D24HourMean,QuarterlyMean,Mean,21.88
2689,802,D24HourMean,QuarterlyMean,Mean,36.61
2707,806,D24HourMean,QuarterlyMean,Mean,25.45
2699,816,D24HourMean,QuarterlyMean,Mean,26.84
2707,811,D24HourMean,QuarterlyMean,Mean,25.06
2710,804,D24HourMean,QuarterlyMean,Mean,24.95
2722,806,D24HourMean,QuarterlyMean,Mean,24.36
2713,798,D24HourMean,QuarterlyMean,Mean,25.07
2718,806,D24HourMean,QuarterlyMean,Mean,21.79
2685,818,D24HourMean,QuarterlyMean,Mean,33.60
2690,805,D24HourMean,QuarterlyMean,Mean,31.79
2724,777,D24HourMean,QuarterlyMean,Mean,14.07
2682,808,D24HourMean,QuarterlyMean,Mean,37.85
2689,799,D24HourMean,QuarterlyMean,Mean,34.27
2693,817,D24HourMean,QuarterlyMean,Mean,30.83
2703,806,D24HourMean,QuarterlyMean,Mean,25.71
2698,819,D24HourMean,QuarterlyMean,Mean,28.05
2704,784,D24HourMean,QuarterlyMean,Mean,20.97
2723,781,D24HourMean,QuarterlyMean,Mean,15.16
2695,799,D24HourMean,QuarterlyMean,Mean,34.38
2692,785,D24HourMean,QuarterlyMean,Mean,30.35
2691,821,D24HourMean,QuarterlyMean,Mean,30.41
2689,809,D24HourMean,QuarterlyMean,Mean,31.56
2691,809,D24HourMean,QuarterlyMean,Mean,31.25
2720,783,D24HourMean,QuarterlyMean,Mean,22.06
2689,805,D24HourMean,QuarterlyMean,Mean,34.43
2685,804,D24HourMean,QuarterlyMean,Mean,34.45
2687,798,D24HourMean,QuarterlyMean,Mean,31.11
2691,810,D24HourMean,QuarterlyMean,Mean,32.69
2687,810,D24HourMean,QuarterlyMean,Mean,33.20
2703,798,D24HourMean,QuarterlyMean,Mean,24.39
2712,805,D24HourMean,QuarterlyMean,Mean,25.22
2722,809,D24HourMean,QuarterlyMean,Mean,20.64
2702,799,D24HourMean,QuarterlyMean,Mean,24.73
2699,786,D24HourMean,QuarterlyMean,Mean,24.35
2711,793,D24HourMean,QuarterlyMean,Mean,23.98
2692,795,D24HourMean,QuarterlyMean,Mean,30.15
2705,787,D24HourMean,QuarterlyMean,Mean,22.42
2697,808,D24HourMean,QuarterlyMean,Mean,28.43
2687,815,D24HourMean,QuarterlyMean,Mean,34.20
2691,803,D24HourMean,QuarterlyMean,Mean,35.04
2698,820,D24HourMean,QuarterlyMean,Mean,28.90
2706,785,D24HourMean,QuarterlyMean,Mean,22.18
2722,788,D24HourMean,QuarterlyMean,Mean,15.85
2699,801,D24HourMean,QuarterlyMean,Mean,26.72
2701,784,D24HourMean,QuarterlyMean,Mean,20.89
2694,790,D24HourMean,QuarterlyMean,Mean,29.03
2725,783,D24HourMean,QuarterlyMean,Mean,14.27
2715,807,D24HourMean,QuarterlyMean,Mean,20.61
2722,781,D24HourMean,QuarterlyMean,Mean,16.96
2689,793,D24HourMean,QuarterlyMean,Mean,30.30
2682,819,D24HourMean,QuarterlyMean,Mean,35.45
2703,780,D24HourMean,QuarterlyMean,Mean,20.51
2724,782,D24HourMean,QuarterlyMean,Mean,13.97
2705,799,D24HourMean,QuarterlyMean,Mean,24.17
2697,793,D24HourMean,QuarterlyMean,Mean,15.60
2694,812,D24HourMean,QuarterlyMean,Mean,29.35
2697,786,D24HourMean,QuarterlyMean,Mean,25.68
2697,801,D24HourMean,QuarterlyMean,Mean,28.64
2718,804,D24HourMean,QuarterlyMean,Mean,22.25
2723,794,D24HourMean,QuarterlyMean,Mean,15.64
2687,805,D24HourMean,QuarterlyMean,Mean,35.84
2722,805,D24HourMean,QuarterlyMean,Mean,23.73
2698,816,D24HourMean,QuarterlyMean,Mean,27.41
2701,811,D24HourMean,QuarterlyMean,Mean,24.14
2705,798,D24HourMean,QuarterlyMean,Mean,24.44
2693,816,D24HourMean,QuarterlyMean,Mean,30.83
2690,801,D24HourMean,QuarterlyMean,Mean,35.02
2691,783,D24HourMean,QuarterlyMean,Mean,25.55
2710,796,D24HourMean,QuarterlyMean,Mean,25.28
2707,779,D24HourMean,QuarterlyMean,Mean,20.59
2692,798,D24HourMean,QuarterlyMean,Mean,34.31
2699,784,D24HourMean,QuarterlyMean,Mean,23.75
2702,779,D24HourMean,QuarterlyMean,Mean,20.92
2704,793,D24HourMean,QuarterlyMean,Mean,23.46
2703,802,D24HourMean,QuarterlyMean,Mean,26.51
2692,780,D24HourMean,QuarterlyMean,Mean,23.28
2703,799,D24HourMean,QuarterlyMean,Mean,24.33
2711,806,D24HourMean,QuarterlyMean,Mean,25.50
2715,789,D24HourMean,QuarterlyMean,Mean,23.55
2725,778,D24HourMean,QuarterlyMean,Mean,13.84
2688,793,D24HourMean,QuarterlyMean,Mean,31.90
2715,785,D24HourMean,QuarterlyMean,Mean,24.13
2695,811,D24HourMean,QuarterlyMean,Mean,29.45
2701,778,D24HourMean,QuarterlyMean,Mean,9.79
2695,814,D24HourMean,QuarterlyMean,Mean,28.20
2725,809,D24HourMean,QuarterlyMean,Mean,20.80
2695,805,D24HourMean,QuarterlyMean,Mean,28.88
2722,793,D24HourMean,QuarterlyMean,Mean,15.59
2700,812,D24HourMean,QuarterlyMean,Mean,26.23
2694,784,D24HourMean,QuarterlyMean,Mean,26.26
2695,813,D24HourMean,QuarterlyMean,Mean,28.45
2692,820,D24HourMean,QuarterlyMean,Mean,30.28
2714,790,D24HourMean,QuarterlyMean,Mean,17.96
2698,779,D24HourMean,QuarterlyMean,Mean,21.14
2701,806,D24HourMean,QuarterlyMean,Mean,26.87
2713,790,D24HourMean,QuarterlyMean,Mean,23.46
2706,799,D24HourMean,QuarterlyMean,Mean,24.46
2699,790,D24HourMean,QuarterlyMean,Mean,24.38
2724,783,D24HourMean,QuarterlyMean,Mean,14.20
2718,785,D24HourMean,QuarterlyMean,Mean,18.61
2683,820,D24HourMean,QuarterlyMean,Mean,35.17
2706,800,D24HourMean,QuarterlyMean,Mean,24.30
2688,803,D24HourMean,QuarterlyMean,Mean,35.98
2694,793,D24HourMean,QuarterlyMean,Mean,28.81
2706,787,D24HourMean,QuarterlyMean,Mean,22.98
2715,806,D24HourMean,QuarterlyMean,Mean,21.19
2693,777,D24HourMean,QuarterlyMean,Mean,22.14
2691,819,D24HourMean,QuarterlyMean,Mean,30.72
2688,820,D24HourMean,QuarterlyMean,Mean,32.07
2725,784,D24HourMean,QuarterlyMean,Mean,14.69
2711,786,D24HourMean,QuarterlyMean,Mean,21.99
2712,804,D24HourMean,QuarterlyMean,Mean,25.25
2693,799,D24HourMean,QuarterlyMean,Mean,34.31
2694,788,D24HourMean,QuarterlyMean,Mean,29.86
2708,790,D24HourMean,QuarterlyMean,Mean,24.06
2698,801,D24HourMean,QuarterlyMean,Mean,28.21
2694,806,D24HourMean,QuarterlyMean,Mean,29.57
2697,813,D24HourMean,QuarterlyMean,Mean,27.80
2693,812,D24HourMean,QuarterlyMean,Mean,29.65
2706,807,D24HourMean,QuarterlyMean,Mean,24.98
2692,813,D24HourMean,QuarterlyMean,Mean,30.60
2700,801,D24HourMean,QuarterlyMean,Mean,25.20
2691,812,D24HourMean,QuarterlyMean,Mean,31.27
2695,794,D24HourMean,QuarterlyMean,Mean,30.23
2696,803,D24HourMean,QuarterlyMean,Mean,27.29
2722,770,D24HourMean,QuarterlyMean,Mean,15.57
2684,821,D24HourMean,QuarterlyMean,Mean,34.05
2697,788,D24HourMean,QuarterlyMean,Mean,26.68
2700,792,D24HourMean,QuarterlyMean,Mean,24.33
2718,802,D24HourMean,QuarterlyMean,Mean,22.15
2697,777,D24HourMean,QuarterlyMean,Mean,21.66
2697,782,D24HourMean,QuarterlyMean,Mean,22.12
2691,799,D24HourMean,QuarterlyMean,Mean,34.02
2695,779,D24HourMean,QuarterlyMean,Mean,21.67
2724,785,D24HourMean,QuarterlyMean,Mean,14.72
2685,805,D24HourMean,QuarterlyMean,Mean,28.93
2713,793,D24HourMean,QuarterlyMean,Mean,23.68
2692,805,D24HourMean,QuarterlyMean,Mean,28.56
2693,813,D24HourMean,QuarterlyMean,Mean,29.87
2691,794,D24HourMean,QuarterlyMean,Mean,30.28
2689,797,D24HourMean,QuarterlyMean,Mean,29.73
2688,792,D24HourMean,QuarterlyMean,Mean,30.69
2704,792,D24HourMean,QuarterlyMean,Mean,22.84
2688,810,D24HourMean,QuarterlyMean,Mean,31.28
2705,804,D24HourMean,QuarterlyMean,Mean,24.70
2693,805,D24HourMean,QuarterlyMean,Mean,29.43
2713,810,D24HourMean,QuarterlyMean,Mean,24.52
2707,788,D24HourMean,QuarterlyMean,Mean,23.98
2719,793,D24HourMean,QuarterlyMean,Mean,16.82
2701,786,D24HourMean,QuarterlyMean,Mean,23.24
2686,823,D24HourMean,QuarterlyMean,Mean,31.83
2702,787,D24HourMean,QuarterlyMean,Mean,22.12
2719,808,D24HourMean,QuarterlyMean,Mean,20.84
2697,818,D24HourMean,QuarterlyMean,Mean,28.69
2693,807,D24HourMean,QuarterlyMean,Mean,31.10
2724,787,D24HourMean,QuarterlyMean,Mean,15.16
2722,795,D24HourMean,QuarterlyMean,Mean,16.13
2695,793,D24HourMean,QuarterlyMean,Mean,29.05
2691,811,D24HourMean,QuarterlyMean,Mean,32.03
2721,780,D24HourMean,QuarterlyMean,Mean,18.35
2721,790,D24HourMean,QuarterlyMean,Mean,15.65
2721,792,D24HourMean,QuarterlyMean,Mean,16.06
2703,795,D24HourMean,QuarterlyMean,Mean,24.33
2683,821,D24HourMean,QuarterlyMean,Mean,34.92
2712,797,D24HourMean,QuarterlyMean,Mean,25.63
2716,804,D24HourMean,QuarterlyMean,Mean,21.42
2712,789,D24HourMean,QuarterlyMean,Mean,21.64
2721,776,D24HourMean,QuarterlyMean,Mean,20.88
2689,819,D24HourMean,QuarterlyMean,Mean,31.11
2689,798,D24HourMean,QuarterlyMean,Mean,34.28
2723,784,D24HourMean,QuarterlyMean,Mean,15.01
2689,810,D24HourMean,QuarterlyMean,Mean,30.18
2712,792,D24HourMean,QuarterlyMean,Mean,23.50
2722,804,D24HourMean,QuarterlyMean,Mean,22.07
2706,779,D24HourMean,QuarterlyMean,Mean,21.38
2718,789,D24HourMean,QuarterlyMean,Mean,16.93
2692,796,D24HourMean,QuarterlyMean,Mean,30.45
2690,793,D24HourMean,QuarterlyMean,Mean,31.90
2699,807,D24HourMean,QuarterlyMean,Mean,25.82
2720,805,D24HourMean,QuarterlyMean,Mean,27.06
2691,817,D24HourMean,QuarterlyMean,Mean,30.78
2705,788,D24HourMean,QuarterlyMean,Mean,23.09
2725,777,D24HourMean,QuarterlyMean,Mean,13.64
2688,822,D24HourMean,QuarterlyMean,Mean,32.81
2726,779,D24HourMean,QuarterlyMean,Mean,14.36
2714,809,D24HourMean,QuarterlyMean,Mean,19.36
2691,786,D24HourMean,QuarterlyMean,Mean,30.30
2715,805,D24HourMean,QuarterlyMean,Mean,21.53
2704,791,D24HourMean,QuarterlyMean,Mean,22.23
2706,789,D24HourMean,QuarterlyMean,Mean,24.38
2713,805,D24HourMean,QuarterlyMean,Mean,25.63
2694,811,D24HourMean,QuarterlyMean,Mean,30.26
2715,803,D24HourMean,QuarterlyMean,Mean,21.95
2715,809,D24HourMean,QuarterlyMean,Mean,19.92
2697,817,D24HourMean,QuarterlyMean,Mean,28.07
2716,810,D24HourMean,QuarterlyMean,Mean,23.70
2720,794,D24HourMean,QuarterlyMean,Mean,16.73
2696,815,D24HourMean,QuarterlyMean,Mean,28.74
2725,779,D24HourMean,QuarterlyMean,Mean,13.92
2712,791,D24HourMean,QuarterlyMean,Mean,21.99
2699,792,D24HourMean,QuarterlyMean,Mean,25.24
2688,797,D24HourMean,QuarterlyMean,Mean,31.40
2710,788,D24HourMean,QuarterlyMean,Mean,22.42
2693,794,D24HourMean,QuarterlyMean,Mean,28.94
2697,810,D24HourMean,QuarterlyMean,Mean,28.32
2690,803,D24HourMean,QuarterlyMean,Mean,37.21
2700,795,D24HourMean,QuarterlyMean,Mean,25.47
2700,789,D24HourMean,QuarterlyMean,Mean,23.81
2708,792,D24HourMean,QuarterlyMean,Mean,24.33
2707,805,D24HourMean,QuarterlyMean,Mean,25.85
2693,778,D24HourMean,QuarterlyMean,Mean,22.01
2711,805,D24HourMean,QuarterlyMean,Mean,25.00
2692,814,D24HourMean,QuarterlyMean,Mean,30.01
2721,787,D24HourMean,QuarterlyMean,Mean,15.92
2707,783,D24HourMean,QuarterlyMean,Mean,21.46
2695,808,D24HourMean,QuarterlyMean,Mean,29.54
2720,791,D24HourMean,QuarterlyMean,Mean,15.98
2726,782,D24HourMean,QuarterlyMean,Mean,14.62
2692,792,D24HourMean,QuarterlyMean,Mean,32.37
2725,774,D24HourMean,QuarterlyMean,Mean,13.37
2697,805,D24HourMean,QuarterlyMean,Mean,29.44
2718,784,D24HourMean,QuarterlyMean,Mean,18.42
2722,779,D24HourMean,QuarterlyMean,Mean,16.78
2720,777,D24HourMean,QuarterlyMean,Mean,21.97
2690,808,D24HourMean,QuarterlyMean,Mean,31.22
2689,820,D24HourMean,QuarterlyMean,Mean,31.32
2691,793,D24HourMean,QuarterlyMean,Mean,31.39
2716,809,D24HourMean,QuarterlyMean,Mean,20.55
2684,807,D24HourMean,QuarterlyMean,Mean,35.40
2702,804,D24HourMean,QuarterlyMean,Mean,26.16
2701,805,D24HourMean,QuarterlyMean,Mean,27.25
2694,798,D24HourMean,QuarterlyMean,Mean,31.24
2726,774,D24HourMean,QuarterlyMean,Mean,13.64
2688,796,D24HourMean,QuarterlyMean,Mean,31.29
2711,800,D24HourMean,QuarterlyMean,Mean,26.59
2712,811,D24HourMean,QuarterlyMean,Mean,23.86
2695,786,D24HourMean,QuarterlyMean,Mean,29.53
2701,808,D24HourMean,QuarterlyMean,Mean,25.08
2713,788,D24HourMean,QuarterlyMean,Mean,22.98
2708,785,D24HourMean,QuarterlyMean,Mean,23.73
2703,781,D24HourMean,QuarterlyMean,Mean,19.84
2710,806,D24HourMean,QuarterlyMean,Mean,25.53
2684,808,D24HourMean,QuarterlyMean,Mean,34.57
2722,778,D24HourMean,QuarterlyMean,Mean,16.06
2708,789,D24HourMean,QuarterlyMean,Mean,23.47
2719,789,D24HourMean,QuarterlyMean,Mean,16.24
2696,790,D24HourMean,QuarterlyMean,Mean,27.81
2697,819,D24HourMean,QuarterlyMean,Mean,27.83
2721,805,D24HourMean,QuarterlyMean,Mean,25.24
2704,787,D24HourMean,QuarterlyMean,Mean,23.38
2694,805,D24HourMean,QuarterlyMean,Mean,28.67
2688,802,D24HourMean,QuarterlyMean,Mean,34.97
2716,801,D24HourMean,QuarterlyMean,Mean,22.38
2690,795,D24HourMean,QuarterlyMean,Mean,31.61
2711,788,D24HourMean,QuarterlyMean,Mean,21.59
2692,811,D24HourMean,QuarterlyMean,Mean,30.21
2695,792,D24HourMean,QuarterlyMean,Mean,28.74
2691,807,D24HourMean,QuarterlyMean,Mean,31.37
2694,809,D24HourMean,QuarterlyMean,Mean,29.71
2724,780,D24HourMean,QuarterlyMean,Mean,13.81
2710,798,D24HourMean,QuarterlyMean,Mean,25.94
2702,801,D24HourMean,QuarterlyMean,Mean,25.38
2691,823,D24HourMean,QuarterlyMean,Mean,31.37
2703,803,D24HourMean,QuarterlyMean,Mean,26.48
2699,802,D24HourMean,QuarterlyMean,Mean,29.77
2723,770,D24HourMean,QuarterlyMean,Mean,16.49
2706,802,D24HourMean,QuarterlyMean,Mean,24.62
2701,788,D24HourMean,QuarterlyMean,Mean,22.18
2697,816,D24HourMean,QuarterlyMean,Mean,27.83
2712,786,D24HourMean,QuarterlyMean,Mean,22.10
2721,777,D24HourMean,QuarterlyMean,Mean,21.03
2712,787,D24HourMean,QuarterlyMean,Mean,21.32
2697,798,D24HourMean,QuarterlyMean,Mean,32.83
2691,808,D24HourMean,QuarterlyMean,Mean,31.23
2693,787,D24HourMean,QuarterlyMean,Mean,29.47
2705,796,D24HourMean,QuarterlyMean,Mean,26.60
2696,819,D24HourMean,QuarterlyMean,Mean,28.35
2702,798,D24HourMean,QuarterlyMean,Mean,24.55
2688,805,D24HourMean,QuarterlyMean,Mean,36.82
2692,819,D24HourMean,QuarterlyMean,Mean,29.86
2722,807,D24HourMean,QuarterlyMean,Mean,21.48
2698,807,D24HourMean,QuarterlyMean,Mean,27.33
2709,791,D24HourMean,QuarterlyMean,Mean,23.39
2694,789,D24HourMean,QuarterlyMean,Mean,29.52
2724,775,D24HourMean,QuarterlyMean,Mean,13.65
2705,808,D24HourMean,QuarterlyMean,Mean,24.58
2695,812,D24HourMean,QuarterlyMean,Mean,28.88
2722,780,D24HourMean,QuarterlyMean,Mean,17.53
2720,793,D24HourMean,QuarterlyMean,Mean,16.54
2685,822,D24HourMean,QuarterlyMean,Mean,32.79
2702,778,D24HourMean,QuarterlyMean,Mean,21.00
2710,799,D24HourMean,QuarterlyMean,Mean,27.22
2701,803,D24HourMean,QuarterlyMean,Mean,24.90
2707,801,D24HourMean,QuarterlyMean,Mean,24.41
2706,808,D24HourMean,QuarterlyMean,Mean,24.31
2694,801,D24HourMean,QuarterlyMean,Mean,28.89
2711,789,D24HourMean,QuarterlyMean,Mean,21.08
2713,808,D24HourMean,QuarterlyMean,Mean,24.63
2715,801,D24HourMean,QuarterlyMean,Mean,22.90
2716,787,D24HourMean,QuarterlyMean,Mean,19.89
2697,814,D24HourMean,QuarterlyMean,Mean,27.90
2698,778,D24HourMean,QuarterlyMean,Mean,20.77
2707,787,D24HourMean,QuarterlyMean,Mean,23.81
2705,797,D24HourMean,QuarterlyMean,Mean,24.30
2690,821,D24HourMean,QuarterlyMean,Mean,30.56
2723,796,D24HourMean,QuarterlyMean,Mean,15.57
2684,804,D24HourMean,QuarterlyMean,Mean,36.69
2689,792,D24HourMean,QuarterlyMean,Mean,29.82
2688,795,D24HourMean,QuarterlyMean,Mean,31.56
2708,799,D24HourMean,QuarterlyMean,Mean,27.20
2710,786,D24HourMean,QuarterlyMean,Mean,22.89
2693,782,D24HourMean,QuarterlyMean,Mean,23.81
2707,780,D24HourMean,QuarterlyMean,Mean,20.85
2693,798,D24HourMean,QuarterlyMean,Mean,31.74
2697,802,D24HourMean,QuarterlyMean,Mean,27.73
2714,810,D24HourMean,QuarterlyMean,Mean,22.87
2709,811,D24HourMean,QuarterlyMean,Mean,25.47
2695,797,D24HourMean,QuarterlyMean,Mean,28.51
2720,807,D24HourMean,QuarterlyMean,Mean,21.82
2689,807,D24HourMean,QuarterlyMean,Mean,31.48
2696,804,D24HourMean,QuarterlyMean,Mean,27.07
2711,781,D24HourMean,QuarterlyMean,Mean,22.69
2694,802,D24HourMean,QuarterlyMean,Mean,29.93
2690,792,D24HourMean,QuarterlyMean,Mean,31.02
2717,804,D24HourMean,QuarterlyMean,Mean,21.79
2693,797,D24HourMean,QuarterlyMean,Mean,33.33
2683,805,D24HourMean,QuarterlyMean,Mean,39.54
2702,793,D24HourMean,QuarterlyMean,Mean,23.71
2693,783,D24HourMean,QuarterlyMean,Mean,25.94
2710,807,D24HourMean,QuarterlyMean,Mean,24.79
2724,786,D24HourMean,QuarterlyMean,Mean,15.01
2696,793,D24HourMean,QuarterlyMean,Mean,30.23
2698,782,D24HourMean,QuarterlyMean,Mean,21.46
2706,811,D24HourMean,QuarterlyMean,Mean,25.19
2720,784,D24HourMean,QuarterlyMean,Mean,21.80
2698,813,D24HourMean,QuarterlyMean,Mean,26.06
2698,780,D24HourMean,QuarterlyMean,Mean,21.24
2688,800,D24HourMean,QuarterlyMean,Mean,34.75
2724,781,D24HourMean,QuarterlyMean,Mean,13.91
2709,803,D24HourMean,QuarterlyMean,Mean,24.62
2710,800,D24HourMean,QuarterlyMean,Mean,27.70
2702,784,D24HourMean,QuarterlyMean,Mean,20.15
2697,799,D24HourMean,QuarterlyMean,Mean,33.05
2720,787,D24HourMean,QuarterlyMean,Mean,16.36
2702,780,D24HourMean,QuarterlyMean,Mean,20.24
2710,792,D24HourMean,QuarterlyMean,Mean,23.65
2692,790,D24HourMean,QuarterlyMean,Mean,31.50
2708,805,D24HourMean,QuarterlyMean,Mean,25.79
2687,808,D24HourMean,QuarterlyMean,Mean,30.95
2720,811,D24HourMean,QuarterlyMean,Mean,22.14
2695,800,D24HourMean,QuarterlyMean,Mean,34.16
2709,795,D24HourMean,QuarterlyMean,Mean,25.44
2686,818,D24HourMean,QuarterlyMean,Mean,34.12
2713,802,D24HourMean,QuarterlyMean,Mean,27.75
2699,779,D24HourMean,QuarterlyMean,Mean,21.72
2690,817,D24HourMean,QuarterlyMean,Mean,31.36
2719,791,D24HourMean,QuarterlyMean,Mean,16.39
2704,804,D24HourMean,QuarterlyMean,Mean,24.27
2693,788,D24HourMean,QuarterlyMean,Mean,29.25
2713,806,D24HourMean,QuarterlyMean,Mean,25.25
2699,799,D24HourMean,QuarterlyMean,Mean,26.39
2723,783,D24HourMean,QuarterlyMean,Mean,14.95
2698,791,D24HourMean,QuarterlyMean,Mean,25.76
2700,788,D24HourMean,QuarterlyMean,Mean,22.94
2686,806,D24HourMean,QuarterlyMean,Mean,28.51
2681,806,D24HourMean,QuarterlyMean,Mean,39.39
2724,788,D24HourMean,QuarterlyMean,Mean,14.92
2696,796,D24HourMean,QuarterlyMean,Mean,28.17
2719,776,D24HourMean,QuarterlyMean,Mean,11.17
2706,801,D24HourMean,QuarterlyMean,Mean,24.03
2725,781,D24HourMean,QuarterlyMean,Mean,14.22
2702,809,D24HourMean,QuarterlyMean,Mean,24.57
2713,811,D24HourMean,QuarterlyMean,Mean,23.38
2713,791,D24HourMean,QuarterlyMean,Mean,21.43
2693,804,D24HourMean,QuarterlyMean,Mean,26.93
2700,800,D24HourMean,QuarterlyMean,Mean,25.54
2719,787,D24HourMean,QuarterlyMean,Mean,17.27
2724,776,D24HourMean,QuarterlyMean,Mean,13.74
2707,793,D24HourMean,QuarterlyMean,Mean,24.91
2699,781,D24HourMean,QuarterlyMean,Mean,21.57
2709,810,D24HourMean,QuarterlyMean,Mean,25.12
2694,800,D24HourMean,QuarterlyMean,Mean,33.05
2699,806,D24HourMean,QuarterlyMean,Mean,24.95
2704,801,D24HourMean,QuarterlyMean,Mean,26.24
2708,784,D24HourMean,QuarterlyMean,Mean,21.61
2702,792,D24HourMean,QuarterlyMean,Mean,23.25
2709,784,D24HourMean,QuarterlyMean,Mean,22.07
2695,819,D24HourMean,QuarterlyMean,Mean,29.02
2688,816,D24HourMean,QuarterlyMean,Mean,33.23
2696,801,D24HourMean,QuarterlyMean,Mean,28.72
2726,783,D24HourMean,QuarterlyMean,Mean,14.93
2701,782,D24HourMean,QuarterlyMean,Mean,20.29
2703,811,D24HourMean,QuarterlyMean,Mean,23.20
2698,818,D24HourMean,QuarterlyMean,Mean,28.52
2713,801,D24HourMean,QuarterlyMean,Mean,26.87
2704,782,D24HourMean,QuarterlyMean,Mean,20.37
2719,803,D24HourMean,QuarterlyMean,Mean,22.09
2690,798,D24HourMean,QuarterlyMean,Mean,33.51
2706,794,D24HourMean,QuarterlyMean,Mean,25.48
2723,775,D24HourMean,QuarterlyMean,Mean,14.13
2723,806,D24HourMean,QuarterlyMean,Mean,21.67
2696,806,D24HourMean,QuarterlyMean,Mean,29.27
2698,792,D24HourMean,QuarterlyMean,Mean,26.20
2692,808,D24HourMean,QuarterlyMean,Mean,31.37
2686,820,D24HourMean,QuarterlyMean,Mean,33.44
2700,804,D24HourMean,QuarterlyMean,Mean,25.61
2725,788,D24HourMean,QuarterlyMean,Mean,14.83
2689,811,D24HourMean,QuarterlyMean,Mean,30.96
2697,789,D24HourMean,QuarterlyMean,Mean,26.48
2701,800,D24HourMean,QuarterlyMean,Mean,25.83
2707,807,D24HourMean,QuarterlyMean,Mean,25.07
2688,815,D24HourMean,QuarterlyMean,Mean,33.15
2694,797,D24HourMean,QuarterlyMean,Mean,29.75
2699,793,D24HourMean,QuarterlyMean,Mean,26.51
2689,814,D24HourMean,QuarterlyMean,Mean,31.44
2703,805,D24HourMean,QuarterlyMean,Mean,26.68
2686,810,D24HourMean,QuarterlyMean,Mean,33.49
2686,815,D24HourMean,QuarterlyMean,Mean,34.57
2707,798,D24HourMean,QuarterlyMean,Mean,26.13
2696,794,D24HourMean,QuarterlyMean,Mean,30.34
2722,790,D24HourMean,QuarterlyMean,Mean,15.85
2688,818,D24HourMean,QuarterlyMean,Mean,32.73
2703,793,D24HourMean,QuarterlyMean,Mean,23.09
2707,784,D24HourMean,QuarterlyMean,Mean,21.99
2707,809,D24HourMean,QuarterlyMean,Mean,23.33
2695,815,D24HourMean,QuarterlyMean,Mean,29.15
2703,800,D24HourMean,QuarterlyMean,Mean,25.07
2718,810,D24HourMean,QuarterlyMean,Mean,23.84
2723,780,D24HourMean,QuarterlyMean,Mean,15.14
2701,790,D24HourMean,QuarterlyMean,Mean,21.80
2692,807,D24HourMean,QuarterlyMean,Mean,30.66
2725,780,D24HourMean,QuarterlyMean,Mean,13.97
2687,820,D24HourMean,QuarterlyMean,Mean,32.27
2723,786,D24HourMean,QuarterlyMean,Mean,15.56
2711,804,D24HourMean,QuarterlyMean,Mean,24.76
2722,808,D24HourMean,QuarterlyMean,Mean,20.56
2690,796,D24HourMean,QuarterlyMean,Mean,29.74
2698,787,D24HourMean,QuarterlyMean,Mean,25.21
2709,802,D24HourMean,QuarterlyMean,Mean,26.31
2714,805,D24HourMean,QuarterlyMean,Mean,20.59
2695,803,D24HourMean,QuarterlyMean,Mean,26.98
2710,791,D24HourMean,QuarterlyMean,Mean,21.60
2711,798,D24HourMean,QuarterlyMean,Mean,26.00
2705,805,D24HourMean,QuarterlyMean,Mean,26.16
2714,803,D24HourMean,QuarterlyMean,Mean,21.64
2717,808,D24HourMean,QuarterlyMean,Mean,21.40
2708,811,D24HourMean,QuarterlyMean,Mean,25.94
2706,805,D24HourMean,QuarterlyMean,Mean,26.07
2699,809,D24HourMean,QuarterlyMean,Mean,26.28
2719,810,D24HourMean,QuarterlyMean,Mean,23.81
2720,780,D24HourMean,QuarterlyMean,Mean,19.00
2705,809,D24HourMean,QuarterlyMean,Mean,24.25
2688,821,D24HourMean,QuarterlyMean,Mean,32.28
2699,791,D24HourMean,QuarterlyMean,Mean,24.51
2702,782,D24HourMean,QuarterlyMean,Mean,20.82
2699,788,D24HourMean,QuarterlyMean,Mean,24.35
2690,806,D24HourMean,QuarterlyMean,Mean,30.96
2715,788,D24HourMean,QuarterlyMean,Mean,24.77
2697,778,D24HourMean,QuarterlyMean,Mean,21.40
2709,801,D24HourMean,QuarterlyMean,Mean,26.73
2697,787,D24HourMean,QuarterlyMean,Mean,27.10
2696,785,D24HourMean,QuarterlyMean,Mean,25.49
2694,785,D24HourMean,QuarterlyMean,Mean,27.68
2716,802,D24HourMean,QuarterlyMean,Mean,23.03
2710,790,D24HourMean,QuarterlyMean,Mean,21.28
2691,785,D24HourMean,QuarterlyMean,Mean,32.55
2696,800,D24HourMean,QuarterlyMean,Mean,33.13
2688,808,D24HourMean,QuarterlyMean,Mean,32.25
2698,808,D24HourMean,QuarterlyMean,Mean,26.99
2702,808,D24HourMean,QuarterlyMean,Mean,25.06
2708,783,D24HourMean,QuarterlyMean,Mean,21.14
2718,803,D24HourMean,QuarterlyMean,Mean,22.89
2696,795,D24HourMean,QuarterlyMean,Mean,27.39
2684,805,D24HourMean,QuarterlyMean,Mean,34.08
2696,814,D24HourMean,QuarterlyMean,Mean,28.24
2690,786,D24HourMean,QuarterlyMean,Mean,30.55
2690,810,D24HourMean,QuarterlyMean,Mean,32.72
2701,796,D24HourMean,QuarterlyMean,Mean,26.04
2685,817,D24HourMean,QuarterlyMean,Mean,35.28
2698,785,D24HourMean,QuarterlyMean,Mean,24.07
2720,788,D24HourMean,QuarterlyMean,Mean,15.82
2694,782,D24HourMean,QuarterlyMean,Mean,22.92
2722,810,D24HourMean,QuarterlyMean,Mean,23.41
2706,784,D24HourMean,QuarterlyMean,Mean,21.85
2688,817,D24HourMean,QuarterlyMean,Mean,32.70
2694,791,D24HourMean,QuarterlyMean,Mean,32.09
2699,796,D24HourMean,QuarterlyMean,Mean,30.52
2697,785,D24HourMean,QuarterlyMean,Mean,24.57
2695,785,D24HourMean,QuarterlyMean,Mean,25.56
2699,798,D24HourMean,QuarterlyMean,Mean,25.95
2701,783,D24HourMean,QuarterlyMean,Mean,20.56
2702,788,D24HourMean,QuarterlyMean,Mean,22.26
2694,799,D24HourMean,QuarterlyMean,Mean,34.13
2694,795,D24HourMean,QuarterlyMean,Mean,31.60
2701,779,D24HourMean,QuarterlyMean,Mean,21.24
2692,784,D24HourMean,QuarterlyMean,Mean,28.68
2692,821,D24HourMean,QuarterlyMean,Mean,30.06
2693,814,D24HourMean,QuarterlyMean,Mean,29.76
2721,807,D24HourMean,QuarterlyMean,Mean,20.97
2712,807,D24HourMean,QuarterlyMean,Mean,24.55
2694,819,D24HourMean,QuarterlyMean,Mean,29.40
2698,795,D24HourMean,QuarterlyMean,Mean,31.22
2726,776,D24HourMean,QuarterlyMean,Mean,13.54
2700,807,D24HourMean,QuarterlyMean,Mean,25.77
2698,804,D24HourMean,QuarterlyMean,Mean,29.55
2708,806,D24HourMean,QuarterlyMean,Mean,25.36
2707,786,D24HourMean,QuarterlyMean,Mean,23.68
2721,775,D24HourMean,QuarterlyMean,Mean,18.02
2709,799,D24HourMean,QuarterlyMean,Mean,27.44
2710,795,D24HourMean,QuarterlyMean,Mean,24.71
2704,788,D24HourMean,QuarterlyMean,Mean,23.44
2717,809,D24HourMean,QuarterlyMean,Mean,20.72
2704,808,D24HourMean,QuarterlyMean,Mean,24.46
2722,773,D24HourMean,QuarterlyMean,Mean,14.99
2690,813,D24HourMean,QuarterlyMean,Mean,30.99
2713,803,D24HourMean,QuarterlyMean,Mean,26.39
2685,808,D24HourMean,QuarterlyMean,Mean,30.14
2706,796,D24HourMean,QuarterlyMean,Mean,26.18
2693,801,D24HourMean,QuarterlyMean,Mean,28.98
2706,798,D24HourMean,QuarterlyMean,Mean,24.42
2690,794,D24HourMean,QuarterlyMean,Mean,34.53
2692,809,D24HourMean,QuarterlyMean,Mean,31.44
2690,800,D24HourMean,QuarterlyMean,Mean,34.45
2719,811,D24HourMean,QuarterlyMean,Mean,22.23
2716,803,D24HourMean,QuarterlyMean,Mean,22.92
2718,805,D24HourMean,QuarterlyMean,Mean,21.56
2698,802,D24HourMean,QuarterlyMean,Mean,27.55
2698,790,D24HourMean,QuarterlyMean,Mean,25.45
2700,802,D24HourMean,QuarterlyMean,Mean,25.01
2712,795,D24HourMean,QuarterlyMean,Mean,24.04
2703,786,D24HourMean,QuarterlyMean,Mean,21.88
2691,784,D24HourMean,QuarterlyMean,Mean,28.04
2712,809,D24HourMean,QuarterlyMean,Mean,24.49
2721,796,D24HourMean,QuarterlyMean,Mean,16.52
2708,801,D24HourMean,QuarterlyMean,Mean,26.24
2699,797,D24HourMean,QuarterlyMean,Mean,31.14
2719,786,D24HourMean,QuarterlyMean,Mean,18.33
2719,806,D24HourMean,QuarterlyMean,Mean,22.06
2682,805,D24HourMean,QuarterlyMean,Mean,39.55
2693,776,D24HourMean,QuarterlyMean,Mean,10.99
2696,807,D24HourMean,QuarterlyMean,Mean,28.76
2702,783,D24HourMean,QuarterlyMean,Mean,20.00
2697,807,D24HourMean,QuarterlyMean,Mean,28.63
2692,782,D24HourMean,QuarterlyMean,Mean,22.64
2690,804,D24HourMean,QuarterlyMean,Mean,36.65
2696,788,D24HourMean,QuarterlyMean,Mean,28.61
2723,782,D24HourMean,QuarterlyMean,Mean,15.21
2700,790,D24HourMean,QuarterlyMean,Mean,23.06
2687,811,D24HourMean,QuarterlyMean,Mean,33.63
2703,785,D24HourMean,QuarterlyMean,Mean,21.09
2706,780,D24HourMean,QuarterlyMean,Mean,21.24
2707,800,D24HourMean,QuarterlyMean,Mean,24.66
2708,782,D24HourMean,QuarterlyMean,Mean,20.89
2702,805,D24HourMean,QuarterlyMean,Mean,26.40
2709,792,D24HourMean,QuarterlyMean,Mean,24.46
2699,787,D24HourMean,QuarterlyMean,Mean,23.83
2717,807,D24HourMean,QuarterlyMean,Mean,20.49
2719,792,D24HourMean,QuarterlyMean,Mean,16.42
2697,800,D24HourMean,QuarterlyMean,Mean,34.42
2698,788,D24HourMean,QuarterlyMean,Mean,25.45
2693,810,D24HourMean,QuarterlyMean,Mean,32.04
2702,781,D24HourMean,QuarterlyMean,Mean,20.40
2688,819,D24HourMean,QuarterlyMean,Mean,31.88
2709,798,D24HourMean,QuarterlyMean,Mean,25.99
2698,793,D24HourMean,QuarterlyMean,Mean,27.04
2700,811,D24HourMean,QuarterlyMean,Mean,24.84
2703,788,D24HourMean,QuarterlyMean,Mean,23.57
2723,791,D24HourMean,QuarterlyMean,Mean,15.24
2687,806,D24HourMean,QuarterlyMean,Mean,33.28
2699,812,D24HourMean,QuarterlyMean,Mean,26.51
2710,811,D24HourMean,QuarterlyMean,Mean,25.77
2703,807,D24HourMean,QuarterlyMean,Mean,25.31
2702,800,D24HourMean,QuarterlyMean,Mean,25.23
2719,807,D24HourMean,QuarterlyMean,Mean,21.70
2716,807,D24HourMean,QuarterlyMean,Mean,21.18
2721,806,D24HourMean,QuarterlyMean,Mean,21.61
2714,788,D24HourMean,QuarterlyMean,Mean,24.66
2689,818,D24HourMean,QuarterlyMean,Mean,31.53
2699,800,D24HourMean,QuarterlyMean,Mean,27.00
2704,799,D24HourMean,QuarterlyMean,Mean,24.11
2686,807,D24HourMean,QuarterlyMean,Mean,27.74
2683,808,D24HourMean,QuarterlyMean,Mean,37.93
2696,809,D24HourMean,QuarterlyMean,Mean,28.74
2723,774,D24HourMean,QuarterlyMean,Mean,14.30
2697,809,D24HourMean,QuarterlyMean,Mean,27.94
2705,801,D24HourMean,QuarterlyMean,Mean,25.77
2701,798,D24HourMean,QuarterlyMean,Mean,25.75
2699,785,D24HourMean,QuarterlyMean,Mean,24.30
2699,794,D24HourMean,QuarterlyMean,Mean,26.50
2717,810,D24HourMean,QuarterlyMean,Mean,23.47
2692,794,D24HourMean,QuarterlyMean,Mean,29.67
2696,787,D24HourMean,QuarterlyMean,Mean,28.56
2688,807,D24HourMean,QuarterlyMean,Mean,33.29
2706,788,D24HourMean,QuarterlyMean,Mean,24.32
2717,803,D24HourMean,QuarterlyMean,Mean,23.68
2694,817,D24HourMean,QuarterlyMean,Mean,29.48
2707,799,D24HourMean,QuarterlyMean,Mean,24.84
2694,794,D24HourMean,QuarterlyMean,Mean,29.13
2703,784,D24HourMean,QuarterlyMean,Mean,20.47
2695,798,D24HourMean,QuarterlyMean,Mean,29.72
2697,815,D24HourMean,QuarterlyMean,Mean,28.16
2704,803,D24HourMean,QuarterlyMean,Mean,27.75
2701,812,D24HourMean,QuarterlyMean,Mean,23.84
2709,789,D24HourMean,QuarterlyMean,Mean,23.15
2715,784,D24HourMean,QuarterlyMean,Mean,22.42
2697,783,D24HourMean,QuarterlyMean,Mean,22.84
2703,779,D24HourMean,QuarterlyMean,Mean,21.01
2708,781,D24HourMean,QuarterlyMean,Mean,20.85
2695,788,D24HourMean,QuarterlyMean,Mean,29.31
2705,807,D24HourMean,QuarterlyMean,Mean,25.00
2712,808,D24HourMean,QuarterlyMean,Mean,24.60
2720,778,D24HourMean,QuarterlyMean,Mean,19.21
2710,797,D24HourMean,QuarterlyMean,Mean,24.82
2704,790,D24HourMean,QuarterlyMean,Mean,22.01
2704,785,D24HourMean,QuarterlyMean,Mean,21.03
2709,782,D24HourMean,QuarterlyMean,Mean,21.83
2712,783,D24HourMean,QuarterlyMean,Mean,23.41
2696,811,D24HourMean,QuarterlyMean,Mean,29.26
2698,783,D24HourMean,QuarterlyMean,Mean,21.72
2689,815,D24HourMean,QuarterlyMean,Mean,31.78
2721,784,D24HourMean,QuarterlyMean,Mean,18.22
2694,816,D24HourMean,QuarterlyMean,Mean,29.94
2710,803,D24HourMean,QuarterlyMean,Mean,24.93
2683,818,D24HourMean,QuarterlyMean,Mean,35.66
2698,786,D24HourMean,QuarterlyMean,Mean,24.38
2696,813,D24HourMean,QuarterlyMean,Mean,28.29
2700,782,D24HourMean,QuarterlyMean,Mean,20.61
2708,803,D24HourMean,QuarterlyMean,Mean,26.01
2695,781,D24HourMean,QuarterlyMean,Mean,21.59
2686,817,D24HourMean,QuarterlyMean,Mean,34.40
2695,804,D24HourMean,QuarterlyMean,Mean,26.52
2710,793,D24HourMean,QuarterlyMean,Mean,23.49
2696,782,D24HourMean,QuarterlyMean,Mean,21.99
2697,794,D24HourMean,QuarterlyMean,Mean,29.23
2711,801,D24HourMean,QuarterlyMean,Mean,25.90
2686,804,D24HourMean,QuarterlyMean,Mean,35.02
2689,795,D24HourMean,QuarterlyMean,Mean,31.53
2710,801,D24HourMean,QuarterlyMean,Mean,25.90
2712,801,D24HourMean,QuarterlyMean,Mean,25.93
2720,781,D24HourMean,QuarterlyMean,Mean,19.73
2701,802,D24HourMean,QuarterlyMean,Mean,25.09
2700,787,D24HourMean,QuarterlyMean,Mean,22.71
2724,790,D24HourMean,QuarterlyMean,Mean,14.77
2701,792,D24HourMean,QuarterlyMean,Mean,23.24
2708,796,D24HourMean,QuarterlyMean,Mean,25.47
2707,790,D24HourMean,QuarterlyMean,Mean,24.39
2701,795,D24HourMean,QuarterlyMean,Mean,25.45
2698,789,D24HourMean,QuarterlyMean,Mean,26.60
2703,789,D24HourMean,QuarterlyMean,Mean,22.10
2699,803,D24HourMean,QuarterlyMean,Mean,26.83
2709,790,D24HourMean,QuarterlyMean,Mean,21.73
2685,819,D24HourMean,QuarterlyMean,Mean,33.51
2723,785,D24HourMean,QuarterlyMean,Mean,15.06
2707,791,D24HourMean,QuarterlyMean,Mean,24.27
2704,795,D24HourMean,QuarterlyMean,Mean,26.05
2693,784,D24HourMean,QuarterlyMean,Mean,26.77
2698,794,D24HourMean,QuarterlyMean,Mean,30.64
2692,786,D24HourMean,QuarterlyMean,Mean,29.93
2712,796,D24HourMean,QuarterlyMean,Mean,23.88
2690,819,D24HourMean,QuarterlyMean,Mean,31.08
2726,780,D24HourMean,QuarterlyMean,Mean,14.59
2709,807,D24HourMean,QuarterlyMean,Mean,24.30
2726,781,D24HourMean,QuarterlyMean,Mean,14.60
2693,803,D24HourMean,QuarterlyMean,Mean,29.65
2691,798,D24HourMean,QuarterlyMean,Mean,32.97
2695,782,D24HourMean,QuarterlyMean,Mean,21.99
2697,797,D24HourMean,QuarterlyMean,Mean,27.56
2712,803,D24HourMean,QuarterlyMean,Mean,25.52
2713,807,D24HourMean,QuarterlyMean,Mean,24.44
2697,795,D24HourMean,QuarterlyMean,Mean,26.08
2700,781,D24HourMean,QuarterlyMean,Mean,21.09
2713,794,D24HourMean,QuarterlyMean,Mean,22.16
2700,786,D24HourMean,QuarterlyMean,Mean,23.44
2716,789,D24HourMean,QuarterlyMean,Mean,22.20
2702,810,D24HourMean,QuarterlyMean,Mean,22.97
2686,822,D24HourMean,QuarterlyMean,Mean,32.76
2722,772,D24HourMean,QuarterlyMean,Mean,15.04
2693,820,D24HourMean,QuarterlyMean,Mean,29.58
2708,800,D24HourMean,QuarterlyMean,Mean,26.48
2691,804,D24HourMean,QuarterlyMean,Mean,30.57
2713,800,D24HourMean,QuarterlyMean,Mean,26.31
2696,789,D24HourMean,QuarterlyMean,Mean,28.55
2700,785,D24HourMean,QuarterlyMean,Mean,23.52
2704,786,D24HourMean,QuarterlyMean,Mean,21.69
2692,810,D24HourMean,QuarterlyMean,Mean,30.77
2687,823,D24HourMean,QuarterlyMean,Mean,31.51
2690,816,D24HourMean,QuarterlyMean,Mean,31.08
2693,779,D24HourMean,QuarterlyMean,Mean,22.10
2717,788,D24HourMean,QuarterlyMean,Mean,18.04
2693,785,D24HourMean,QuarterlyMean,Mean,29.31
2722,776,D24HourMean,QuarterlyMean,Mean,15.44
2724,793,D24HourMean,QuarterlyMean,Mean,14.73
2722,775,D24HourMean,QuarterlyMean,Mean,15.73
2705,803,D24HourMean,QuarterlyMean,Mean,24.39
2705,779,D24HourMean,QuarterlyMean,Mean,21.70
2721,789,D24HourMean,QuarterlyMean,Mean,15.83
2699,808,D24HourMean,QuarterlyMean,Mean,26.09
2705,791,D24HourMean,QuarterlyMean,Mean,22.68
2714,802,D24HourMean,QuarterlyMean,Mean,23.49
2702,785,D24HourMean,QuarterlyMean,Mean,20.44
2703,790,D24HourMean,QuarterlyMean,Mean,21.85
2715,790,D24HourMean,QuarterlyMean,Mean,19.85
2697,812,D24HourMean,QuarterlyMean,Mean,28.52
2715,804,D24HourMean,QuarterlyMean,Mean,21.03
2723,776,D24HourMean,QuarterlyMean,Mean,13.82
2691,818,D24HourMean,QuarterlyMean,Mean,30.47
2707,795,D24HourMean,QuarterlyMean,Mean,26.41
2709,788,D24HourMean,QuarterlyMean,Mean,22.74
2696,778,D24HourMean,QuarterlyMean,Mean,21.32
2719,804,D24HourMean,QuarterlyMean,Mean,22.52
2697,791,D24HourMean,QuarterlyMean,Mean,27.12
2721,808,D24HourMean,QuarterlyMean,Mean,20.55
2687,804,D24HourMean,QuarterlyMean,Mean,35.12
2685,823,D24HourMean,QuarterlyMean,Mean,31.71
2684,818,D24HourMean,QuarterlyMean,Mean,34.97
2692,802,D24HourMean,QuarterlyMean,Mean,35.76
2719,781,D24HourMean,QuarterlyMean,Mean,18.59
2704,800,D24HourMean,QuarterlyMean,Mean,24.47
2697,804,D24HourMean,QuarterlyMean,Mean,29.76
2708,795,D24HourMean,QuarterlyMean,Mean,25.48
2707,781,D24HourMean,QuarterlyMean,Mean,20.53
2686,808,D24HourMean,QuarterlyMean,Mean,28.02
2724,784,D24HourMean,QuarterlyMean,Mean,14.54
2705,795,D24HourMean,QuarterlyMean,Mean,26.56
2697,779,D24HourMean,QuarterlyMean,Mean,21.32
2686,821,D24HourMean,QuarterlyMean,Mean,32.78
2695,802,D24HourMean,QuarterlyMean,Mean,27.98
2723,787,D24HourMean,QuarterlyMean,Mean,15.90
2723,778,D24HourMean,QuarterlyMean,Mean,14.91
2714,806,D24HourMean,QuarterlyMean,Mean,20.39
2689,816,D24HourMean,QuarterlyMean,Mean,31.50
2702,811,D24HourMean,QuarterlyMean,Mean,24.16
2709,806,D24HourMean,QuarterlyMean,Mean,24.95
2690,802,D24HourMean,QuarterlyMean,Mean,36.11
2695,809,D24HourMean,QuarterlyMean,Mean,29.60
2709,796,D24HourMean,QuarterlyMean,Mean,26.10
2684,820,D24HourMean,QuarterlyMean,Mean,33.75
2691,795,D24HourMean,QuarterlyMean,Mean,30.40
2689,821,D24HourMean,QuarterlyMean,Mean,31.00
2703,809,D24HourMean,QuarterlyMean,Mean,24.22
2691,789,D24HourMean,QuarterlyMean,Mean,31.57
2711,808,D24HourMean,QuarterlyMean,Mean,24.57
2690,818,D24HourMean,QuarterlyMean,Mean,31.09
2716,805,D24HourMean,QuarterlyMean,Mean,21.76
2719,788,D24HourMean,QuarterlyMean,Mean,16.41
2705,810,D24HourMean,QuarterlyMean,Mean,22.33
2696,818,D24HourMean,QuarterlyMean,Mean,28.32
2706,810,D24HourMean,QuarterlyMean,Mean,22.63
2725,786,D24HourMean,QuarterlyMean,Mean,14.98
2691,787,D24HourMean,QuarterlyMean,Mean,30.48
2704,794,D24HourMean,QuarterlyMean,Mean,25.70
2706,797,D24HourMean,QuarterlyMean,Mean,25.50
2711,803,D24HourMean,QuarterlyMean,Mean,24.95
2691,797,D24HourMean,QuarterlyMean,Mean,33.57
2704,779,D24HourMean,QuarterlyMean,Mean,21.32
2707,803,D24HourMean,QuarterlyMean,Mean,26.78
2708,802,D24HourMean,QuarterlyMean,Mean,26.37
2695,796,D24HourMean,QuarterlyMean,Mean,30.91
2698,817,D24HourMean,QuarterlyMean,Mean,27.30
2689,801,D24HourMean,QuarterlyMean,Mean,34.85
2698,784,D24HourMean,QuarterlyMean,Mean,23.33
2702,794,D24HourMean,QuarterlyMean,Mean,24.31
2701,793,D24HourMean,QuarterlyMean,Mean,23.87
2721,810,D24HourMean,QuarterlyMean,Mean,23.70
2701,794,D24HourMean,QuarterlyMean,Mean,25.72
2720,806,D24HourMean,QuarterlyMean,Mean,22.15
2697,784,D24HourMean,QuarterlyMean,Mean,21.61
2690,799,D24HourMean,QuarterlyMean,Mean,33.56
2699,811,D24HourMean,QuarterlyMean,Mean,26.40
2700,803,D24HourMean,QuarterlyMean,Mean,25.68
2696,783,D24HourMean,QuarterlyMean,Mean,22.85
2712,800,D24HourMean,QuarterlyMean,Mean,25.99
2720,779,D24HourMean,QuarterlyMean,Mean,18.38
2720,782,D24HourMean,QuarterlyMean,Mean,22.41
2705,802,D24HourMean,QuarterlyMean,Mean,26.37
2711,794,D24HourMean,QuarterlyMean,Mean,24.38
2691,815,D24HourMean,QuarterlyMean,Mean,30.64
2691,813,D24HourMean,QuarterlyMean,Mean,31.05
2699,810,D24HourMean,QuarterlyMean,Mean,26.64
2688,806,D24HourMean,QuarterlyMean,Mean,34.54
2714,808,D24HourMean,QuarterlyMean,Mean,20.13
2714,811,D24HourMean,QuarterlyMean,Mean,24.05
2718,801,D24HourMean,QuarterlyMean,Mean,21.14
2722,785,D24HourMean,QuarterlyMean,Mean,16.00
2695,795,D24HourMean,QuarterlyMean,Mean,32.06
2709,805,D24HourMean,QuarterlyMean,Mean,24.98
2685,821,D24HourMean,QuarterlyMean,Mean,33.61
2708,794,D24HourMean,QuarterlyMean,Mean,25.25
2701,799,D24HourMean,QuarterlyMean,Mean,25.68
2695,789,D24HourMean,QuarterlyMean,Mean,29.35
2723,810,D24HourMean,QuarterlyMean,Mean,23.52
2720,809,D24HourMean,QuarterlyMean,Mean,20.71
2700,798,D24HourMean,QuarterlyMean,Mean,25.28
2690,815,D24HourMean,QuarterlyMean,Mean,31.31
2687,809,D24HourMean,QuarterlyMean,Mean,31.38
2705,794,D24HourMean,QuarterlyMean,Mean,25.58
2717,789,D24HourMean,QuarterlyMean,Mean,17.88
2687,807,D24HourMean,QuarterlyMean,Mean,32.95
