Column,Row,Metric,Seasonal Metric,Annual Metric,Values
1946,1030,D24HourMean,QuarterlyMean,Mean,9.62
1958,1038,D24HourMean,QuarterlyMean,Mean,8.24
1898,1032,D24HourMean,QuarterlyMean,Mean,8.86
1931,1032,D24HourMean,QuarterlyMean,Mean,9.79
1949,1032,D24HourMean,QuarterlyMean,Mean,9.56
1945,1041,D24HourMean,QuarterlyMean,Mean,12.62
1950,1026,D24HourMean,QuarterlyMean,Mean,11.98
1937,1035,D24HourMean,QuarterlyMean,Mean,8.29
1927,1027,D24HourMean,QuarterlyMean,Mean,14.14
1938,1041,D24HourMean,QuarterlyMean,Mean,11.61
1952,1033,D24HourMean,QuarterlyMean,Mean,9.81
1940,1038,D24HourMean,QuarterlyMean,Mean,8.12
1958,1043,D24HourMean,QuarterlyMean,Mean,11.17
1953,1047,D24HourMean,QuarterlyMean,Mean,10.11
1957,1045,D24HourMean,QuarterlyMean,Mean,10.33
1954,1041,D24HourMean,QuarterlyMean,Mean,10.08
1952,1035,D24HourMean,QuarterlyMean,Mean,9.97
1950,1032,D24HourMean,QuarterlyMean,Mean,9.67
1953,1040,D24HourMean,QuarterlyMean,Mean,8.99
1952,1041,D24HourMean,QuarterlyMean,Mean,10.36
1941,1038,D24HourMean,QuarterlyMean,Mean,8.63
1943,1030,D24HourMean,QuarterlyMean,Mean,9.33
1966,1047,D24HourMean,QuarterlyMean,Mean,11.55
1901,1034,D24HourMean,QuarterlyMean,Mean,8.53
1930,1029,D24HourMean,QuarterlyMean,Mean,13.70
1961,1032,D24HourMean,QuarterlyMean,Mean,11.70
1941,1035,D24HourMean,QuarterlyMean,Mean,8.81
1953,1037,D24HourMean,QuarterlyMean,Mean,7.04
1955,1040,D24HourMean,QuarterlyMean,Mean,9.25
1957,1042,D24HourMean,QuarterlyMean,Mean,10.67
1969,1038,D24HourMean,QuarterlyMean,Mean,11.77
1932,1028,D24HourMean,QuarterlyMean,Mean,13.73
1906,1029,D24HourMean,QuarterlyMean,Mean,11.27
1949,1036,D24HourMean,QuarterlyMean,Mean,7.98
1910,1029,D24HourMean,QuarterlyMean,Mean,13.52
1947,1038,D24HourMean,QuarterlyMean,Mean,7.83
1930,1028,D24HourMean,QuarterlyMean,Mean,13.86
1962,1046,D24HourMean,QuarterlyMean,Mean,11.00
1947,1025,D24HourMean,QuarterlyMean,Mean,13.49
1952,1036,D24HourMean,QuarterlyMean,Mean,7.90
1935,1031,D24HourMean,QuarterlyMean,Mean,9.60
1958,1037,D24HourMean,QuarterlyMean,Mean,8.45
1937,1028,D24HourMean,QuarterlyMean,Mean,11.89
1961,1040,D24HourMean,QuarterlyMean,Mean,8.92
1911,1029,D24HourMean,QuarterlyMean,Mean,12.56
1944,1029,D24HourMean,QuarterlyMean,Mean,10.45
1948,1031,D24HourMean,QuarterlyMean,Mean,9.75
1955,1029,D24HourMean,QuarterlyMean,Mean,12.53
1933,1027,D24HourMean,QuarterlyMean,Mean,13.29
1942,1029,D24HourMean,QuarterlyMean,Mean,10.40
1935,1029,D24HourMean,QuarterlyMean,Mean,12.23
1930,1033,D24HourMean,QuarterlyMean,Mean,9.08
1930,1037,D24HourMean,QuarterlyMean,Mean,9.60
1968,1037,D24HourMean,QuarterlyMean,Mean,12.49
1968,1046,D24HourMean,QuarterlyMean,Mean,11.75
1912,1033,D24HourMean,QuarterlyMean,Mean,9.17
1953,1048,D24HourMean,QuarterlyMean,Mean,10.79
1931,1031,D24HourMean,QuarterlyMean,Mean,9.71
1946,1026,D24HourMean,QuarterlyMean,Mean,13.14
1945,1038,D24HourMean,QuarterlyMean,Mean,8.06
1956,1048,D24HourMean,QuarterlyMean,Mean,13.18
1944,1043,D24HourMean,QuarterlyMean,Mean,10.65
1944,1024,D24HourMean,QuarterlyMean,Mean,12.92
1923,1029,D24HourMean,QuarterlyMean,Mean,12.65
1932,1031,D24HourMean,QuarterlyMean,Mean,9.92
1928,1029,D24HourMean,QuarterlyMean,Mean,13.14
1939,1046,D24HourMean,QuarterlyMean,Mean,9.47
1944,1031,D24HourMean,QuarterlyMean,Mean,9.12
1954,1037,D24HourMean,QuarterlyMean,Mean,7.38
1934,1033,D24HourMean,QuarterlyMean,Mean,8.66
1965,1039,D24HourMean,QuarterlyMean,Mean,11.76
1901,1033,D24HourMean,QuarterlyMean,Mean,8.32
1954,1036,D24HourMean,QuarterlyMean,Mean,8.44
1960,1047,D24HourMean,QuarterlyMean,Mean,10.89
1934,1034,D24HourMean,QuarterlyMean,Mean,8.91
1949,1026,D24HourMean,QuarterlyMean,Mean,12.42
1968,1039,D24HourMean,QuarterlyMean,Mean,11.92
1956,1042,D24HourMean,QuarterlyMean,Mean,10.29
1953,1030,D24HourMean,QuarterlyMean,Mean,10.76
1940,1026,D24HourMean,QuarterlyMean,Mean,13.46
1943,1035,D24HourMean,QuarterlyMean,Mean,8.36
1952,1034,D24HourMean,QuarterlyMean,Mean,10.13
1951,1040,D24HourMean,QuarterlyMean,Mean,9.49
1937,1025,D24HourMean,QuarterlyMean,Mean,13.36
1966,1040,D24HourMean,QuarterlyMean,Mean,12.30
1961,1037,D24HourMean,QuarterlyMean,Mean,9.68
1948,1035,D24HourMean,QuarterlyMean,Mean,11.10
1899,1033,D24HourMean,QuarterlyMean,Mean,8.89
1943,1039,D24HourMean,QuarterlyMean,Mean,9.55
1945,1042,D24HourMean,QuarterlyMean,Mean,11.26
1945,1036,D24HourMean,QuarterlyMean,Mean,8.57
1950,1037,D24HourMean,QuarterlyMean,Mean,8.06
1902,1030,D24HourMean,QuarterlyMean,Mean,12.52
1928,1031,D24HourMean,QuarterlyMean,Mean,10.42
1943,1037,D24HourMean,QuarterlyMean,Mean,7.94
1935,1026,D24HourMean,QuarterlyMean,Mean,13.69
1962,1031,D24HourMean,QuarterlyMean,Mean,12.25
1946,1038,D24HourMean,QuarterlyMean,Mean,7.70
1954,1039,D24HourMean,QuarterlyMean,Mean,8.44
1954,1029,D24HourMean,QuarterlyMean,Mean,12.11
1962,1041,D24HourMean,QuarterlyMean,Mean,9.74
1936,1039,D24HourMean,QuarterlyMean,Mean,9.32
1906,1031,D24HourMean,QuarterlyMean,Mean,8.89
1943,1042,D24HourMean,QuarterlyMean,Mean,11.84
1954,1038,D24HourMean,QuarterlyMean,Mean,7.63
1957,1040,D24HourMean,QuarterlyMean,Mean,8.97
1941,1027,D24HourMean,QuarterlyMean,Mean,13.20
1965,1040,D24HourMean,QuarterlyMean,Mean,12.40
1919,1034,D24HourMean,QuarterlyMean,Mean,9.19
1933,1035,D24HourMean,QuarterlyMean,Mean,11.00
1932,1026,D24HourMean,QuarterlyMean,Mean,14.20
1965,1031,D24HourMean,QuarterlyMean,Mean,12.06
1937,1033,D24HourMean,QuarterlyMean,Mean,8.74
1946,1035,D24HourMean,QuarterlyMean,Mean,9.38
1935,1035,D24HourMean,QuarterlyMean,Mean,8.11
1912,1029,D24HourMean,QuarterlyMean,Mean,12.02
1946,1041,D24HourMean,QuarterlyMean,Mean,11.40
1957,1047,D24HourMean,QuarterlyMean,Mean,11.88
1942,1031,D24HourMean,QuarterlyMean,Mean,9.19
1904,1032,D24HourMean,QuarterlyMean,Mean,9.36
1925,1034,D24HourMean,QuarterlyMean,Mean,9.43
1932,1037,D24HourMean,QuarterlyMean,Mean,8.79
1947,1024,D24HourMean,QuarterlyMean,Mean,13.18
1952,1047,D24HourMean,QuarterlyMean,Mean,9.85
1951,1044,D24HourMean,QuarterlyMean,Mean,8.52
1943,1040,D24HourMean,QuarterlyMean,Mean,10.93
1920,1030,D24HourMean,QuarterlyMean,Mean,11.17
1943,1026,D24HourMean,QuarterlyMean,Mean,13.65
1949,1045,D24HourMean,QuarterlyMean,Mean,8.67
1967,1038,D24HourMean,QuarterlyMean,Mean,11.80
1932,1040,D24HourMean,QuarterlyMean,Mean,10.41
1928,1036,D24HourMean,QuarterlyMean,Mean,8.46
1935,1042,D24HourMean,QuarterlyMean,Mean,11.93
1953,1039,D24HourMean,QuarterlyMean,Mean,8.48
1906,1032,D24HourMean,QuarterlyMean,Mean,9.12
1965,1036,D24HourMean,QuarterlyMean,Mean,10.94
1957,1046,D24HourMean,QuarterlyMean,Mean,10.79
1963,1039,D24HourMean,QuarterlyMean,Mean,11.21
1933,1031,D24HourMean,QuarterlyMean,Mean,9.84
1927,1028,D24HourMean,QuarterlyMean,Mean,12.71
1934,1040,D24HourMean,QuarterlyMean,Mean,10.03
1947,1026,D24HourMean,QuarterlyMean,Mean,13.31
1951,1043,D24HourMean,QuarterlyMean,Mean,8.53
1967,1037,D24HourMean,QuarterlyMean,Mean,11.99
1963,1032,D24HourMean,QuarterlyMean,Mean,11.71
1957,1037,D24HourMean,QuarterlyMean,Mean,8.43
1940,1045,D24HourMean,QuarterlyMean,Mean,9.74
1902,1031,D24HourMean,QuarterlyMean,Mean,11.53
1934,1041,D24HourMean,QuarterlyMean,Mean,10.62
1965,1042,D24HourMean,QuarterlyMean,Mean,14.14
1971,1039,D24HourMean,QuarterlyMean,Mean,11.51
1938,1031,D24HourMean,QuarterlyMean,Mean,8.76
1941,1036,D24HourMean,QuarterlyMean,Mean,8.85
1935,1041,D24HourMean,QuarterlyMean,Mean,11.12
1961,1047,D24HourMean,QuarterlyMean,Mean,10.64
1935,1033,D24HourMean,QuarterlyMean,Mean,8.46
1957,1034,D24HourMean,QuarterlyMean,Mean,9.37
1951,1041,D24HourMean,QuarterlyMean,Mean,10.23
1952,1027,D24HourMean,QuarterlyMean,Mean,11.47
1934,1028,D24HourMean,QuarterlyMean,Mean,12.86
1959,1037,D24HourMean,QuarterlyMean,Mean,8.68
1966,1045,D24HourMean,QuarterlyMean,Mean,11.83
1937,1036,D24HourMean,QuarterlyMean,Mean,7.87
1902,1033,D24HourMean,QuarterlyMean,Mean,8.50
1903,1032,D24HourMean,QuarterlyMean,Mean,8.77
1938,1029,D24HourMean,QuarterlyMean,Mean,9.74
1951,1047,D24HourMean,QuarterlyMean,Mean,10.19
1949,1037,D24HourMean,QuarterlyMean,Mean,7.72
1926,1034,D24HourMean,QuarterlyMean,Mean,9.41
1937,1026,D24HourMean,QuarterlyMean,Mean,13.23
1933,1030,D24HourMean,QuarterlyMean,Mean,11.20
1918,1033,D24HourMean,QuarterlyMean,Mean,8.70
1963,1035,D24HourMean,QuarterlyMean,Mean,10.42
1970,1038,D24HourMean,QuarterlyMean,Mean,11.50
1939,1034,D24HourMean,QuarterlyMean,Mean,9.90
1956,1040,D24HourMean,QuarterlyMean,Mean,9.11
1967,1035,D24HourMean,QuarterlyMean,Mean,11.77
1958,1041,D24HourMean,QuarterlyMean,Mean,9.57
1958,1032,D24HourMean,QuarterlyMean,Mean,10.91
1934,1039,D24HourMean,QuarterlyMean,Mean,9.64
1914,1030,D24HourMean,QuarterlyMean,Mean,10.69
1931,1034,D24HourMean,QuarterlyMean,Mean,10.12
1952,1029,D24HourMean,QuarterlyMean,Mean,10.85
1948,1030,D24HourMean,QuarterlyMean,Mean,9.71
1940,1040,D24HourMean,QuarterlyMean,Mean,10.39
1912,1030,D24HourMean,QuarterlyMean,Mean,10.50
1964,1043,D24HourMean,QuarterlyMean,Mean,12.22
1948,1046,D24HourMean,QuarterlyMean,Mean,9.04
1950,1045,D24HourMean,QuarterlyMean,Mean,8.62
1954,1048,D24HourMean,QuarterlyMean,Mean,11.05
1928,1026,D24HourMean,QuarterlyMean,Mean,14.68
1919,1030,D24HourMean,QuarterlyMean,Mean,11.07
1929,1031,D24HourMean,QuarterlyMean,Mean,10.46
1940,1029,D24HourMean,QuarterlyMean,Mean,9.92
1948,1040,D24HourMean,QuarterlyMean,Mean,10.01
1941,1030,D24HourMean,QuarterlyMean,Mean,9.08
1944,1042,D24HourMean,QuarterlyMean,Mean,11.48
1965,1038,D24HourMean,QuarterlyMean,Mean,11.70
1946,1044,D24HourMean,QuarterlyMean,Mean,8.92
1971,1040,D24HourMean,QuarterlyMean,Mean,12.17
1942,1043,D24HourMean,QuarterlyMean,Mean,11.17
1921,1031,D24HourMean,QuarterlyMean,Mean,10.95
1955,1028,D24HourMean,QuarterlyMean,Mean,12.21
1940,1030,D24HourMean,QuarterlyMean,Mean,9.76
1924,1033,D24HourMean,QuarterlyMean,Mean,9.27
1929,1029,D24HourMean,QuarterlyMean,Mean,13.09
1927,1032,D24HourMean,QuarterlyMean,Mean,10.51
1960,1037,D24HourMean,QuarterlyMean,Mean,9.36
1941,1042,D24HourMean,QuarterlyMean,Mean,12.12
1944,1027,D24HourMean,QuarterlyMean,Mean,13.00
1959,1040,D24HourMean,QuarterlyMean,Mean,9.39
1969,1039,D24HourMean,QuarterlyMean,Mean,11.97
1944,1040,D24HourMean,QuarterlyMean,Mean,10.64
1960,1044,D24HourMean,QuarterlyMean,Mean,12.12
1954,1033,D24HourMean,QuarterlyMean,Mean,9.64
1941,1041,D24HourMean,QuarterlyMean,Mean,12.77
1958,1030,D24HourMean,QuarterlyMean,Mean,11.61
1950,1040,D24HourMean,QuarterlyMean,Mean,9.66
1946,1034,D24HourMean,QuarterlyMean,Mean,9.90
1962,1038,D24HourMean,QuarterlyMean,Mean,10.53
1918,1030,D24HourMean,QuarterlyMean,Mean,12.12
1942,1039,D24HourMean,QuarterlyMean,Mean,9.97
1966,1046,D24HourMean,QuarterlyMean,Mean,11.52
1951,1033,D24HourMean,QuarterlyMean,Mean,10.17
1970,1037,D24HourMean,QuarterlyMean,Mean,11.92
1959,1042,D24HourMean,QuarterlyMean,Mean,10.86
1939,1036,D24HourMean,QuarterlyMean,Mean,8.59
1909,1034,D24HourMean,QuarterlyMean,Mean,9.29
1942,1042,D24HourMean,QuarterlyMean,Mean,11.97
1959,1047,D24HourMean,QuarterlyMean,Mean,10.93
1954,1030,D24HourMean,QuarterlyMean,Mean,11.24
1905,1030,D24HourMean,QuarterlyMean,Mean,10.81
1959,1034,D24HourMean,QuarterlyMean,Mean,9.86
1951,1037,D24HourMean,QuarterlyMean,Mean,7.96
1935,1032,D24HourMean,QuarterlyMean,Mean,9.50
1964,1042,D24HourMean,QuarterlyMean,Mean,13.68
1956,1033,D24HourMean,QuarterlyMean,Mean,9.75
1929,1034,D24HourMean,QuarterlyMean,Mean,9.50
1943,1036,D24HourMean,QuarterlyMean,Mean,9.56
1949,1033,D24HourMean,QuarterlyMean,Mean,10.16
1959,1043,D24HourMean,QuarterlyMean,Mean,11.65
1946,1040,D24HourMean,QuarterlyMean,Mean,10.40
1968,1040,D24HourMean,QuarterlyMean,Mean,11.74
1919,1031,D24HourMean,QuarterlyMean,Mean,9.58
1945,1044,D24HourMean,QuarterlyMean,Mean,9.13
1925,1030,D24HourMean,QuarterlyMean,Mean,10.70
1968,1045,D24HourMean,QuarterlyMean,Mean,11.75
1970,1040,D24HourMean,QuarterlyMean,Mean,11.90
1952,1038,D24HourMean,QuarterlyMean,Mean,8.24
1957,1027,D24HourMean,QuarterlyMean,Mean,12.21
1914,1032,D24HourMean,QuarterlyMean,Mean,9.10
1952,1030,D24HourMean,QuarterlyMean,Mean,10.05
1933,1034,D24HourMean,QuarterlyMean,Mean,8.79
1969,1042,D24HourMean,QuarterlyMean,Mean,11.77
1928,1028,D24HourMean,QuarterlyMean,Mean,12.25
1909,1031,D24HourMean,QuarterlyMean,Mean,10.40
1922,1029,D24HourMean,QuarterlyMean,Mean,13.79
1939,1029,D24HourMean,QuarterlyMean,Mean,9.42
1932,1032,D24HourMean,QuarterlyMean,Mean,9.82
1960,1035,D24HourMean,QuarterlyMean,Mean,9.96
1948,1029,D24HourMean,QuarterlyMean,Mean,10.44
1924,1031,D24HourMean,QuarterlyMean,Mean,12.92
1967,1047,D24HourMean,QuarterlyMean,Mean,11.68
1946,1029,D24HourMean,QuarterlyMean,Mean,10.51
1946,1031,D24HourMean,QuarterlyMean,Mean,9.63
1963,1037,D24HourMean,QuarterlyMean,Mean,10.97
1943,1034,D24HourMean,QuarterlyMean,Mean,9.35
1948,1028,D24HourMean,QuarterlyMean,Mean,11.55
1951,1045,D24HourMean,QuarterlyMean,Mean,8.97
1953,1031,D24HourMean,QuarterlyMean,Mean,10.31
1900,1031,D24HourMean,QuarterlyMean,Mean,9.05
1958,1029,D24HourMean,QuarterlyMean,Mean,12.16
1938,1038,D24HourMean,QuarterlyMean,Mean,8.76
1958,1042,D24HourMean,QuarterlyMean,Mean,11.23
1947,1041,D24HourMean,QuarterlyMean,Mean,11.15
1937,1031,D24HourMean,QuarterlyMean,Mean,8.81
1950,1041,D24HourMean,QuarterlyMean,Mean,10.30
1927,1030,D24HourMean,QuarterlyMean,Mean,10.93
1946,1027,D24HourMean,QuarterlyMean,Mean,12.16
1942,1027,D24HourMean,QuarterlyMean,Mean,13.25
1943,1033,D24HourMean,QuarterlyMean,Mean,10.16
1959,1035,D24HourMean,QuarterlyMean,Mean,9.62
1930,1027,D24HourMean,QuarterlyMean,Mean,13.76
1945,1037,D24HourMean,QuarterlyMean,Mean,7.42
1931,1030,D24HourMean,QuarterlyMean,Mean,10.60
1921,1034,D24HourMean,QuarterlyMean,Mean,9.39
1902,1029,D24HourMean,QuarterlyMean,Mean,12.62
1922,1034,D24HourMean,QuarterlyMean,Mean,9.43
1958,1048,D24HourMean,QuarterlyMean,Mean,11.64
1942,1026,D24HourMean,QuarterlyMean,Mean,13.85
1942,1041,D24HourMean,QuarterlyMean,Mean,12.84
1928,1034,D24HourMean,QuarterlyMean,Mean,9.76
1956,1044,D24HourMean,QuarterlyMean,Mean,10.18
1949,1046,D24HourMean,QuarterlyMean,Mean,9.24
1952,1028,D24HourMean,QuarterlyMean,Mean,10.74
1898,1035,D24HourMean,QuarterlyMean,Mean,9.86
1928,1035,D24HourMean,QuarterlyMean,Mean,8.72
1945,1027,D24HourMean,QuarterlyMean,Mean,12.80
1922,1031,D24HourMean,QuarterlyMean,Mean,9.75
1915,1032,D24HourMean,QuarterlyMean,Mean,8.86
1948,1032,D24HourMean,QuarterlyMean,Mean,9.77
1931,1040,D24HourMean,QuarterlyMean,Mean,10.68
1947,1033,D24HourMean,QuarterlyMean,Mean,10.38
1964,1046,D24HourMean,QuarterlyMean,Mean,11.44
1938,1026,D24HourMean,QuarterlyMean,Mean,13.05
1905,1033,D24HourMean,QuarterlyMean,Mean,9.06
1955,1035,D24HourMean,QuarterlyMean,Mean,9.52
1903,1030,D24HourMean,QuarterlyMean,Mean,12.36
1941,1033,D24HourMean,QuarterlyMean,Mean,8.09
1926,1029,D24HourMean,QuarterlyMean,Mean,11.54
1955,1042,D24HourMean,QuarterlyMean,Mean,10.45
1923,1035,D24HourMean,QuarterlyMean,Mean,9.43
1954,1045,D24HourMean,QuarterlyMean,Mean,9.91
1963,1042,D24HourMean,QuarterlyMean,Mean,11.05
1944,1033,D24HourMean,QuarterlyMean,Mean,9.40
1960,1038,D24HourMean,QuarterlyMean,Mean,9.50
1965,1037,D24HourMean,QuarterlyMean,Mean,11.63
1960,1027,D24HourMean,QuarterlyMean,Mean,14.05
1913,1033,D24HourMean,QuarterlyMean,Mean,9.50
1946,1036,D24HourMean,QuarterlyMean,Mean,8.40
1913,1031,D24HourMean,QuarterlyMean,Mean,11.00
1948,1044,D24HourMean,QuarterlyMean,Mean,8.53
1946,1024,D24HourMean,QuarterlyMean,Mean,13.32
1903,1029,D24HourMean,QuarterlyMean,Mean,12.64
1900,1029,D24HourMean,QuarterlyMean,Mean,12.24
1953,1049,D24HourMean,QuarterlyMean,Mean,10.53
1919,1033,D24HourMean,QuarterlyMean,Mean,8.73
1937,1041,D24HourMean,QuarterlyMean,Mean,11.01
1964,1039,D24HourMean,QuarterlyMean,Mean,11.70
1942,1036,D24HourMean,QuarterlyMean,Mean,9.59
1963,1031,D24HourMean,QuarterlyMean,Mean,11.85
1900,1033,D24HourMean,QuarterlyMean,Mean,8.39
1941,1032,D24HourMean,QuarterlyMean,Mean,9.23
1923,1034,D24HourMean,QuarterlyMean,Mean,9.46
1937,1038,D24HourMean,QuarterlyMean,Mean,8.95
1953,1044,D24HourMean,QuarterlyMean,Mean,9.11
1945,1039,D24HourMean,QuarterlyMean,Mean,8.93
1915,1034,D24HourMean,QuarterlyMean,Mean,10.54
1942,1025,D24HourMean,QuarterlyMean,Mean,13.74
1913,1030,D24HourMean,QuarterlyMean,Mean,10.77
1928,1033,D24HourMean,QuarterlyMean,Mean,9.22
1949,1034,D24HourMean,QuarterlyMean,Mean,9.54
1960,1033,D24HourMean,QuarterlyMean,Mean,11.19
1907,1031,D24HourMean,QuarterlyMean,Mean,9.13
1929,1032,D24HourMean,QuarterlyMean,Mean,8.99
1931,1039,D24HourMean,QuarterlyMean,Mean,9.99
1938,1036,D24HourMean,QuarterlyMean,Mean,8.05
1936,1036,D24HourMean,QuarterlyMean,Mean,8.05
1966,1039,D24HourMean,QuarterlyMean,Mean,11.36
1930,1031,D24HourMean,QuarterlyMean,Mean,9.78
1957,1033,D24HourMean,QuarterlyMean,Mean,9.37
1917,1035,D24HourMean,QuarterlyMean,Mean,9.70
1944,1032,D24HourMean,QuarterlyMean,Mean,9.92
1935,1039,D24HourMean,QuarterlyMean,Mean,9.80
1954,1031,D24HourMean,QuarterlyMean,Mean,10.45
1925,1028,D24HourMean,QuarterlyMean,Mean,12.63
1909,1028,D24HourMean,QuarterlyMean,Mean,7.66
1936,1041,D24HourMean,QuarterlyMean,Mean,11.18
1930,1039,D24HourMean,QuarterlyMean,Mean,10.32
1936,1032,D24HourMean,QuarterlyMean,Mean,9.78
1933,1041,D24HourMean,QuarterlyMean,Mean,10.98
1963,1040,D24HourMean,QuarterlyMean,Mean,11.26
1956,1045,D24HourMean,QuarterlyMean,Mean,10.28
1950,1029,D24HourMean,QuarterlyMean,Mean,10.35
1955,1030,D24HourMean,QuarterlyMean,Mean,11.14
1960,1042,D24HourMean,QuarterlyMean,Mean,10.63
1959,1036,D24HourMean,QuarterlyMean,Mean,9.00
1940,1032,D24HourMean,QuarterlyMean,Mean,8.74
1957,1043,D24HourMean,QuarterlyMean,Mean,10.78
1920,1031,D24HourMean,QuarterlyMean,Mean,9.80
1956,1030,D24HourMean,QuarterlyMean,Mean,11.39
1966,1041,D24HourMean,QuarterlyMean,Mean,13.29
1898,1030,D24HourMean,QuarterlyMean,Mean,10.14
1936,1027,D24HourMean,QuarterlyMean,Mean,13.18
1962,1039,D24HourMean,QuarterlyMean,Mean,10.37
1924,1028,D24HourMean,QuarterlyMean,Mean,12.34
1927,1033,D24HourMean,QuarterlyMean,Mean,12.03
1940,1034,D24HourMean,QuarterlyMean,Mean,8.88
1951,1049,D24HourMean,QuarterlyMean,Mean,10.92
1897,1033,D24HourMean,QuarterlyMean,Mean,9.73
1948,1034,D24HourMean,QuarterlyMean,Mean,8.90
1935,1043,D24HourMean,QuarterlyMean,Mean,11.49
1901,1029,D24HourMean,QuarterlyMean,Mean,11.98
1969,1041,D24HourMean,QuarterlyMean,Mean,12.61
1936,1044,D24HourMean,QuarterlyMean,Mean,10.95
1945,1024,D24HourMean,QuarterlyMean,Mean,13.26
1966,1043,D24HourMean,QuarterlyMean,Mean,12.39
1901,1030,D24HourMean,QuarterlyMean,Mean,9.84
1953,1034,D24HourMean,QuarterlyMean,Mean,9.95
1957,1032,D24HourMean,QuarterlyMean,Mean,10.73
1956,1031,D24HourMean,QuarterlyMean,Mean,11.10
1964,1044,D24HourMean,QuarterlyMean,Mean,11.31
1919,1035,D24HourMean,QuarterlyMean,Mean,9.64
1971,1037,D24HourMean,QuarterlyMean,Mean,11.81
1931,1042,D24HourMean,QuarterlyMean,Mean,11.78
1964,1041,D24HourMean,QuarterlyMean,Mean,12.65
1960,1046,D24HourMean,QuarterlyMean,Mean,10.94
1948,1033,D24HourMean,QuarterlyMean,Mean,10.09
1942,1033,D24HourMean,QuarterlyMean,Mean,8.95
1951,1031,D24HourMean,QuarterlyMean,Mean,9.69
1943,1025,D24HourMean,QuarterlyMean,Mean,13.56
1912,1031,D24HourMean,QuarterlyMean,Mean,11.50
1934,1027,D24HourMean,QuarterlyMean,Mean,14.51
1930,1026,D24HourMean,QuarterlyMean,Mean,14.57
1941,1029,D24HourMean,QuarterlyMean,Mean,9.95
1959,1039,D24HourMean,QuarterlyMean,Mean,8.74
1950,1027,D24HourMean,QuarterlyMean,Mean,12.29
1940,1035,D24HourMean,QuarterlyMean,Mean,8.25
1924,1029,D24HourMean,QuarterlyMean,Mean,12.04
1968,1044,D24HourMean,QuarterlyMean,Mean,11.53
1952,1048,D24HourMean,QuarterlyMean,Mean,11.09
1957,1028,D24HourMean,QuarterlyMean,Mean,12.61
1906,1030,D24HourMean,QuarterlyMean,Mean,10.40
1931,1035,D24HourMean,QuarterlyMean,Mean,9.97
1955,1044,D24HourMean,QuarterlyMean,Mean,9.84
1957,1029,D24HourMean,QuarterlyMean,Mean,12.01
1961,1029,D24HourMean,QuarterlyMean,Mean,11.68
1958,1045,D24HourMean,QuarterlyMean,Mean,10.59
1929,1041,D24HourMean,QuarterlyMean,Mean,11.40
1949,1040,D24HourMean,QuarterlyMean,Mean,9.88
1950,1031,D24HourMean,QuarterlyMean,Mean,9.32
1930,1030,D24HourMean,QuarterlyMean,Mean,10.76
1899,1034,D24HourMean,QuarterlyMean,Mean,8.72
1959,1041,D24HourMean,QuarterlyMean,Mean,9.92
1938,1035,D24HourMean,QuarterlyMean,Mean,8.31
1950,1047,D24HourMean,QuarterlyMean,Mean,9.77
1939,1028,D24HourMean,QuarterlyMean,Mean,10.70
1944,1045,D24HourMean,QuarterlyMean,Mean,8.83
1939,1031,D24HourMean,QuarterlyMean,Mean,9.14
1920,1032,D24HourMean,QuarterlyMean,Mean,9.67
1948,1025,D24HourMean,QuarterlyMean,Mean,13.05
1943,1032,D24HourMean,QuarterlyMean,Mean,9.50
1949,1042,D24HourMean,QuarterlyMean,Mean,9.74
1963,1036,D24HourMean,QuarterlyMean,Mean,10.44
1940,1027,D24HourMean,QuarterlyMean,Mean,12.34
1917,1032,D24HourMean,QuarterlyMean,Mean,9.38
1938,1030,D24HourMean,QuarterlyMean,Mean,8.56
1955,1032,D24HourMean,QuarterlyMean,Mean,9.77
1911,1032,D24HourMean,QuarterlyMean,Mean,9.66
1945,1043,D24HourMean,QuarterlyMean,Mean,10.46
1952,1042,D24HourMean,QuarterlyMean,Mean,9.80
1946,1028,D24HourMean,QuarterlyMean,Mean,11.17
1924,1035,D24HourMean,QuarterlyMean,Mean,9.19
1963,1041,D24HourMean,QuarterlyMean,Mean,11.33
1935,1028,D24HourMean,QuarterlyMean,Mean,12.83
1961,1045,D24HourMean,QuarterlyMean,Mean,11.50
1950,1038,D24HourMean,QuarterlyMean,Mean,8.32
1947,1045,D24HourMean,QuarterlyMean,Mean,8.45
1953,1042,D24HourMean,QuarterlyMean,Mean,9.54
1961,1044,D24HourMean,QuarterlyMean,Mean,12.31
1935,1030,D24HourMean,QuarterlyMean,Mean,10.82
1962,1044,D24HourMean,QuarterlyMean,Mean,11.62
1947,1027,D24HourMean,QuarterlyMean,Mean,12.28
1958,1027,D24HourMean,QuarterlyMean,Mean,12.29
1949,1043,D24HourMean,QuarterlyMean,Mean,9.06
1965,1047,D24HourMean,QuarterlyMean,Mean,11.25
1929,1026,D24HourMean,QuarterlyMean,Mean,14.78
1936,1033,D24HourMean,QuarterlyMean,Mean,8.62
1959,1046,D24HourMean,QuarterlyMean,Mean,10.78
1947,1037,D24HourMean,QuarterlyMean,Mean,7.52
1967,1044,D24HourMean,QuarterlyMean,Mean,11.96
1918,1035,D24HourMean,QuarterlyMean,Mean,8.52
1964,1030,D24HourMean,QuarterlyMean,Mean,11.76
1907,1032,D24HourMean,QuarterlyMean,Mean,8.35
1965,1030,D24HourMean,QuarterlyMean,Mean,11.98
1927,1035,D24HourMean,QuarterlyMean,Mean,8.74
1944,1038,D24HourMean,QuarterlyMean,Mean,8.14
1954,1034,D24HourMean,QuarterlyMean,Mean,9.60
1966,1038,D24HourMean,QuarterlyMean,Mean,11.49
1951,1032,D24HourMean,QuarterlyMean,Mean,9.88
1957,1036,D24HourMean,QuarterlyMean,Mean,9.26
1948,1043,D24HourMean,QuarterlyMean,Mean,9.10
1962,1040,D24HourMean,QuarterlyMean,Mean,9.55
1963,1043,D24HourMean,QuarterlyMean,Mean,11.36
1939,1035,D24HourMean,QuarterlyMean,Mean,8.91
1939,1026,D24HourMean,QuarterlyMean,Mean,13.31
1952,1043,D24HourMean,QuarterlyMean,Mean,8.73
1901,1032,D24HourMean,QuarterlyMean,Mean,11.22
1953,1033,D24HourMean,QuarterlyMean,Mean,9.69
1931,1038,D24HourMean,QuarterlyMean,Mean,9.65
1927,1029,D24HourMean,QuarterlyMean,Mean,12.21
1951,1038,D24HourMean,QuarterlyMean,Mean,8.31
1953,1028,D24HourMean,QuarterlyMean,Mean,11.65
1903,1031,D24HourMean,QuarterlyMean,Mean,11.19
1935,1040,D24HourMean,QuarterlyMean,Mean,10.55
1921,1035,D24HourMean,QuarterlyMean,Mean,9.67
1942,1032,D24HourMean,QuarterlyMean,Mean,9.52
1926,1030,D24HourMean,QuarterlyMean,Mean,10.59
1929,1028,D24HourMean,QuarterlyMean,Mean,12.46
1937,1027,D24HourMean,QuarterlyMean,Mean,12.63
1942,1040,D24HourMean,QuarterlyMean,Mean,10.80
1954,1047,D24HourMean,QuarterlyMean,Mean,10.33
1966,1034,D24HourMean,QuarterlyMean,Mean,11.66
1952,1045,D24HourMean,QuarterlyMean,Mean,9.21
1956,1037,D24HourMean,QuarterlyMean,Mean,8.27
1959,1044,D24HourMean,QuarterlyMean,Mean,12.16
1920,1035,D24HourMean,QuarterlyMean,Mean,9.88
1933,1039,D24HourMean,QuarterlyMean,Mean,9.81
1960,1029,D24HourMean,QuarterlyMean,Mean,11.81
1967,1046,D24HourMean,QuarterlyMean,Mean,11.72
1958,1035,D24HourMean,QuarterlyMean,Mean,9.00
1912,1032,D24HourMean,QuarterlyMean,Mean,9.58
1959,1045,D24HourMean,QuarterlyMean,Mean,11.67
1958,1033,D24HourMean,QuarterlyMean,Mean,10.31
1965,1045,D24HourMean,QuarterlyMean,Mean,11.43
1910,1033,D24HourMean,QuarterlyMean,Mean,9.86
1911,1030,D24HourMean,QuarterlyMean,Mean,11.25
1909,1033,D24HourMean,QuarterlyMean,Mean,9.83
1952,1046,D24HourMean,QuarterlyMean,Mean,9.50
1961,1035,D24HourMean,QuarterlyMean,Mean,9.77
1935,1045,D24HourMean,QuarterlyMean,Mean,10.90
1932,1039,D24HourMean,QuarterlyMean,Mean,10.04
1921,1032,D24HourMean,QuarterlyMean,Mean,11.38
1941,1031,D24HourMean,QuarterlyMean,Mean,8.43
1953,1045,D24HourMean,QuarterlyMean,Mean,9.35
1970,1041,D24HourMean,QuarterlyMean,Mean,12.53
1947,1034,D24HourMean,QuarterlyMean,Mean,9.71
1911,1031,D24HourMean,QuarterlyMean,Mean,11.79
1945,1033,D24HourMean,QuarterlyMean,Mean,8.91
1947,1031,D24HourMean,QuarterlyMean,Mean,9.70
1962,1033,D24HourMean,QuarterlyMean,Mean,10.94
1959,1027,D24HourMean,QuarterlyMean,Mean,12.87
1916,1033,D24HourMean,QuarterlyMean,Mean,8.93
1960,1032,D24HourMean,QuarterlyMean,Mean,12.00
1961,1028,D24HourMean,QuarterlyMean,Mean,11.88
1928,1032,D24HourMean,QuarterlyMean,Mean,9.22
1963,1045,D24HourMean,QuarterlyMean,Mean,10.99
1945,1028,D24HourMean,QuarterlyMean,Mean,11.18
1962,1045,D24HourMean,QuarterlyMean,Mean,10.90
1899,1032,D24HourMean,QuarterlyMean,Mean,9.04
1933,1040,D24HourMean,QuarterlyMean,Mean,10.25
1955,1043,D24HourMean,QuarterlyMean,Mean,9.77
1961,1038,D24HourMean,QuarterlyMean,Mean,10.11
1944,1030,D24HourMean,QuarterlyMean,Mean,9.31
1957,1038,D24HourMean,QuarterlyMean,Mean,8.05
1944,1028,D24HourMean,QuarterlyMean,Mean,11.39
1955,1047,D24HourMean,QuarterlyMean,Mean,11.34
1964,1045,D24HourMean,QuarterlyMean,Mean,11.02
1956,1036,D24HourMean,QuarterlyMean,Mean,8.77
1956,1035,D24HourMean,QuarterlyMean,Mean,9.62
1949,1044,D24HourMean,QuarterlyMean,Mean,8.58
1938,1033,D24HourMean,QuarterlyMean,Mean,8.95
1933,1036,D24HourMean,QuarterlyMean,Mean,9.04
1941,1034,D24HourMean,QuarterlyMean,Mean,8.83
1962,1035,D24HourMean,QuarterlyMean,Mean,10.07
1930,1041,D24HourMean,QuarterlyMean,Mean,11.29
1955,1027,D24HourMean,QuarterlyMean,Mean,11.68
1955,1033,D24HourMean,QuarterlyMean,Mean,9.79
1962,1037,D24HourMean,QuarterlyMean,Mean,10.22
1925,1029,D24HourMean,QuarterlyMean,Mean,11.70
1944,1037,D24HourMean,QuarterlyMean,Mean,7.88
1946,1039,D24HourMean,QuarterlyMean,Mean,8.97
1917,1031,D24HourMean,QuarterlyMean,Mean,11.11
1941,1026,D24HourMean,QuarterlyMean,Mean,13.68
1926,1028,D24HourMean,QuarterlyMean,Mean,14.16
1952,1031,D24HourMean,QuarterlyMean,Mean,9.57
1925,1032,D24HourMean,QuarterlyMean,Mean,9.91
1957,1031,D24HourMean,QuarterlyMean,Mean,10.92
1957,1030,D24HourMean,QuarterlyMean,Mean,11.37
1936,1043,D24HourMean,QuarterlyMean,Mean,11.50
1957,1044,D24HourMean,QuarterlyMean,Mean,10.71
1943,1044,D24HourMean,QuarterlyMean,Mean,9.88
1927,1036,D24HourMean,QuarterlyMean,Mean,8.60
1946,1032,D24HourMean,QuarterlyMean,Mean,9.30
1955,1045,D24HourMean,QuarterlyMean,Mean,9.96
1900,1034,D24HourMean,QuarterlyMean,Mean,8.48
1951,1035,D24HourMean,QuarterlyMean,Mean,9.58
1905,1032,D24HourMean,QuarterlyMean,Mean,9.54
1946,1043,D24HourMean,QuarterlyMean,Mean,9.90
1939,1025,D24HourMean,QuarterlyMean,Mean,13.72
1898,1034,D24HourMean,QuarterlyMean,Mean,9.51
1932,1036,D24HourMean,QuarterlyMean,Mean,8.65
1898,1033,D24HourMean,QuarterlyMean,Mean,9.24
1916,1030,D24HourMean,QuarterlyMean,Mean,10.69
1946,1037,D24HourMean,QuarterlyMean,Mean,7.38
1950,1043,D24HourMean,QuarterlyMean,Mean,8.88
1964,1040,D24HourMean,QuarterlyMean,Mean,12.06
1964,1037,D24HourMean,QuarterlyMean,Mean,11.60
1965,1035,D24HourMean,QuarterlyMean,Mean,11.21
1929,1033,D24HourMean,QuarterlyMean,Mean,9.17
1937,1034,D24HourMean,QuarterlyMean,Mean,9.46
1899,1031,D24HourMean,QuarterlyMean,Mean,8.76
1943,1024,D24HourMean,QuarterlyMean,Mean,13.16
1954,1049,D24HourMean,QuarterlyMean,Mean,11.98
1934,1031,D24HourMean,QuarterlyMean,Mean,8.96
1905,1035,D24HourMean,QuarterlyMean,Mean,8.91
1945,1040,D24HourMean,QuarterlyMean,Mean,10.44
1956,1046,D24HourMean,QuarterlyMean,Mean,10.74
1960,1041,D24HourMean,QuarterlyMean,Mean,9.46
1950,1042,D24HourMean,QuarterlyMean,Mean,9.46
1954,1043,D24HourMean,QuarterlyMean,Mean,9.92
1945,1032,D24HourMean,QuarterlyMean,Mean,9.19
1939,1032,D24HourMean,QuarterlyMean,Mean,10.02
1954,1040,D24HourMean,QuarterlyMean,Mean,9.02
1930,1040,D24HourMean,QuarterlyMean,Mean,10.94
1924,1032,D24HourMean,QuarterlyMean,Mean,9.11
1963,1046,D24HourMean,QuarterlyMean,Mean,11.26
1939,1044,D24HourMean,QuarterlyMean,Mean,10.68
1930,1034,D24HourMean,QuarterlyMean,Mean,9.53
1907,1033,D24HourMean,QuarterlyMean,Mean,8.67
1930,1032,D24HourMean,QuarterlyMean,Mean,9.02
1953,1027,D24HourMean,QuarterlyMean,Mean,11.39
1940,1037,D24HourMean,QuarterlyMean,Mean,7.73
1948,1042,D24HourMean,QuarterlyMean,Mean,10.04
1956,1027,D24HourMean,QuarterlyMean,Mean,12.07
1936,1038,D24HourMean,QuarterlyMean,Mean,8.86
1904,1031,D24HourMean,QuarterlyMean,Mean,10.06
1939,1045,D24HourMean,QuarterlyMean,Mean,9.91
1923,1036,D24HourMean,QuarterlyMean,Mean,9.07
1900,1032,D24HourMean,QuarterlyMean,Mean,9.13
1939,1030,D24HourMean,QuarterlyMean,Mean,9.13
1944,1039,D24HourMean,QuarterlyMean,Mean,9.38
1945,1045,D24HourMean,QuarterlyMean,Mean,8.78
1945,1035,D24HourMean,QuarterlyMean,Mean,8.69
1922,1033,D24HourMean,QuarterlyMean,Mean,10.56
1909,1032,D24HourMean,QuarterlyMean,Mean,8.88
1922,1032,D24HourMean,QuarterlyMean,Mean,10.63
1926,1027,D24HourMean,QuarterlyMean,Mean,12.70
1931,1033,D24HourMean,QuarterlyMean,Mean,8.85
1907,1035,D24HourMean,QuarterlyMean,Mean,8.85
1948,1037,D24HourMean,QuarterlyMean,Mean,7.91
1941,1039,D24HourMean,QuarterlyMean,Mean,9.57
1917,1034,D24HourMean,QuarterlyMean,Mean,10.11
1946,1042,D24HourMean,QuarterlyMean,Mean,10.61
1965,1043,D24HourMean,QuarterlyMean,Mean,12.45
1950,1044,D24HourMean,QuarterlyMean,Mean,8.70
1917,1030,D24HourMean,QuarterlyMean,Mean,11.39
1936,1034,D24HourMean,QuarterlyMean,Mean,9.47
1961,1046,D24HourMean,QuarterlyMean,Mean,10.90
1966,1042,D24HourMean,QuarterlyMean,Mean,13.56
1934,1038,D24HourMean,QuarterlyMean,Mean,9.06
1939,1038,D24HourMean,QuarterlyMean,Mean,8.54
1955,1048,D24HourMean,QuarterlyMean,Mean,12.47
1923,1033,D24HourMean,QuarterlyMean,Mean,10.44
1952,1037,D24HourMean,QuarterlyMean,Mean,7.82
1943,1031,D24HourMean,QuarterlyMean,Mean,8.83
1915,1030,D24HourMean,QuarterlyMean,Mean,10.47
1911,1033,D24HourMean,QuarterlyMean,Mean,9.54
1946,1025,D24HourMean,QuarterlyMean,Mean,13.40
1919,1032,D24HourMean,QuarterlyMean,Mean,9.37
1951,1029,D24HourMean,QuarterlyMean,Mean,10.45
1952,1039,D24HourMean,QuarterlyMean,Mean,8.69
1933,1026,D24HourMean,QuarterlyMean,Mean,13.97
1953,1041,D24HourMean,QuarterlyMean,Mean,10.07
1953,1026,D24HourMean,QuarterlyMean,Mean,11.26
1949,1039,D24HourMean,QuarterlyMean,Mean,8.94
1949,1028,D24HourMean,QuarterlyMean,Mean,11.40
1956,1034,D24HourMean,QuarterlyMean,Mean,9.74
1954,1044,D24HourMean,QuarterlyMean,Mean,9.71
1955,1038,D24HourMean,QuarterlyMean,Mean,7.63
1954,1032,D24HourMean,QuarterlyMean,Mean,9.60
1908,1034,D24HourMean,QuarterlyMean,Mean,8.92
1967,1041,D24HourMean,QuarterlyMean,Mean,13.00
1946,1045,D24HourMean,QuarterlyMean,Mean,8.66
1956,1028,D24HourMean,QuarterlyMean,Mean,12.51
1925,1036,D24HourMean,QuarterlyMean,Mean,8.89
1934,1036,D24HourMean,QuarterlyMean,Mean,8.99
1936,1035,D24HourMean,QuarterlyMean,Mean,8.32
1937,1040,D24HourMean,QuarterlyMean,Mean,10.30
1916,1032,D24HourMean,QuarterlyMean,Mean,9.31
1925,1035,D24HourMean,QuarterlyMean,Mean,8.82
1956,1041,D24HourMean,QuarterlyMean,Mean,9.88
1948,1026,D24HourMean,QuarterlyMean,Mean,12.81
1910,1028,D24HourMean,QuarterlyMean,Mean,15.17
1943,1045,D24HourMean,QuarterlyMean,Mean,9.13
1902,1032,D24HourMean,QuarterlyMean,Mean,9.12
1910,1030,D24HourMean,QuarterlyMean,Mean,11.60
1965,1034,D24HourMean,QuarterlyMean,Mean,11.29
1905,1031,D24HourMean,QuarterlyMean,Mean,10.21
1935,1037,D24HourMean,QuarterlyMean,Mean,9.03
1940,1033,D24HourMean,QuarterlyMean,Mean,8.28
1943,1041,D24HourMean,QuarterlyMean,Mean,12.76
1934,1035,D24HourMean,QuarterlyMean,Mean,8.30
1963,1034,D24HourMean,QuarterlyMean,Mean,10.64
1908,1031,D24HourMean,QuarterlyMean,Mean,9.71
1906,1033,D24HourMean,QuarterlyMean,Mean,8.92
1924,1034,D24HourMean,QuarterlyMean,Mean,9.48
1941,1040,D24HourMean,QuarterlyMean,Mean,10.93
1934,1026,D24HourMean,QuarterlyMean,Mean,13.99
1934,1029,D24HourMean,QuarterlyMean,Mean,13.01
1969,1037,D24HourMean,QuarterlyMean,Mean,12.37
1944,1036,D24HourMean,QuarterlyMean,Mean,9.44
1956,1038,D24HourMean,QuarterlyMean,Mean,8.01
1963,1033,D24HourMean,QuarterlyMean,Mean,11.15
1951,1046,D24HourMean,QuarterlyMean,Mean,9.05
1936,1030,D24HourMean,QuarterlyMean,Mean,10.58
1933,1032,D24HourMean,QuarterlyMean,Mean,9.23
1944,1044,D24HourMean,QuarterlyMean,Mean,9.58
1949,1035,D24HourMean,QuarterlyMean,Mean,8.57
1932,1034,D24HourMean,QuarterlyMean,Mean,10.00
1951,1039,D24HourMean,QuarterlyMean,Mean,8.89
1962,1034,D24HourMean,QuarterlyMean,Mean,10.34
1931,1029,D24HourMean,QuarterlyMean,Mean,13.02
1898,1031,D24HourMean,QuarterlyMean,Mean,8.64
1910,1031,D24HourMean,QuarterlyMean,Mean,10.98
1947,1030,D24HourMean,QuarterlyMean,Mean,9.76
1915,1031,D24HourMean,QuarterlyMean,Mean,9.77
1947,1042,D24HourMean,QuarterlyMean,Mean,10.21
1910,1032,D24HourMean,QuarterlyMean,Mean,9.35
1940,1036,D24HourMean,QuarterlyMean,Mean,8.64
1941,1045,D24HourMean,QuarterlyMean,Mean,9.47
1931,1037,D24HourMean,QuarterlyMean,Mean,8.99
1938,1039,D24HourMean,QuarterlyMean,Mean,9.86
1967,1043,D24HourMean,QuarterlyMean,Mean,12.22
1960,1030,D24HourMean,QuarterlyMean,Mean,12.18
1962,1032,D24HourMean,QuarterlyMean,Mean,11.69
1961,1039,D24HourMean,QuarterlyMean,Mean,9.57
1949,1041,D24HourMean,QuarterlyMean,Mean,10.73
1960,1028,D24HourMean,QuarterlyMean,Mean,12.50
1949,1027,D24HourMean,QuarterlyMean,Mean,12.41
1965,1041,D24HourMean,QuarterlyMean,Mean,13.49
1901,1031,D24HourMean,QuarterlyMean,Mean,10.06
1933,1028,D24HourMean,QuarterlyMean,Mean,13.38
1929,1027,D24HourMean,QuarterlyMean,Mean,14.06
1952,1032,D24HourMean,QuarterlyMean,Mean,9.53
1937,1043,D24HourMean,QuarterlyMean,Mean,10.78
1900,1030,D24HourMean,QuarterlyMean,Mean,9.70
1929,1040,D24HourMean,QuarterlyMean,Mean,11.22
1954,1028,D24HourMean,QuarterlyMean,Mean,11.87
1943,1043,D24HourMean,QuarterlyMean,Mean,10.87
1950,1036,D24HourMean,QuarterlyMean,Mean,8.28
1936,1031,D24HourMean,QuarterlyMean,Mean,9.91
1942,1028,D24HourMean,QuarterlyMean,Mean,11.98
1949,1030,D24HourMean,QuarterlyMean,Mean,10.01
1956,1047,D24HourMean,QuarterlyMean,Mean,11.54
1936,1028,D24HourMean,QuarterlyMean,Mean,12.41
1950,1030,D24HourMean,QuarterlyMean,Mean,9.50
1916,1034,D24HourMean,QuarterlyMean,Mean,10.28
1957,1035,D24HourMean,QuarterlyMean,Mean,9.03
1951,1027,D24HourMean,QuarterlyMean,Mean,12.18
1964,1035,D24HourMean,QuarterlyMean,Mean,11.09
1908,1032,D24HourMean,QuarterlyMean,Mean,8.87
1959,1029,D24HourMean,QuarterlyMean,Mean,12.08
1964,1033,D24HourMean,QuarterlyMean,Mean,10.88
1945,1029,D24HourMean,QuarterlyMean,Mean,10.51
1960,1040,D24HourMean,QuarterlyMean,Mean,8.84
1936,1026,D24HourMean,QuarterlyMean,Mean,13.71
1936,1042,D24HourMean,QuarterlyMean,Mean,11.85
1948,1027,D24HourMean,QuarterlyMean,Mean,12.47
1954,1042,D24HourMean,QuarterlyMean,Mean,10.24
1939,1037,D24HourMean,QuarterlyMean,Mean,7.87
1970,1039,D24HourMean,QuarterlyMean,Mean,11.52
1953,1032,D24HourMean,QuarterlyMean,Mean,9.34
1961,1036,D24HourMean,QuarterlyMean,Mean,9.67
1941,1037,D24HourMean,QuarterlyMean,Mean,7.57
1944,1034,D24HourMean,QuarterlyMean,Mean,9.38
1961,1033,D24HourMean,QuarterlyMean,Mean,11.50
1950,1046,D24HourMean,QuarterlyMean,Mean,9.45
1958,1031,D24HourMean,QuarterlyMean,Mean,11.56
1938,1042,D24HourMean,QuarterlyMean,Mean,11.92
1942,1034,D24HourMean,QuarterlyMean,Mean,9.31
1967,1040,D24HourMean,QuarterlyMean,Mean,12.33
1969,1043,D24HourMean,QuarterlyMean,Mean,11.70
1938,1032,D24HourMean,QuarterlyMean,Mean,8.90
1939,1047,D24HourMean,QuarterlyMean,Mean,9.97
1967,1039,D24HourMean,QuarterlyMean,Mean,11.56
1955,1046,D24HourMean,QuarterlyMean,Mean,10.42
1923,1030,D24HourMean,QuarterlyMean,Mean,11.29
1908,1028,D24HourMean,QuarterlyMean,Mean,12.91
1951,1036,D24HourMean,QuarterlyMean,Mean,8.16
1954,1035,D24HourMean,QuarterlyMean,Mean,9.55
1935,1036,D24HourMean,QuarterlyMean,Mean,8.45
1958,1046,D24HourMean,QuarterlyMean,Mean,11.19
1897,1031,D24HourMean,QuarterlyMean,Mean,9.44
1931,1028,D24HourMean,QuarterlyMean,Mean,14.20
1929,1030,D24HourMean,QuarterlyMean,Mean,11.46
1958,1028,D24HourMean,QuarterlyMean,Mean,12.56
1947,1044,D24HourMean,QuarterlyMean,Mean,8.89
1947,1032,D24HourMean,QuarterlyMean,Mean,9.97
1952,1049,D24HourMean,QuarterlyMean,Mean,10.96
1960,1045,D24HourMean,QuarterlyMean,Mean,11.44
1932,1029,D24HourMean,QuarterlyMean,Mean,12.58
1957,1041,D24HourMean,QuarterlyMean,Mean,9.88
1916,1031,D24HourMean,QuarterlyMean,Mean,10.63
1897,1032,D24HourMean,QuarterlyMean,Mean,9.10
1932,1030,D24HourMean,QuarterlyMean,Mean,10.88
1940,1031,D24HourMean,QuarterlyMean,Mean,9.45
1939,1040,D24HourMean,QuarterlyMean,Mean,10.44
1958,1039,D24HourMean,QuarterlyMean,Mean,8.60
1913,1032,D24HourMean,QuarterlyMean,Mean,9.13
1931,1026,D24HourMean,QuarterlyMean,Mean,14.55
1944,1041,D24HourMean,QuarterlyMean,Mean,12.01
1941,1028,D24HourMean,QuarterlyMean,Mean,12.25
1935,1044,D24HourMean,QuarterlyMean,Mean,11.68
1961,1042,D24HourMean,QuarterlyMean,Mean,10.02
1917,1033,D24HourMean,QuarterlyMean,Mean,8.46
1948,1036,D24HourMean,QuarterlyMean,Mean,7.91
1968,1038,D24HourMean,QuarterlyMean,Mean,12.14
1938,1044,D24HourMean,QuarterlyMean,Mean,10.01
1938,1025,D24HourMean,QuarterlyMean,Mean,13.05
1934,1037,D24HourMean,QuarterlyMean,Mean,9.28
1937,1030,D24HourMean,QuarterlyMean,Mean,10.17
1960,1034,D24HourMean,QuarterlyMean,Mean,10.14
1948,1045,D24HourMean,QuarterlyMean,Mean,8.84
1938,1043,D24HourMean,QuarterlyMean,Mean,10.46
1955,1026,D24HourMean,QuarterlyMean,Mean,11.10
1958,1044,D24HourMean,QuarterlyMean,Mean,11.31
1955,1034,D24HourMean,QuarterlyMean,Mean,9.71
1938,1027,D24HourMean,QuarterlyMean,Mean,12.62
1951,1030,D24HourMean,QuarterlyMean,Mean,9.67
1925,1027,D24HourMean,QuarterlyMean,Mean,12.50
1951,1034,D24HourMean,QuarterlyMean,Mean,10.26
1951,1028,D24HourMean,QuarterlyMean,Mean,10.91
1914,1034,D24HourMean,QuarterlyMean,Mean,9.72
1957,1048,D24HourMean,QuarterlyMean,Mean,12.20
1958,1036,D24HourMean,QuarterlyMean,Mean,8.63
1962,1043,D24HourMean,QuarterlyMean,Mean,11.22
1960,1039,D24HourMean,QuarterlyMean,Mean,8.96
1940,1044,D24HourMean,QuarterlyMean,Mean,10.53
1945,1026,D24HourMean,QuarterlyMean,Mean,13.19
1953,1043,D24HourMean,QuarterlyMean,Mean,9.37
1965,1046,D24HourMean,QuarterlyMean,Mean,11.59
1908,1033,D24HourMean,QuarterlyMean,Mean,8.89
1918,1034,D24HourMean,QuarterlyMean,Mean,9.12
1962,1030,D24HourMean,QuarterlyMean,Mean,12.07
1960,1031,D24HourMean,QuarterlyMean,Mean,12.16
1948,1041,D24HourMean,QuarterlyMean,Mean,10.62
1942,1035,D24HourMean,QuarterlyMean,Mean,8.62
1949,1047,D24HourMean,QuarterlyMean,Mean,9.78
1959,1048,D24HourMean,QuarterlyMean,Mean,11.59
1947,1039,D24HourMean,QuarterlyMean,Mean,8.97
1933,1037,D24HourMean,QuarterlyMean,Mean,8.47
1937,1039,D24HourMean,QuarterlyMean,Mean,9.62
1944,1025,D24HourMean,QuarterlyMean,Mean,13.41
1932,1041,D24HourMean,QuarterlyMean,Mean,10.85
1958,1047,D24HourMean,QuarterlyMean,Mean,11.73
1962,1029,D24HourMean,QuarterlyMean,Mean,11.63
1960,1043,D24HourMean,QuarterlyMean,Mean,11.78
1956,1026,D24HourMean,QuarterlyMean,Mean,11.50
1964,1031,D24HourMean,QuarterlyMean,Mean,11.60
1966,1044,D24HourMean,QuarterlyMean,Mean,12.15
1944,1035,D24HourMean,QuarterlyMean,Mean,8.90
1963,1030,D24HourMean,QuarterlyMean,Mean,11.90
1899,1030,D24HourMean,QuarterlyMean,Mean,10.70
1948,1038,D24HourMean,QuarterlyMean,Mean,7.79
1961,1030,D24HourMean,QuarterlyMean,Mean,12.33
1963,1044,D24HourMean,QuarterlyMean,Mean,11.30
1943,1028,D24HourMean,QuarterlyMean,Mean,11.72
1937,1037,D24HourMean,QuarterlyMean,Mean,8.53
1955,1036,D24HourMean,QuarterlyMean,Mean,8.34
1938,1040,D24HourMean,QuarterlyMean,Mean,10.07
1961,1043,D24HourMean,QuarterlyMean,Mean,11.65
1904,1030,D24HourMean,QuarterlyMean,Mean,10.62
1950,1034,D24HourMean,QuarterlyMean,Mean,9.82
1968,1042,D24HourMean,QuarterlyMean,Mean,12.07
1925,1031,D24HourMean,QuarterlyMean,Mean,10.85
1914,1031,D24HourMean,QuarterlyMean,Mean,10.33
1937,1032,D24HourMean,QuarterlyMean,Mean,9.28
1949,1038,D24HourMean,QuarterlyMean,Mean,7.80
1908,1029,D24HourMean,QuarterlyMean,Mean,12.38
1939,1033,D24HourMean,QuarterlyMean,Mean,9.27
1959,1030,D24HourMean,QuarterlyMean,Mean,11.97
1922,1035,D24HourMean,QuarterlyMean,Mean,9.01
1949,1029,D24HourMean,QuarterlyMean,Mean,10.10
1937,1045,D24HourMean,QuarterlyMean,Mean,10.02
1940,1046,D24HourMean,QuarterlyMean,Mean,9.09
1933,1029,D24HourMean,QuarterlyMean,Mean,12.85
1953,1029,D24HourMean,QuarterlyMean,Mean,11.36
1950,1039,D24HourMean,QuarterlyMean,Mean,8.80
1936,1037,D24HourMean,QuarterlyMean,Mean,8.66
1944,1026,D24HourMean,QuarterlyMean,Mean,13.33
1961,1041,D24HourMean,QuarterlyMean,Mean,9.12
1951,1048,D24HourMean,QuarterlyMean,Mean,11.14
1956,1029,D24HourMean,QuarterlyMean,Mean,12.57
1923,1032,D24HourMean,QuarterlyMean,Mean,10.64
1933,1033,D24HourMean,QuarterlyMean,Mean,9.03
1950,1035,D24HourMean,QuarterlyMean,Mean,9.01
1960,1036,D24HourMean,QuarterlyMean,Mean,9.20
1907,1034,D24HourMean,QuarterlyMean,Mean,8.76
1956,1039,D24HourMean,QuarterlyMean,Mean,7.88
1937,1042,D24HourMean,QuarterlyMean,Mean,11.80
1921,1033,D24HourMean,QuarterlyMean,Mean,10.80
1945,1031,D24HourMean,QuarterlyMean,Mean,9.28
1906,1034,D24HourMean,QuarterlyMean,Mean,8.61
1920,1033,D24HourMean,QuarterlyMean,Mean,9.81
1942,1030,D24HourMean,QuarterlyMean,Mean,9.17
1936,1045,D24HourMean,QuarterlyMean,Mean,10.52
1928,1027,D24HourMean,QuarterlyMean,Mean,14.19
1962,1042,D24HourMean,QuarterlyMean,Mean,10.11
1946,1033,D24HourMean,QuarterlyMean,Mean,9.87
1955,1041,D24HourMean,QuarterlyMean,Mean,10.19
1961,1034,D24HourMean,QuarterlyMean,Mean,10.46
1968,1041,D24HourMean,QuarterlyMean,Mean,12.68
1948,1039,D24HourMean,QuarterlyMean,Mean,8.88
1935,1034,D24HourMean,QuarterlyMean,Mean,8.58
1927,1031,D24HourMean,QuarterlyMean,Mean,11.64
1932,1027,D24HourMean,QuarterlyMean,Mean,13.92
1964,1034,D24HourMean,QuarterlyMean,Mean,10.86
1957,1039,D24HourMean,QuarterlyMean,Mean,8.04
1967,1045,D24HourMean,QuarterlyMean,Mean,11.67
1939,1027,D24HourMean,QuarterlyMean,Mean,12.67
1925,1033,D24HourMean,QuarterlyMean,Mean,8.97
1943,1027,D24HourMean,QuarterlyMean,Mean,12.97
1915,1033,D24HourMean,QuarterlyMean,Mean,9.24
1952,1040,D24HourMean,QuarterlyMean,Mean,9.39
1918,1031,D24HourMean,QuarterlyMean,Mean,9.86
1945,1030,D24HourMean,QuarterlyMean,Mean,9.35
1926,1033,D24HourMean,QuarterlyMean,Mean,9.86
1911,1028,D24HourMean,QuarterlyMean,Mean,12.93
1947,1035,D24HourMean,QuarterlyMean,Mean,9.52
1958,1034,D24HourMean,QuarterlyMean,Mean,9.43
1959,1032,D24HourMean,QuarterlyMean,Mean,11.05
1951,1042,D24HourMean,QuarterlyMean,Mean,9.45
1940,1043,D24HourMean,QuarterlyMean,Mean,11.26
1907,1029,D24HourMean,QuarterlyMean,Mean,12.01
1947,1043,D24HourMean,QuarterlyMean,Mean,9.47
1947,1028,D24HourMean,QuarterlyMean,Mean,11.21
1955,1039,D24HourMean,QuarterlyMean,Mean,8.06
1945,1025,D24HourMean,QuarterlyMean,Mean,13.53
1926,1035,D24HourMean,QuarterlyMean,Mean,8.82
1931,1027,D24HourMean,QuarterlyMean,Mean,14.31
1942,1038,D24HourMean,QuarterlyMean,Mean,8.21
1939,1042,D24HourMean,QuarterlyMean,Mean,11.70
1945,1034,D24HourMean,QuarterlyMean,Mean,8.65
1932,1033,D24HourMean,QuarterlyMean,Mean,9.36
1969,1046,D24HourMean,QuarterlyMean,Mean,11.65
1932,1035,D24HourMean,QuarterlyMean,Mean,9.71
1935,1027,D24HourMean,QuarterlyMean,Mean,13.73
1942,1044,D24HourMean,QuarterlyMean,Mean,9.89
1933,1042,D24HourMean,QuarterlyMean,Mean,11.35
1937,1029,D24HourMean,QuarterlyMean,Mean,10.15
1953,1035,D24HourMean,QuarterlyMean,Mean,9.71
1926,1032,D24HourMean,QuarterlyMean,Mean,10.25
1956,1043,D24HourMean,QuarterlyMean,Mean,10.45
1947,1036,D24HourMean,QuarterlyMean,Mean,8.17
1928,1030,D24HourMean,QuarterlyMean,Mean,11.51
1932,1038,D24HourMean,QuarterlyMean,Mean,9.46
1938,1034,D24HourMean,QuarterlyMean,Mean,9.20
1940,1025,D24HourMean,QuarterlyMean,Mean,14.02
1924,1030,D24HourMean,QuarterlyMean,Mean,10.98
1953,1038,D24HourMean,QuarterlyMean,Mean,7.73
1949,1031,D24HourMean,QuarterlyMean,Mean,9.85
1955,1037,D24HourMean,QuarterlyMean,Mean,7.66
1938,1045,D24HourMean,QuarterlyMean,Mean,9.42
1966,1035,D24HourMean,QuarterlyMean,Mean,11.70
1959,1033,D24HourMean,QuarterlyMean,Mean,10.82
1964,1038,D24HourMean,QuarterlyMean,Mean,11.53
1962,1036,D24HourMean,QuarterlyMean,Mean,10.21
1953,1036,D24HourMean,QuarterlyMean,Mean,8.06
1965,1044,D24HourMean,QuarterlyMean,Mean,11.75
1918,1032,D24HourMean,QuarterlyMean,Mean,9.46
1940,1039,D24HourMean,QuarterlyMean,Mean,9.83
1940,1041,D24HourMean,QuarterlyMean,Mean,11.59
1920,1034,D24HourMean,QuarterlyMean,Mean,9.36
1934,1042,D24HourMean,QuarterlyMean,Mean,11.52
1963,1038,D24HourMean,QuarterlyMean,Mean,11.54
1941,1043,D24HourMean,QuarterlyMean,Mean,11.29
1959,1038,D24HourMean,QuarterlyMean,Mean,8.75
1941,1025,D24HourMean,QuarterlyMean,Mean,14.23
1959,1028,D24HourMean,QuarterlyMean,Mean,12.50
1933,1038,D24HourMean,QuarterlyMean,Mean,9.30
1953,1046,D24HourMean,QuarterlyMean,Mean,9.89
1923,1031,D24HourMean,QuarterlyMean,Mean,11.51
1947,1040,D24HourMean,QuarterlyMean,Mean,10.23
1947,1029,D24HourMean,QuarterlyMean,Mean,10.41
1909,1029,D24HourMean,QuarterlyMean,Mean,12.38
1938,1037,D24HourMean,QuarterlyMean,Mean,8.56
1961,1031,D24HourMean,QuarterlyMean,Mean,12.15
1908,1030,D24HourMean,QuarterlyMean,Mean,10.83
1909,1030,D24HourMean,QuarterlyMean,Mean,11.57
1954,1046,D24HourMean,QuarterlyMean,Mean,10.25
1939,1041,D24HourMean,QuarterlyMean,Mean,10.84
1927,1034,D24HourMean,QuarterlyMean,Mean,9.60
1942,1037,D24HourMean,QuarterlyMean,Mean,7.49
1932,1042,D24HourMean,QuarterlyMean,Mean,11.35
1958,1040,D24HourMean,QuarterlyMean,Mean,9.04
1907,1030,D24HourMean,QuarterlyMean,Mean,10.43
1942,1024,D24HourMean,QuarterlyMean,Mean,13.44
1969,1040,D24HourMean,QuarterlyMean,Mean,12.01
1950,1033,D24HourMean,QuarterlyMean,Mean,9.91
1967,1042,D24HourMean,QuarterlyMean,Mean,12.84
1969,1045,D24HourMean,QuarterlyMean,Mean,11.53
1939,1039,D24HourMean,QuarterlyMean,Mean,10.09
1959,1031,D24HourMean,QuarterlyMean,Mean,11.71
1964,1032,D24HourMean,QuarterlyMean,Mean,11.62
1943,1038,D24HourMean,QuarterlyMean,Mean,8.05
1955,1031,D24HourMean,QuarterlyMean,Mean,10.37
1941,1044,D24HourMean,QuarterlyMean,Mean,10.10
1936,1040,D24HourMean,QuarterlyMean,Mean,10.62
1936,1029,D24HourMean,QuarterlyMean,Mean,10.91
1940,1042,D24HourMean,QuarterlyMean,Mean,11.44
1952,1044,D24HourMean,QuarterlyMean,Mean,8.75
1956,1032,D24HourMean,QuarterlyMean,Mean,10.24
1968,1043,D24HourMean,QuarterlyMean,Mean,11.77
1914,1033,D24HourMean,QuarterlyMean,Mean,9.87
1931,1041,D24HourMean,QuarterlyMean,Mean,11.17
1934,1032,D24HourMean,QuarterlyMean,Mean,9.10
1935,1038,D24HourMean,QuarterlyMean,Mean,8.74
1950,1028,D24HourMean,QuarterlyMean,Mean,11.37
1926,1031,D24HourMean,QuarterlyMean,Mean,11.14
1964,1036,D24HourMean,QuarterlyMean,Mean,10.99
1938,1028,D24HourMean,QuarterlyMean,Mean,11.20
1934,1030,D24HourMean,QuarterlyMean,Mean,9.73
1943,1029,D24HourMean,QuarterlyMean,Mean,10.40
1940,1028,D24HourMean,QuarterlyMean,Mean,12.40
1954,1027,D24HourMean,QuarterlyMean,Mean,11.74
1924,1036,D24HourMean,QuarterlyMean,Mean,9.57
1937,1044,D24HourMean,QuarterlyMean,Mean,10.15
1939,1043,D24HourMean,QuarterlyMean,Mean,11.02
1942,1045,D24HourMean,QuarterlyMean,Mean,9.16
