Column,Row,Metric,Seasonal Metric,Annual Metric,Values
1268,585,D24HourMean,QuarterlyMean,Mean,6.04
1268,594,D24HourMean,QuarterlyMean,Mean,7.06
1258,603,D24HourMean,QuarterlyMean,Mean,6.89
1264,605,D24HourMean,QuarterlyMean,Mean,7.06
1260,602,D24HourMean,QuarterlyMean,Mean,6.20
1273,587,D24HourMean,QuarterlyMean,Mean,5.84
1274,588,D24HourMean,QuarterlyMean,Mean,6.34
1274,604,D24HourMean,QuarterlyMean,Mean,8.01
1278,594,D24HourMean,QuarterlyMean,Mean,7.55
1262,593,D24HourMean,QuarterlyMean,Mean,6.27
1275,604,D24HourMean,QuarterlyMean,Mean,8.55
1272,593,D24HourMean,QuarterlyMean,Mean,6.83
1262,586,D24HourMean,QuarterlyMean,Mean,5.39
1261,606,D24HourMean,QuarterlyMean,Mean,7.08
1269,606,D24HourMean,QuarterlyMean,Mean,8.15
1277,600,D24HourMean,QuarterlyMean,Mean,8.81
1271,611,D24HourMean,QuarterlyMean,Mean,8.06
1278,607,D24HourMean,QuarterlyMean,Mean,9.65
1272,598,D24HourMean,QuarterlyMean,Mean,7.48
1272,588,D24HourMean,QuarterlyMean,Mean,6.11
1270,604,D24HourMean,QuarterlyMean,Mean,6.96
1264,612,D24HourMean,QuarterlyMean,Mean,8.41
1271,593,D24HourMean,QuarterlyMean,Mean,6.76
1261,593,D24HourMean,QuarterlyMean,Mean,6.53
1278,597,D24HourMean,QuarterlyMean,Mean,6.89
1261,598,D24HourMean,QuarterlyMean,Mean,6.75
1270,585,D24HourMean,QuarterlyMean,Mean,5.95
1271,594,D24HourMean,QuarterlyMean,Mean,7.47
1263,584,D24HourMean,QuarterlyMean,Mean,5.98
1272,602,D24HourMean,QuarterlyMean,Mean,8.23
1260,609,D24HourMean,QuarterlyMean,Mean,6.59
1260,598,D24HourMean,QuarterlyMean,Mean,6.96
1276,599,D24HourMean,QuarterlyMean,Mean,7.96
1273,593,D24HourMean,QuarterlyMean,Mean,7.31
1259,590,D24HourMean,QuarterlyMean,Mean,5.50
1261,605,D24HourMean,QuarterlyMean,Mean,7.03
1269,584,D24HourMean,QuarterlyMean,Mean,5.89
1265,598,D24HourMean,QuarterlyMean,Mean,7.57
1273,591,D24HourMean,QuarterlyMean,Mean,6.55
1266,593,D24HourMean,QuarterlyMean,Mean,7.59
1258,601,D24HourMean,QuarterlyMean,Mean,6.99
1276,591,D24HourMean,QuarterlyMean,Mean,6.82
1271,598,D24HourMean,QuarterlyMean,Mean,9.17
1259,598,D24HourMean,QuarterlyMean,Mean,6.90
1272,587,D24HourMean,QuarterlyMean,Mean,5.52
1256,582,D24HourMean,QuarterlyMean,Mean,4.92
1267,589,D24HourMean,QuarterlyMean,Mean,5.95
1276,592,D24HourMean,QuarterlyMean,Mean,7.19
1269,593,D24HourMean,QuarterlyMean,Mean,7.22
1270,583,D24HourMean,QuarterlyMean,Mean,4.72
1278,604,D24HourMean,QuarterlyMean,Mean,8.06
1266,589,D24HourMean,QuarterlyMean,Mean,6.43
1268,584,D24HourMean,QuarterlyMean,Mean,5.62
1281,597,D24HourMean,QuarterlyMean,Mean,8.43
1269,599,D24HourMean,QuarterlyMean,Mean,9.65
1282,599,D24HourMean,QuarterlyMean,Mean,9.29
1267,601,D24HourMean,QuarterlyMean,Mean,6.75
1270,596,D24HourMean,QuarterlyMean,Mean,7.45
1266,598,D24HourMean,QuarterlyMean,Mean,7.54
1261,604,D24HourMean,QuarterlyMean,Mean,6.66
1279,599,D24HourMean,QuarterlyMean,Mean,7.55
1264,613,D24HourMean,QuarterlyMean,Mean,8.93
1259,605,D24HourMean,QuarterlyMean,Mean,7.59
1260,591,D24HourMean,QuarterlyMean,Mean,5.68
1271,614,D24HourMean,QuarterlyMean,Mean,4.99
1261,609,D24HourMean,QuarterlyMean,Mean,6.90
1260,588,D24HourMean,QuarterlyMean,Mean,5.30
1265,587,D24HourMean,QuarterlyMean,Mean,6.20
1268,601,D24HourMean,QuarterlyMean,Mean,6.98
1267,587,D24HourMean,QuarterlyMean,Mean,6.04
1260,608,D24HourMean,QuarterlyMean,Mean,7.08
1280,601,D24HourMean,QuarterlyMean,Mean,8.70
1261,603,D24HourMean,QuarterlyMean,Mean,6.50
1276,596,D24HourMean,QuarterlyMean,Mean,6.14
1274,609,D24HourMean,QuarterlyMean,Mean,8.49
1279,596,D24HourMean,QuarterlyMean,Mean,8.06
1272,601,D24HourMean,QuarterlyMean,Mean,8.46
1264,586,D24HourMean,QuarterlyMean,Mean,6.25
1265,605,D24HourMean,QuarterlyMean,Mean,7.43
1257,604,D24HourMean,QuarterlyMean,Mean,7.31
1262,607,D24HourMean,QuarterlyMean,Mean,6.71
1264,598,D24HourMean,QuarterlyMean,Mean,7.19
1264,596,D24HourMean,QuarterlyMean,Mean,7.05
1267,610,D24HourMean,QuarterlyMean,Mean,9.29
1265,592,D24HourMean,QuarterlyMean,Mean,7.03
1261,600,D24HourMean,QuarterlyMean,Mean,6.02
1263,611,D24HourMean,QuarterlyMean,Mean,8.11
1273,584,D24HourMean,QuarterlyMean,Mean,6.43
1258,608,D24HourMean,QuarterlyMean,Mean,6.82
1266,587,D24HourMean,QuarterlyMean,Mean,6.09
1263,607,D24HourMean,QuarterlyMean,Mean,7.62
1266,603,D24HourMean,QuarterlyMean,Mean,7.29
1280,599,D24HourMean,QuarterlyMean,Mean,7.99
1263,599,D24HourMean,QuarterlyMean,Mean,6.76
1270,609,D24HourMean,QuarterlyMean,Mean,9.24
1260,599,D24HourMean,QuarterlyMean,Mean,6.44
1268,606,D24HourMean,QuarterlyMean,Mean,7.94
1273,600,D24HourMean,QuarterlyMean,Mean,7.97
1257,608,D24HourMean,QuarterlyMean,Mean,7.05
1265,610,D24HourMean,QuarterlyMean,Mean,10.38
1270,614,D24HourMean,QuarterlyMean,Mean,13.88
1265,586,D24HourMean,QuarterlyMean,Mean,5.66
1264,583,D24HourMean,QuarterlyMean,Mean,5.59
1271,609,D24HourMean,QuarterlyMean,Mean,9.46
1276,605,D24HourMean,QuarterlyMean,Mean,8.39
1270,582,D24HourMean,QuarterlyMean,Mean,5.28
1275,610,D24HourMean,QuarterlyMean,Mean,10.44
1272,591,D24HourMean,QuarterlyMean,Mean,6.75
1258,584,D24HourMean,QuarterlyMean,Mean,6.02
1270,597,D24HourMean,QuarterlyMean,Mean,7.06
1273,606,D24HourMean,QuarterlyMean,Mean,7.83
1272,606,D24HourMean,QuarterlyMean,Mean,7.83
1266,602,D24HourMean,QuarterlyMean,Mean,6.80
1259,601,D24HourMean,QuarterlyMean,Mean,6.68
1270,605,D24HourMean,QuarterlyMean,Mean,7.47
1264,589,D24HourMean,QuarterlyMean,Mean,7.12
1267,614,D24HourMean,QuarterlyMean,Mean,9.60
1263,606,D24HourMean,QuarterlyMean,Mean,6.89
1262,606,D24HourMean,QuarterlyMean,Mean,6.76
1261,612,D24HourMean,QuarterlyMean,Mean,7.96
1277,603,D24HourMean,QuarterlyMean,Mean,8.55
1272,596,D24HourMean,QuarterlyMean,Mean,8.17
1265,611,D24HourMean,QuarterlyMean,Mean,7.90
1269,587,D24HourMean,QuarterlyMean,Mean,5.84
1271,613,D24HourMean,QuarterlyMean,Mean,11.06
1269,585,D24HourMean,QuarterlyMean,Mean,5.98
1261,582,D24HourMean,QuarterlyMean,Mean,5.21
1281,600,D24HourMean,QuarterlyMean,Mean,8.60
1272,594,D24HourMean,QuarterlyMean,Mean,7.80
1262,584,D24HourMean,QuarterlyMean,Mean,5.50
1258,585,D24HourMean,QuarterlyMean,Mean,5.77
1265,615,D24HourMean,QuarterlyMean,Mean,9.44
1275,593,D24HourMean,QuarterlyMean,Mean,6.41
1261,584,D24HourMean,QuarterlyMean,Mean,5.61
1266,597,D24HourMean,QuarterlyMean,Mean,7.73
1282,605,D24HourMean,QuarterlyMean,Mean,9.65
1260,600,D24HourMean,QuarterlyMean,Mean,6.98
1266,607,D24HourMean,QuarterlyMean,Mean,8.10
1277,604,D24HourMean,QuarterlyMean,Mean,8.13
1283,600,D24HourMean,QuarterlyMean,Mean,9.74
1260,611,D24HourMean,QuarterlyMean,Mean,8.11
1263,601,D24HourMean,QuarterlyMean,Mean,7.17
1264,606,D24HourMean,QuarterlyMean,Mean,7.38
1269,602,D24HourMean,QuarterlyMean,Mean,7.05
1268,605,D24HourMean,QuarterlyMean,Mean,8.36
1263,612,D24HourMean,QuarterlyMean,Mean,8.74
1266,614,D24HourMean,QuarterlyMean,Mean,8.65
1273,586,D24HourMean,QuarterlyMean,Mean,5.43
1276,607,D24HourMean,QuarterlyMean,Mean,7.68
1278,595,D24HourMean,QuarterlyMean,Mean,7.57
1271,610,D24HourMean,QuarterlyMean,Mean,8.44
1257,609,D24HourMean,QuarterlyMean,Mean,7.69
1265,595,D24HourMean,QuarterlyMean,Mean,7.55
1270,608,D24HourMean,QuarterlyMean,Mean,9.34
1274,601,D24HourMean,QuarterlyMean,Mean,7.99
1258,582,D24HourMean,QuarterlyMean,Mean,5.30
1260,597,D24HourMean,QuarterlyMean,Mean,6.94
1280,598,D24HourMean,QuarterlyMean,Mean,7.78
1262,592,D24HourMean,QuarterlyMean,Mean,6.16
1266,583,D24HourMean,QuarterlyMean,Mean,5.88
1270,589,D24HourMean,QuarterlyMean,Mean,6.36
1259,603,D24HourMean,QuarterlyMean,Mean,6.41
1276,597,D24HourMean,QuarterlyMean,Mean,7.33
1266,585,D24HourMean,QuarterlyMean,Mean,6.04
1276,602,D24HourMean,QuarterlyMean,Mean,8.11
1274,598,D24HourMean,QuarterlyMean,Mean,8.11
1270,599,D24HourMean,QuarterlyMean,Mean,8.50
1267,612,D24HourMean,QuarterlyMean,Mean,8.58
1263,595,D24HourMean,QuarterlyMean,Mean,7.17
1273,601,D24HourMean,QuarterlyMean,Mean,8.39
1275,591,D24HourMean,QuarterlyMean,Mean,6.29
1276,604,D24HourMean,QuarterlyMean,Mean,8.17
1262,605,D24HourMean,QuarterlyMean,Mean,6.44
1279,607,D24HourMean,QuarterlyMean,Mean,10.55
1264,584,D24HourMean,QuarterlyMean,Mean,5.93
1265,608,D24HourMean,QuarterlyMean,Mean,7.94
1279,601,D24HourMean,QuarterlyMean,Mean,8.32
1261,594,D24HourMean,QuarterlyMean,Mean,6.55
1271,582,D24HourMean,QuarterlyMean,Mean,5.93
1271,606,D24HourMean,QuarterlyMean,Mean,9.25
1277,606,D24HourMean,QuarterlyMean,Mean,9.43
1279,594,D24HourMean,QuarterlyMean,Mean,7.62
1264,588,D24HourMean,QuarterlyMean,Mean,7.03
1272,585,D24HourMean,QuarterlyMean,Mean,5.14
1272,607,D24HourMean,QuarterlyMean,Mean,8.13
1279,606,D24HourMean,QuarterlyMean,Mean,9.56
1281,598,D24HourMean,QuarterlyMean,Mean,8.04
1269,607,D24HourMean,QuarterlyMean,Mean,8.27
1260,604,D24HourMean,QuarterlyMean,Mean,6.68
1273,583,D24HourMean,QuarterlyMean,Mean,6.59
1265,594,D24HourMean,QuarterlyMean,Mean,7.48
1283,602,D24HourMean,QuarterlyMean,Mean,10.49
1259,608,D24HourMean,QuarterlyMean,Mean,6.92
1276,588,D24HourMean,QuarterlyMean,Mean,6.66
1260,589,D24HourMean,QuarterlyMean,Mean,5.57
1282,603,D24HourMean,QuarterlyMean,Mean,4.56
1271,588,D24HourMean,QuarterlyMean,Mean,6.68
1278,602,D24HourMean,QuarterlyMean,Mean,9.58
1268,590,D24HourMean,QuarterlyMean,Mean,6.87
1273,595,D24HourMean,QuarterlyMean,Mean,7.40
1269,586,D24HourMean,QuarterlyMean,Mean,5.46
1260,612,D24HourMean,QuarterlyMean,Mean,8.01
1265,588,D24HourMean,QuarterlyMean,Mean,7.24
1271,602,D24HourMean,QuarterlyMean,Mean,7.76
1259,607,D24HourMean,QuarterlyMean,Mean,7.24
1270,588,D24HourMean,QuarterlyMean,Mean,5.82
1275,588,D24HourMean,QuarterlyMean,Mean,6.50
1276,598,D24HourMean,QuarterlyMean,Mean,7.41
1266,590,D24HourMean,QuarterlyMean,Mean,6.59
1275,606,D24HourMean,QuarterlyMean,Mean,7.64
1262,591,D24HourMean,QuarterlyMean,Mean,6.23
1265,596,D24HourMean,QuarterlyMean,Mean,7.52
1273,599,D24HourMean,QuarterlyMean,Mean,7.61
1280,595,D24HourMean,QuarterlyMean,Mean,8.53
1263,583,D24HourMean,QuarterlyMean,Mean,5.96
1260,607,D24HourMean,QuarterlyMean,Mean,7.13
1259,604,D24HourMean,QuarterlyMean,Mean,7.15
1273,602,D24HourMean,QuarterlyMean,Mean,8.04
1268,592,D24HourMean,QuarterlyMean,Mean,7.73
1275,599,D24HourMean,QuarterlyMean,Mean,7.48
1258,607,D24HourMean,QuarterlyMean,Mean,7.13
1273,598,D24HourMean,QuarterlyMean,Mean,8.22
1271,585,D24HourMean,QuarterlyMean,Mean,5.30
1269,594,D24HourMean,QuarterlyMean,Mean,6.82
1266,604,D24HourMean,QuarterlyMean,Mean,7.92
1265,601,D24HourMean,QuarterlyMean,Mean,7.71
1260,586,D24HourMean,QuarterlyMean,Mean,6.30
1277,594,D24HourMean,QuarterlyMean,Mean,7.36
1260,614,D24HourMean,QuarterlyMean,Mean,8.01
1263,600,D24HourMean,QuarterlyMean,Mean,6.73
1281,603,D24HourMean,QuarterlyMean,Mean,9.53
1272,589,D24HourMean,QuarterlyMean,Mean,6.21
1259,582,D24HourMean,QuarterlyMean,Mean,5.21
1260,585,D24HourMean,QuarterlyMean,Mean,6.09
1259,584,D24HourMean,QuarterlyMean,Mean,5.88
1278,606,D24HourMean,QuarterlyMean,Mean,9.31
1268,587,D24HourMean,QuarterlyMean,Mean,6.04
1262,612,D24HourMean,QuarterlyMean,Mean,8.51
1262,613,D24HourMean,QuarterlyMean,Mean,7.38
1261,583,D24HourMean,QuarterlyMean,Mean,5.48
1262,609,D24HourMean,QuarterlyMean,Mean,7.55
1261,586,D24HourMean,QuarterlyMean,Mean,6.09
1265,589,D24HourMean,QuarterlyMean,Mean,7.08
1272,608,D24HourMean,QuarterlyMean,Mean,9.19
1266,615,D24HourMean,QuarterlyMean,Mean,9.65
1268,583,D24HourMean,QuarterlyMean,Mean,5.28
1271,597,D24HourMean,QuarterlyMean,Mean,7.27
1277,608,D24HourMean,QuarterlyMean,Mean,9.91
1273,594,D24HourMean,QuarterlyMean,Mean,7.97
1282,600,D24HourMean,QuarterlyMean,Mean,8.53
1265,602,D24HourMean,QuarterlyMean,Mean,6.80
1265,597,D24HourMean,QuarterlyMean,Mean,7.71
1271,584,D24HourMean,QuarterlyMean,Mean,5.19
1258,612,D24HourMean,QuarterlyMean,Mean,8.70
1268,610,D24HourMean,QuarterlyMean,Mean,9.13
1263,587,D24HourMean,QuarterlyMean,Mean,6.14
1267,608,D24HourMean,QuarterlyMean,Mean,7.83
1274,594,D24HourMean,QuarterlyMean,Mean,8.27
1264,587,D24HourMean,QuarterlyMean,Mean,6.09
1256,607,D24HourMean,QuarterlyMean,Mean,6.96
1270,612,D24HourMean,QuarterlyMean,Mean,7.99
1262,600,D24HourMean,QuarterlyMean,Mean,6.14
1262,616,D24HourMean,QuarterlyMean,Mean,10.21
1281,599,D24HourMean,QuarterlyMean,Mean,8.30
1267,595,D24HourMean,QuarterlyMean,Mean,7.27
1259,600,D24HourMean,QuarterlyMean,Mean,6.71
1279,598,D24HourMean,QuarterlyMean,Mean,7.73
1274,595,D24HourMean,QuarterlyMean,Mean,7.50
1261,608,D24HourMean,QuarterlyMean,Mean,7.13
1266,606,D24HourMean,QuarterlyMean,Mean,8.39
1270,591,D24HourMean,QuarterlyMean,Mean,7.12
1268,604,D24HourMean,QuarterlyMean,Mean,7.71
1261,602,D24HourMean,QuarterlyMean,Mean,6.50
1275,605,D24HourMean,QuarterlyMean,Mean,8.77
1260,593,D24HourMean,QuarterlyMean,Mean,6.27
1265,613,D24HourMean,QuarterlyMean,Mean,9.19
1266,588,D24HourMean,QuarterlyMean,Mean,6.76
1279,605,D24HourMean,QuarterlyMean,Mean,8.39
1273,597,D24HourMean,QuarterlyMean,Mean,7.73
1269,613,D24HourMean,QuarterlyMean,Mean,8.20
1277,593,D24HourMean,QuarterlyMean,Mean,7.13
1278,599,D24HourMean,QuarterlyMean,Mean,7.45
1275,607,D24HourMean,QuarterlyMean,Mean,7.38
1259,589,D24HourMean,QuarterlyMean,Mean,6.11
1271,590,D24HourMean,QuarterlyMean,Mean,6.57
1270,586,D24HourMean,QuarterlyMean,Mean,5.79
1264,608,D24HourMean,QuarterlyMean,Mean,7.62
1280,604,D24HourMean,QuarterlyMean,Mean,9.15
1264,603,D24HourMean,QuarterlyMean,Mean,7.17
1265,607,D24HourMean,QuarterlyMean,Mean,7.26
1263,588,D24HourMean,QuarterlyMean,Mean,6.69
1270,593,D24HourMean,QuarterlyMean,Mean,7.29
1262,590,D24HourMean,QuarterlyMean,Mean,6.52
1258,605,D24HourMean,QuarterlyMean,Mean,7.26
1277,598,D24HourMean,QuarterlyMean,Mean,6.82
1258,611,D24HourMean,QuarterlyMean,Mean,8.86
1278,600,D24HourMean,QuarterlyMean,Mean,8.49
1265,606,D24HourMean,QuarterlyMean,Mean,8.06
1259,613,D24HourMean,QuarterlyMean,Mean,7.68
1267,603,D24HourMean,QuarterlyMean,Mean,6.80
1270,606,D24HourMean,QuarterlyMean,Mean,7.68
1266,594,D24HourMean,QuarterlyMean,Mean,7.29
1262,597,D24HourMean,QuarterlyMean,Mean,6.62
1268,595,D24HourMean,QuarterlyMean,Mean,6.64
1277,601,D24HourMean,QuarterlyMean,Mean,8.55
1272,605,D24HourMean,QuarterlyMean,Mean,8.32
1272,595,D24HourMean,QuarterlyMean,Mean,7.94
1263,597,D24HourMean,QuarterlyMean,Mean,7.01
1272,583,D24HourMean,QuarterlyMean,Mean,6.59
1274,597,D24HourMean,QuarterlyMean,Mean,7.47
1258,599,D24HourMean,QuarterlyMean,Mean,7.31
1267,598,D24HourMean,QuarterlyMean,Mean,7.29
1276,590,D24HourMean,QuarterlyMean,Mean,6.82
1277,595,D24HourMean,QuarterlyMean,Mean,7.36
1269,598,D24HourMean,QuarterlyMean,Mean,9.05
1260,582,D24HourMean,QuarterlyMean,Mean,5.32
1275,587,D24HourMean,QuarterlyMean,Mean,6.29
1269,590,D24HourMean,QuarterlyMean,Mean,7.20
1275,597,D24HourMean,QuarterlyMean,Mean,7.55
1269,583,D24HourMean,QuarterlyMean,Mean,4.88
1259,588,D24HourMean,QuarterlyMean,Mean,5.95
1266,610,D24HourMean,QuarterlyMean,Mean,9.19
1271,605,D24HourMean,QuarterlyMean,Mean,8.32
1269,612,D24HourMean,QuarterlyMean,Mean,7.99
1281,601,D24HourMean,QuarterlyMean,Mean,8.60
1269,595,D24HourMean,QuarterlyMean,Mean,6.46
1266,586,D24HourMean,QuarterlyMean,Mean,5.98
1271,586,D24HourMean,QuarterlyMean,Mean,5.79
1279,602,D24HourMean,QuarterlyMean,Mean,9.48
1257,582,D24HourMean,QuarterlyMean,Mean,5.25
1261,596,D24HourMean,QuarterlyMean,Mean,6.64
1275,594,D24HourMean,QuarterlyMean,Mean,7.17
1272,613,D24HourMean,QuarterlyMean,Mean,10.11
1261,585,D24HourMean,QuarterlyMean,Mean,5.77
1263,589,D24HourMean,QuarterlyMean,Mean,7.27
1264,614,D24HourMean,QuarterlyMean,Mean,8.43
1261,587,D24HourMean,QuarterlyMean,Mean,5.71
1264,604,D24HourMean,QuarterlyMean,Mean,7.96
1264,585,D24HourMean,QuarterlyMean,Mean,6.14
1261,613,D24HourMean,QuarterlyMean,Mean,7.06
1274,611,D24HourMean,QuarterlyMean,Mean,10.16
1264,594,D24HourMean,QuarterlyMean,Mean,7.52
1267,597,D24HourMean,QuarterlyMean,Mean,7.54
1272,599,D24HourMean,QuarterlyMean,Mean,6.89
1272,597,D24HourMean,QuarterlyMean,Mean,8.01
1278,601,D24HourMean,QuarterlyMean,Mean,8.94
1257,584,D24HourMean,QuarterlyMean,Mean,5.91
1274,596,D24HourMean,QuarterlyMean,Mean,7.62
1277,597,D24HourMean,QuarterlyMean,Mean,6.23
1268,607,D24HourMean,QuarterlyMean,Mean,7.41
1274,606,D24HourMean,QuarterlyMean,Mean,8.39
1262,614,D24HourMean,QuarterlyMean,Mean,7.31
1268,591,D24HourMean,QuarterlyMean,Mean,7.24
1268,593,D24HourMean,QuarterlyMean,Mean,7.29
1270,594,D24HourMean,QuarterlyMean,Mean,6.60
1279,597,D24HourMean,QuarterlyMean,Mean,8.01
1267,613,D24HourMean,QuarterlyMean,Mean,8.29
1262,610,D24HourMean,QuarterlyMean,Mean,7.15
1257,600,D24HourMean,QuarterlyMean,Mean,7.26
1270,607,D24HourMean,QuarterlyMean,Mean,8.27
1267,607,D24HourMean,QuarterlyMean,Mean,7.94
1259,591,D24HourMean,QuarterlyMean,Mean,5.89
1269,601,D24HourMean,QuarterlyMean,Mean,6.55
1263,596,D24HourMean,QuarterlyMean,Mean,6.83
1265,600,D24HourMean,QuarterlyMean,Mean,8.18
1274,610,D24HourMean,QuarterlyMean,Mean,10.55
1260,603,D24HourMean,QuarterlyMean,Mean,6.25
1258,604,D24HourMean,QuarterlyMean,Mean,6.94
1265,609,D24HourMean,QuarterlyMean,Mean,8.62
1262,601,D24HourMean,QuarterlyMean,Mean,6.25
1261,611,D24HourMean,QuarterlyMean,Mean,7.96
1258,586,D24HourMean,QuarterlyMean,Mean,5.71
1265,583,D24HourMean,QuarterlyMean,Mean,5.26
1263,591,D24HourMean,QuarterlyMean,Mean,7.47
1262,599,D24HourMean,QuarterlyMean,Mean,6.55
1257,611,D24HourMean,QuarterlyMean,Mean,9.08
1277,599,D24HourMean,QuarterlyMean,Mean,9.67
1260,606,D24HourMean,QuarterlyMean,Mean,7.19
1269,609,D24HourMean,QuarterlyMean,Mean,8.82
1268,614,D24HourMean,QuarterlyMean,Mean,9.24
1260,601,D24HourMean,QuarterlyMean,Mean,6.34
1272,592,D24HourMean,QuarterlyMean,Mean,7.55
1272,586,D24HourMean,QuarterlyMean,Mean,5.25
1260,583,D24HourMean,QuarterlyMean,Mean,5.70
1260,613,D24HourMean,QuarterlyMean,Mean,7.45
1276,608,D24HourMean,QuarterlyMean,Mean,9.58
1256,608,D24HourMean,QuarterlyMean,Mean,6.85
1264,610,D24HourMean,QuarterlyMean,Mean,8.65
1271,608,D24HourMean,QuarterlyMean,Mean,9.46
1264,591,D24HourMean,QuarterlyMean,Mean,7.80
1275,603,D24HourMean,QuarterlyMean,Mean,6.57
1280,596,D24HourMean,QuarterlyMean,Mean,8.04
1261,595,D24HourMean,QuarterlyMean,Mean,6.64
1273,596,D24HourMean,QuarterlyMean,Mean,7.31
1268,589,D24HourMean,QuarterlyMean,Mean,6.71
1270,610,D24HourMean,QuarterlyMean,Mean,9.19
1275,590,D24HourMean,QuarterlyMean,Mean,6.50
1271,607,D24HourMean,QuarterlyMean,Mean,8.32
1261,610,D24HourMean,QuarterlyMean,Mean,7.52
1260,605,D24HourMean,QuarterlyMean,Mean,7.36
1264,616,D24HourMean,QuarterlyMean,Mean,9.96
1278,603,D24HourMean,QuarterlyMean,Mean,8.58
1273,610,D24HourMean,QuarterlyMean,Mean,8.86
1269,596,D24HourMean,QuarterlyMean,Mean,7.06
1269,611,D24HourMean,QuarterlyMean,Mean,8.70
1274,608,D24HourMean,QuarterlyMean,Mean,7.85
1267,606,D24HourMean,QuarterlyMean,Mean,9.70
1264,609,D24HourMean,QuarterlyMean,Mean,7.87
1274,584,D24HourMean,QuarterlyMean,Mean,6.59
1259,610,D24HourMean,QuarterlyMean,Mean,8.03
1260,584,D24HourMean,QuarterlyMean,Mean,5.82
1270,590,D24HourMean,QuarterlyMean,Mean,7.64
1277,607,D24HourMean,QuarterlyMean,Mean,9.24
1260,587,D24HourMean,QuarterlyMean,Mean,5.98
1262,594,D24HourMean,QuarterlyMean,Mean,6.50
1282,598,D24HourMean,QuarterlyMean,Mean,8.98
1269,614,D24HourMean,QuarterlyMean,Mean,4.99
1274,605,D24HourMean,QuarterlyMean,Mean,7.71
1268,586,D24HourMean,QuarterlyMean,Mean,5.95
1283,603,D24HourMean,QuarterlyMean,Mean,10.64
1263,585,D24HourMean,QuarterlyMean,Mean,5.88
1271,603,D24HourMean,QuarterlyMean,Mean,7.27
1266,591,D24HourMean,QuarterlyMean,Mean,6.94
1266,612,D24HourMean,QuarterlyMean,Mean,9.22
1264,600,D24HourMean,QuarterlyMean,Mean,7.12
1274,590,D24HourMean,QuarterlyMean,Mean,6.39
1263,604,D24HourMean,QuarterlyMean,Mean,7.96
1264,593,D24HourMean,QuarterlyMean,Mean,6.73
1270,587,D24HourMean,QuarterlyMean,Mean,6.05
1273,604,D24HourMean,QuarterlyMean,Mean,8.15
1270,598,D24HourMean,QuarterlyMean,Mean,8.91
1267,583,D24HourMean,QuarterlyMean,Mean,6.20
1283,601,D24HourMean,QuarterlyMean,Mean,9.36
1280,603,D24HourMean,QuarterlyMean,Mean,9.58
1272,604,D24HourMean,QuarterlyMean,Mean,7.38
1274,591,D24HourMean,QuarterlyMean,Mean,6.66
1269,604,D24HourMean,QuarterlyMean,Mean,6.05
1257,610,D24HourMean,QuarterlyMean,Mean,8.17
1259,586,D24HourMean,QuarterlyMean,Mean,5.82
1267,604,D24HourMean,QuarterlyMean,Mean,7.66
1280,605,D24HourMean,QuarterlyMean,Mean,9.46
1282,601,D24HourMean,QuarterlyMean,Mean,7.99
1258,602,D24HourMean,QuarterlyMean,Mean,6.73
1270,601,D24HourMean,QuarterlyMean,Mean,6.55
1272,600,D24HourMean,QuarterlyMean,Mean,9.31
1282,602,D24HourMean,QuarterlyMean,Mean,8.46
1279,603,D24HourMean,QuarterlyMean,Mean,9.53
1271,589,D24HourMean,QuarterlyMean,Mean,6.20
1274,603,D24HourMean,QuarterlyMean,Mean,8.56
1268,612,D24HourMean,QuarterlyMean,Mean,6.73
1262,587,D24HourMean,QuarterlyMean,Mean,5.23
1277,596,D24HourMean,QuarterlyMean,Mean,6.29
1258,606,D24HourMean,QuarterlyMean,Mean,8.01
1265,591,D24HourMean,QuarterlyMean,Mean,7.96
1265,603,D24HourMean,QuarterlyMean,Mean,7.40
1265,585,D24HourMean,QuarterlyMean,Mean,6.41
1258,609,D24HourMean,QuarterlyMean,Mean,7.57
1259,587,D24HourMean,QuarterlyMean,Mean,5.98
1257,606,D24HourMean,QuarterlyMean,Mean,6.94
1264,592,D24HourMean,QuarterlyMean,Mean,6.45
1263,593,D24HourMean,QuarterlyMean,Mean,6.68
1263,613,D24HourMean,QuarterlyMean,Mean,8.44
1260,610,D24HourMean,QuarterlyMean,Mean,7.54
1265,590,D24HourMean,QuarterlyMean,Mean,7.55
1263,609,D24HourMean,QuarterlyMean,Mean,7.45
1268,611,D24HourMean,QuarterlyMean,Mean,8.70
1268,603,D24HourMean,QuarterlyMean,Mean,6.80
1269,582,D24HourMean,QuarterlyMean,Mean,5.16
1279,595,D24HourMean,QuarterlyMean,Mean,7.75
1277,609,D24HourMean,QuarterlyMean,Mean,10.32
1275,600,D24HourMean,QuarterlyMean,Mean,7.52
1280,606,D24HourMean,QuarterlyMean,Mean,10.89
1263,608,D24HourMean,QuarterlyMean,Mean,7.66
1271,587,D24HourMean,QuarterlyMean,Mean,6.32
1273,607,D24HourMean,QuarterlyMean,Mean,8.08
1275,608,D24HourMean,QuarterlyMean,Mean,8.22
1266,599,D24HourMean,QuarterlyMean,Mean,7.45
1271,595,D24HourMean,QuarterlyMean,Mean,7.34
1269,592,D24HourMean,QuarterlyMean,Mean,7.80
1267,596,D24HourMean,QuarterlyMean,Mean,7.19
1273,589,D24HourMean,QuarterlyMean,Mean,6.11
1263,605,D24HourMean,QuarterlyMean,Mean,7.27
1276,595,D24HourMean,QuarterlyMean,Mean,6.73
1270,613,D24HourMean,QuarterlyMean,Mean,10.81
1272,603,D24HourMean,QuarterlyMean,Mean,8.04
1264,595,D24HourMean,QuarterlyMean,Mean,7.54
1277,592,D24HourMean,QuarterlyMean,Mean,6.98
1279,600,D24HourMean,QuarterlyMean,Mean,8.18
1274,587,D24HourMean,QuarterlyMean,Mean,6.07
1264,615,D24HourMean,QuarterlyMean,Mean,9.51
1266,592,D24HourMean,QuarterlyMean,Mean,7.20
1278,608,D24HourMean,QuarterlyMean,Mean,10.42
1269,608,D24HourMean,QuarterlyMean,Mean,8.32
1262,615,D24HourMean,QuarterlyMean,Mean,8.50
1264,601,D24HourMean,QuarterlyMean,Mean,7.27
1276,601,D24HourMean,QuarterlyMean,Mean,8.25
1274,600,D24HourMean,QuarterlyMean,Mean,7.05
1273,612,D24HourMean,QuarterlyMean,Mean,9.87
1274,585,D24HourMean,QuarterlyMean,Mean,5.89
1276,589,D24HourMean,QuarterlyMean,Mean,6.55
1265,593,D24HourMean,QuarterlyMean,Mean,7.10
1257,583,D24HourMean,QuarterlyMean,Mean,5.73
1281,602,D24HourMean,QuarterlyMean,Mean,8.53
1272,612,D24HourMean,QuarterlyMean,Mean,9.24
1267,584,D24HourMean,QuarterlyMean,Mean,5.95
1275,592,D24HourMean,QuarterlyMean,Mean,7.36
1272,610,D24HourMean,QuarterlyMean,Mean,9.55
1262,602,D24HourMean,QuarterlyMean,Mean,6.41
1267,602,D24HourMean,QuarterlyMean,Mean,6.64
1261,599,D24HourMean,QuarterlyMean,Mean,6.60
1262,583,D24HourMean,QuarterlyMean,Mean,5.53
1275,596,D24HourMean,QuarterlyMean,Mean,6.98
1263,615,D24HourMean,QuarterlyMean,Mean,9.19
1272,590,D24HourMean,QuarterlyMean,Mean,6.32
1261,607,D24HourMean,QuarterlyMean,Mean,7.08
1275,601,D24HourMean,QuarterlyMean,Mean,7.19
1272,609,D24HourMean,QuarterlyMean,Mean,9.39
1262,596,D24HourMean,QuarterlyMean,Mean,6.43
1271,599,D24HourMean,QuarterlyMean,Mean,7.96
1263,614,D24HourMean,QuarterlyMean,Mean,8.01
1260,590,D24HourMean,QuarterlyMean,Mean,5.82
1274,602,D24HourMean,QuarterlyMean,Mean,7.50
1267,609,D24HourMean,QuarterlyMean,Mean,8.03
1266,609,D24HourMean,QuarterlyMean,Mean,8.13
1273,603,D24HourMean,QuarterlyMean,Mean,8.69
1259,611,D24HourMean,QuarterlyMean,Mean,8.01
1263,616,D24HourMean,QuarterlyMean,Mean,9.89
1271,592,D24HourMean,QuarterlyMean,Mean,6.66
1261,589,D24HourMean,QuarterlyMean,Mean,5.35
1271,583,D24HourMean,QuarterlyMean,Mean,5.55
1261,592,D24HourMean,QuarterlyMean,Mean,6.21
1273,609,D24HourMean,QuarterlyMean,Mean,8.08
1269,603,D24HourMean,QuarterlyMean,Mean,6.32
1266,600,D24HourMean,QuarterlyMean,Mean,7.50
1259,585,D24HourMean,QuarterlyMean,Mean,5.98
1273,608,D24HourMean,QuarterlyMean,Mean,8.93
1266,601,D24HourMean,QuarterlyMean,Mean,7.13
1267,591,D24HourMean,QuarterlyMean,Mean,6.85
1272,584,D24HourMean,QuarterlyMean,Mean,6.27
1262,598,D24HourMean,QuarterlyMean,Mean,6.69
1273,590,D24HourMean,QuarterlyMean,Mean,6.43
1259,599,D24HourMean,QuarterlyMean,Mean,6.92
1273,605,D24HourMean,QuarterlyMean,Mean,7.71
1277,591,D24HourMean,QuarterlyMean,Mean,7.24
1271,600,D24HourMean,QuarterlyMean,Mean,8.20
1264,599,D24HourMean,QuarterlyMean,Mean,6.50
1269,600,D24HourMean,QuarterlyMean,Mean,6.44
1269,597,D24HourMean,QuarterlyMean,Mean,7.62
1266,611,D24HourMean,QuarterlyMean,Mean,8.69
1269,605,D24HourMean,QuarterlyMean,Mean,7.45
1278,596,D24HourMean,QuarterlyMean,Mean,7.20
1279,604,D24HourMean,QuarterlyMean,Mean,8.69
1274,592,D24HourMean,QuarterlyMean,Mean,7.34
1262,595,D24HourMean,QuarterlyMean,Mean,6.62
1267,590,D24HourMean,QuarterlyMean,Mean,6.66
1278,593,D24HourMean,QuarterlyMean,Mean,7.69
1272,611,D24HourMean,QuarterlyMean,Mean,8.69
1267,588,D24HourMean,QuarterlyMean,Mean,6.12
1259,612,D24HourMean,QuarterlyMean,Mean,8.27
1267,586,D24HourMean,QuarterlyMean,Mean,6.14
1268,596,D24HourMean,QuarterlyMean,Mean,7.17
1277,590,D24HourMean,QuarterlyMean,Mean,7.19
1270,603,D24HourMean,QuarterlyMean,Mean,7.24
1267,593,D24HourMean,QuarterlyMean,Mean,7.43
1259,606,D24HourMean,QuarterlyMean,Mean,7.94
1262,589,D24HourMean,QuarterlyMean,Mean,6.14
1264,597,D24HourMean,QuarterlyMean,Mean,7.12
1267,600,D24HourMean,QuarterlyMean,Mean,6.85
1261,591,D24HourMean,QuarterlyMean,Mean,6.66
1265,599,D24HourMean,QuarterlyMean,Mean,7.64
1275,589,D24HourMean,QuarterlyMean,Mean,6.05
1282,606,D24HourMean,QuarterlyMean,Mean,18.59
1263,586,D24HourMean,QuarterlyMean,Mean,5.55
1267,592,D24HourMean,QuarterlyMean,Mean,7.06
1275,602,D24HourMean,QuarterlyMean,Mean,6.46
1268,608,D24HourMean,QuarterlyMean,Mean,8.74
1268,600,D24HourMean,QuarterlyMean,Mean,7.10
1262,611,D24HourMean,QuarterlyMean,Mean,7.26
1266,613,D24HourMean,QuarterlyMean,Mean,9.39
1270,595,D24HourMean,QuarterlyMean,Mean,6.75
1270,602,D24HourMean,QuarterlyMean,Mean,7.10
1268,599,D24HourMean,QuarterlyMean,Mean,7.99
1259,609,D24HourMean,QuarterlyMean,Mean,7.03
1266,584,D24HourMean,QuarterlyMean,Mean,5.98
1258,583,D24HourMean,QuarterlyMean,Mean,5.68
1267,594,D24HourMean,QuarterlyMean,Mean,7.47
1263,610,D24HourMean,QuarterlyMean,Mean,8.03
1276,593,D24HourMean,QuarterlyMean,Mean,7.03
1278,605,D24HourMean,QuarterlyMean,Mean,8.91
1269,588,D24HourMean,QuarterlyMean,Mean,6.14
1262,604,D24HourMean,QuarterlyMean,Mean,6.94
1261,614,D24HourMean,QuarterlyMean,Mean,7.20
1278,598,D24HourMean,QuarterlyMean,Mean,6.78
1274,599,D24HourMean,QuarterlyMean,Mean,7.45
1259,583,D24HourMean,QuarterlyMean,Mean,5.41
1266,595,D24HourMean,QuarterlyMean,Mean,7.15
1262,585,D24HourMean,QuarterlyMean,Mean,5.34
1268,613,D24HourMean,QuarterlyMean,Mean,8.04
1262,617,D24HourMean,QuarterlyMean,Mean,4.83
1271,591,D24HourMean,QuarterlyMean,Mean,6.41
1263,594,D24HourMean,QuarterlyMean,Mean,7.20
1266,605,D24HourMean,QuarterlyMean,Mean,7.54
1262,588,D24HourMean,QuarterlyMean,Mean,5.57
1263,592,D24HourMean,QuarterlyMean,Mean,6.50
1276,609,D24HourMean,QuarterlyMean,Mean,9.22
1270,592,D24HourMean,QuarterlyMean,Mean,7.43
1271,596,D24HourMean,QuarterlyMean,Mean,7.66
1261,616,D24HourMean,QuarterlyMean,Mean,11.20
1261,597,D24HourMean,QuarterlyMean,Mean,6.66
1271,612,D24HourMean,QuarterlyMean,Mean,8.41
1267,585,D24HourMean,QuarterlyMean,Mean,5.82
1275,609,D24HourMean,QuarterlyMean,Mean,9.68
1276,600,D24HourMean,QuarterlyMean,Mean,7.66
1265,604,D24HourMean,QuarterlyMean,Mean,7.48
1268,588,D24HourMean,QuarterlyMean,Mean,6.12
1271,604,D24HourMean,QuarterlyMean,Mean,7.64
1270,584,D24HourMean,QuarterlyMean,Mean,5.73
1270,600,D24HourMean,QuarterlyMean,Mean,7.75
1267,611,D24HourMean,QuarterlyMean,Mean,9.29
1277,605,D24HourMean,QuarterlyMean,Mean,9.12
1265,584,D24HourMean,QuarterlyMean,Mean,5.88
1274,593,D24HourMean,QuarterlyMean,Mean,7.41
1269,591,D24HourMean,QuarterlyMean,Mean,7.52
1269,589,D24HourMean,QuarterlyMean,Mean,6.55
1266,596,D24HourMean,QuarterlyMean,Mean,7.48
1274,589,D24HourMean,QuarterlyMean,Mean,6.21
1257,605,D24HourMean,QuarterlyMean,Mean,7.05
1273,588,D24HourMean,QuarterlyMean,Mean,6.07
1261,615,D24HourMean,QuarterlyMean,Mean,7.89
1269,610,D24HourMean,QuarterlyMean,Mean,9.43
1276,603,D24HourMean,QuarterlyMean,Mean,7.89
1267,599,D24HourMean,QuarterlyMean,Mean,7.26
1280,597,D24HourMean,QuarterlyMean,Mean,8.43
1262,608,D24HourMean,QuarterlyMean,Mean,7.27
1277,602,D24HourMean,QuarterlyMean,Mean,9.24
1268,609,D24HourMean,QuarterlyMean,Mean,8.56
1259,581,D24HourMean,QuarterlyMean,Mean,5.05
1263,603,D24HourMean,QuarterlyMean,Mean,7.75
1260,592,D24HourMean,QuarterlyMean,Mean,6.05
1274,607,D24HourMean,QuarterlyMean,Mean,6.92
1261,601,D24HourMean,QuarterlyMean,Mean,6.44
1282,604,D24HourMean,QuarterlyMean,Mean,9.41
1275,595,D24HourMean,QuarterlyMean,Mean,7.38
1267,605,D24HourMean,QuarterlyMean,Mean,8.67
1280,600,D24HourMean,QuarterlyMean,Mean,7.59
1263,598,D24HourMean,QuarterlyMean,Mean,7.08
1275,598,D24HourMean,QuarterlyMean,Mean,7.92
1273,592,D24HourMean,QuarterlyMean,Mean,6.98
1268,598,D24HourMean,QuarterlyMean,Mean,7.82
1266,608,D24HourMean,QuarterlyMean,Mean,8.10
1270,611,D24HourMean,QuarterlyMean,Mean,8.69
1274,586,D24HourMean,QuarterlyMean,Mean,5.80
1264,590,D24HourMean,QuarterlyMean,Mean,7.55
1261,588,D24HourMean,QuarterlyMean,Mean,5.25
1268,597,D24HourMean,QuarterlyMean,Mean,7.55
1265,612,D24HourMean,QuarterlyMean,Mean,8.25
1273,585,D24HourMean,QuarterlyMean,Mean,5.46
1276,606,D24HourMean,QuarterlyMean,Mean,8.34
1263,590,D24HourMean,QuarterlyMean,Mean,8.39
1262,603,D24HourMean,QuarterlyMean,Mean,6.62
1276,594,D24HourMean,QuarterlyMean,Mean,7.10
1259,602,D24HourMean,QuarterlyMean,Mean,6.30
1265,614,D24HourMean,QuarterlyMean,Mean,9.37
1264,602,D24HourMean,QuarterlyMean,Mean,7.43
1280,602,D24HourMean,QuarterlyMean,Mean,9.32
1257,607,D24HourMean,QuarterlyMean,Mean,7.05
1258,610,D24HourMean,QuarterlyMean,Mean,8.60
1264,607,D24HourMean,QuarterlyMean,Mean,7.31
1263,602,D24HourMean,QuarterlyMean,Mean,7.33
1273,611,D24HourMean,QuarterlyMean,Mean,9.20
1264,611,D24HourMean,QuarterlyMean,Mean,8.81
1257,603,D24HourMean,QuarterlyMean,Mean,7.20
1268,602,D24HourMean,QuarterlyMean,Mean,6.64
1257,602,D24HourMean,QuarterlyMean,Mean,6.94
1261,590,D24HourMean,QuarterlyMean,Mean,6.25
1258,600,D24HourMean,QuarterlyMean,Mean,7.31
1271,601,D24HourMean,QuarterlyMean,Mean,7.26
