Column,Row,Metric,Seasonal Metric,Annual Metric,Values
1254,609,D24HourMean,QuarterlyMean,Mean,7.12
1241,586,D24HourMean,QuarterlyMean,Mean,5.37
1247,596,D24HourMean,QuarterlyMean,Mean,6.68
1252,585,D24HourMean,QuarterlyMean,Mean,6.23
1241,615,D24HourMean,QuarterlyMean,Mean,8.23
1234,588,D24HourMean,QuarterlyMean,Mean,5.52
1257,595,D24HourMean,QuarterlyMean,Mean,6.11
1225,605,D24HourMean,QuarterlyMean,Mean,5.86
1237,608,D24HourMean,QuarterlyMean,Mean,6.30
1259,594,D24HourMean,QuarterlyMean,Mean,6.41
1241,585,D24HourMean,QuarterlyMean,Mean,5.25
1255,609,D24HourMean,QuarterlyMean,Mean,6.75
1250,595,D24HourMean,QuarterlyMean,Mean,7.45
1233,619,D24HourMean,QuarterlyMean,Mean,11.86
1222,606,D24HourMean,QuarterlyMean,Mean,6.60
1251,601,D24HourMean,QuarterlyMean,Mean,6.80
1247,592,D24HourMean,QuarterlyMean,Mean,6.75
1250,610,D24HourMean,QuarterlyMean,Mean,8.18
1253,598,D24HourMean,QuarterlyMean,Mean,4.79
1257,586,D24HourMean,QuarterlyMean,Mean,5.34
1232,602,D24HourMean,QuarterlyMean,Mean,6.46
1229,611,D24HourMean,QuarterlyMean,Mean,6.68
1230,615,D24HourMean,QuarterlyMean,Mean,7.29
1228,605,D24HourMean,QuarterlyMean,Mean,6.29
1245,610,D24HourMean,QuarterlyMean,Mean,7.90
1251,606,D24HourMean,QuarterlyMean,Mean,7.78
1249,598,D24HourMean,QuarterlyMean,Mean,7.22
1233,588,D24HourMean,QuarterlyMean,Mean,5.41
1235,585,D24HourMean,QuarterlyMean,Mean,5.41
1234,601,D24HourMean,QuarterlyMean,Mean,5.73
1253,597,D24HourMean,QuarterlyMean,Mean,7.75
1226,594,D24HourMean,QuarterlyMean,Mean,5.86
1238,589,D24HourMean,QuarterlyMean,Mean,6.39
1243,611,D24HourMean,QuarterlyMean,Mean,7.71
1235,591,D24HourMean,QuarterlyMean,Mean,6.27
1240,580,D24HourMean,QuarterlyMean,Mean,5.19
1225,598,D24HourMean,QuarterlyMean,Mean,5.64
1243,614,D24HourMean,QuarterlyMean,Mean,7.26
1245,593,D24HourMean,QuarterlyMean,Mean,6.64
1228,613,D24HourMean,QuarterlyMean,Mean,6.83
1234,595,D24HourMean,QuarterlyMean,Mean,6.44
1239,585,D24HourMean,QuarterlyMean,Mean,5.30
1252,584,D24HourMean,QuarterlyMean,Mean,6.66
1254,600,D24HourMean,QuarterlyMean,Mean,6.55
1252,588,D24HourMean,QuarterlyMean,Mean,5.32
1239,618,D24HourMean,QuarterlyMean,Mean,14.12
1243,603,D24HourMean,QuarterlyMean,Mean,6.46
1247,606,D24HourMean,QuarterlyMean,Mean,6.92
1235,593,D24HourMean,QuarterlyMean,Mean,6.32
1241,602,D24HourMean,QuarterlyMean,Mean,6.52
1233,617,D24HourMean,QuarterlyMean,Mean,7.40
1230,618,D24HourMean,QuarterlyMean,Mean,9.44
1248,589,D24HourMean,QuarterlyMean,Mean,6.02
1241,579,D24HourMean,QuarterlyMean,Mean,5.26
1256,606,D24HourMean,QuarterlyMean,Mean,7.38
1231,601,D24HourMean,QuarterlyMean,Mean,6.68
1251,590,D24HourMean,QuarterlyMean,Mean,6.59
1235,595,D24HourMean,QuarterlyMean,Mean,6.39
1256,595,D24HourMean,QuarterlyMean,Mean,5.89
1253,606,D24HourMean,QuarterlyMean,Mean,7.29
1239,594,D24HourMean,QuarterlyMean,Mean,7.40
1248,618,D24HourMean,QuarterlyMean,Mean,9.51
1256,615,D24HourMean,QuarterlyMean,Mean,8.63
1246,605,D24HourMean,QuarterlyMean,Mean,6.69
1231,591,D24HourMean,QuarterlyMean,Mean,6.04
1247,605,D24HourMean,QuarterlyMean,Mean,6.90
1234,596,D24HourMean,QuarterlyMean,Mean,6.82
1234,586,D24HourMean,QuarterlyMean,Mean,5.30
1230,605,D24HourMean,QuarterlyMean,Mean,6.34
1257,615,D24HourMean,QuarterlyMean,Mean,9.25
1234,609,D24HourMean,QuarterlyMean,Mean,6.46
1234,591,D24HourMean,QuarterlyMean,Mean,6.37
1256,586,D24HourMean,QuarterlyMean,Mean,5.77
1230,596,D24HourMean,QuarterlyMean,Mean,6.07
1250,594,D24HourMean,QuarterlyMean,Mean,7.29
1235,587,D24HourMean,QuarterlyMean,Mean,5.75
1252,604,D24HourMean,QuarterlyMean,Mean,7.10
1236,610,D24HourMean,QuarterlyMean,Mean,6.66
1250,614,D24HourMean,QuarterlyMean,Mean,8.51
1234,599,D24HourMean,QuarterlyMean,Mean,7.34
1242,602,D24HourMean,QuarterlyMean,Mean,6.14
1236,603,D24HourMean,QuarterlyMean,Mean,6.48
1228,604,D24HourMean,QuarterlyMean,Mean,6.27
1254,592,D24HourMean,QuarterlyMean,Mean,8.11
1237,590,D24HourMean,QuarterlyMean,Mean,6.37
1245,598,D24HourMean,QuarterlyMean,Mean,7.15
1227,605,D24HourMean,QuarterlyMean,Mean,5.96
1234,594,D24HourMean,QuarterlyMean,Mean,6.48
1235,583,D24HourMean,QuarterlyMean,Mean,5.05
1239,609,D24HourMean,QuarterlyMean,Mean,7.26
1241,599,D24HourMean,QuarterlyMean,Mean,6.37
1243,598,D24HourMean,QuarterlyMean,Mean,6.60
1236,597,D24HourMean,QuarterlyMean,Mean,7.03
1253,613,D24HourMean,QuarterlyMean,Mean,6.98
1244,607,D24HourMean,QuarterlyMean,Mean,7.08
1247,600,D24HourMean,QuarterlyMean,Mean,6.60
1255,597,D24HourMean,QuarterlyMean,Mean,6.89
1238,608,D24HourMean,QuarterlyMean,Mean,6.73
1251,611,D24HourMean,QuarterlyMean,Mean,7.57
1238,604,D24HourMean,QuarterlyMean,Mean,7.24
1230,589,D24HourMean,QuarterlyMean,Mean,5.19
1248,614,D24HourMean,QuarterlyMean,Mean,7.26
1246,596,D24HourMean,QuarterlyMean,Mean,7.05
1253,615,D24HourMean,QuarterlyMean,Mean,6.90
1222,607,D24HourMean,QuarterlyMean,Mean,6.44
1244,588,D24HourMean,QuarterlyMean,Mean,5.35
1243,596,D24HourMean,QuarterlyMean,Mean,7.08
1242,605,D24HourMean,QuarterlyMean,Mean,5.79
1255,587,D24HourMean,QuarterlyMean,Mean,5.55
1232,592,D24HourMean,QuarterlyMean,Mean,6.30
1236,609,D24HourMean,QuarterlyMean,Mean,6.43
1239,615,D24HourMean,QuarterlyMean,Mean,9.50
1240,594,D24HourMean,QuarterlyMean,Mean,7.27
1243,601,D24HourMean,QuarterlyMean,Mean,6.36
1247,588,D24HourMean,QuarterlyMean,Mean,5.80
1253,595,D24HourMean,QuarterlyMean,Mean,6.64
1236,598,D24HourMean,QuarterlyMean,Mean,7.13
1223,606,D24HourMean,QuarterlyMean,Mean,6.66
1237,592,D24HourMean,QuarterlyMean,Mean,6.21
1246,593,D24HourMean,QuarterlyMean,Mean,6.48
1251,591,D24HourMean,QuarterlyMean,Mean,6.62
1243,586,D24HourMean,QuarterlyMean,Mean,5.25
1244,603,D24HourMean,QuarterlyMean,Mean,6.37
1253,593,D24HourMean,QuarterlyMean,Mean,6.57
1257,592,D24HourMean,QuarterlyMean,Mean,6.23
1234,617,D24HourMean,QuarterlyMean,Mean,7.03
1235,605,D24HourMean,QuarterlyMean,Mean,6.55
1231,610,D24HourMean,QuarterlyMean,Mean,6.30
1240,584,D24HourMean,QuarterlyMean,Mean,5.55
1233,598,D24HourMean,QuarterlyMean,Mean,7.45
1255,615,D24HourMean,QuarterlyMean,Mean,8.60
1231,596,D24HourMean,QuarterlyMean,Mean,6.60
1237,603,D24HourMean,QuarterlyMean,Mean,6.59
1245,618,D24HourMean,QuarterlyMean,Mean,8.39
1229,592,D24HourMean,QuarterlyMean,Mean,6.09
1245,597,D24HourMean,QuarterlyMean,Mean,6.44
1238,606,D24HourMean,QuarterlyMean,Mean,6.68
1253,607,D24HourMean,QuarterlyMean,Mean,7.36
1229,599,D24HourMean,QuarterlyMean,Mean,6.48
1232,583,D24HourMean,QuarterlyMean,Mean,5.17
1256,601,D24HourMean,QuarterlyMean,Mean,6.41
1247,589,D24HourMean,QuarterlyMean,Mean,5.96
1253,612,D24HourMean,QuarterlyMean,Mean,6.90
1238,587,D24HourMean,QuarterlyMean,Mean,5.64
1241,617,D24HourMean,QuarterlyMean,Mean,9.27
1222,599,D24HourMean,QuarterlyMean,Mean,5.62
1229,615,D24HourMean,QuarterlyMean,Mean,7.03
1238,582,D24HourMean,QuarterlyMean,Mean,5.82
1241,592,D24HourMean,QuarterlyMean,Mean,5.66
1233,603,D24HourMean,QuarterlyMean,Mean,6.09
1233,591,D24HourMean,QuarterlyMean,Mean,6.37
1250,611,D24HourMean,QuarterlyMean,Mean,7.57
1247,616,D24HourMean,QuarterlyMean,Mean,8.41
1255,616,D24HourMean,QuarterlyMean,Mean,6.52
1249,613,D24HourMean,QuarterlyMean,Mean,7.01
1232,588,D24HourMean,QuarterlyMean,Mean,5.41
1241,578,D24HourMean,QuarterlyMean,Mean,5.16
1225,602,D24HourMean,QuarterlyMean,Mean,5.61
1258,587,D24HourMean,QuarterlyMean,Mean,5.61
1239,583,D24HourMean,QuarterlyMean,Mean,5.50
1249,617,D24HourMean,QuarterlyMean,Mean,8.96
1236,618,D24HourMean,QuarterlyMean,Mean,9.99
1246,609,D24HourMean,QuarterlyMean,Mean,7.20
1255,592,D24HourMean,QuarterlyMean,Mean,7.90
1232,607,D24HourMean,QuarterlyMean,Mean,7.01
1245,589,D24HourMean,QuarterlyMean,Mean,5.35
1249,597,D24HourMean,QuarterlyMean,Mean,7.12
1248,601,D24HourMean,QuarterlyMean,Mean,6.39
1238,595,D24HourMean,QuarterlyMean,Mean,7.10
1260,596,D24HourMean,QuarterlyMean,Mean,6.71
1242,595,D24HourMean,QuarterlyMean,Mean,7.03
1235,617,D24HourMean,QuarterlyMean,Mean,7.40
1247,603,D24HourMean,QuarterlyMean,Mean,6.36
1232,612,D24HourMean,QuarterlyMean,Mean,7.48
1248,598,D24HourMean,QuarterlyMean,Mean,6.89
1255,590,D24HourMean,QuarterlyMean,Mean,6.76
1233,613,D24HourMean,QuarterlyMean,Mean,7.38
1226,607,D24HourMean,QuarterlyMean,Mean,6.80
1249,591,D24HourMean,QuarterlyMean,Mean,6.20
1226,602,D24HourMean,QuarterlyMean,Mean,6.00
1236,602,D24HourMean,QuarterlyMean,Mean,6.57
1247,608,D24HourMean,QuarterlyMean,Mean,6.98
1238,596,D24HourMean,QuarterlyMean,Mean,7.41
1246,591,D24HourMean,QuarterlyMean,Mean,6.21
1236,581,D24HourMean,QuarterlyMean,Mean,5.50
1253,608,D24HourMean,QuarterlyMean,Mean,7.36
1244,590,D24HourMean,QuarterlyMean,Mean,5.95
1245,590,D24HourMean,QuarterlyMean,Mean,6.16
1240,617,D24HourMean,QuarterlyMean,Mean,13.48
1259,618,D24HourMean,QuarterlyMean,Mean,11.91
1249,611,D24HourMean,QuarterlyMean,Mean,7.80
1252,618,D24HourMean,QuarterlyMean,Mean,10.44
1225,600,D24HourMean,QuarterlyMean,Mean,5.34
1245,600,D24HourMean,QuarterlyMean,Mean,7.06
1232,614,D24HourMean,QuarterlyMean,Mean,7.40
1243,618,D24HourMean,QuarterlyMean,Mean,10.10
1240,596,D24HourMean,QuarterlyMean,Mean,6.87
1239,606,D24HourMean,QuarterlyMean,Mean,6.46
1247,595,D24HourMean,QuarterlyMean,Mean,6.43
1231,598,D24HourMean,QuarterlyMean,Mean,6.71
1233,587,D24HourMean,QuarterlyMean,Mean,5.68
1238,590,D24HourMean,QuarterlyMean,Mean,6.92
1250,608,D24HourMean,QuarterlyMean,Mean,7.59
1249,610,D24HourMean,QuarterlyMean,Mean,8.55
1230,609,D24HourMean,QuarterlyMean,Mean,6.07
1231,619,D24HourMean,QuarterlyMean,Mean,11.34
1251,608,D24HourMean,QuarterlyMean,Mean,8.17
1233,608,D24HourMean,QuarterlyMean,Mean,6.29
1239,584,D24HourMean,QuarterlyMean,Mean,5.52
1234,590,D24HourMean,QuarterlyMean,Mean,5.89
1231,590,D24HourMean,QuarterlyMean,Mean,6.14
1239,602,D24HourMean,QuarterlyMean,Mean,7.27
1230,595,D24HourMean,QuarterlyMean,Mean,6.11
1250,601,D24HourMean,QuarterlyMean,Mean,6.69
1252,610,D24HourMean,QuarterlyMean,Mean,7.36
1245,605,D24HourMean,QuarterlyMean,Mean,7.19
1252,589,D24HourMean,QuarterlyMean,Mean,8.39
1232,613,D24HourMean,QuarterlyMean,Mean,8.03
1244,594,D24HourMean,QuarterlyMean,Mean,6.90
1254,607,D24HourMean,QuarterlyMean,Mean,6.92
1258,616,D24HourMean,QuarterlyMean,Mean,8.41
1239,580,D24HourMean,QuarterlyMean,Mean,5.30
1242,618,D24HourMean,QuarterlyMean,Mean,4.52
1240,601,D24HourMean,QuarterlyMean,Mean,6.18
1224,605,D24HourMean,QuarterlyMean,Mean,6.29
1235,598,D24HourMean,QuarterlyMean,Mean,7.31
1259,593,D24HourMean,QuarterlyMean,Mean,6.16
1226,596,D24HourMean,QuarterlyMean,Mean,5.86
1232,595,D24HourMean,QuarterlyMean,Mean,6.32
1229,612,D24HourMean,QuarterlyMean,Mean,6.62
1248,595,D24HourMean,QuarterlyMean,Mean,6.71
1254,615,D24HourMean,QuarterlyMean,Mean,7.17
1230,587,D24HourMean,QuarterlyMean,Mean,5.32
1225,606,D24HourMean,QuarterlyMean,Mean,6.83
1242,608,D24HourMean,QuarterlyMean,Mean,5.91
1235,589,D24HourMean,QuarterlyMean,Mean,5.46
1235,618,D24HourMean,QuarterlyMean,Mean,11.66
1223,596,D24HourMean,QuarterlyMean,Mean,5.96
1229,593,D24HourMean,QuarterlyMean,Mean,5.98
1240,602,D24HourMean,QuarterlyMean,Mean,6.57
1233,592,D24HourMean,QuarterlyMean,Mean,6.30
1246,595,D24HourMean,QuarterlyMean,Mean,6.99
1232,615,D24HourMean,QuarterlyMean,Mean,9.53
1254,587,D24HourMean,QuarterlyMean,Mean,5.61
1253,617,D24HourMean,QuarterlyMean,Mean,7.57
1232,618,D24HourMean,QuarterlyMean,Mean,10.32
1257,618,D24HourMean,QuarterlyMean,Mean,15.77
1229,598,D24HourMean,QuarterlyMean,Mean,6.71
1237,599,D24HourMean,QuarterlyMean,Mean,7.40
1227,595,D24HourMean,QuarterlyMean,Mean,5.96
1232,605,D24HourMean,QuarterlyMean,Mean,6.37
1236,596,D24HourMean,QuarterlyMean,Mean,6.76
1252,598,D24HourMean,QuarterlyMean,Mean,6.14
1258,598,D24HourMean,QuarterlyMean,Mean,6.90
1240,583,D24HourMean,QuarterlyMean,Mean,5.77
1249,595,D24HourMean,QuarterlyMean,Mean,6.99
1256,599,D24HourMean,QuarterlyMean,Mean,6.92
1237,601,D24HourMean,QuarterlyMean,Mean,7.38
1260,616,D24HourMean,QuarterlyMean,Mean,10.11
1257,617,D24HourMean,QuarterlyMean,Mean,13.05
1236,599,D24HourMean,QuarterlyMean,Mean,6.80
1240,587,D24HourMean,QuarterlyMean,Mean,5.53
1232,589,D24HourMean,QuarterlyMean,Mean,5.66
1249,600,D24HourMean,QuarterlyMean,Mean,6.57
1238,585,D24HourMean,QuarterlyMean,Mean,5.52
1232,609,D24HourMean,QuarterlyMean,Mean,6.04
1242,596,D24HourMean,QuarterlyMean,Mean,6.66
1255,593,D24HourMean,QuarterlyMean,Mean,6.78
1231,589,D24HourMean,QuarterlyMean,Mean,5.62
1258,590,D24HourMean,QuarterlyMean,Mean,5.61
1241,595,D24HourMean,QuarterlyMean,Mean,6.92
1237,593,D24HourMean,QuarterlyMean,Mean,6.53
1251,596,D24HourMean,QuarterlyMean,Mean,6.66
1249,619,D24HourMean,QuarterlyMean,Mean,9.77
1246,601,D24HourMean,QuarterlyMean,Mean,6.29
1221,603,D24HourMean,QuarterlyMean,Mean,6.00
1253,616,D24HourMean,QuarterlyMean,Mean,6.78
1250,589,D24HourMean,QuarterlyMean,Mean,5.96
1241,614,D24HourMean,QuarterlyMean,Mean,6.89
1226,605,D24HourMean,QuarterlyMean,Mean,5.93
1248,597,D24HourMean,QuarterlyMean,Mean,6.41
1256,616,D24HourMean,QuarterlyMean,Mean,7.64
1233,607,D24HourMean,QuarterlyMean,Mean,6.57
1258,597,D24HourMean,QuarterlyMean,Mean,6.62
1231,607,D24HourMean,QuarterlyMean,Mean,6.48
1256,589,D24HourMean,QuarterlyMean,Mean,5.68
1240,616,D24HourMean,QuarterlyMean,Mean,10.25
1251,604,D24HourMean,QuarterlyMean,Mean,7.05
1235,604,D24HourMean,QuarterlyMean,Mean,6.39
1242,597,D24HourMean,QuarterlyMean,Mean,6.66
1251,588,D24HourMean,QuarterlyMean,Mean,5.43
1258,614,D24HourMean,QuarterlyMean,Mean,7.82
1233,597,D24HourMean,QuarterlyMean,Mean,6.98
1234,581,D24HourMean,QuarterlyMean,Mean,4.94
1244,611,D24HourMean,QuarterlyMean,Mean,8.20
1228,602,D24HourMean,QuarterlyMean,Mean,5.84
1235,609,D24HourMean,QuarterlyMean,Mean,6.14
1253,592,D24HourMean,QuarterlyMean,Mean,6.20
1258,593,D24HourMean,QuarterlyMean,Mean,6.39
1228,606,D24HourMean,QuarterlyMean,Mean,6.04
1237,587,D24HourMean,QuarterlyMean,Mean,5.62
1235,582,D24HourMean,QuarterlyMean,Mean,5.26
1247,614,D24HourMean,QuarterlyMean,Mean,7.05
1246,611,D24HourMean,QuarterlyMean,Mean,8.27
1234,605,D24HourMean,QuarterlyMean,Mean,6.23
1241,606,D24HourMean,QuarterlyMean,Mean,6.23
1250,617,D24HourMean,QuarterlyMean,Mean,7.43
1249,589,D24HourMean,QuarterlyMean,Mean,5.96
1255,601,D24HourMean,QuarterlyMean,Mean,7.36
1234,611,D24HourMean,QuarterlyMean,Mean,6.53
1244,598,D24HourMean,QuarterlyMean,Mean,6.76
1251,612,D24HourMean,QuarterlyMean,Mean,7.38
1239,600,D24HourMean,QuarterlyMean,Mean,8.23
1229,610,D24HourMean,QuarterlyMean,Mean,6.44
1224,599,D24HourMean,QuarterlyMean,Mean,5.12
1251,603,D24HourMean,QuarterlyMean,Mean,6.76
1250,616,D24HourMean,QuarterlyMean,Mean,7.55
1227,602,D24HourMean,QuarterlyMean,Mean,5.89
1252,606,D24HourMean,QuarterlyMean,Mean,7.45
1255,606,D24HourMean,QuarterlyMean,Mean,7.12
1250,600,D24HourMean,QuarterlyMean,Mean,6.78
1233,586,D24HourMean,QuarterlyMean,Mean,5.25
1243,610,D24HourMean,QuarterlyMean,Mean,8.36
1246,590,D24HourMean,QuarterlyMean,Mean,6.48
1233,589,D24HourMean,QuarterlyMean,Mean,5.62
1230,603,D24HourMean,QuarterlyMean,Mean,6.53
1247,590,D24HourMean,QuarterlyMean,Mean,6.71
1222,603,D24HourMean,QuarterlyMean,Mean,5.37
1255,595,D24HourMean,QuarterlyMean,Mean,6.64
1237,610,D24HourMean,QuarterlyMean,Mean,6.69
1238,611,D24HourMean,QuarterlyMean,Mean,7.61
1236,607,D24HourMean,QuarterlyMean,Mean,6.29
1242,587,D24HourMean,QuarterlyMean,Mean,5.26
1257,587,D24HourMean,QuarterlyMean,Mean,5.50
1247,611,D24HourMean,QuarterlyMean,Mean,7.83
1243,595,D24HourMean,QuarterlyMean,Mean,6.80
1258,615,D24HourMean,QuarterlyMean,Mean,7.83
1241,588,D24HourMean,QuarterlyMean,Mean,5.37
1244,609,D24HourMean,QuarterlyMean,Mean,8.36
1237,602,D24HourMean,QuarterlyMean,Mean,6.80
1248,603,D24HourMean,QuarterlyMean,Mean,6.89
1246,619,D24HourMean,QuarterlyMean,Mean,11.46
1255,586,D24HourMean,QuarterlyMean,Mean,6.02
1228,601,D24HourMean,QuarterlyMean,Mean,6.27
1254,617,D24HourMean,QuarterlyMean,Mean,6.71
1237,579,D24HourMean,QuarterlyMean,Mean,5.01
1239,611,D24HourMean,QuarterlyMean,Mean,7.17
1229,613,D24HourMean,QuarterlyMean,Mean,7.31
1255,617,D24HourMean,QuarterlyMean,Mean,8.15
1238,591,D24HourMean,QuarterlyMean,Mean,6.53
1232,593,D24HourMean,QuarterlyMean,Mean,6.09
1229,603,D24HourMean,QuarterlyMean,Mean,6.32
1248,599,D24HourMean,QuarterlyMean,Mean,6.20
1242,601,D24HourMean,QuarterlyMean,Mean,6.78
1255,598,D24HourMean,QuarterlyMean,Mean,6.37
1248,587,D24HourMean,QuarterlyMean,Mean,6.02
1234,587,D24HourMean,QuarterlyMean,Mean,5.52
1250,596,D24HourMean,QuarterlyMean,Mean,6.82
1250,598,D24HourMean,QuarterlyMean,Mean,6.46
1238,597,D24HourMean,QuarterlyMean,Mean,7.41
1235,610,D24HourMean,QuarterlyMean,Mean,6.37
1243,588,D24HourMean,QuarterlyMean,Mean,5.21
1234,600,D24HourMean,QuarterlyMean,Mean,6.64
1235,592,D24HourMean,QuarterlyMean,Mean,6.27
1233,606,D24HourMean,QuarterlyMean,Mean,6.30
1236,591,D24HourMean,QuarterlyMean,Mean,6.30
1238,594,D24HourMean,QuarterlyMean,Mean,7.03
1233,590,D24HourMean,QuarterlyMean,Mean,6.16
1247,601,D24HourMean,QuarterlyMean,Mean,6.55
1235,590,D24HourMean,QuarterlyMean,Mean,5.91
1239,605,D24HourMean,QuarterlyMean,Mean,7.31
1222,605,D24HourMean,QuarterlyMean,Mean,6.44
1222,600,D24HourMean,QuarterlyMean,Mean,5.28
1237,604,D24HourMean,QuarterlyMean,Mean,6.53
1231,605,D24HourMean,QuarterlyMean,Mean,6.48
1249,601,D24HourMean,QuarterlyMean,Mean,6.46
1245,613,D24HourMean,QuarterlyMean,Mean,7.29
1237,613,D24HourMean,QuarterlyMean,Mean,8.03
1233,593,D24HourMean,QuarterlyMean,Mean,6.14
1239,586,D24HourMean,QuarterlyMean,Mean,5.52
1240,595,D24HourMean,QuarterlyMean,Mean,7.03
1254,583,D24HourMean,QuarterlyMean,Mean,5.19
1258,617,D24HourMean,QuarterlyMean,Mean,8.76
1237,594,D24HourMean,QuarterlyMean,Mean,6.29
1230,617,D24HourMean,QuarterlyMean,Mean,7.62
1234,613,D24HourMean,QuarterlyMean,Mean,7.64
1259,617,D24HourMean,QuarterlyMean,Mean,11.50
1231,599,D24HourMean,QuarterlyMean,Mean,6.82
1243,584,D24HourMean,QuarterlyMean,Mean,5.28
1243,613,D24HourMean,QuarterlyMean,Mean,7.12
1245,611,D24HourMean,QuarterlyMean,Mean,7.68
1245,596,D24HourMean,QuarterlyMean,Mean,7.52
1232,616,D24HourMean,QuarterlyMean,Mean,7.19
1252,605,D24HourMean,QuarterlyMean,Mean,7.12
1237,596,D24HourMean,QuarterlyMean,Mean,6.62
1230,612,D24HourMean,QuarterlyMean,Mean,7.36
1250,592,D24HourMean,QuarterlyMean,Mean,6.75
1247,619,D24HourMean,QuarterlyMean,Mean,11.19
1240,591,D24HourMean,QuarterlyMean,Mean,6.46
1241,610,D24HourMean,QuarterlyMean,Mean,8.18
1235,606,D24HourMean,QuarterlyMean,Mean,6.59
1233,594,D24HourMean,QuarterlyMean,Mean,6.48
1234,602,D24HourMean,QuarterlyMean,Mean,6.14
1246,594,D24HourMean,QuarterlyMean,Mean,6.43
1241,612,D24HourMean,QuarterlyMean,Mean,7.38
1244,596,D24HourMean,QuarterlyMean,Mean,7.47
1229,619,D24HourMean,QuarterlyMean,Mean,11.79
1239,617,D24HourMean,QuarterlyMean,Mean,13.72
1259,597,D24HourMean,QuarterlyMean,Mean,7.05
1260,595,D24HourMean,QuarterlyMean,Mean,6.68
1256,594,D24HourMean,QuarterlyMean,Mean,6.37
1233,611,D24HourMean,QuarterlyMean,Mean,6.46
1249,587,D24HourMean,QuarterlyMean,Mean,6.02
1248,588,D24HourMean,QuarterlyMean,Mean,6.02
1239,601,D24HourMean,QuarterlyMean,Mean,7.64
1238,588,D24HourMean,QuarterlyMean,Mean,5.96
1242,607,D24HourMean,QuarterlyMean,Mean,6.32
1256,613,D24HourMean,QuarterlyMean,Mean,9.37
1226,608,D24HourMean,QuarterlyMean,Mean,6.55
1231,616,D24HourMean,QuarterlyMean,Mean,6.98
1244,616,D24HourMean,QuarterlyMean,Mean,9.32
1233,618,D24HourMean,QuarterlyMean,Mean,10.08
1236,600,D24HourMean,QuarterlyMean,Mean,6.64
1248,616,D24HourMean,QuarterlyMean,Mean,7.52
1225,596,D24HourMean,QuarterlyMean,Mean,5.80
1240,592,D24HourMean,QuarterlyMean,Mean,5.82
1233,610,D24HourMean,QuarterlyMean,Mean,6.46
1240,585,D24HourMean,QuarterlyMean,Mean,5.25
1223,600,D24HourMean,QuarterlyMean,Mean,5.26
1236,594,D24HourMean,QuarterlyMean,Mean,6.16
1253,587,D24HourMean,QuarterlyMean,Mean,5.86
1240,578,D24HourMean,QuarterlyMean,Mean,5.21
1226,597,D24HourMean,QuarterlyMean,Mean,6.07
1243,607,D24HourMean,QuarterlyMean,Mean,6.64
1224,598,D24HourMean,QuarterlyMean,Mean,5.64
1242,606,D24HourMean,QuarterlyMean,Mean,6.36
1253,604,D24HourMean,QuarterlyMean,Mean,7.22
1240,599,D24HourMean,QuarterlyMean,Mean,7.34
1257,596,D24HourMean,QuarterlyMean,Mean,6.36
1240,614,D24HourMean,QuarterlyMean,Mean,7.05
1223,601,D24HourMean,QuarterlyMean,Mean,5.61
1241,590,D24HourMean,QuarterlyMean,Mean,5.08
1249,618,D24HourMean,QuarterlyMean,Mean,8.98
1228,596,D24HourMean,QuarterlyMean,Mean,5.75
1230,614,D24HourMean,QuarterlyMean,Mean,7.45
1234,616,D24HourMean,QuarterlyMean,Mean,6.69
1226,606,D24HourMean,QuarterlyMean,Mean,6.25
1246,613,D24HourMean,QuarterlyMean,Mean,7.55
1233,599,D24HourMean,QuarterlyMean,Mean,7.38
1238,617,D24HourMean,QuarterlyMean,Mean,10.55
1250,603,D24HourMean,QuarterlyMean,Mean,6.48
1246,607,D24HourMean,QuarterlyMean,Mean,7.26
1243,597,D24HourMean,QuarterlyMean,Mean,6.60
1248,607,D24HourMean,QuarterlyMean,Mean,7.27
1237,582,D24HourMean,QuarterlyMean,Mean,5.43
1256,612,D24HourMean,QuarterlyMean,Mean,7.66
1238,592,D24HourMean,QuarterlyMean,Mean,6.71
1250,590,D24HourMean,QuarterlyMean,Mean,6.43
1234,612,D24HourMean,QuarterlyMean,Mean,6.90
1229,596,D24HourMean,QuarterlyMean,Mean,5.86
1248,608,D24HourMean,QuarterlyMean,Mean,7.31
1252,613,D24HourMean,QuarterlyMean,Mean,7.19
1248,609,D24HourMean,QuarterlyMean,Mean,7.85
1237,581,D24HourMean,QuarterlyMean,Mean,5.66
1246,603,D24HourMean,QuarterlyMean,Mean,6.39
1240,613,D24HourMean,QuarterlyMean,Mean,7.12
1259,614,D24HourMean,QuarterlyMean,Mean,7.82
1227,601,D24HourMean,QuarterlyMean,Mean,6.05
1239,607,D24HourMean,QuarterlyMean,Mean,6.43
1243,617,D24HourMean,QuarterlyMean,Mean,7.47
1236,585,D24HourMean,QuarterlyMean,Mean,5.25
1225,594,D24HourMean,QuarterlyMean,Mean,5.79
1244,618,D24HourMean,QuarterlyMean,Mean,8.34
1250,587,D24HourMean,QuarterlyMean,Mean,5.70
1235,601,D24HourMean,QuarterlyMean,Mean,6.05
1245,612,D24HourMean,QuarterlyMean,Mean,7.96
1246,597,D24HourMean,QuarterlyMean,Mean,6.50
1242,599,D24HourMean,QuarterlyMean,Mean,6.53
1243,615,D24HourMean,QuarterlyMean,Mean,8.96
1233,600,D24HourMean,QuarterlyMean,Mean,6.96
1238,598,D24HourMean,QuarterlyMean,Mean,7.85
1229,589,D24HourMean,QuarterlyMean,Mean,5.57
1257,599,D24HourMean,QuarterlyMean,Mean,6.98
1229,590,D24HourMean,QuarterlyMean,Mean,5.95
1247,599,D24HourMean,QuarterlyMean,Mean,6.68
1234,580,D24HourMean,QuarterlyMean,Mean,4.85
1236,587,D24HourMean,QuarterlyMean,Mean,5.64
1222,604,D24HourMean,QuarterlyMean,Mean,5.68
1231,617,D24HourMean,QuarterlyMean,Mean,7.33
1238,609,D24HourMean,QuarterlyMean,Mean,6.83
1244,606,D24HourMean,QuarterlyMean,Mean,6.78
1254,611,D24HourMean,QuarterlyMean,Mean,7.27
1251,595,D24HourMean,QuarterlyMean,Mean,7.19
1247,607,D24HourMean,QuarterlyMean,Mean,7.06
1255,612,D24HourMean,QuarterlyMean,Mean,7.31
1251,616,D24HourMean,QuarterlyMean,Mean,7.48
1232,603,D24HourMean,QuarterlyMean,Mean,6.14
1248,615,D24HourMean,QuarterlyMean,Mean,6.80
1230,592,D24HourMean,QuarterlyMean,Mean,6.21
1222,598,D24HourMean,QuarterlyMean,Mean,6.23
1244,619,D24HourMean,QuarterlyMean,Mean,12.11
1242,614,D24HourMean,QuarterlyMean,Mean,6.94
1239,612,D24HourMean,QuarterlyMean,Mean,7.61
1245,594,D24HourMean,QuarterlyMean,Mean,6.98
1252,599,D24HourMean,QuarterlyMean,Mean,6.37
1255,585,D24HourMean,QuarterlyMean,Mean,5.80
1245,595,D24HourMean,QuarterlyMean,Mean,7.52
1245,601,D24HourMean,QuarterlyMean,Mean,6.52
1229,595,D24HourMean,QuarterlyMean,Mean,5.75
1254,601,D24HourMean,QuarterlyMean,Mean,8.41
1222,602,D24HourMean,QuarterlyMean,Mean,5.66
1231,604,D24HourMean,QuarterlyMean,Mean,6.43
1232,598,D24HourMean,QuarterlyMean,Mean,7.01
1250,599,D24HourMean,QuarterlyMean,Mean,6.62
1245,586,D24HourMean,QuarterlyMean,Mean,5.26
1258,595,D24HourMean,QuarterlyMean,Mean,6.43
1242,586,D24HourMean,QuarterlyMean,Mean,5.10
1252,595,D24HourMean,QuarterlyMean,Mean,6.75
1233,615,D24HourMean,QuarterlyMean,Mean,6.90
1242,616,D24HourMean,QuarterlyMean,Mean,9.22
1260,615,D24HourMean,QuarterlyMean,Mean,8.56
1223,603,D24HourMean,QuarterlyMean,Mean,5.43
1248,596,D24HourMean,QuarterlyMean,Mean,6.36
1242,604,D24HourMean,QuarterlyMean,Mean,6.69
1233,595,D24HourMean,QuarterlyMean,Mean,6.21
1242,585,D24HourMean,QuarterlyMean,Mean,5.30
1240,581,D24HourMean,QuarterlyMean,Mean,5.28
1233,609,D24HourMean,QuarterlyMean,Mean,5.95
1235,611,D24HourMean,QuarterlyMean,Mean,7.01
1260,594,D24HourMean,QuarterlyMean,Mean,6.71
1250,605,D24HourMean,QuarterlyMean,Mean,7.15
1243,590,D24HourMean,QuarterlyMean,Mean,6.09
1222,608,D24HourMean,QuarterlyMean,Mean,6.78
1224,607,D24HourMean,QuarterlyMean,Mean,6.68
1254,584,D24HourMean,QuarterlyMean,Mean,6.55
1256,584,D24HourMean,QuarterlyMean,Mean,5.48
1251,609,D24HourMean,QuarterlyMean,Mean,7.75
1224,608,D24HourMean,QuarterlyMean,Mean,7.01
1236,586,D24HourMean,QuarterlyMean,Mean,5.57
1237,583,D24HourMean,QuarterlyMean,Mean,5.73
1236,590,D24HourMean,QuarterlyMean,Mean,6.21
1252,616,D24HourMean,QuarterlyMean,Mean,6.62
1254,595,D24HourMean,QuarterlyMean,Mean,7.05
1228,608,D24HourMean,QuarterlyMean,Mean,6.64
1252,609,D24HourMean,QuarterlyMean,Mean,7.64
1257,601,D24HourMean,QuarterlyMean,Mean,7.20
1235,613,D24HourMean,QuarterlyMean,Mean,7.41
1240,606,D24HourMean,QuarterlyMean,Mean,6.50
1228,593,D24HourMean,QuarterlyMean,Mean,5.62
1247,587,D24HourMean,QuarterlyMean,Mean,5.59
1247,598,D24HourMean,QuarterlyMean,Mean,6.44
1257,588,D24HourMean,QuarterlyMean,Mean,5.43
1235,600,D24HourMean,QuarterlyMean,Mean,6.32
1246,598,D24HourMean,QuarterlyMean,Mean,6.66
1255,614,D24HourMean,QuarterlyMean,Mean,8.98
1240,597,D24HourMean,QuarterlyMean,Mean,6.71
1239,610,D24HourMean,QuarterlyMean,Mean,7.78
1229,608,D24HourMean,QuarterlyMean,Mean,6.32
1235,614,D24HourMean,QuarterlyMean,Mean,6.89
1238,614,D24HourMean,QuarterlyMean,Mean,8.25
1235,586,D24HourMean,QuarterlyMean,Mean,5.48
1242,590,D24HourMean,QuarterlyMean,Mean,6.41
1249,609,D24HourMean,QuarterlyMean,Mean,7.97
1255,603,D24HourMean,QuarterlyMean,Mean,6.99
1245,591,D24HourMean,QuarterlyMean,Mean,6.21
1236,617,D24HourMean,QuarterlyMean,Mean,4.63
1252,611,D24HourMean,QuarterlyMean,Mean,7.36
1224,602,D24HourMean,QuarterlyMean,Mean,5.77
1230,613,D24HourMean,QuarterlyMean,Mean,7.36
1253,589,D24HourMean,QuarterlyMean,Mean,8.65
1247,617,D24HourMean,QuarterlyMean,Mean,7.24
1244,604,D24HourMean,QuarterlyMean,Mean,6.75
1231,592,D24HourMean,QuarterlyMean,Mean,6.00
1243,602,D24HourMean,QuarterlyMean,Mean,6.20
1229,602,D24HourMean,QuarterlyMean,Mean,6.27
1254,588,D24HourMean,QuarterlyMean,Mean,6.02
1247,618,D24HourMean,QuarterlyMean,Mean,9.46
1240,589,D24HourMean,QuarterlyMean,Mean,5.46
1253,602,D24HourMean,QuarterlyMean,Mean,7.31
1231,608,D24HourMean,QuarterlyMean,Mean,6.32
1240,590,D24HourMean,QuarterlyMean,Mean,6.46
1244,617,D24HourMean,QuarterlyMean,Mean,7.19
1255,610,D24HourMean,QuarterlyMean,Mean,7.33
1228,597,D24HourMean,QuarterlyMean,Mean,6.57
1239,616,D24HourMean,QuarterlyMean,Mean,4.79
1252,619,D24HourMean,QuarterlyMean,Mean,11.32
1246,589,D24HourMean,QuarterlyMean,Mean,5.75
1247,615,D24HourMean,QuarterlyMean,Mean,6.43
1240,588,D24HourMean,QuarterlyMean,Mean,5.41
1226,595,D24HourMean,QuarterlyMean,Mean,6.02
1244,584,D24HourMean,QuarterlyMean,Mean,5.52
1257,597,D24HourMean,QuarterlyMean,Mean,6.32
1241,593,D24HourMean,QuarterlyMean,Mean,6.69
1254,618,D24HourMean,QuarterlyMean,Mean,9.21
1232,608,D24HourMean,QuarterlyMean,Mean,6.53
1256,596,D24HourMean,QuarterlyMean,Mean,6.34
1253,591,D24HourMean,QuarterlyMean,Mean,10.71
1249,608,D24HourMean,QuarterlyMean,Mean,7.57
1240,615,D24HourMean,QuarterlyMean,Mean,8.49
1241,594,D24HourMean,QuarterlyMean,Mean,6.62
1238,601,D24HourMean,QuarterlyMean,Mean,7.90
1244,614,D24HourMean,QuarterlyMean,Mean,7.15
1255,584,D24HourMean,QuarterlyMean,Mean,5.48
1230,611,D24HourMean,QuarterlyMean,Mean,6.94
1238,600,D24HourMean,QuarterlyMean,Mean,8.06
1221,600,D24HourMean,QuarterlyMean,Mean,5.39
1251,592,D24HourMean,QuarterlyMean,Mean,6.94
1223,602,D24HourMean,QuarterlyMean,Mean,5.77
1240,604,D24HourMean,QuarterlyMean,Mean,6.73
1256,618,D24HourMean,QuarterlyMean,Mean,14.46
1225,609,D24HourMean,QuarterlyMean,Mean,6.66
1245,609,D24HourMean,QuarterlyMean,Mean,7.78
1243,592,D24HourMean,QuarterlyMean,Mean,6.36
1251,615,D24HourMean,QuarterlyMean,Mean,7.50
1258,588,D24HourMean,QuarterlyMean,Mean,6.07
1242,612,D24HourMean,QuarterlyMean,Mean,7.03
1243,616,D24HourMean,QuarterlyMean,Mean,7.96
1233,581,D24HourMean,QuarterlyMean,Mean,4.90
1232,604,D24HourMean,QuarterlyMean,Mean,6.36
1242,600,D24HourMean,QuarterlyMean,Mean,6.41
1248,611,D24HourMean,QuarterlyMean,Mean,7.90
1249,605,D24HourMean,QuarterlyMean,Mean,7.57
1249,612,D24HourMean,QuarterlyMean,Mean,7.41
1239,593,D24HourMean,QuarterlyMean,Mean,7.06
1237,580,D24HourMean,QuarterlyMean,Mean,5.79
1251,617,D24HourMean,QuarterlyMean,Mean,7.36
1239,592,D24HourMean,QuarterlyMean,Mean,6.52
1239,596,D24HourMean,QuarterlyMean,Mean,7.15
1229,609,D24HourMean,QuarterlyMean,Mean,6.23
1257,612,D24HourMean,QuarterlyMean,Mean,7.76
1250,593,D24HourMean,QuarterlyMean,Mean,6.46
1237,611,D24HourMean,QuarterlyMean,Mean,6.82
1246,615,D24HourMean,QuarterlyMean,Mean,7.68
1242,592,D24HourMean,QuarterlyMean,Mean,5.93
1230,602,D24HourMean,QuarterlyMean,Mean,6.57
1230,616,D24HourMean,QuarterlyMean,Mean,7.36
1256,591,D24HourMean,QuarterlyMean,Mean,6.02
1245,587,D24HourMean,QuarterlyMean,Mean,5.37
1237,606,D24HourMean,QuarterlyMean,Mean,6.62
1231,588,D24HourMean,QuarterlyMean,Mean,5.08
1254,596,D24HourMean,QuarterlyMean,Mean,7.62
1250,606,D24HourMean,QuarterlyMean,Mean,7.82
1235,615,D24HourMean,QuarterlyMean,Mean,6.60
1249,594,D24HourMean,QuarterlyMean,Mean,7.13
1256,593,D24HourMean,QuarterlyMean,Mean,6.71
1257,616,D24HourMean,QuarterlyMean,Mean,8.10
1237,617,D24HourMean,QuarterlyMean,Mean,4.63
1255,618,D24HourMean,QuarterlyMean,Mean,14.73
1234,610,D24HourMean,QuarterlyMean,Mean,6.59
1230,601,D24HourMean,QuarterlyMean,Mean,6.36
1235,616,D24HourMean,QuarterlyMean,Mean,6.59
1226,600,D24HourMean,QuarterlyMean,Mean,5.96
1256,605,D24HourMean,QuarterlyMean,Mean,7.17
1250,586,D24HourMean,QuarterlyMean,Mean,5.64
1245,592,D24HourMean,QuarterlyMean,Mean,6.32
1230,608,D24HourMean,QuarterlyMean,Mean,6.29
1241,608,D24HourMean,QuarterlyMean,Mean,5.96
1237,591,D24HourMean,QuarterlyMean,Mean,6.05
1254,614,D24HourMean,QuarterlyMean,Mean,6.89
1245,619,D24HourMean,QuarterlyMean,Mean,11.40
1238,580,D24HourMean,QuarterlyMean,Mean,5.35
1252,603,D24HourMean,QuarterlyMean,Mean,7.15
1232,611,D24HourMean,QuarterlyMean,Mean,6.78
1248,593,D24HourMean,QuarterlyMean,Mean,6.85
1244,585,D24HourMean,QuarterlyMean,Mean,5.35
1241,587,D24HourMean,QuarterlyMean,Mean,5.43
1257,591,D24HourMean,QuarterlyMean,Mean,5.64
1240,611,D24HourMean,QuarterlyMean,Mean,7.54
1223,609,D24HourMean,QuarterlyMean,Mean,7.12
1256,592,D24HourMean,QuarterlyMean,Mean,6.62
1254,616,D24HourMean,QuarterlyMean,Mean,6.94
1245,616,D24HourMean,QuarterlyMean,Mean,9.15
1227,608,D24HourMean,QuarterlyMean,Mean,6.48
1236,614,D24HourMean,QuarterlyMean,Mean,7.15
1220,600,D24HourMean,QuarterlyMean,Mean,6.00
1254,586,D24HourMean,QuarterlyMean,Mean,6.44
1227,607,D24HourMean,QuarterlyMean,Mean,6.25
1230,590,D24HourMean,QuarterlyMean,Mean,5.68
1231,618,D24HourMean,QuarterlyMean,Mean,13.50
1244,595,D24HourMean,QuarterlyMean,Mean,7.20
1252,587,D24HourMean,QuarterlyMean,Mean,6.07
1254,602,D24HourMean,QuarterlyMean,Mean,7.20
1242,589,D24HourMean,QuarterlyMean,Mean,5.25
1258,591,D24HourMean,QuarterlyMean,Mean,5.64
1233,583,D24HourMean,QuarterlyMean,Mean,5.26
1236,601,D24HourMean,QuarterlyMean,Mean,6.94
1232,590,D24HourMean,QuarterlyMean,Mean,6.11
1252,591,D24HourMean,QuarterlyMean,Mean,8.79
1238,605,D24HourMean,QuarterlyMean,Mean,6.60
1230,593,D24HourMean,QuarterlyMean,Mean,6.04
1237,615,D24HourMean,QuarterlyMean,Mean,7.94
1248,585,D24HourMean,QuarterlyMean,Mean,5.48
1255,599,D24HourMean,QuarterlyMean,Mean,6.82
1252,593,D24HourMean,QuarterlyMean,Mean,6.52
1255,588,D24HourMean,QuarterlyMean,Mean,5.37
1248,586,D24HourMean,QuarterlyMean,Mean,5.75
1227,597,D24HourMean,QuarterlyMean,Mean,6.23
1252,590,D24HourMean,QuarterlyMean,Mean,8.56
1252,612,D24HourMean,QuarterlyMean,Mean,6.59
1245,606,D24HourMean,QuarterlyMean,Mean,7.59
1248,592,D24HourMean,QuarterlyMean,Mean,6.85
1251,607,D24HourMean,QuarterlyMean,Mean,7.75
1234,592,D24HourMean,QuarterlyMean,Mean,6.21
1245,614,D24HourMean,QuarterlyMean,Mean,7.05
1256,603,D24HourMean,QuarterlyMean,Mean,7.48
1236,592,D24HourMean,QuarterlyMean,Mean,5.88
1250,613,D24HourMean,QuarterlyMean,Mean,7.38
1225,597,D24HourMean,QuarterlyMean,Mean,5.93
1235,602,D24HourMean,QuarterlyMean,Mean,6.21
1248,605,D24HourMean,QuarterlyMean,Mean,7.99
1246,592,D24HourMean,QuarterlyMean,Mean,6.48
1224,596,D24HourMean,QuarterlyMean,Mean,5.70
1250,615,D24HourMean,QuarterlyMean,Mean,6.76
1221,599,D24HourMean,QuarterlyMean,Mean,6.00
1259,596,D24HourMean,QuarterlyMean,Mean,6.66
1253,618,D24HourMean,QuarterlyMean,Mean,9.27
1250,597,D24HourMean,QuarterlyMean,Mean,7.12
1230,607,D24HourMean,QuarterlyMean,Mean,6.46
1245,588,D24HourMean,QuarterlyMean,Mean,5.26
1246,616,D24HourMean,QuarterlyMean,Mean,8.84
1238,579,D24HourMean,QuarterlyMean,Mean,5.08
1253,590,D24HourMean,QuarterlyMean,Mean,8.18
1248,610,D24HourMean,QuarterlyMean,Mean,8.60
1230,600,D24HourMean,QuarterlyMean,Mean,6.75
1234,615,D24HourMean,QuarterlyMean,Mean,6.37
1245,607,D24HourMean,QuarterlyMean,Mean,7.73
1234,585,D24HourMean,QuarterlyMean,Mean,5.17
1223,604,D24HourMean,QuarterlyMean,Mean,5.89
1251,619,D24HourMean,QuarterlyMean,Mean,12.25
1246,587,D24HourMean,QuarterlyMean,Mean,5.26
1244,601,D24HourMean,QuarterlyMean,Mean,6.25
1229,604,D24HourMean,QuarterlyMean,Mean,6.37
1245,584,D24HourMean,QuarterlyMean,Mean,5.66
1228,607,D24HourMean,QuarterlyMean,Mean,6.37
1240,609,D24HourMean,QuarterlyMean,Mean,6.96
1252,594,D24HourMean,QuarterlyMean,Mean,6.41
1242,610,D24HourMean,QuarterlyMean,Mean,7.99
1238,615,D24HourMean,QuarterlyMean,Mean,12.88
1231,611,D24HourMean,QuarterlyMean,Mean,7.54
1227,600,D24HourMean,QuarterlyMean,Mean,6.16
1233,602,D24HourMean,QuarterlyMean,Mean,6.36
1250,609,D24HourMean,QuarterlyMean,Mean,8.23
1254,603,D24HourMean,QuarterlyMean,Mean,7.38
1247,613,D24HourMean,QuarterlyMean,Mean,7.40
1250,591,D24HourMean,QuarterlyMean,Mean,6.41
1228,598,D24HourMean,QuarterlyMean,Mean,6.60
1227,594,D24HourMean,QuarterlyMean,Mean,5.53
1228,614,D24HourMean,QuarterlyMean,Mean,7.20
1239,579,D24HourMean,QuarterlyMean,Mean,5.08
1226,599,D24HourMean,QuarterlyMean,Mean,5.70
1239,587,D24HourMean,QuarterlyMean,Mean,5.59
1243,600,D24HourMean,QuarterlyMean,Mean,6.57
1250,619,D24HourMean,QuarterlyMean,Mean,12.42
1238,584,D24HourMean,QuarterlyMean,Mean,5.62
1255,607,D24HourMean,QuarterlyMean,Mean,6.80
1227,603,D24HourMean,QuarterlyMean,Mean,6.00
1236,595,D24HourMean,QuarterlyMean,Mean,6.12
1247,585,D24HourMean,QuarterlyMean,Mean,5.32
1238,603,D24HourMean,QuarterlyMean,Mean,6.59
1235,581,D24HourMean,QuarterlyMean,Mean,5.26
1223,605,D24HourMean,QuarterlyMean,Mean,6.32
1241,613,D24HourMean,QuarterlyMean,Mean,7.12
1248,604,D24HourMean,QuarterlyMean,Mean,8.08
1241,607,D24HourMean,QuarterlyMean,Mean,6.37
1245,604,D24HourMean,QuarterlyMean,Mean,6.64
1245,608,D24HourMean,QuarterlyMean,Mean,7.38
1243,587,D24HourMean,QuarterlyMean,Mean,5.70
1235,580,D24HourMean,QuarterlyMean,Mean,5.19
1253,619,D24HourMean,QuarterlyMean,Mean,4.50
1234,584,D24HourMean,QuarterlyMean,Mean,5.07
1240,603,D24HourMean,QuarterlyMean,Mean,6.68
1244,612,D24HourMean,QuarterlyMean,Mean,7.41
1256,611,D24HourMean,QuarterlyMean,Mean,7.29
1235,603,D24HourMean,QuarterlyMean,Mean,6.43
1249,590,D24HourMean,QuarterlyMean,Mean,6.32
1251,593,D24HourMean,QuarterlyMean,Mean,6.68
1234,619,D24HourMean,QuarterlyMean,Mean,12.31
1250,612,D24HourMean,QuarterlyMean,Mean,7.73
1254,594,D24HourMean,QuarterlyMean,Mean,6.46
1242,591,D24HourMean,QuarterlyMean,Mean,5.93
1234,598,D24HourMean,QuarterlyMean,Mean,7.45
1238,618,D24HourMean,QuarterlyMean,Mean,11.23
1249,614,D24HourMean,QuarterlyMean,Mean,7.57
1238,612,D24HourMean,QuarterlyMean,Mean,8.15
1229,600,D24HourMean,QuarterlyMean,Mean,6.48
1242,611,D24HourMean,QuarterlyMean,Mean,7.50
1248,594,D24HourMean,QuarterlyMean,Mean,6.57
1256,614,D24HourMean,QuarterlyMean,Mean,8.88
1255,613,D24HourMean,QuarterlyMean,Mean,9.85
1236,612,D24HourMean,QuarterlyMean,Mean,7.01
1255,608,D24HourMean,QuarterlyMean,Mean,6.98
1248,617,D24HourMean,QuarterlyMean,Mean,7.63
1254,589,D24HourMean,QuarterlyMean,Mean,8.55
1228,612,D24HourMean,QuarterlyMean,Mean,7.05
1243,594,D24HourMean,QuarterlyMean,Mean,6.96
1240,600,D24HourMean,QuarterlyMean,Mean,6.48
1228,611,D24HourMean,QuarterlyMean,Mean,7.10
1242,603,D24HourMean,QuarterlyMean,Mean,6.68
1241,591,D24HourMean,QuarterlyMean,Mean,5.93
1249,586,D24HourMean,QuarterlyMean,Mean,5.86
1222,597,D24HourMean,QuarterlyMean,Mean,5.52
1241,611,D24HourMean,QuarterlyMean,Mean,7.94
1255,596,D24HourMean,QuarterlyMean,Mean,6.55
1257,590,D24HourMean,QuarterlyMean,Mean,5.98
1246,588,D24HourMean,QuarterlyMean,Mean,5.48
1224,606,D24HourMean,QuarterlyMean,Mean,6.50
1230,610,D24HourMean,QuarterlyMean,Mean,6.50
1242,619,D24HourMean,QuarterlyMean,Mean,14.02
1255,602,D24HourMean,QuarterlyMean,Mean,7.10
1253,600,D24HourMean,QuarterlyMean,Mean,6.76
1231,595,D24HourMean,QuarterlyMean,Mean,6.23
1231,594,D24HourMean,QuarterlyMean,Mean,6.53
1222,601,D24HourMean,QuarterlyMean,Mean,5.44
1235,612,D24HourMean,QuarterlyMean,Mean,7.19
1253,605,D24HourMean,QuarterlyMean,Mean,7.12
1251,605,D24HourMean,QuarterlyMean,Mean,7.17
1225,601,D24HourMean,QuarterlyMean,Mean,5.44
1233,585,D24HourMean,QuarterlyMean,Mean,5.07
1236,588,D24HourMean,QuarterlyMean,Mean,5.64
1232,587,D24HourMean,QuarterlyMean,Mean,5.52
1244,605,D24HourMean,QuarterlyMean,Mean,6.50
1254,598,D24HourMean,QuarterlyMean,Mean,6.59
1253,594,D24HourMean,QuarterlyMean,Mean,6.57
1241,597,D24HourMean,QuarterlyMean,Mean,7.34
1254,585,D24HourMean,QuarterlyMean,Mean,7.10
1255,611,D24HourMean,QuarterlyMean,Mean,7.31
1232,600,D24HourMean,QuarterlyMean,Mean,6.89
1258,592,D24HourMean,QuarterlyMean,Mean,6.18
1252,592,D24HourMean,QuarterlyMean,Mean,6.66
1223,598,D24HourMean,QuarterlyMean,Mean,5.41
1246,599,D24HourMean,QuarterlyMean,Mean,7.41
1253,596,D24HourMean,QuarterlyMean,Mean,8.01
1246,608,D24HourMean,QuarterlyMean,Mean,6.80
1249,592,D24HourMean,QuarterlyMean,Mean,6.36
1230,599,D24HourMean,QuarterlyMean,Mean,6.69
1246,585,D24HourMean,QuarterlyMean,Mean,5.19
1225,608,D24HourMean,QuarterlyMean,Mean,6.21
1237,584,D24HourMean,QuarterlyMean,Mean,5.73
1228,600,D24HourMean,QuarterlyMean,Mean,6.37
1233,604,D24HourMean,QuarterlyMean,Mean,6.16
1236,580,D24HourMean,QuarterlyMean,Mean,5.57
1254,590,D24HourMean,QuarterlyMean,Mean,9.60
1234,618,D24HourMean,QuarterlyMean,Mean,10.32
1246,614,D24HourMean,QuarterlyMean,Mean,7.01
1231,600,D24HourMean,QuarterlyMean,Mean,6.96
1232,599,D24HourMean,QuarterlyMean,Mean,7.33
1243,609,D24HourMean,QuarterlyMean,Mean,8.55
1256,600,D24HourMean,QuarterlyMean,Mean,6.92
1228,592,D24HourMean,QuarterlyMean,Mean,5.95
1259,616,D24HourMean,QuarterlyMean,Mean,9.29
1233,596,D24HourMean,QuarterlyMean,Mean,6.39
1237,607,D24HourMean,QuarterlyMean,Mean,6.64
1230,588,D24HourMean,QuarterlyMean,Mean,5.03
1245,603,D24HourMean,QuarterlyMean,Mean,6.43
1224,601,D24HourMean,QuarterlyMean,Mean,5.50
1241,604,D24HourMean,QuarterlyMean,Mean,6.27
1254,613,D24HourMean,QuarterlyMean,Mean,7.24
1237,586,D24HourMean,QuarterlyMean,Mean,5.25
1239,614,D24HourMean,QuarterlyMean,Mean,4.87
1253,588,D24HourMean,QuarterlyMean,Mean,5.86
1221,602,D24HourMean,QuarterlyMean,Mean,5.93
1255,604,D24HourMean,QuarterlyMean,Mean,6.94
1239,598,D24HourMean,QuarterlyMean,Mean,7.78
1231,593,D24HourMean,QuarterlyMean,Mean,6.53
1256,597,D24HourMean,QuarterlyMean,Mean,6.59
1226,603,D24HourMean,QuarterlyMean,Mean,6.11
1231,615,D24HourMean,QuarterlyMean,Mean,4.81
1242,613,D24HourMean,QuarterlyMean,Mean,6.90
1231,586,D24HourMean,QuarterlyMean,Mean,5.08
1246,604,D24HourMean,QuarterlyMean,Mean,7.38
1240,593,D24HourMean,QuarterlyMean,Mean,7.17
1229,614,D24HourMean,QuarterlyMean,Mean,7.41
1248,612,D24HourMean,QuarterlyMean,Mean,7.41
1249,596,D24HourMean,QuarterlyMean,Mean,7.31
1257,598,D24HourMean,QuarterlyMean,Mean,6.66
1244,610,D24HourMean,QuarterlyMean,Mean,8.11
1256,609,D24HourMean,QuarterlyMean,Mean,6.73
1252,615,D24HourMean,QuarterlyMean,Mean,7.33
1253,614,D24HourMean,QuarterlyMean,Mean,7.64
1247,594,D24HourMean,QuarterlyMean,Mean,6.59
1259,615,D24HourMean,QuarterlyMean,Mean,8.51
1252,607,D24HourMean,QuarterlyMean,Mean,7.45
1230,597,D24HourMean,QuarterlyMean,Mean,6.23
1254,593,D24HourMean,QuarterlyMean,Mean,6.62
1259,595,D24HourMean,QuarterlyMean,Mean,6.46
1232,586,D24HourMean,QuarterlyMean,Mean,5.35
1237,588,D24HourMean,QuarterlyMean,Mean,5.73
1235,596,D24HourMean,QuarterlyMean,Mean,6.92
1234,606,D24HourMean,QuarterlyMean,Mean,6.25
1255,605,D24HourMean,QuarterlyMean,Mean,7.17
1244,586,D24HourMean,QuarterlyMean,Mean,5.14
1245,617,D24HourMean,QuarterlyMean,Mean,7.64
1237,598,D24HourMean,QuarterlyMean,Mean,7.24
1226,601,D24HourMean,QuarterlyMean,Mean,6.00
1237,605,D24HourMean,QuarterlyMean,Mean,6.29
1228,599,D24HourMean,QuarterlyMean,Mean,6.50
1234,603,D24HourMean,QuarterlyMean,Mean,6.09
1231,597,D24HourMean,QuarterlyMean,Mean,6.75
1256,590,D24HourMean,QuarterlyMean,Mean,5.89
1244,587,D24HourMean,QuarterlyMean,Mean,5.34
1251,585,D24HourMean,QuarterlyMean,Mean,5.80
1250,607,D24HourMean,QuarterlyMean,Mean,7.78
1240,612,D24HourMean,QuarterlyMean,Mean,7.29
1236,611,D24HourMean,QuarterlyMean,Mean,6.90
1229,607,D24HourMean,QuarterlyMean,Mean,6.32
1244,593,D24HourMean,QuarterlyMean,Mean,6.57
1253,603,D24HourMean,QuarterlyMean,Mean,7.31
1239,590,D24HourMean,QuarterlyMean,Mean,6.25
1247,586,D24HourMean,QuarterlyMean,Mean,5.53
1223,607,D24HourMean,QuarterlyMean,Mean,6.78
1237,597,D24HourMean,QuarterlyMean,Mean,7.05
1243,619,D24HourMean,QuarterlyMean,Mean,13.63
1227,599,D24HourMean,QuarterlyMean,Mean,6.12
1235,599,D24HourMean,QuarterlyMean,Mean,7.03
1228,594,D24HourMean,QuarterlyMean,Mean,5.62
1225,607,D24HourMean,QuarterlyMean,Mean,7.12
1228,609,D24HourMean,QuarterlyMean,Mean,6.55
1246,606,D24HourMean,QuarterlyMean,Mean,6.76
1229,588,D24HourMean,QuarterlyMean,Mean,5.30
1231,587,D24HourMean,QuarterlyMean,Mean,5.30
1238,602,D24HourMean,QuarterlyMean,Mean,7.50
1224,604,D24HourMean,QuarterlyMean,Mean,5.89
1233,612,D24HourMean,QuarterlyMean,Mean,7.06
1234,614,D24HourMean,QuarterlyMean,Mean,7.10
1238,610,D24HourMean,QuarterlyMean,Mean,7.27
1255,600,D24HourMean,QuarterlyMean,Mean,6.44
1233,584,D24HourMean,QuarterlyMean,Mean,5.07
1231,613,D24HourMean,QuarterlyMean,Mean,7.62
1244,591,D24HourMean,QuarterlyMean,Mean,6.09
1250,604,D24HourMean,QuarterlyMean,Mean,7.03
1244,602,D24HourMean,QuarterlyMean,Mean,6.30
1251,589,D24HourMean,QuarterlyMean,Mean,5.75
1250,602,D24HourMean,QuarterlyMean,Mean,6.59
1239,599,D24HourMean,QuarterlyMean,Mean,8.56
1245,585,D24HourMean,QuarterlyMean,Mean,5.46
1232,585,D24HourMean,QuarterlyMean,Mean,5.08
1243,612,D24HourMean,QuarterlyMean,Mean,7.29
1244,592,D24HourMean,QuarterlyMean,Mean,6.41
1249,607,D24HourMean,QuarterlyMean,Mean,7.62
1236,579,D24HourMean,QuarterlyMean,Mean,5.03
1254,605,D24HourMean,QuarterlyMean,Mean,7.06
1235,608,D24HourMean,QuarterlyMean,Mean,6.25
1236,582,D24HourMean,QuarterlyMean,Mean,5.37
1236,605,D24HourMean,QuarterlyMean,Mean,6.50
1239,608,D24HourMean,QuarterlyMean,Mean,6.50
1235,607,D24HourMean,QuarterlyMean,Mean,6.00
1254,608,D24HourMean,QuarterlyMean,Mean,7.03
1248,590,D24HourMean,QuarterlyMean,Mean,6.53
1237,609,D24HourMean,QuarterlyMean,Mean,6.59
1235,588,D24HourMean,QuarterlyMean,Mean,5.70
1227,596,D24HourMean,QuarterlyMean,Mean,5.88
1254,619,D24HourMean,QuarterlyMean,Mean,4.57
1258,589,D24HourMean,QuarterlyMean,Mean,5.89
1243,589,D24HourMean,QuarterlyMean,Mean,5.19
1249,602,D24HourMean,QuarterlyMean,Mean,6.78
1241,603,D24HourMean,QuarterlyMean,Mean,6.57
1241,598,D24HourMean,QuarterlyMean,Mean,6.64
1238,586,D24HourMean,QuarterlyMean,Mean,5.37
1251,587,D24HourMean,QuarterlyMean,Mean,5.64
1245,602,D24HourMean,QuarterlyMean,Mean,6.57
1240,579,D24HourMean,QuarterlyMean,Mean,5.57
1253,610,D24HourMean,QuarterlyMean,Mean,7.61
1240,586,D24HourMean,QuarterlyMean,Mean,5.46
1237,616,D24HourMean,QuarterlyMean,Mean,7.85
1236,606,D24HourMean,QuarterlyMean,Mean,6.83
1246,600,D24HourMean,QuarterlyMean,Mean,6.90
1236,608,D24HourMean,QuarterlyMean,Mean,6.23
1227,604,D24HourMean,QuarterlyMean,Mean,6.11
1233,601,D24HourMean,QuarterlyMean,Mean,6.30
1227,606,D24HourMean,QuarterlyMean,Mean,6.04
1234,583,D24HourMean,QuarterlyMean,Mean,5.16
1232,591,D24HourMean,QuarterlyMean,Mean,6.41
1230,606,D24HourMean,QuarterlyMean,Mean,6.34
1245,615,D24HourMean,QuarterlyMean,Mean,7.68
1246,584,D24HourMean,QuarterlyMean,Mean,5.23
1252,602,D24HourMean,QuarterlyMean,Mean,7.15
1246,617,D24HourMean,QuarterlyMean,Mean,7.63
1231,609,D24HourMean,QuarterlyMean,Mean,5.96
1260,617,D24HourMean,QuarterlyMean,Mean,11.69
1236,615,D24HourMean,QuarterlyMean,Mean,7.34
1254,604,D24HourMean,QuarterlyMean,Mean,7.22
1253,586,D24HourMean,QuarterlyMean,Mean,6.50
1234,582,D24HourMean,QuarterlyMean,Mean,5.21
1252,600,D24HourMean,QuarterlyMean,Mean,6.96
1243,585,D24HourMean,QuarterlyMean,Mean,5.25
1256,602,D24HourMean,QuarterlyMean,Mean,6.73
1248,613,D24HourMean,QuarterlyMean,Mean,7.40
1231,606,D24HourMean,QuarterlyMean,Mean,6.41
1244,608,D24HourMean,QuarterlyMean,Mean,7.90
1253,609,D24HourMean,QuarterlyMean,Mean,7.34
1233,616,D24HourMean,QuarterlyMean,Mean,7.87
1241,601,D24HourMean,QuarterlyMean,Mean,6.78
1237,612,D24HourMean,QuarterlyMean,Mean,7.27
1255,594,D24HourMean,QuarterlyMean,Mean,7.48
1236,604,D24HourMean,QuarterlyMean,Mean,6.21
1225,603,D24HourMean,QuarterlyMean,Mean,6.48
1232,584,D24HourMean,QuarterlyMean,Mean,5.17
1249,606,D24HourMean,QuarterlyMean,Mean,7.64
1256,587,D24HourMean,QuarterlyMean,Mean,5.50
1243,591,D24HourMean,QuarterlyMean,Mean,6.14
1240,610,D24HourMean,QuarterlyMean,Mean,7.87
1234,607,D24HourMean,QuarterlyMean,Mean,6.11
1241,605,D24HourMean,QuarterlyMean,Mean,5.86
1232,597,D24HourMean,QuarterlyMean,Mean,6.55
1237,589,D24HourMean,QuarterlyMean,Mean,5.79
1247,612,D24HourMean,QuarterlyMean,Mean,7.52
1230,586,D24HourMean,QuarterlyMean,Mean,5.43
1249,588,D24HourMean,QuarterlyMean,Mean,6.23
1248,600,D24HourMean,QuarterlyMean,Mean,6.30
1237,585,D24HourMean,QuarterlyMean,Mean,5.57
1246,618,D24HourMean,QuarterlyMean,Mean,9.17
1254,599,D24HourMean,QuarterlyMean,Mean,6.71
1224,600,D24HourMean,QuarterlyMean,Mean,5.23
1257,585,D24HourMean,QuarterlyMean,Mean,5.44
1228,591,D24HourMean,QuarterlyMean,Mean,6.07
1241,609,D24HourMean,QuarterlyMean,Mean,8.17
1228,603,D24HourMean,QuarterlyMean,Mean,6.14
1232,619,D24HourMean,QuarterlyMean,Mean,10.20
1247,591,D24HourMean,QuarterlyMean,Mean,6.46
1239,604,D24HourMean,QuarterlyMean,Mean,7.45
1251,610,D24HourMean,QuarterlyMean,Mean,7.41
1258,613,D24HourMean,QuarterlyMean,Mean,7.64
1242,594,D24HourMean,QuarterlyMean,Mean,7.24
1249,603,D24HourMean,QuarterlyMean,Mean,6.32
1255,591,D24HourMean,QuarterlyMean,Mean,6.89
1220,601,D24HourMean,QuarterlyMean,Mean,6.21
1229,606,D24HourMean,QuarterlyMean,Mean,6.18
1252,597,D24HourMean,QuarterlyMean,Mean,7.40
1230,598,D24HourMean,QuarterlyMean,Mean,6.44
1247,604,D24HourMean,QuarterlyMean,Mean,8.32
1251,594,D24HourMean,QuarterlyMean,Mean,7.24
1244,613,D24HourMean,QuarterlyMean,Mean,7.34
1246,612,D24HourMean,QuarterlyMean,Mean,7.68
1256,598,D24HourMean,QuarterlyMean,Mean,6.29
1239,589,D24HourMean,QuarterlyMean,Mean,5.80
1253,585,D24HourMean,QuarterlyMean,Mean,6.12
1231,602,D24HourMean,QuarterlyMean,Mean,6.57
1247,610,D24HourMean,QuarterlyMean,Mean,8.81
1258,596,D24HourMean,QuarterlyMean,Mean,6.66
1231,614,D24HourMean,QuarterlyMean,Mean,7.78
1257,589,D24HourMean,QuarterlyMean,Mean,6.16
1243,605,D24HourMean,QuarterlyMean,Mean,6.53
1249,604,D24HourMean,QuarterlyMean,Mean,7.62
1239,597,D24HourMean,QuarterlyMean,Mean,6.99
1238,616,D24HourMean,QuarterlyMean,Mean,4.72
1252,586,D24HourMean,QuarterlyMean,Mean,6.92
1230,591,D24HourMean,QuarterlyMean,Mean,6.11
1224,597,D24HourMean,QuarterlyMean,Mean,5.59
1238,581,D24HourMean,QuarterlyMean,Mean,5.68
1240,598,D24HourMean,QuarterlyMean,Mean,7.20
1232,596,D24HourMean,QuarterlyMean,Mean,6.50
1249,593,D24HourMean,QuarterlyMean,Mean,6.30
1236,593,D24HourMean,QuarterlyMean,Mean,6.11
1232,606,D24HourMean,QuarterlyMean,Mean,6.39
1251,597,D24HourMean,QuarterlyMean,Mean,7.05
1242,598,D24HourMean,QuarterlyMean,Mean,6.34
1242,609,D24HourMean,QuarterlyMean,Mean,7.22
1253,601,D24HourMean,QuarterlyMean,Mean,7.08
1227,598,D24HourMean,QuarterlyMean,Mean,6.34
1252,601,D24HourMean,QuarterlyMean,Mean,6.98
1249,616,D24HourMean,QuarterlyMean,Mean,7.83
1242,617,D24HourMean,QuarterlyMean,Mean,7.64
1241,589,D24HourMean,QuarterlyMean,Mean,5.25
1236,616,D24HourMean,QuarterlyMean,Mean,4.74
1256,617,D24HourMean,QuarterlyMean,Mean,9.87
1230,619,D24HourMean,QuarterlyMean,Mean,11.49
1252,608,D24HourMean,QuarterlyMean,Mean,7.90
1230,604,D24HourMean,QuarterlyMean,Mean,6.37
1238,583,D24HourMean,QuarterlyMean,Mean,5.73
1226,598,D24HourMean,QuarterlyMean,Mean,6.04
1227,609,D24HourMean,QuarterlyMean,Mean,6.34
1254,591,D24HourMean,QuarterlyMean,Mean,7.83
1237,618,D24HourMean,QuarterlyMean,Mean,10.27
1237,600,D24HourMean,QuarterlyMean,Mean,7.33
1258,618,D24HourMean,QuarterlyMean,Mean,13.05
1231,603,D24HourMean,QuarterlyMean,Mean,6.46
1233,582,D24HourMean,QuarterlyMean,Mean,5.32
1242,615,D24HourMean,QuarterlyMean,Mean,8.18
1257,593,D24HourMean,QuarterlyMean,Mean,6.83
1251,598,D24HourMean,QuarterlyMean,Mean,6.41
1226,593,D24HourMean,QuarterlyMean,Mean,5.37
1244,600,D24HourMean,QuarterlyMean,Mean,6.46
1236,584,D24HourMean,QuarterlyMean,Mean,5.34
1246,602,D24HourMean,QuarterlyMean,Mean,6.44
1254,612,D24HourMean,QuarterlyMean,Mean,7.31
1239,603,D24HourMean,QuarterlyMean,Mean,6.73
1251,614,D24HourMean,QuarterlyMean,Mean,7.19
1259,592,D24HourMean,QuarterlyMean,Mean,5.96
1239,595,D24HourMean,QuarterlyMean,Mean,7.24
1246,610,D24HourMean,QuarterlyMean,Mean,8.29
1257,613,D24HourMean,QuarterlyMean,Mean,7.69
1228,610,D24HourMean,QuarterlyMean,Mean,6.94
1234,597,D24HourMean,QuarterlyMean,Mean,7.36
1253,611,D24HourMean,QuarterlyMean,Mean,7.03
1223,599,D24HourMean,QuarterlyMean,Mean,5.41
1249,599,D24HourMean,QuarterlyMean,Mean,6.46
1257,594,D24HourMean,QuarterlyMean,Mean,6.30
1257,614,D24HourMean,QuarterlyMean,Mean,10.03
1234,589,D24HourMean,QuarterlyMean,Mean,5.57
1251,600,D24HourMean,QuarterlyMean,Mean,6.85
1240,607,D24HourMean,QuarterlyMean,Mean,6.80
1234,608,D24HourMean,QuarterlyMean,Mean,6.34
1256,583,D24HourMean,QuarterlyMean,Mean,5.25
1226,604,D24HourMean,QuarterlyMean,Mean,6.07
1230,594,D24HourMean,QuarterlyMean,Mean,6.21
1237,614,D24HourMean,QuarterlyMean,Mean,7.73
1242,588,D24HourMean,QuarterlyMean,Mean,5.43
1224,595,D24HourMean,QuarterlyMean,Mean,5.86
1236,589,D24HourMean,QuarterlyMean,Mean,5.46
1232,610,D24HourMean,QuarterlyMean,Mean,6.41
1243,608,D24HourMean,QuarterlyMean,Mean,7.15
1233,614,D24HourMean,QuarterlyMean,Mean,6.89
1243,599,D24HourMean,QuarterlyMean,Mean,6.69
1239,591,D24HourMean,QuarterlyMean,Mean,6.36
1243,606,D24HourMean,QuarterlyMean,Mean,6.60
1225,604,D24HourMean,QuarterlyMean,Mean,6.32
1256,585,D24HourMean,QuarterlyMean,Mean,5.75
1241,596,D24HourMean,QuarterlyMean,Mean,7.36
1224,594,D24HourMean,QuarterlyMean,Mean,5.79
1224,609,D24HourMean,QuarterlyMean,Mean,7.22
1233,605,D24HourMean,QuarterlyMean,Mean,6.23
1256,588,D24HourMean,QuarterlyMean,Mean,5.80
1224,603,D24HourMean,QuarterlyMean,Mean,5.57
1256,604,D24HourMean,QuarterlyMean,Mean,7.15
1254,606,D24HourMean,QuarterlyMean,Mean,7.19
1239,613,D24HourMean,QuarterlyMean,Mean,7.76
1231,585,D24HourMean,QuarterlyMean,Mean,4.81
1232,601,D24HourMean,QuarterlyMean,Mean,6.62
1235,597,D24HourMean,QuarterlyMean,Mean,7.34
1244,589,D24HourMean,QuarterlyMean,Mean,5.46
1229,605,D24HourMean,QuarterlyMean,Mean,6.16
1240,605,D24HourMean,QuarterlyMean,Mean,6.75
1241,616,D24HourMean,QuarterlyMean,Mean,10.40
1232,617,D24HourMean,QuarterlyMean,Mean,7.57
1226,609,D24HourMean,QuarterlyMean,Mean,6.44
1229,594,D24HourMean,QuarterlyMean,Mean,6.11
1235,594,D24HourMean,QuarterlyMean,Mean,6.37
1240,608,D24HourMean,QuarterlyMean,Mean,6.82
1242,593,D24HourMean,QuarterlyMean,Mean,6.52
1243,593,D24HourMean,QuarterlyMean,Mean,6.75
1237,595,D24HourMean,QuarterlyMean,Mean,6.55
1244,615,D24HourMean,QuarterlyMean,Mean,7.71
1248,591,D24HourMean,QuarterlyMean,Mean,6.62
1244,599,D24HourMean,QuarterlyMean,Mean,7.08
1252,596,D24HourMean,QuarterlyMean,Mean,7.10
1229,601,D24HourMean,QuarterlyMean,Mean,6.43
1238,607,D24HourMean,QuarterlyMean,Mean,6.96
1244,597,D24HourMean,QuarterlyMean,Mean,7.62
1248,606,D24HourMean,QuarterlyMean,Mean,7.31
1239,581,D24HourMean,QuarterlyMean,Mean,5.19
1247,593,D24HourMean,QuarterlyMean,Mean,7.22
1251,602,D24HourMean,QuarterlyMean,Mean,6.80
1250,588,D24HourMean,QuarterlyMean,Mean,5.86
1251,613,D24HourMean,QuarterlyMean,Mean,7.33
1248,602,D24HourMean,QuarterlyMean,Mean,7.80
1229,591,D24HourMean,QuarterlyMean,Mean,5.89
1231,612,D24HourMean,QuarterlyMean,Mean,7.57
1247,597,D24HourMean,QuarterlyMean,Mean,6.62
1236,583,D24HourMean,QuarterlyMean,Mean,5.32
1238,593,D24HourMean,QuarterlyMean,Mean,6.98
1252,617,D24HourMean,QuarterlyMean,Mean,7.84
1249,615,D24HourMean,QuarterlyMean,Mean,6.83
1235,584,D24HourMean,QuarterlyMean,Mean,5.17
1254,597,D24HourMean,QuarterlyMean,Mean,7.22
1236,613,D24HourMean,QuarterlyMean,Mean,7.27
1238,599,D24HourMean,QuarterlyMean,Mean,8.63
1225,595,D24HourMean,QuarterlyMean,Mean,5.96
1252,614,D24HourMean,QuarterlyMean,Mean,7.33
1225,599,D24HourMean,QuarterlyMean,Mean,5.48
1223,608,D24HourMean,QuarterlyMean,Mean,6.89
1243,604,D24HourMean,QuarterlyMean,Mean,6.73
1255,589,D24HourMean,QuarterlyMean,Mean,5.68
1251,599,D24HourMean,QuarterlyMean,Mean,6.75
1247,602,D24HourMean,QuarterlyMean,Mean,6.44
1221,601,D24HourMean,QuarterlyMean,Mean,5.32
1247,609,D24HourMean,QuarterlyMean,Mean,7.57
1239,582,D24HourMean,QuarterlyMean,Mean,5.39
1232,594,D24HourMean,QuarterlyMean,Mean,6.37
1234,604,D24HourMean,QuarterlyMean,Mean,6.05
1228,595,D24HourMean,QuarterlyMean,Mean,5.70
1251,586,D24HourMean,QuarterlyMean,Mean,5.70
1241,600,D24HourMean,QuarterlyMean,Mean,6.41
1254,610,D24HourMean,QuarterlyMean,Mean,7.29
1255,583,D24HourMean,QuarterlyMean,Mean,5.57
1234,593,D24HourMean,QuarterlyMean,Mean,6.21
1241,580,D24HourMean,QuarterlyMean,Mean,5.17
1238,613,D24HourMean,QuarterlyMean,Mean,8.23
1256,610,D24HourMean,QuarterlyMean,Mean,7.15
1229,597,D24HourMean,QuarterlyMean,Mean,6.55
1253,599,D24HourMean,QuarterlyMean,Mean,6.11
1223,597,D24HourMean,QuarterlyMean,Mean,5.70
1245,599,D24HourMean,QuarterlyMean,Mean,7.24
1246,586,D24HourMean,QuarterlyMean,Mean,5.21
1239,588,D24HourMean,QuarterlyMean,Mean,5.53
1258,594,D24HourMean,QuarterlyMean,Mean,6.09
