Column,Row,Metric,Seasonal Metric,Annual Metric,Values
2188,720,D24HourMean,QuarterlyMean,Mean,22.87
2184,715,D24HourMean,QuarterlyMean,Mean,21.04
2172,712,D24HourMean,QuarterlyMean,Mean,19.97
2200,705,D24HourMean,QuarterlyMean,Mean,30.98
2179,726,D24HourMean,QuarterlyMean,Mean,22.71
2177,708,D24HourMean,QuarterlyMean,Mean,19.06
2211,701,D24HourMean,QuarterlyMean,Mean,26.81
2192,716,D24HourMean,QuarterlyMean,Mean,27.25
2176,722,D24HourMean,QuarterlyMean,Mean,21.64
2167,703,D24HourMean,QuarterlyMean,Mean,18.15
2173,711,D24HourMean,QuarterlyMean,Mean,19.82
2186,715,D24HourMean,QuarterlyMean,Mean,18.40
2187,713,D24HourMean,QuarterlyMean,Mean,18.14
2171,718,D24HourMean,QuarterlyMean,Mean,22.95
2228,687,D24HourMean,QuarterlyMean,Mean,27.09
2212,703,D24HourMean,QuarterlyMean,Mean,27.76
2174,715,D24HourMean,QuarterlyMean,Mean,20.71
2174,726,D24HourMean,QuarterlyMean,Mean,25.28
2187,735,D24HourMean,QuarterlyMean,Mean,26.68
2170,720,D24HourMean,QuarterlyMean,Mean,23.23
2227,690,D24HourMean,QuarterlyMean,Mean,28.33
2214,698,D24HourMean,QuarterlyMean,Mean,29.28
2178,723,D24HourMean,QuarterlyMean,Mean,21.28
2220,692,D24HourMean,QuarterlyMean,Mean,26.49
2189,717,D24HourMean,QuarterlyMean,Mean,20.83
2184,733,D24HourMean,QuarterlyMean,Mean,23.03
2211,702,D24HourMean,QuarterlyMean,Mean,27.37
2172,710,D24HourMean,QuarterlyMean,Mean,19.50
2223,692,D24HourMean,QuarterlyMean,Mean,27.07
2174,705,D24HourMean,QuarterlyMean,Mean,18.67
2217,699,D24HourMean,QuarterlyMean,Mean,28.69
2171,723,D24HourMean,QuarterlyMean,Mean,24.58
2183,713,D24HourMean,QuarterlyMean,Mean,20.96
2173,708,D24HourMean,QuarterlyMean,Mean,19.05
2186,714,D24HourMean,QuarterlyMean,Mean,19.26
2185,722,D24HourMean,QuarterlyMean,Mean,19.58
2216,696,D24HourMean,QuarterlyMean,Mean,27.87
2216,699,D24HourMean,QuarterlyMean,Mean,28.77
2184,705,D24HourMean,QuarterlyMean,Mean,18.48
2188,715,D24HourMean,QuarterlyMean,Mean,17.60
2227,688,D24HourMean,QuarterlyMean,Mean,27.55
2176,720,D24HourMean,QuarterlyMean,Mean,22.52
2180,720,D24HourMean,QuarterlyMean,Mean,18.51
2215,697,D24HourMean,QuarterlyMean,Mean,28.78
2182,727,D24HourMean,QuarterlyMean,Mean,20.18
2186,713,D24HourMean,QuarterlyMean,Mean,19.79
2169,720,D24HourMean,QuarterlyMean,Mean,23.38
2201,707,D24HourMean,QuarterlyMean,Mean,35.53
2222,695,D24HourMean,QuarterlyMean,Mean,29.67
2166,703,D24HourMean,QuarterlyMean,Mean,17.63
2223,691,D24HourMean,QuarterlyMean,Mean,26.89
2186,726,D24HourMean,QuarterlyMean,Mean,21.67
2228,684,D24HourMean,QuarterlyMean,Mean,27.04
2179,729,D24HourMean,QuarterlyMean,Mean,23.07
2215,696,D24HourMean,QuarterlyMean,Mean,28.63
2170,715,D24HourMean,QuarterlyMean,Mean,20.37
2195,707,D24HourMean,QuarterlyMean,Mean,20.19
2192,726,D24HourMean,QuarterlyMean,Mean,29.11
2176,725,D24HourMean,QuarterlyMean,Mean,23.09
2181,724,D24HourMean,QuarterlyMean,Mean,20.38
2171,708,D24HourMean,QuarterlyMean,Mean,17.86
2181,731,D24HourMean,QuarterlyMean,Mean,24.06
2200,712,D24HourMean,QuarterlyMean,Mean,30.28
2175,710,D24HourMean,QuarterlyMean,Mean,19.22
2184,712,D24HourMean,QuarterlyMean,Mean,20.67
2180,721,D24HourMean,QuarterlyMean,Mean,18.51
2175,721,D24HourMean,QuarterlyMean,Mean,23.36
2179,713,D24HourMean,QuarterlyMean,Mean,21.28
2175,717,D24HourMean,QuarterlyMean,Mean,22.44
2212,700,D24HourMean,QuarterlyMean,Mean,26.16
2189,729,D24HourMean,QuarterlyMean,Mean,24.77
2185,711,D24HourMean,QuarterlyMean,Mean,19.93
2194,706,D24HourMean,QuarterlyMean,Mean,20.35
2177,719,D24HourMean,QuarterlyMean,Mean,22.21
2213,703,D24HourMean,QuarterlyMean,Mean,28.67
2187,707,D24HourMean,QuarterlyMean,Mean,18.80
2226,691,D24HourMean,QuarterlyMean,Mean,29.44
2174,724,D24HourMean,QuarterlyMean,Mean,24.82
2176,707,D24HourMean,QuarterlyMean,Mean,18.87
2191,720,D24HourMean,QuarterlyMean,Mean,27.86
2209,701,D24HourMean,QuarterlyMean,Mean,30.11
2185,710,D24HourMean,QuarterlyMean,Mean,18.49
2186,706,D24HourMean,QuarterlyMean,Mean,18.64
2190,715,D24HourMean,QuarterlyMean,Mean,18.12
2189,714,D24HourMean,QuarterlyMean,Mean,18.17
2178,732,D24HourMean,QuarterlyMean,Mean,25.36
2176,705,D24HourMean,QuarterlyMean,Mean,18.71
2181,709,D24HourMean,QuarterlyMean,Mean,18.77
2212,704,D24HourMean,QuarterlyMean,Mean,26.34
2195,708,D24HourMean,QuarterlyMean,Mean,20.24
2185,738,D24HourMean,QuarterlyMean,Mean,25.83
2194,705,D24HourMean,QuarterlyMean,Mean,20.35
2229,686,D24HourMean,QuarterlyMean,Mean,26.96
2170,717,D24HourMean,QuarterlyMean,Mean,21.51
2171,720,D24HourMean,QuarterlyMean,Mean,23.82
2193,711,D24HourMean,QuarterlyMean,Mean,19.61
2192,717,D24HourMean,QuarterlyMean,Mean,27.40
2209,702,D24HourMean,QuarterlyMean,Mean,29.59
2190,716,D24HourMean,QuarterlyMean,Mean,19.74
2227,685,D24HourMean,QuarterlyMean,Mean,25.36
2181,732,D24HourMean,QuarterlyMean,Mean,22.96
2194,707,D24HourMean,QuarterlyMean,Mean,20.27
2190,727,D24HourMean,QuarterlyMean,Mean,29.20
2171,722,D24HourMean,QuarterlyMean,Mean,24.91
2187,724,D24HourMean,QuarterlyMean,Mean,24.42
2177,726,D24HourMean,QuarterlyMean,Mean,23.34
2183,722,D24HourMean,QuarterlyMean,Mean,19.09
2181,734,D24HourMean,QuarterlyMean,Mean,19.92
2172,706,D24HourMean,QuarterlyMean,Mean,18.41
2191,727,D24HourMean,QuarterlyMean,Mean,29.05
2168,717,D24HourMean,QuarterlyMean,Mean,20.21
2171,727,D24HourMean,QuarterlyMean,Mean,23.71
2182,711,D24HourMean,QuarterlyMean,Mean,19.71
2187,731,D24HourMean,QuarterlyMean,Mean,24.42
2215,701,D24HourMean,QuarterlyMean,Mean,34.57
2179,728,D24HourMean,QuarterlyMean,Mean,22.90
2191,711,D24HourMean,QuarterlyMean,Mean,19.61
2169,717,D24HourMean,QuarterlyMean,Mean,20.91
2182,718,D24HourMean,QuarterlyMean,Mean,19.14
2185,727,D24HourMean,QuarterlyMean,Mean,20.38
2169,708,D24HourMean,QuarterlyMean,Mean,18.56
2186,718,D24HourMean,QuarterlyMean,Mean,20.03
2175,719,D24HourMean,QuarterlyMean,Mean,23.30
2183,732,D24HourMean,QuarterlyMean,Mean,23.74
2213,702,D24HourMean,QuarterlyMean,Mean,27.84
2224,686,D24HourMean,QuarterlyMean,Mean,24.50
2168,714,D24HourMean,QuarterlyMean,Mean,18.88
2187,712,D24HourMean,QuarterlyMean,Mean,18.53
2211,704,D24HourMean,QuarterlyMean,Mean,26.79
2187,709,D24HourMean,QuarterlyMean,Mean,19.01
2166,708,D24HourMean,QuarterlyMean,Mean,18.19
2187,734,D24HourMean,QuarterlyMean,Mean,25.12
2219,694,D24HourMean,QuarterlyMean,Mean,26.32
2206,704,D24HourMean,QuarterlyMean,Mean,34.92
2223,695,D24HourMean,QuarterlyMean,Mean,28.00
2176,714,D24HourMean,QuarterlyMean,Mean,21.00
2181,707,D24HourMean,QuarterlyMean,Mean,18.49
2190,720,D24HourMean,QuarterlyMean,Mean,25.12
2185,719,D24HourMean,QuarterlyMean,Mean,19.71
2227,689,D24HourMean,QuarterlyMean,Mean,28.28
2186,711,D24HourMean,QuarterlyMean,Mean,19.47
2188,710,D24HourMean,QuarterlyMean,Mean,19.16
2180,725,D24HourMean,QuarterlyMean,Mean,21.72
2189,708,D24HourMean,QuarterlyMean,Mean,19.64
2171,710,D24HourMean,QuarterlyMean,Mean,19.21
2177,706,D24HourMean,QuarterlyMean,Mean,19.09
2172,717,D24HourMean,QuarterlyMean,Mean,22.85
2205,706,D24HourMean,QuarterlyMean,Mean,35.59
2170,723,D24HourMean,QuarterlyMean,Mean,23.01
2183,720,D24HourMean,QuarterlyMean,Mean,18.15
2187,727,D24HourMean,QuarterlyMean,Mean,22.13
2211,705,D24HourMean,QuarterlyMean,Mean,28.45
2186,707,D24HourMean,QuarterlyMean,Mean,19.45
2189,713,D24HourMean,QuarterlyMean,Mean,18.75
2176,704,D24HourMean,QuarterlyMean,Mean,18.56
2184,723,D24HourMean,QuarterlyMean,Mean,19.22
2193,716,D24HourMean,QuarterlyMean,Mean,28.02
2195,706,D24HourMean,QuarterlyMean,Mean,19.59
2202,706,D24HourMean,QuarterlyMean,Mean,35.76
2169,712,D24HourMean,QuarterlyMean,Mean,19.19
2178,721,D24HourMean,QuarterlyMean,Mean,20.82
2179,717,D24HourMean,QuarterlyMean,Mean,21.52
2186,729,D24HourMean,QuarterlyMean,Mean,22.48
2224,692,D24HourMean,QuarterlyMean,Mean,27.67
2184,725,D24HourMean,QuarterlyMean,Mean,19.24
2180,728,D24HourMean,QuarterlyMean,Mean,22.26
2169,716,D24HourMean,QuarterlyMean,Mean,20.74
2178,706,D24HourMean,QuarterlyMean,Mean,18.88
2201,708,D24HourMean,QuarterlyMean,Mean,35.90
2176,717,D24HourMean,QuarterlyMean,Mean,22.71
2194,713,D24HourMean,QuarterlyMean,Mean,26.24
2171,728,D24HourMean,QuarterlyMean,Mean,24.60
2223,689,D24HourMean,QuarterlyMean,Mean,26.35
2180,718,D24HourMean,QuarterlyMean,Mean,19.51
2190,731,D24HourMean,QuarterlyMean,Mean,29.53
2182,722,D24HourMean,QuarterlyMean,Mean,18.90
2185,714,D24HourMean,QuarterlyMean,Mean,21.01
2175,730,D24HourMean,QuarterlyMean,Mean,25.83
2178,720,D24HourMean,QuarterlyMean,Mean,20.88
2183,707,D24HourMean,QuarterlyMean,Mean,19.08
2168,713,D24HourMean,QuarterlyMean,Mean,18.93
2177,725,D24HourMean,QuarterlyMean,Mean,22.93
2179,718,D24HourMean,QuarterlyMean,Mean,21.57
2190,705,D24HourMean,QuarterlyMean,Mean,21.09
2187,720,D24HourMean,QuarterlyMean,Mean,22.15
2175,704,D24HourMean,QuarterlyMean,Mean,18.98
2190,710,D24HourMean,QuarterlyMean,Mean,19.84
2175,705,D24HourMean,QuarterlyMean,Mean,18.82
2197,707,D24HourMean,QuarterlyMean,Mean,12.08
2191,708,D24HourMean,QuarterlyMean,Mean,20.21
2186,710,D24HourMean,QuarterlyMean,Mean,18.51
2192,709,D24HourMean,QuarterlyMean,Mean,19.93
2187,729,D24HourMean,QuarterlyMean,Mean,21.83
2184,721,D24HourMean,QuarterlyMean,Mean,18.82
2175,703,D24HourMean,QuarterlyMean,Mean,19.03
2196,713,D24HourMean,QuarterlyMean,Mean,28.84
2226,686,D24HourMean,QuarterlyMean,Mean,25.69
2217,698,D24HourMean,QuarterlyMean,Mean,27.14
2185,736,D24HourMean,QuarterlyMean,Mean,26.16
2167,711,D24HourMean,QuarterlyMean,Mean,19.27
2181,708,D24HourMean,QuarterlyMean,Mean,18.59
2200,704,D24HourMean,QuarterlyMean,Mean,28.49
2188,707,D24HourMean,QuarterlyMean,Mean,18.87
2223,687,D24HourMean,QuarterlyMean,Mean,25.45
2182,709,D24HourMean,QuarterlyMean,Mean,19.03
2176,724,D24HourMean,QuarterlyMean,Mean,22.55
2192,725,D24HourMean,QuarterlyMean,Mean,29.73
2179,712,D24HourMean,QuarterlyMean,Mean,20.77
2174,711,D24HourMean,QuarterlyMean,Mean,19.35
2224,687,D24HourMean,QuarterlyMean,Mean,26.29
2181,728,D24HourMean,QuarterlyMean,Mean,21.04
2176,731,D24HourMean,QuarterlyMean,Mean,25.67
2187,721,D24HourMean,QuarterlyMean,Mean,22.07
2171,703,D24HourMean,QuarterlyMean,Mean,18.80
2198,710,D24HourMean,QuarterlyMean,Mean,29.33
2187,705,D24HourMean,QuarterlyMean,Mean,19.26
2188,727,D24HourMean,QuarterlyMean,Mean,24.77
2205,705,D24HourMean,QuarterlyMean,Mean,35.50
2171,724,D24HourMean,QuarterlyMean,Mean,24.12
2193,712,D24HourMean,QuarterlyMean,Mean,21.04
2188,733,D24HourMean,QuarterlyMean,Mean,26.43
2173,726,D24HourMean,QuarterlyMean,Mean,25.03
2168,706,D24HourMean,QuarterlyMean,Mean,18.41
2176,709,D24HourMean,QuarterlyMean,Mean,19.11
2182,707,D24HourMean,QuarterlyMean,Mean,18.27
2190,722,D24HourMean,QuarterlyMean,Mean,27.39
2191,712,D24HourMean,QuarterlyMean,Mean,20.11
2179,719,D24HourMean,QuarterlyMean,Mean,21.01
2170,721,D24HourMean,QuarterlyMean,Mean,23.88
2189,706,D24HourMean,QuarterlyMean,Mean,19.56
2176,733,D24HourMean,QuarterlyMean,Mean,25.86
2169,703,D24HourMean,QuarterlyMean,Mean,18.67
2177,730,D24HourMean,QuarterlyMean,Mean,26.27
2178,713,D24HourMean,QuarterlyMean,Mean,21.12
2185,732,D24HourMean,QuarterlyMean,Mean,21.89
2184,718,D24HourMean,QuarterlyMean,Mean,19.29
2204,716,D24HourMean,QuarterlyMean,Mean,30.82
2200,713,D24HourMean,QuarterlyMean,Mean,30.17
2191,719,D24HourMean,QuarterlyMean,Mean,25.59
2178,731,D24HourMean,QuarterlyMean,Mean,25.63
2207,702,D24HourMean,QuarterlyMean,Mean,33.63
2207,705,D24HourMean,QuarterlyMean,Mean,31.97
2195,711,D24HourMean,QuarterlyMean,Mean,27.61
2223,688,D24HourMean,QuarterlyMean,Mean,25.78
2168,708,D24HourMean,QuarterlyMean,Mean,18.79
2182,716,D24HourMean,QuarterlyMean,Mean,20.88
2170,705,D24HourMean,QuarterlyMean,Mean,18.33
2188,729,D24HourMean,QuarterlyMean,Mean,23.36
2184,720,D24HourMean,QuarterlyMean,Mean,18.61
2189,721,D24HourMean,QuarterlyMean,Mean,24.15
2187,717,D24HourMean,QuarterlyMean,Mean,19.14
2172,707,D24HourMean,QuarterlyMean,Mean,18.32
2192,724,D24HourMean,QuarterlyMean,Mean,30.12
2225,687,D24HourMean,QuarterlyMean,Mean,26.56
2208,706,D24HourMean,QuarterlyMean,Mean,31.26
2218,698,D24HourMean,QuarterlyMean,Mean,27.47
2171,721,D24HourMean,QuarterlyMean,Mean,25.21
2177,723,D24HourMean,QuarterlyMean,Mean,21.73
2174,728,D24HourMean,QuarterlyMean,Mean,25.12
2204,709,D24HourMean,QuarterlyMean,Mean,34.49
2192,721,D24HourMean,QuarterlyMean,Mean,29.86
2188,723,D24HourMean,QuarterlyMean,Mean,25.45
2222,693,D24HourMean,QuarterlyMean,Mean,27.78
2173,710,D24HourMean,QuarterlyMean,Mean,19.16
2223,693,D24HourMean,QuarterlyMean,Mean,27.58
2182,728,D24HourMean,QuarterlyMean,Mean,20.51
2209,706,D24HourMean,QuarterlyMean,Mean,30.89
2183,708,D24HourMean,QuarterlyMean,Mean,19.26
2214,697,D24HourMean,QuarterlyMean,Mean,29.73
2174,725,D24HourMean,QuarterlyMean,Mean,25.64
2196,712,D24HourMean,QuarterlyMean,Mean,31.21
2188,728,D24HourMean,QuarterlyMean,Mean,24.47
2190,719,D24HourMean,QuarterlyMean,Mean,22.02
2179,721,D24HourMean,QuarterlyMean,Mean,19.45
2178,726,D24HourMean,QuarterlyMean,Mean,22.82
2185,704,D24HourMean,QuarterlyMean,Mean,18.59
2171,709,D24HourMean,QuarterlyMean,Mean,18.66
2176,719,D24HourMean,QuarterlyMean,Mean,22.79
2178,716,D24HourMean,QuarterlyMean,Mean,22.10
2170,726,D24HourMean,QuarterlyMean,Mean,23.95
2222,688,D24HourMean,QuarterlyMean,Mean,25.78
2183,711,D24HourMean,QuarterlyMean,Mean,19.87
2202,707,D24HourMean,QuarterlyMean,Mean,36.68
2176,712,D24HourMean,QuarterlyMean,Mean,19.55
2182,729,D24HourMean,QuarterlyMean,Mean,21.62
2190,718,D24HourMean,QuarterlyMean,Mean,20.14
2192,706,D24HourMean,QuarterlyMean,Mean,20.59
2195,712,D24HourMean,QuarterlyMean,Mean,29.47
2181,729,D24HourMean,QuarterlyMean,Mean,21.33
2191,714,D24HourMean,QuarterlyMean,Mean,21.20
2186,727,D24HourMean,QuarterlyMean,Mean,21.52
2181,735,D24HourMean,QuarterlyMean,Mean,18.54
2191,717,D24HourMean,QuarterlyMean,Mean,26.10
2225,685,D24HourMean,QuarterlyMean,Mean,24.63
2192,715,D24HourMean,QuarterlyMean,Mean,26.33
2186,735,D24HourMean,QuarterlyMean,Mean,26.70
2193,713,D24HourMean,QuarterlyMean,Mean,23.95
2190,708,D24HourMean,QuarterlyMean,Mean,20.51
2202,709,D24HourMean,QuarterlyMean,Mean,34.90
2216,701,D24HourMean,QuarterlyMean,Mean,29.31
2187,706,D24HourMean,QuarterlyMean,Mean,19.26
2201,706,D24HourMean,QuarterlyMean,Mean,34.29
2173,730,D24HourMean,QuarterlyMean,Mean,26.16
2182,723,D24HourMean,QuarterlyMean,Mean,19.69
2185,709,D24HourMean,QuarterlyMean,Mean,19.06
2168,709,D24HourMean,QuarterlyMean,Mean,18.72
2172,723,D24HourMean,QuarterlyMean,Mean,25.96
2182,731,D24HourMean,QuarterlyMean,Mean,24.44
2187,723,D24HourMean,QuarterlyMean,Mean,23.80
2179,708,D24HourMean,QuarterlyMean,Mean,19.00
2207,708,D24HourMean,QuarterlyMean,Mean,33.38
2221,691,D24HourMean,QuarterlyMean,Mean,26.30
2173,714,D24HourMean,QuarterlyMean,Mean,20.88
2196,714,D24HourMean,QuarterlyMean,Mean,28.05
2221,692,D24HourMean,QuarterlyMean,Mean,26.52
2170,722,D24HourMean,QuarterlyMean,Mean,23.36
2178,724,D24HourMean,QuarterlyMean,Mean,21.88
2179,722,D24HourMean,QuarterlyMean,Mean,19.26
2181,725,D24HourMean,QuarterlyMean,Mean,20.69
2187,733,D24HourMean,QuarterlyMean,Mean,24.69
2166,709,D24HourMean,QuarterlyMean,Mean,18.46
2174,721,D24HourMean,QuarterlyMean,Mean,24.19
2175,712,D24HourMean,QuarterlyMean,Mean,19.45
2214,699,D24HourMean,QuarterlyMean,Mean,28.25
2174,716,D24HourMean,QuarterlyMean,Mean,20.88
2174,713,D24HourMean,QuarterlyMean,Mean,19.79
2181,710,D24HourMean,QuarterlyMean,Mean,19.42
2181,712,D24HourMean,QuarterlyMean,Mean,19.63
2170,712,D24HourMean,QuarterlyMean,Mean,19.58
2170,713,D24HourMean,QuarterlyMean,Mean,19.38
2190,730,D24HourMean,QuarterlyMean,Mean,28.72
2186,725,D24HourMean,QuarterlyMean,Mean,21.86
2192,710,D24HourMean,QuarterlyMean,Mean,19.51
2183,712,D24HourMean,QuarterlyMean,Mean,20.63
2177,727,D24HourMean,QuarterlyMean,Mean,23.23
2213,699,D24HourMean,QuarterlyMean,Mean,27.20
2176,711,D24HourMean,QuarterlyMean,Mean,19.22
2167,712,D24HourMean,QuarterlyMean,Mean,19.64
2179,731,D24HourMean,QuarterlyMean,Mean,26.49
2182,733,D24HourMean,QuarterlyMean,Mean,22.07
2185,734,D24HourMean,QuarterlyMean,Mean,23.96
2182,717,D24HourMean,QuarterlyMean,Mean,20.59
2186,738,D24HourMean,QuarterlyMean,Mean,28.00
2197,706,D24HourMean,QuarterlyMean,Mean,20.29
2212,705,D24HourMean,QuarterlyMean,Mean,29.92
2171,714,D24HourMean,QuarterlyMean,Mean,20.55
2191,718,D24HourMean,QuarterlyMean,Mean,23.65
2172,711,D24HourMean,QuarterlyMean,Mean,19.63
2183,723,D24HourMean,QuarterlyMean,Mean,19.26
2196,709,D24HourMean,QuarterlyMean,Mean,21.78
2172,727,D24HourMean,QuarterlyMean,Mean,24.47
2180,722,D24HourMean,QuarterlyMean,Mean,18.56
2165,711,D24HourMean,QuarterlyMean,Mean,19.82
2189,719,D24HourMean,QuarterlyMean,Mean,19.93
2182,721,D24HourMean,QuarterlyMean,Mean,18.46
2175,709,D24HourMean,QuarterlyMean,Mean,19.05
2180,719,D24HourMean,QuarterlyMean,Mean,19.26
2201,709,D24HourMean,QuarterlyMean,Mean,36.39
2191,715,D24HourMean,QuarterlyMean,Mean,25.21
2189,712,D24HourMean,QuarterlyMean,Mean,18.88
2172,730,D24HourMean,QuarterlyMean,Mean,25.55
2199,708,D24HourMean,QuarterlyMean,Mean,30.53
2167,709,D24HourMean,QuarterlyMean,Mean,18.28
2178,715,D24HourMean,QuarterlyMean,Mean,21.51
2171,717,D24HourMean,QuarterlyMean,Mean,22.80
2177,722,D24HourMean,QuarterlyMean,Mean,20.59
2192,720,D24HourMean,QuarterlyMean,Mean,29.11
2188,724,D24HourMean,QuarterlyMean,Mean,24.41
2182,719,D24HourMean,QuarterlyMean,Mean,18.12
2188,730,D24HourMean,QuarterlyMean,Mean,24.09
2179,727,D24HourMean,QuarterlyMean,Mean,23.14
2201,720,D24HourMean,QuarterlyMean,Mean,31.72
2181,711,D24HourMean,QuarterlyMean,Mean,19.64
2211,699,D24HourMean,QuarterlyMean,Mean,26.90
2203,707,D24HourMean,QuarterlyMean,Mean,35.93
2211,706,D24HourMean,QuarterlyMean,Mean,29.89
2175,707,D24HourMean,QuarterlyMean,Mean,19.06
2188,712,D24HourMean,QuarterlyMean,Mean,18.61
2177,707,D24HourMean,QuarterlyMean,Mean,19.08
2185,715,D24HourMean,QuarterlyMean,Mean,20.40
2179,715,D24HourMean,QuarterlyMean,Mean,21.40
2206,706,D24HourMean,QuarterlyMean,Mean,34.49
2178,712,D24HourMean,QuarterlyMean,Mean,20.42
2199,710,D24HourMean,QuarterlyMean,Mean,31.44
2176,732,D24HourMean,QuarterlyMean,Mean,25.94
2170,714,D24HourMean,QuarterlyMean,Mean,20.16
2185,705,D24HourMean,QuarterlyMean,Mean,18.67
2184,707,D24HourMean,QuarterlyMean,Mean,18.93
2181,721,D24HourMean,QuarterlyMean,Mean,18.28
2179,709,D24HourMean,QuarterlyMean,Mean,19.32
2176,728,D24HourMean,QuarterlyMean,Mean,23.47
2211,703,D24HourMean,QuarterlyMean,Mean,26.89
2210,702,D24HourMean,QuarterlyMean,Mean,27.34
2192,718,D24HourMean,QuarterlyMean,Mean,27.61
2193,720,D24HourMean,QuarterlyMean,Mean,29.17
2167,705,D24HourMean,QuarterlyMean,Mean,17.96
2173,712,D24HourMean,QuarterlyMean,Mean,19.19
2173,725,D24HourMean,QuarterlyMean,Mean,25.74
2214,703,D24HourMean,QuarterlyMean,Mean,30.20
2230,687,D24HourMean,QuarterlyMean,Mean,27.78
2177,724,D24HourMean,QuarterlyMean,Mean,22.36
2191,724,D24HourMean,QuarterlyMean,Mean,30.09
2181,730,D24HourMean,QuarterlyMean,Mean,23.92
2180,723,D24HourMean,QuarterlyMean,Mean,20.16
2182,724,D24HourMean,QuarterlyMean,Mean,20.46
2192,713,D24HourMean,QuarterlyMean,Mean,21.73
2201,717,D24HourMean,QuarterlyMean,Mean,33.92
2176,715,D24HourMean,QuarterlyMean,Mean,21.76
2200,711,D24HourMean,QuarterlyMean,Mean,30.99
2183,724,D24HourMean,QuarterlyMean,Mean,19.35
2184,708,D24HourMean,QuarterlyMean,Mean,19.30
2202,716,D24HourMean,QuarterlyMean,Mean,32.76
2176,726,D24HourMean,QuarterlyMean,Mean,23.52
2193,707,D24HourMean,QuarterlyMean,Mean,20.66
2191,729,D24HourMean,QuarterlyMean,Mean,29.62
2206,705,D24HourMean,QuarterlyMean,Mean,34.50
2184,732,D24HourMean,QuarterlyMean,Mean,22.98
2217,694,D24HourMean,QuarterlyMean,Mean,25.58
2179,716,D24HourMean,QuarterlyMean,Mean,21.43
2177,713,D24HourMean,QuarterlyMean,Mean,20.80
2169,706,D24HourMean,QuarterlyMean,Mean,18.51
2173,716,D24HourMean,QuarterlyMean,Mean,20.32
2178,725,D24HourMean,QuarterlyMean,Mean,22.40
2187,737,D24HourMean,QuarterlyMean,Mean,28.41
2228,686,D24HourMean,QuarterlyMean,Mean,26.04
2180,733,D24HourMean,QuarterlyMean,Mean,23.88
2175,711,D24HourMean,QuarterlyMean,Mean,19.50
2192,719,D24HourMean,QuarterlyMean,Mean,27.98
2228,688,D24HourMean,QuarterlyMean,Mean,28.17
2168,707,D24HourMean,QuarterlyMean,Mean,18.61
2220,691,D24HourMean,QuarterlyMean,Mean,26.59
2167,706,D24HourMean,QuarterlyMean,Mean,18.19
2166,707,D24HourMean,QuarterlyMean,Mean,17.83
2178,730,D24HourMean,QuarterlyMean,Mean,25.61
2191,706,D24HourMean,QuarterlyMean,Mean,20.93
2204,707,D24HourMean,QuarterlyMean,Mean,35.01
2209,705,D24HourMean,QuarterlyMean,Mean,30.23
2220,697,D24HourMean,QuarterlyMean,Mean,26.87
2168,704,D24HourMean,QuarterlyMean,Mean,18.10
2199,706,D24HourMean,QuarterlyMean,Mean,25.72
2186,722,D24HourMean,QuarterlyMean,Mean,21.08
2228,685,D24HourMean,QuarterlyMean,Mean,26.27
2176,706,D24HourMean,QuarterlyMean,Mean,18.88
2178,710,D24HourMean,QuarterlyMean,Mean,19.90
2186,730,D24HourMean,QuarterlyMean,Mean,21.89
2179,710,D24HourMean,QuarterlyMean,Mean,19.77
2176,718,D24HourMean,QuarterlyMean,Mean,23.14
2187,715,D24HourMean,QuarterlyMean,Mean,17.75
2172,714,D24HourMean,QuarterlyMean,Mean,20.74
2178,728,D24HourMean,QuarterlyMean,Mean,23.33
2171,725,D24HourMean,QuarterlyMean,Mean,24.03
2193,717,D24HourMean,QuarterlyMean,Mean,28.13
2186,712,D24HourMean,QuarterlyMean,Mean,19.61
2178,733,D24HourMean,QuarterlyMean,Mean,25.01
2181,722,D24HourMean,QuarterlyMean,Mean,18.33
2229,687,D24HourMean,QuarterlyMean,Mean,27.73
2205,704,D24HourMean,QuarterlyMean,Mean,36.19
2174,722,D24HourMean,QuarterlyMean,Mean,24.69
2167,714,D24HourMean,QuarterlyMean,Mean,19.06
2177,711,D24HourMean,QuarterlyMean,Mean,19.47
2183,733,D24HourMean,QuarterlyMean,Mean,21.70
2174,718,D24HourMean,QuarterlyMean,Mean,23.12
2187,726,D24HourMean,QuarterlyMean,Mean,24.95
2185,729,D24HourMean,QuarterlyMean,Mean,21.35
2181,727,D24HourMean,QuarterlyMean,Mean,20.80
2199,711,D24HourMean,QuarterlyMean,Mean,30.33
2205,709,D24HourMean,QuarterlyMean,Mean,34.66
2197,713,D24HourMean,QuarterlyMean,Mean,28.95
2171,715,D24HourMean,QuarterlyMean,Mean,20.93
2194,712,D24HourMean,QuarterlyMean,Mean,22.42
2193,710,D24HourMean,QuarterlyMean,Mean,19.76
2190,723,D24HourMean,QuarterlyMean,Mean,28.19
2186,717,D24HourMean,QuarterlyMean,Mean,19.43
2201,711,D24HourMean,QuarterlyMean,Mean,31.27
2188,706,D24HourMean,QuarterlyMean,Mean,19.37
2168,703,D24HourMean,QuarterlyMean,Mean,18.54
2180,711,D24HourMean,QuarterlyMean,Mean,19.50
2185,731,D24HourMean,QuarterlyMean,Mean,22.47
2226,687,D24HourMean,QuarterlyMean,Mean,26.04
2182,712,D24HourMean,QuarterlyMean,Mean,20.32
2205,708,D24HourMean,QuarterlyMean,Mean,34.29
2170,719,D24HourMean,QuarterlyMean,Mean,22.60
2183,730,D24HourMean,QuarterlyMean,Mean,24.36
2185,708,D24HourMean,QuarterlyMean,Mean,19.13
2183,725,D24HourMean,QuarterlyMean,Mean,19.27
2191,728,D24HourMean,QuarterlyMean,Mean,30.19
2173,717,D24HourMean,QuarterlyMean,Mean,23.04
2185,712,D24HourMean,QuarterlyMean,Mean,20.83
2194,717,D24HourMean,QuarterlyMean,Mean,29.34
2188,735,D24HourMean,QuarterlyMean,Mean,27.37
2213,704,D24HourMean,QuarterlyMean,Mean,28.66
2178,707,D24HourMean,QuarterlyMean,Mean,19.11
2174,709,D24HourMean,QuarterlyMean,Mean,19.38
2212,699,D24HourMean,QuarterlyMean,Mean,25.23
2221,693,D24HourMean,QuarterlyMean,Mean,27.98
2216,700,D24HourMean,QuarterlyMean,Mean,31.12
2179,733,D24HourMean,QuarterlyMean,Mean,25.55
2176,723,D24HourMean,QuarterlyMean,Mean,22.40
2174,717,D24HourMean,QuarterlyMean,Mean,22.10
2200,709,D24HourMean,QuarterlyMean,Mean,33.89
2187,738,D24HourMean,QuarterlyMean,Mean,29.34
2210,704,D24HourMean,QuarterlyMean,Mean,26.73
2173,720,D24HourMean,QuarterlyMean,Mean,24.63
2191,725,D24HourMean,QuarterlyMean,Mean,29.61
2228,689,D24HourMean,QuarterlyMean,Mean,28.61
2176,703,D24HourMean,QuarterlyMean,Mean,19.13
2231,687,D24HourMean,QuarterlyMean,Mean,28.55
2179,720,D24HourMean,QuarterlyMean,Mean,20.63
2191,722,D24HourMean,QuarterlyMean,Mean,28.89
2172,708,D24HourMean,QuarterlyMean,Mean,18.32
2181,716,D24HourMean,QuarterlyMean,Mean,20.91
2184,735,D24HourMean,QuarterlyMean,Mean,23.53
2224,688,D24HourMean,QuarterlyMean,Mean,26.89
2186,728,D24HourMean,QuarterlyMean,Mean,21.75
2194,715,D24HourMean,QuarterlyMean,Mean,28.53
2223,694,D24HourMean,QuarterlyMean,Mean,28.39
2179,725,D24HourMean,QuarterlyMean,Mean,22.12
2218,693,D24HourMean,QuarterlyMean,Mean,24.80
2218,695,D24HourMean,QuarterlyMean,Mean,26.22
2187,725,D24HourMean,QuarterlyMean,Mean,24.47
2170,708,D24HourMean,QuarterlyMean,Mean,18.27
2174,710,D24HourMean,QuarterlyMean,Mean,19.16
2171,704,D24HourMean,QuarterlyMean,Mean,18.71
2177,720,D24HourMean,QuarterlyMean,Mean,21.81
2225,688,D24HourMean,QuarterlyMean,Mean,27.59
2167,710,D24HourMean,QuarterlyMean,Mean,18.79
2169,710,D24HourMean,QuarterlyMean,Mean,18.51
2178,718,D24HourMean,QuarterlyMean,Mean,22.16
2182,714,D24HourMean,QuarterlyMean,Mean,20.93
2175,708,D24HourMean,QuarterlyMean,Mean,19.16
2200,708,D24HourMean,QuarterlyMean,Mean,36.06
2190,711,D24HourMean,QuarterlyMean,Mean,20.16
2216,695,D24HourMean,QuarterlyMean,Mean,27.15
2190,709,D24HourMean,QuarterlyMean,Mean,20.16
2183,728,D24HourMean,QuarterlyMean,Mean,20.50
2195,705,D24HourMean,QuarterlyMean,Mean,19.82
2198,707,D24HourMean,QuarterlyMean,Mean,28.55
2180,727,D24HourMean,QuarterlyMean,Mean,21.73
2184,713,D24HourMean,QuarterlyMean,Mean,21.19
2201,710,D24HourMean,QuarterlyMean,Mean,33.35
2194,709,D24HourMean,QuarterlyMean,Mean,19.82
2172,728,D24HourMean,QuarterlyMean,Mean,24.88
2194,710,D24HourMean,QuarterlyMean,Mean,19.77
2189,716,D24HourMean,QuarterlyMean,Mean,18.20
2186,736,D24HourMean,QuarterlyMean,Mean,27.22
2220,693,D24HourMean,QuarterlyMean,Mean,27.15
2225,689,D24HourMean,QuarterlyMean,Mean,27.70
2188,718,D24HourMean,QuarterlyMean,Mean,20.64
2182,726,D24HourMean,QuarterlyMean,Mean,20.16
2193,718,D24HourMean,QuarterlyMean,Mean,28.36
2175,722,D24HourMean,QuarterlyMean,Mean,23.65
2179,714,D24HourMean,QuarterlyMean,Mean,21.49
2175,729,D24HourMean,QuarterlyMean,Mean,23.79
2170,707,D24HourMean,QuarterlyMean,Mean,18.51
2190,724,D24HourMean,QuarterlyMean,Mean,28.83
2171,705,D24HourMean,QuarterlyMean,Mean,18.07
2190,706,D24HourMean,QuarterlyMean,Mean,20.48
2188,719,D24HourMean,QuarterlyMean,Mean,22.29
2183,717,D24HourMean,QuarterlyMean,Mean,20.53
2178,719,D24HourMean,QuarterlyMean,Mean,21.73
2224,689,D24HourMean,QuarterlyMean,Mean,27.28
2208,702,D24HourMean,QuarterlyMean,Mean,31.71
2199,713,D24HourMean,QuarterlyMean,Mean,29.73
2227,687,D24HourMean,QuarterlyMean,Mean,25.99
2173,718,D24HourMean,QuarterlyMean,Mean,24.80
2201,718,D24HourMean,QuarterlyMean,Mean,33.67
2185,707,D24HourMean,QuarterlyMean,Mean,19.14
2182,730,D24HourMean,QuarterlyMean,Mean,24.15
2183,714,D24HourMean,QuarterlyMean,Mean,21.20
2188,714,D24HourMean,QuarterlyMean,Mean,18.41
2187,704,D24HourMean,QuarterlyMean,Mean,19.64
2174,727,D24HourMean,QuarterlyMean,Mean,24.76
2180,724,D24HourMean,QuarterlyMean,Mean,21.46
2187,718,D24HourMean,QuarterlyMean,Mean,20.03
2189,718,D24HourMean,QuarterlyMean,Mean,22.42
2172,720,D24HourMean,QuarterlyMean,Mean,24.04
2172,718,D24HourMean,QuarterlyMean,Mean,22.88
2222,694,D24HourMean,QuarterlyMean,Mean,28.27
2176,729,D24HourMean,QuarterlyMean,Mean,23.50
2166,704,D24HourMean,QuarterlyMean,Mean,17.49
2171,711,D24HourMean,QuarterlyMean,Mean,19.30
2186,734,D24HourMean,QuarterlyMean,Mean,24.49
2175,728,D24HourMean,QuarterlyMean,Mean,24.19
2174,712,D24HourMean,QuarterlyMean,Mean,19.29
2184,726,D24HourMean,QuarterlyMean,Mean,19.16
2206,707,D24HourMean,QuarterlyMean,Mean,34.29
2215,695,D24HourMean,QuarterlyMean,Mean,28.56
2179,734,D24HourMean,QuarterlyMean,Mean,22.98
2180,731,D24HourMean,QuarterlyMean,Mean,25.07
2176,721,D24HourMean,QuarterlyMean,Mean,21.51
2192,707,D24HourMean,QuarterlyMean,Mean,20.27
2177,714,D24HourMean,QuarterlyMean,Mean,21.14
2188,709,D24HourMean,QuarterlyMean,Mean,19.14
2174,707,D24HourMean,QuarterlyMean,Mean,18.62
2209,703,D24HourMean,QuarterlyMean,Mean,28.09
2172,724,D24HourMean,QuarterlyMean,Mean,25.86
2184,716,D24HourMean,QuarterlyMean,Mean,21.25
2187,722,D24HourMean,QuarterlyMean,Mean,22.61
2180,709,D24HourMean,QuarterlyMean,Mean,19.14
2189,723,D24HourMean,QuarterlyMean,Mean,26.15
2203,706,D24HourMean,QuarterlyMean,Mean,36.22
2177,712,D24HourMean,QuarterlyMean,Mean,20.32
2219,696,D24HourMean,QuarterlyMean,Mean,25.67
2174,704,D24HourMean,QuarterlyMean,Mean,18.87
2184,717,D24HourMean,QuarterlyMean,Mean,20.48
2166,705,D24HourMean,QuarterlyMean,Mean,17.50
2166,706,D24HourMean,QuarterlyMean,Mean,17.50
2182,725,D24HourMean,QuarterlyMean,Mean,20.87
2186,739,D24HourMean,QuarterlyMean,Mean,28.50
2170,709,D24HourMean,QuarterlyMean,Mean,18.93
2218,696,D24HourMean,QuarterlyMean,Mean,26.05
2225,690,D24HourMean,QuarterlyMean,Mean,27.44
2174,708,D24HourMean,QuarterlyMean,Mean,19.19
2212,702,D24HourMean,QuarterlyMean,Mean,27.91
2204,708,D24HourMean,QuarterlyMean,Mean,34.33
2172,721,D24HourMean,QuarterlyMean,Mean,25.33
2175,714,D24HourMean,QuarterlyMean,Mean,20.27
2173,728,D24HourMean,QuarterlyMean,Mean,26.22
2193,709,D24HourMean,QuarterlyMean,Mean,19.80
2183,719,D24HourMean,QuarterlyMean,Mean,18.27
2167,707,D24HourMean,QuarterlyMean,Mean,18.49
2219,695,D24HourMean,QuarterlyMean,Mean,25.93
2186,716,D24HourMean,QuarterlyMean,Mean,19.17
2190,717,D24HourMean,QuarterlyMean,Mean,24.28
2216,698,D24HourMean,QuarterlyMean,Mean,27.97
2168,710,D24HourMean,QuarterlyMean,Mean,18.61
2177,715,D24HourMean,QuarterlyMean,Mean,22.00
2183,709,D24HourMean,QuarterlyMean,Mean,19.05
2183,731,D24HourMean,QuarterlyMean,Mean,25.25
2168,705,D24HourMean,QuarterlyMean,Mean,18.12
2172,713,D24HourMean,QuarterlyMean,Mean,20.50
2213,698,D24HourMean,QuarterlyMean,Mean,29.06
2191,721,D24HourMean,QuarterlyMean,Mean,28.70
2185,713,D24HourMean,QuarterlyMean,Mean,21.08
2196,708,D24HourMean,QuarterlyMean,Mean,21.06
2182,715,D24HourMean,QuarterlyMean,Mean,20.79
2184,734,D24HourMean,QuarterlyMean,Mean,22.61
2171,729,D24HourMean,QuarterlyMean,Mean,25.17
2226,685,D24HourMean,QuarterlyMean,Mean,25.17
2194,714,D24HourMean,QuarterlyMean,Mean,26.27
2181,715,D24HourMean,QuarterlyMean,Mean,21.17
2185,724,D24HourMean,QuarterlyMean,Mean,19.59
2226,690,D24HourMean,QuarterlyMean,Mean,29.22
2220,698,D24HourMean,QuarterlyMean,Mean,28.23
2219,697,D24HourMean,QuarterlyMean,Mean,26.46
2205,707,D24HourMean,QuarterlyMean,Mean,35.07
2169,714,D24HourMean,QuarterlyMean,Mean,19.90
2203,705,D24HourMean,QuarterlyMean,Mean,35.86
2170,718,D24HourMean,QuarterlyMean,Mean,21.84
2185,730,D24HourMean,QuarterlyMean,Mean,21.20
2214,696,D24HourMean,QuarterlyMean,Mean,30.42
2183,710,D24HourMean,QuarterlyMean,Mean,19.16
2169,704,D24HourMean,QuarterlyMean,Mean,18.33
2215,698,D24HourMean,QuarterlyMean,Mean,28.80
2169,709,D24HourMean,QuarterlyMean,Mean,18.88
2176,716,D24HourMean,QuarterlyMean,Mean,22.82
2199,705,D24HourMean,QuarterlyMean,Mean,27.36
2219,693,D24HourMean,QuarterlyMean,Mean,27.87
2193,708,D24HourMean,QuarterlyMean,Mean,19.84
2191,723,D24HourMean,QuarterlyMean,Mean,29.27
2178,727,D24HourMean,QuarterlyMean,Mean,22.82
2182,710,D24HourMean,QuarterlyMean,Mean,19.24
2190,713,D24HourMean,QuarterlyMean,Mean,19.89
2197,712,D24HourMean,QuarterlyMean,Mean,30.40
2175,718,D24HourMean,QuarterlyMean,Mean,22.80
2190,725,D24HourMean,QuarterlyMean,Mean,28.45
2167,713,D24HourMean,QuarterlyMean,Mean,19.59
2212,698,D24HourMean,QuarterlyMean,Mean,28.09
2197,709,D24HourMean,QuarterlyMean,Mean,24.38
2221,694,D24HourMean,QuarterlyMean,Mean,27.94
2224,691,D24HourMean,QuarterlyMean,Mean,26.70
2180,710,D24HourMean,QuarterlyMean,Mean,19.55
2210,700,D24HourMean,QuarterlyMean,Mean,28.84
2188,721,D24HourMean,QuarterlyMean,Mean,23.31
2187,732,D24HourMean,QuarterlyMean,Mean,22.96
2207,706,D24HourMean,QuarterlyMean,Mean,31.97
2179,732,D24HourMean,QuarterlyMean,Mean,25.86
2169,715,D24HourMean,QuarterlyMean,Mean,20.50
2197,710,D24HourMean,QuarterlyMean,Mean,28.28
2179,730,D24HourMean,QuarterlyMean,Mean,25.33
2194,716,D24HourMean,QuarterlyMean,Mean,28.97
2192,712,D24HourMean,QuarterlyMean,Mean,20.64
2188,711,D24HourMean,QuarterlyMean,Mean,18.77
2191,726,D24HourMean,QuarterlyMean,Mean,29.59
2189,728,D24HourMean,QuarterlyMean,Mean,25.94
2183,727,D24HourMean,QuarterlyMean,Mean,19.34
2181,733,D24HourMean,QuarterlyMean,Mean,21.91
2206,703,D24HourMean,QuarterlyMean,Mean,35.06
2216,697,D24HourMean,QuarterlyMean,Mean,27.62
2191,710,D24HourMean,QuarterlyMean,Mean,19.68
2170,716,D24HourMean,QuarterlyMean,Mean,21.03
2168,715,D24HourMean,QuarterlyMean,Mean,19.27
2198,706,D24HourMean,QuarterlyMean,Mean,26.68
2170,706,D24HourMean,QuarterlyMean,Mean,18.33
2189,711,D24HourMean,QuarterlyMean,Mean,19.63
2189,724,D24HourMean,QuarterlyMean,Mean,27.14
2185,725,D24HourMean,QuarterlyMean,Mean,19.47
2177,729,D24HourMean,QuarterlyMean,Mean,23.41
2187,708,D24HourMean,QuarterlyMean,Mean,18.54
2197,711,D24HourMean,QuarterlyMean,Mean,30.25
2172,709,D24HourMean,QuarterlyMean,Mean,18.54
2200,710,D24HourMean,QuarterlyMean,Mean,32.36
2182,734,D24HourMean,QuarterlyMean,Mean,20.69
2225,686,D24HourMean,QuarterlyMean,Mean,25.50
2190,714,D24HourMean,QuarterlyMean,Mean,19.74
2174,706,D24HourMean,QuarterlyMean,Mean,18.58
2167,704,D24HourMean,QuarterlyMean,Mean,17.91
2189,722,D24HourMean,QuarterlyMean,Mean,25.01
2191,709,D24HourMean,QuarterlyMean,Mean,19.82
2196,707,D24HourMean,QuarterlyMean,Mean,20.64
2218,697,D24HourMean,QuarterlyMean,Mean,26.65
2173,704,D24HourMean,QuarterlyMean,Mean,18.87
2175,727,D24HourMean,QuarterlyMean,Mean,24.90
2180,715,D24HourMean,QuarterlyMean,Mean,21.06
2188,732,D24HourMean,QuarterlyMean,Mean,25.72
2220,695,D24HourMean,QuarterlyMean,Mean,26.52
2173,707,D24HourMean,QuarterlyMean,Mean,18.61
2201,705,D24HourMean,QuarterlyMean,Mean,32.84
2189,720,D24HourMean,QuarterlyMean,Mean,23.47
2199,712,D24HourMean,QuarterlyMean,Mean,29.94
2211,700,D24HourMean,QuarterlyMean,Mean,26.81
2184,730,D24HourMean,QuarterlyMean,Mean,22.26
2230,686,D24HourMean,QuarterlyMean,Mean,27.55
2171,712,D24HourMean,QuarterlyMean,Mean,19.48
2178,711,D24HourMean,QuarterlyMean,Mean,20.03
2173,727,D24HourMean,QuarterlyMean,Mean,25.37
2175,720,D24HourMean,QuarterlyMean,Mean,24.11
2189,705,D24HourMean,QuarterlyMean,Mean,20.38
2174,714,D24HourMean,QuarterlyMean,Mean,20.45
2204,706,D24HourMean,QuarterlyMean,Mean,35.09
2179,711,D24HourMean,QuarterlyMean,Mean,19.87
2172,725,D24HourMean,QuarterlyMean,Mean,25.29
2173,713,D24HourMean,QuarterlyMean,Mean,19.34
2180,732,D24HourMean,QuarterlyMean,Mean,24.39
2200,707,D24HourMean,QuarterlyMean,Mean,35.72
2167,715,D24HourMean,QuarterlyMean,Mean,18.53
2169,707,D24HourMean,QuarterlyMean,Mean,18.75
2185,733,D24HourMean,QuarterlyMean,Mean,23.04
2173,724,D24HourMean,QuarterlyMean,Mean,25.40
2185,728,D24HourMean,QuarterlyMean,Mean,21.12
2194,711,D24HourMean,QuarterlyMean,Mean,19.50
2186,719,D24HourMean,QuarterlyMean,Mean,20.27
2226,689,D24HourMean,QuarterlyMean,Mean,27.70
2187,716,D24HourMean,QuarterlyMean,Mean,18.45
2215,699,D24HourMean,QuarterlyMean,Mean,28.53
2189,710,D24HourMean,QuarterlyMean,Mean,19.58
2180,714,D24HourMean,QuarterlyMean,Mean,20.93
2182,732,D24HourMean,QuarterlyMean,Mean,22.87
2170,703,D24HourMean,QuarterlyMean,Mean,18.62
2206,708,D24HourMean,QuarterlyMean,Mean,34.49
2219,698,D24HourMean,QuarterlyMean,Mean,27.69
2220,694,D24HourMean,QuarterlyMean,Mean,26.41
2166,710,D24HourMean,QuarterlyMean,Mean,18.67
2186,720,D24HourMean,QuarterlyMean,Mean,20.13
2192,722,D24HourMean,QuarterlyMean,Mean,29.53
2182,735,D24HourMean,QuarterlyMean,Mean,19.98
2184,736,D24HourMean,QuarterlyMean,Mean,22.50
2189,734,D24HourMean,QuarterlyMean,Mean,27.04
2178,709,D24HourMean,QuarterlyMean,Mean,19.63
2186,724,D24HourMean,QuarterlyMean,Mean,21.67
2184,719,D24HourMean,QuarterlyMean,Mean,18.85
2171,706,D24HourMean,QuarterlyMean,Mean,18.12
2175,726,D24HourMean,QuarterlyMean,Mean,25.31
2215,700,D24HourMean,QuarterlyMean,Mean,29.95
2173,715,D24HourMean,QuarterlyMean,Mean,20.88
2204,705,D24HourMean,QuarterlyMean,Mean,35.04
2199,707,D24HourMean,QuarterlyMean,Mean,31.79
2217,696,D24HourMean,QuarterlyMean,Mean,27.51
2172,719,D24HourMean,QuarterlyMean,Mean,23.88
2198,708,D24HourMean,QuarterlyMean,Mean,26.29
2192,708,D24HourMean,QuarterlyMean,Mean,20.13
2188,713,D24HourMean,QuarterlyMean,Mean,18.17
2189,709,D24HourMean,QuarterlyMean,Mean,19.55
2202,705,D24HourMean,QuarterlyMean,Mean,34.13
2172,704,D24HourMean,QuarterlyMean,Mean,18.87
2207,707,D24HourMean,QuarterlyMean,Mean,33.32
2177,717,D24HourMean,QuarterlyMean,Mean,22.48
2189,731,D24HourMean,QuarterlyMean,Mean,27.75
2175,713,D24HourMean,QuarterlyMean,Mean,19.79
2169,713,D24HourMean,QuarterlyMean,Mean,19.24
2203,716,D24HourMean,QuarterlyMean,Mean,32.44
2185,720,D24HourMean,QuarterlyMean,Mean,19.27
2176,713,D24HourMean,QuarterlyMean,Mean,20.22
2194,718,D24HourMean,QuarterlyMean,Mean,29.50
2185,716,D24HourMean,QuarterlyMean,Mean,20.34
2188,731,D24HourMean,QuarterlyMean,Mean,26.11
2189,733,D24HourMean,QuarterlyMean,Mean,28.64
2185,737,D24HourMean,QuarterlyMean,Mean,26.57
2188,717,D24HourMean,QuarterlyMean,Mean,19.34
2208,704,D24HourMean,QuarterlyMean,Mean,30.92
2186,723,D24HourMean,QuarterlyMean,Mean,21.36
2189,707,D24HourMean,QuarterlyMean,Mean,19.47
2184,729,D24HourMean,QuarterlyMean,Mean,21.24
2217,697,D24HourMean,QuarterlyMean,Mean,26.84
2180,712,D24HourMean,QuarterlyMean,Mean,19.97
2170,711,D24HourMean,QuarterlyMean,Mean,19.19
2184,722,D24HourMean,QuarterlyMean,Mean,19.21
2214,701,D24HourMean,QuarterlyMean,Mean,28.14
2171,726,D24HourMean,QuarterlyMean,Mean,23.71
2175,724,D24HourMean,QuarterlyMean,Mean,22.74
2173,721,D24HourMean,QuarterlyMean,Mean,24.93
2187,728,D24HourMean,QuarterlyMean,Mean,23.76
2181,723,D24HourMean,QuarterlyMean,Mean,19.13
2171,719,D24HourMean,QuarterlyMean,Mean,23.15
2189,730,D24HourMean,QuarterlyMean,Mean,25.55
2215,702,D24HourMean,QuarterlyMean,Mean,30.31
2180,716,D24HourMean,QuarterlyMean,Mean,21.01
2213,701,D24HourMean,QuarterlyMean,Mean,26.92
2183,735,D24HourMean,QuarterlyMean,Mean,21.28
2187,710,D24HourMean,QuarterlyMean,Mean,19.13
2170,704,D24HourMean,QuarterlyMean,Mean,18.53
2189,726,D24HourMean,QuarterlyMean,Mean,26.93
2175,725,D24HourMean,QuarterlyMean,Mean,23.84
2174,720,D24HourMean,QuarterlyMean,Mean,24.90
2197,705,D24HourMean,QuarterlyMean,Mean,19.89
2231,688,D24HourMean,QuarterlyMean,Mean,29.09
2220,696,D24HourMean,QuarterlyMean,Mean,26.74
2173,709,D24HourMean,QuarterlyMean,Mean,19.29
2174,730,D24HourMean,QuarterlyMean,Mean,26.02
2222,691,D24HourMean,QuarterlyMean,Mean,25.81
2217,695,D24HourMean,QuarterlyMean,Mean,26.40
2218,694,D24HourMean,QuarterlyMean,Mean,25.10
2214,700,D24HourMean,QuarterlyMean,Mean,27.03
2200,706,D24HourMean,QuarterlyMean,Mean,32.81
2190,728,D24HourMean,QuarterlyMean,Mean,28.80
2184,706,D24HourMean,QuarterlyMean,Mean,18.85
2190,707,D24HourMean,QuarterlyMean,Mean,20.22
2177,709,D24HourMean,QuarterlyMean,Mean,19.40
2172,715,D24HourMean,QuarterlyMean,Mean,20.69
2168,711,D24HourMean,QuarterlyMean,Mean,18.95
2173,722,D24HourMean,QuarterlyMean,Mean,25.17
2209,704,D24HourMean,QuarterlyMean,Mean,29.27
2187,730,D24HourMean,QuarterlyMean,Mean,23.38
2191,716,D24HourMean,QuarterlyMean,Mean,26.22
2182,713,D24HourMean,QuarterlyMean,Mean,20.64
2208,705,D24HourMean,QuarterlyMean,Mean,30.39
2170,724,D24HourMean,QuarterlyMean,Mean,24.20
2213,697,D24HourMean,QuarterlyMean,Mean,29.19
2174,723,D24HourMean,QuarterlyMean,Mean,24.84
2185,718,D24HourMean,QuarterlyMean,Mean,19.92
2190,729,D24HourMean,QuarterlyMean,Mean,28.77
2184,709,D24HourMean,QuarterlyMean,Mean,19.14
2171,716,D24HourMean,QuarterlyMean,Mean,20.75
2186,704,D24HourMean,QuarterlyMean,Mean,18.98
2189,715,D24HourMean,QuarterlyMean,Mean,17.55
2168,712,D24HourMean,QuarterlyMean,Mean,19.08
2184,714,D24HourMean,QuarterlyMean,Mean,21.30
2178,717,D24HourMean,QuarterlyMean,Mean,22.28
2186,709,D24HourMean,QuarterlyMean,Mean,19.17
2214,702,D24HourMean,QuarterlyMean,Mean,29.75
2177,731,D24HourMean,QuarterlyMean,Mean,25.45
2221,696,D24HourMean,QuarterlyMean,Mean,28.19
2177,721,D24HourMean,QuarterlyMean,Mean,21.65
2190,721,D24HourMean,QuarterlyMean,Mean,25.83
2199,714,D24HourMean,QuarterlyMean,Mean,29.69
2186,705,D24HourMean,QuarterlyMean,Mean,18.10
2185,723,D24HourMean,QuarterlyMean,Mean,20.06
2202,708,D24HourMean,QuarterlyMean,Mean,36.21
2186,731,D24HourMean,QuarterlyMean,Mean,22.68
2222,689,D24HourMean,QuarterlyMean,Mean,26.08
2192,723,D24HourMean,QuarterlyMean,Mean,30.05
2183,734,D24HourMean,QuarterlyMean,Mean,21.57
2189,732,D24HourMean,QuarterlyMean,Mean,29.69
2170,725,D24HourMean,QuarterlyMean,Mean,24.60
2174,729,D24HourMean,QuarterlyMean,Mean,25.20
2219,692,D24HourMean,QuarterlyMean,Mean,27.62
2172,729,D24HourMean,QuarterlyMean,Mean,25.91
2183,721,D24HourMean,QuarterlyMean,Mean,18.61
2187,719,D24HourMean,QuarterlyMean,Mean,21.19
2221,690,D24HourMean,QuarterlyMean,Mean,26.51
2178,714,D24HourMean,QuarterlyMean,Mean,21.24
2193,719,D24HourMean,QuarterlyMean,Mean,29.77
2184,710,D24HourMean,QuarterlyMean,Mean,19.21
2176,727,D24HourMean,QuarterlyMean,Mean,23.23
2178,708,D24HourMean,QuarterlyMean,Mean,19.40
2185,726,D24HourMean,QuarterlyMean,Mean,19.22
2185,706,D24HourMean,QuarterlyMean,Mean,19.24
2183,716,D24HourMean,QuarterlyMean,Mean,21.35
2191,707,D24HourMean,QuarterlyMean,Mean,20.58
2173,723,D24HourMean,QuarterlyMean,Mean,25.06
2212,701,D24HourMean,QuarterlyMean,Mean,26.89
2185,721,D24HourMean,QuarterlyMean,Mean,19.37
2188,734,D24HourMean,QuarterlyMean,Mean,25.29
2192,714,D24HourMean,QuarterlyMean,Mean,23.71
2208,703,D24HourMean,QuarterlyMean,Mean,31.20
2223,690,D24HourMean,QuarterlyMean,Mean,26.78
2176,730,D24HourMean,QuarterlyMean,Mean,25.93
2166,711,D24HourMean,QuarterlyMean,Mean,19.29
2195,713,D24HourMean,QuarterlyMean,Mean,29.14
2207,703,D24HourMean,QuarterlyMean,Mean,34.15
2168,716,D24HourMean,QuarterlyMean,Mean,20.01
2174,719,D24HourMean,QuarterlyMean,Mean,23.74
2180,734,D24HourMean,QuarterlyMean,Mean,21.68
2224,690,D24HourMean,QuarterlyMean,Mean,27.44
2178,729,D24HourMean,QuarterlyMean,Mean,23.41
2227,686,D24HourMean,QuarterlyMean,Mean,25.47
2198,705,D24HourMean,QuarterlyMean,Mean,23.77
2186,721,D24HourMean,QuarterlyMean,Mean,20.56
2175,715,D24HourMean,QuarterlyMean,Mean,20.98
2188,708,D24HourMean,QuarterlyMean,Mean,18.61
2195,714,D24HourMean,QuarterlyMean,Mean,27.50
2189,725,D24HourMean,QuarterlyMean,Mean,26.67
2186,733,D24HourMean,QuarterlyMean,Mean,23.39
2169,705,D24HourMean,QuarterlyMean,Mean,18.14
2179,724,D24HourMean,QuarterlyMean,Mean,21.59
2188,722,D24HourMean,QuarterlyMean,Mean,24.03
2173,705,D24HourMean,QuarterlyMean,Mean,18.77
2188,705,D24HourMean,QuarterlyMean,Mean,19.90
2193,705,D24HourMean,QuarterlyMean,Mean,20.45
2199,709,D24HourMean,QuarterlyMean,Mean,31.80
2210,703,D24HourMean,QuarterlyMean,Mean,26.68
2171,713,D24HourMean,QuarterlyMean,Mean,20.26
2170,710,D24HourMean,QuarterlyMean,Mean,18.77
2169,711,D24HourMean,QuarterlyMean,Mean,19.09
2175,723,D24HourMean,QuarterlyMean,Mean,24.11
2222,690,D24HourMean,QuarterlyMean,Mean,26.30
2177,705,D24HourMean,QuarterlyMean,Mean,18.51
2178,722,D24HourMean,QuarterlyMean,Mean,20.53
2195,709,D24HourMean,QuarterlyMean,Mean,20.13
2169,719,D24HourMean,QuarterlyMean,Mean,22.72
2167,708,D24HourMean,QuarterlyMean,Mean,18.77
2193,706,D24HourMean,QuarterlyMean,Mean,20.43
2187,714,D24HourMean,QuarterlyMean,Mean,18.23
2180,717,D24HourMean,QuarterlyMean,Mean,19.95
2203,708,D24HourMean,QuarterlyMean,Mean,35.64
2181,718,D24HourMean,QuarterlyMean,Mean,19.51
2181,720,D24HourMean,QuarterlyMean,Mean,18.19
2177,732,D24HourMean,QuarterlyMean,Mean,26.15
2186,708,D24HourMean,QuarterlyMean,Mean,19.19
2192,711,D24HourMean,QuarterlyMean,Mean,20.29
2175,716,D24HourMean,QuarterlyMean,Mean,21.86
2184,731,D24HourMean,QuarterlyMean,Mean,22.50
2195,710,D24HourMean,QuarterlyMean,Mean,21.57
2172,722,D24HourMean,QuarterlyMean,Mean,25.36
2188,726,D24HourMean,QuarterlyMean,Mean,24.36
2176,708,D24HourMean,QuarterlyMean,Mean,18.58
2171,707,D24HourMean,QuarterlyMean,Mean,18.36
2198,709,D24HourMean,QuarterlyMean,Mean,27.86
2196,706,D24HourMean,QuarterlyMean,Mean,19.47
2182,708,D24HourMean,QuarterlyMean,Mean,18.59
2181,717,D24HourMean,QuarterlyMean,Mean,19.90
2193,715,D24HourMean,QuarterlyMean,Mean,27.67
2210,701,D24HourMean,QuarterlyMean,Mean,27.34
2206,709,D24HourMean,QuarterlyMean,Mean,32.48
2180,729,D24HourMean,QuarterlyMean,Mean,22.20
2184,728,D24HourMean,QuarterlyMean,Mean,20.66
2207,704,D24HourMean,QuarterlyMean,Mean,32.95
2189,727,D24HourMean,QuarterlyMean,Mean,26.52
2177,728,D24HourMean,QuarterlyMean,Mean,23.57
2177,733,D24HourMean,QuarterlyMean,Mean,26.60
2176,710,D24HourMean,QuarterlyMean,Mean,19.17
2184,711,D24HourMean,QuarterlyMean,Mean,19.92
2183,729,D24HourMean,QuarterlyMean,Mean,21.36
2180,713,D24HourMean,QuarterlyMean,Mean,20.72
2172,716,D24HourMean,QuarterlyMean,Mean,21.27
2188,716,D24HourMean,QuarterlyMean,Mean,18.98
2210,705,D24HourMean,QuarterlyMean,Mean,27.98
2190,712,D24HourMean,QuarterlyMean,Mean,20.03
2221,695,D24HourMean,QuarterlyMean,Mean,28.67
2183,726,D24HourMean,QuarterlyMean,Mean,19.34
2227,684,D24HourMean,QuarterlyMean,Mean,26.24
2179,723,D24HourMean,QuarterlyMean,Mean,21.09
2194,708,D24HourMean,QuarterlyMean,Mean,20.03
2180,730,D24HourMean,QuarterlyMean,Mean,24.95
2187,736,D24HourMean,QuarterlyMean,Mean,28.77
2183,718,D24HourMean,QuarterlyMean,Mean,18.64
2190,726,D24HourMean,QuarterlyMean,Mean,29.24
2173,729,D24HourMean,QuarterlyMean,Mean,26.82
2181,719,D24HourMean,QuarterlyMean,Mean,18.40
2226,688,D24HourMean,QuarterlyMean,Mean,27.59
2183,715,D24HourMean,QuarterlyMean,Mean,20.80
2185,717,D24HourMean,QuarterlyMean,Mean,19.92
2181,714,D24HourMean,QuarterlyMean,Mean,20.77
2185,735,D24HourMean,QuarterlyMean,Mean,25.69
2181,726,D24HourMean,QuarterlyMean,Mean,20.95
2177,710,D24HourMean,QuarterlyMean,Mean,19.51
2182,720,D24HourMean,QuarterlyMean,Mean,18.41
2171,730,D24HourMean,QuarterlyMean,Mean,25.07
2210,706,D24HourMean,QuarterlyMean,Mean,28.75
2177,718,D24HourMean,QuarterlyMean,Mean,22.47
2196,711,D24HourMean,QuarterlyMean,Mean,29.81
2222,692,D24HourMean,QuarterlyMean,Mean,26.32
2180,726,D24HourMean,QuarterlyMean,Mean,22.16
2172,705,D24HourMean,QuarterlyMean,Mean,18.38
2188,736,D24HourMean,QuarterlyMean,Mean,28.89
2175,706,D24HourMean,QuarterlyMean,Mean,18.92
2181,713,D24HourMean,QuarterlyMean,Mean,20.69
2169,718,D24HourMean,QuarterlyMean,Mean,21.54
2187,711,D24HourMean,QuarterlyMean,Mean,18.64
2186,732,D24HourMean,QuarterlyMean,Mean,22.24
2173,719,D24HourMean,QuarterlyMean,Mean,25.20
2186,737,D24HourMean,QuarterlyMean,Mean,28.22
2172,726,D24HourMean,QuarterlyMean,Mean,24.38
2196,710,D24HourMean,QuarterlyMean,Mean,26.11
2188,725,D24HourMean,QuarterlyMean,Mean,24.65
2225,691,D24HourMean,QuarterlyMean,Mean,28.14
2193,714,D24HourMean,QuarterlyMean,Mean,25.39
2197,708,D24HourMean,QuarterlyMean,Mean,23.74
2184,724,D24HourMean,QuarterlyMean,Mean,18.69
2177,716,D24HourMean,QuarterlyMean,Mean,22.96
2184,727,D24HourMean,QuarterlyMean,Mean,19.76
2190,732,D24HourMean,QuarterlyMean,Mean,29.59
2191,713,D24HourMean,QuarterlyMean,Mean,20.61
2173,706,D24HourMean,QuarterlyMean,Mean,18.58
2213,700,D24HourMean,QuarterlyMean,Mean,26.76
