Column,Row,Metric,Seasonal Metric,Annual Metric,Values
1955,1067,D24HourMean,QuarterlyMean,Mean,11.28
1956,1054,D24HourMean,QuarterlyMean,Mean,10.14
1968,1051,D24HourMean,QuarterlyMean,Mean,12.02
1945,1063,D24HourMean,QuarterlyMean,Mean,12.42
1941,1046,D24HourMean,QuarterlyMean,Mean,9.11
1947,1057,D24HourMean,QuarterlyMean,Mean,11.44
1944,1066,D24HourMean,QuarterlyMean,Mean,10.47
1943,1064,D24HourMean,QuarterlyMean,Mean,12.21
1930,1056,D24HourMean,QuarterlyMean,Mean,11.50
1930,1063,D24HourMean,QuarterlyMean,Mean,10.35
1952,1067,D24HourMean,QuarterlyMean,Mean,11.81
1941,1054,D24HourMean,QuarterlyMean,Mean,11.85
1947,1067,D24HourMean,QuarterlyMean,Mean,11.06
1939,1050,D24HourMean,QuarterlyMean,Mean,10.56
1952,1051,D24HourMean,QuarterlyMean,Mean,9.71
1931,1054,D24HourMean,QuarterlyMean,Mean,12.10
1974,1051,D24HourMean,QuarterlyMean,Mean,12.03
1974,1049,D24HourMean,QuarterlyMean,Mean,12.81
1936,1061,D24HourMean,QuarterlyMean,Mean,11.48
1947,1055,D24HourMean,QuarterlyMean,Mean,9.76
1956,1057,D24HourMean,QuarterlyMean,Mean,10.82
1956,1051,D24HourMean,QuarterlyMean,Mean,9.37
1935,1065,D24HourMean,QuarterlyMean,Mean,10.69
1944,1046,D24HourMean,QuarterlyMean,Mean,9.19
1941,1049,D24HourMean,QuarterlyMean,Mean,10.98
1944,1048,D24HourMean,QuarterlyMean,Mean,10.95
1967,1058,D24HourMean,QuarterlyMean,Mean,12.79
1941,1063,D24HourMean,QuarterlyMean,Mean,11.74
1967,1060,D24HourMean,QuarterlyMean,Mean,12.75
1960,1049,D24HourMean,QuarterlyMean,Mean,11.45
1941,1050,D24HourMean,QuarterlyMean,Mean,10.70
1972,1055,D24HourMean,QuarterlyMean,Mean,13.63
1941,1056,D24HourMean,QuarterlyMean,Mean,10.62
1962,1062,D24HourMean,QuarterlyMean,Mean,12.76
1963,1049,D24HourMean,QuarterlyMean,Mean,11.26
1935,1064,D24HourMean,QuarterlyMean,Mean,11.73
1935,1057,D24HourMean,QuarterlyMean,Mean,12.70
1940,1048,D24HourMean,QuarterlyMean,Mean,10.06
1966,1051,D24HourMean,QuarterlyMean,Mean,12.03
1982,1059,D24HourMean,QuarterlyMean,Mean,16.87
1959,1064,D24HourMean,QuarterlyMean,Mean,12.57
1945,1046,D24HourMean,QuarterlyMean,Mean,9.09
1950,1051,D24HourMean,QuarterlyMean,Mean,10.38
1937,1063,D24HourMean,QuarterlyMean,Mean,12.72
1927,1062,D24HourMean,QuarterlyMean,Mean,10.89
1952,1060,D24HourMean,QuarterlyMean,Mean,12.33
1944,1064,D24HourMean,QuarterlyMean,Mean,12.09
1960,1054,D24HourMean,QuarterlyMean,Mean,10.82
1933,1060,D24HourMean,QuarterlyMean,Mean,10.99
1975,1055,D24HourMean,QuarterlyMean,Mean,13.91
1944,1060,D24HourMean,QuarterlyMean,Mean,13.83
1969,1052,D24HourMean,QuarterlyMean,Mean,11.66
1973,1049,D24HourMean,QuarterlyMean,Mean,12.82
1938,1064,D24HourMean,QuarterlyMean,Mean,12.31
1971,1053,D24HourMean,QuarterlyMean,Mean,11.99
1965,1055,D24HourMean,QuarterlyMean,Mean,11.39
1969,1047,D24HourMean,QuarterlyMean,Mean,11.90
1979,1050,D24HourMean,QuarterlyMean,Mean,12.39
1949,1065,D24HourMean,QuarterlyMean,Mean,11.59
1971,1052,D24HourMean,QuarterlyMean,Mean,11.94
1930,1062,D24HourMean,QuarterlyMean,Mean,10.66
1988,1056,D24HourMean,QuarterlyMean,Mean,14.64
1946,1062,D24HourMean,QuarterlyMean,Mean,12.80
1940,1055,D24HourMean,QuarterlyMean,Mean,10.80
1962,1049,D24HourMean,QuarterlyMean,Mean,11.48
1955,1066,D24HourMean,QuarterlyMean,Mean,11.20
1966,1048,D24HourMean,QuarterlyMean,Mean,11.77
1963,1057,D24HourMean,QuarterlyMean,Mean,11.05
1953,1054,D24HourMean,QuarterlyMean,Mean,9.83
1937,1064,D24HourMean,QuarterlyMean,Mean,12.32
1976,1051,D24HourMean,QuarterlyMean,Mean,12.91
1952,1058,D24HourMean,QuarterlyMean,Mean,11.11
1933,1052,D24HourMean,QuarterlyMean,Mean,11.11
1948,1061,D24HourMean,QuarterlyMean,Mean,12.52
1948,1055,D24HourMean,QuarterlyMean,Mean,9.35
1965,1050,D24HourMean,QuarterlyMean,Mean,11.08
1969,1055,D24HourMean,QuarterlyMean,Mean,12.23
1944,1058,D24HourMean,QuarterlyMean,Mean,11.90
1955,1055,D24HourMean,QuarterlyMean,Mean,9.69
1929,1056,D24HourMean,QuarterlyMean,Mean,11.96
1948,1067,D24HourMean,QuarterlyMean,Mean,11.10
1965,1059,D24HourMean,QuarterlyMean,Mean,12.38
1970,1063,D24HourMean,QuarterlyMean,Mean,12.72
1957,1065,D24HourMean,QuarterlyMean,Mean,11.52
1954,1064,D24HourMean,QuarterlyMean,Mean,12.09
1956,1052,D24HourMean,QuarterlyMean,Mean,9.08
1936,1056,D24HourMean,QuarterlyMean,Mean,11.08
1976,1055,D24HourMean,QuarterlyMean,Mean,13.87
1957,1051,D24HourMean,QuarterlyMean,Mean,9.66
1959,1065,D24HourMean,QuarterlyMean,Mean,12.29
1935,1061,D24HourMean,QuarterlyMean,Mean,11.77
1960,1056,D24HourMean,QuarterlyMean,Mean,10.72
1944,1062,D24HourMean,QuarterlyMean,Mean,13.07
1938,1049,D24HourMean,QuarterlyMean,Mean,9.69
1984,1054,D24HourMean,QuarterlyMean,Mean,12.32
1966,1061,D24HourMean,QuarterlyMean,Mean,12.46
1954,1063,D24HourMean,QuarterlyMean,Mean,11.82
1968,1054,D24HourMean,QuarterlyMean,Mean,11.35
1980,1052,D24HourMean,QuarterlyMean,Mean,12.66
1950,1052,D24HourMean,QuarterlyMean,Mean,10.08
1952,1050,D24HourMean,QuarterlyMean,Mean,10.45
1975,1048,D24HourMean,QuarterlyMean,Mean,12.07
1972,1049,D24HourMean,QuarterlyMean,Mean,12.66
1987,1055,D24HourMean,QuarterlyMean,Mean,13.13
1948,1047,D24HourMean,QuarterlyMean,Mean,9.77
1952,1064,D24HourMean,QuarterlyMean,Mean,12.07
1967,1053,D24HourMean,QuarterlyMean,Mean,11.59
1973,1061,D24HourMean,QuarterlyMean,Mean,12.50
1955,1062,D24HourMean,QuarterlyMean,Mean,12.32
1981,1054,D24HourMean,QuarterlyMean,Mean,12.91
1979,1056,D24HourMean,QuarterlyMean,Mean,13.94
1976,1061,D24HourMean,QuarterlyMean,Mean,13.81
1927,1058,D24HourMean,QuarterlyMean,Mean,11.15
1932,1059,D24HourMean,QuarterlyMean,Mean,10.91
1940,1062,D24HourMean,QuarterlyMean,Mean,12.80
1951,1060,D24HourMean,QuarterlyMean,Mean,11.86
1946,1052,D24HourMean,QuarterlyMean,Mean,10.73
1943,1060,D24HourMean,QuarterlyMean,Mean,12.90
1964,1054,D24HourMean,QuarterlyMean,Mean,10.68
1946,1057,D24HourMean,QuarterlyMean,Mean,11.13
1955,1059,D24HourMean,QuarterlyMean,Mean,12.78
1975,1057,D24HourMean,QuarterlyMean,Mean,12.76
1940,1050,D24HourMean,QuarterlyMean,Mean,11.25
1968,1050,D24HourMean,QuarterlyMean,Mean,11.95
1957,1050,D24HourMean,QuarterlyMean,Mean,11.04
1974,1059,D24HourMean,QuarterlyMean,Mean,12.88
1967,1057,D24HourMean,QuarterlyMean,Mean,12.33
1949,1059,D24HourMean,QuarterlyMean,Mean,11.44
1926,1062,D24HourMean,QuarterlyMean,Mean,10.93
1949,1061,D24HourMean,QuarterlyMean,Mean,12.19
1965,1054,D24HourMean,QuarterlyMean,Mean,11.41
1965,1061,D24HourMean,QuarterlyMean,Mean,12.20
1983,1056,D24HourMean,QuarterlyMean,Mean,14.53
1952,1069,D24HourMean,QuarterlyMean,Mean,11.24
1969,1057,D24HourMean,QuarterlyMean,Mean,12.62
1951,1053,D24HourMean,QuarterlyMean,Mean,9.88
1958,1061,D24HourMean,QuarterlyMean,Mean,13.81
1968,1060,D24HourMean,QuarterlyMean,Mean,12.57
1959,1049,D24HourMean,QuarterlyMean,Mean,11.61
1942,1055,D24HourMean,QuarterlyMean,Mean,11.43
1934,1064,D24HourMean,QuarterlyMean,Mean,11.22
1943,1056,D24HourMean,QuarterlyMean,Mean,10.98
1986,1057,D24HourMean,QuarterlyMean,Mean,16.30
1928,1054,D24HourMean,QuarterlyMean,Mean,12.38
1965,1049,D24HourMean,QuarterlyMean,Mean,11.64
1972,1053,D24HourMean,QuarterlyMean,Mean,12.09
1953,1052,D24HourMean,QuarterlyMean,Mean,9.83
1940,1060,D24HourMean,QuarterlyMean,Mean,10.95
1970,1050,D24HourMean,QuarterlyMean,Mean,11.70
1975,1061,D24HourMean,QuarterlyMean,Mean,13.14
1939,1051,D24HourMean,QuarterlyMean,Mean,11.06
1944,1057,D24HourMean,QuarterlyMean,Mean,11.28
1954,1062,D24HourMean,QuarterlyMean,Mean,12.12
1965,1062,D24HourMean,QuarterlyMean,Mean,12.28
1942,1066,D24HourMean,QuarterlyMean,Mean,10.55
1964,1059,D24HourMean,QuarterlyMean,Mean,12.87
1966,1049,D24HourMean,QuarterlyMean,Mean,12.16
1937,1055,D24HourMean,QuarterlyMean,Mean,10.50
1949,1053,D24HourMean,QuarterlyMean,Mean,9.62
1942,1057,D24HourMean,QuarterlyMean,Mean,10.65
1968,1058,D24HourMean,QuarterlyMean,Mean,12.63
1959,1059,D24HourMean,QuarterlyMean,Mean,13.86
1980,1056,D24HourMean,QuarterlyMean,Mean,14.02
1970,1056,D24HourMean,QuarterlyMean,Mean,12.41
1941,1060,D24HourMean,QuarterlyMean,Mean,11.19
1975,1062,D24HourMean,QuarterlyMean,Mean,13.27
1985,1058,D24HourMean,QuarterlyMean,Mean,17.24
1957,1056,D24HourMean,QuarterlyMean,Mean,10.38
1964,1051,D24HourMean,QuarterlyMean,Mean,10.84
1963,1060,D24HourMean,QuarterlyMean,Mean,12.92
1929,1064,D24HourMean,QuarterlyMean,Mean,9.45
1970,1059,D24HourMean,QuarterlyMean,Mean,12.78
1957,1062,D24HourMean,QuarterlyMean,Mean,13.12
1957,1054,D24HourMean,QuarterlyMean,Mean,10.21
1977,1055,D24HourMean,QuarterlyMean,Mean,13.66
1957,1064,D24HourMean,QuarterlyMean,Mean,11.76
1934,1057,D24HourMean,QuarterlyMean,Mean,13.04
1927,1055,D24HourMean,QuarterlyMean,Mean,11.57
1948,1052,D24HourMean,QuarterlyMean,Mean,10.87
1963,1055,D24HourMean,QuarterlyMean,Mean,10.44
1932,1056,D24HourMean,QuarterlyMean,Mean,11.78
1953,1066,D24HourMean,QuarterlyMean,Mean,11.65
1937,1051,D24HourMean,QuarterlyMean,Mean,10.19
1963,1062,D24HourMean,QuarterlyMean,Mean,12.29
1968,1056,D24HourMean,QuarterlyMean,Mean,11.58
1959,1060,D24HourMean,QuarterlyMean,Mean,13.92
1960,1063,D24HourMean,QuarterlyMean,Mean,12.79
1971,1062,D24HourMean,QuarterlyMean,Mean,12.49
1943,1058,D24HourMean,QuarterlyMean,Mean,11.18
1954,1060,D24HourMean,QuarterlyMean,Mean,12.61
1959,1051,D24HourMean,QuarterlyMean,Mean,12.18
1945,1066,D24HourMean,QuarterlyMean,Mean,11.05
1954,1059,D24HourMean,QuarterlyMean,Mean,12.92
1936,1051,D24HourMean,QuarterlyMean,Mean,9.95
1932,1054,D24HourMean,QuarterlyMean,Mean,11.47
1952,1061,D24HourMean,QuarterlyMean,Mean,12.06
1952,1054,D24HourMean,QuarterlyMean,Mean,9.58
1942,1053,D24HourMean,QuarterlyMean,Mean,11.54
1946,1069,D24HourMean,QuarterlyMean,Mean,10.26
1943,1050,D24HourMean,QuarterlyMean,Mean,11.26
1930,1058,D24HourMean,QuarterlyMean,Mean,10.97
1943,1066,D24HourMean,QuarterlyMean,Mean,10.53
1957,1058,D24HourMean,QuarterlyMean,Mean,12.01
1945,1055,D24HourMean,QuarterlyMean,Mean,10.61
1985,1054,D24HourMean,QuarterlyMean,Mean,12.60
1978,1057,D24HourMean,QuarterlyMean,Mean,14.14
1964,1060,D24HourMean,QuarterlyMean,Mean,12.64
1968,1057,D24HourMean,QuarterlyMean,Mean,12.56
1966,1050,D24HourMean,QuarterlyMean,Mean,11.76
1942,1051,D24HourMean,QuarterlyMean,Mean,10.79
1948,1051,D24HourMean,QuarterlyMean,Mean,10.75
1940,1065,D24HourMean,QuarterlyMean,Mean,11.62
1940,1049,D24HourMean,QuarterlyMean,Mean,11.04
1927,1059,D24HourMean,QuarterlyMean,Mean,10.67
1943,1063,D24HourMean,QuarterlyMean,Mean,12.23
1976,1050,D24HourMean,QuarterlyMean,Mean,12.50
1959,1050,D24HourMean,QuarterlyMean,Mean,11.68
1935,1063,D24HourMean,QuarterlyMean,Mean,12.39
1932,1061,D24HourMean,QuarterlyMean,Mean,10.01
1969,1049,D24HourMean,QuarterlyMean,Mean,12.15
1946,1059,D24HourMean,QuarterlyMean,Mean,12.58
1959,1062,D24HourMean,QuarterlyMean,Mean,13.24
1962,1058,D24HourMean,QuarterlyMean,Mean,11.77
1951,1063,D24HourMean,QuarterlyMean,Mean,12.27
1964,1061,D24HourMean,QuarterlyMean,Mean,12.42
1943,1068,D24HourMean,QuarterlyMean,Mean,9.96
1938,1051,D24HourMean,QuarterlyMean,Mean,10.66
1928,1055,D24HourMean,QuarterlyMean,Mean,11.53
1970,1047,D24HourMean,QuarterlyMean,Mean,11.94
1951,1062,D24HourMean,QuarterlyMean,Mean,12.01
1981,1060,D24HourMean,QuarterlyMean,Mean,16.35
1955,1056,D24HourMean,QuarterlyMean,Mean,10.00
1941,1055,D24HourMean,QuarterlyMean,Mean,11.58
1953,1050,D24HourMean,QuarterlyMean,Mean,10.71
1940,1059,D24HourMean,QuarterlyMean,Mean,10.32
1977,1058,D24HourMean,QuarterlyMean,Mean,13.55
1964,1066,D24HourMean,QuarterlyMean,Mean,12.08
1973,1050,D24HourMean,QuarterlyMean,Mean,12.12
1941,1058,D24HourMean,QuarterlyMean,Mean,10.22
1945,1048,D24HourMean,QuarterlyMean,Mean,10.51
1971,1061,D24HourMean,QuarterlyMean,Mean,12.22
1939,1066,D24HourMean,QuarterlyMean,Mean,10.87
1956,1066,D24HourMean,QuarterlyMean,Mean,11.45
1946,1048,D24HourMean,QuarterlyMean,Mean,10.03
1975,1060,D24HourMean,QuarterlyMean,Mean,12.98
1960,1060,D24HourMean,QuarterlyMean,Mean,13.52
1930,1057,D24HourMean,QuarterlyMean,Mean,11.29
1929,1055,D24HourMean,QuarterlyMean,Mean,11.79
1974,1055,D24HourMean,QuarterlyMean,Mean,14.51
1974,1062,D24HourMean,QuarterlyMean,Mean,13.24
1952,1063,D24HourMean,QuarterlyMean,Mean,12.07
1963,1059,D24HourMean,QuarterlyMean,Mean,12.80
1947,1063,D24HourMean,QuarterlyMean,Mean,12.55
1977,1057,D24HourMean,QuarterlyMean,Mean,13.62
1946,1066,D24HourMean,QuarterlyMean,Mean,11.08
1978,1051,D24HourMean,QuarterlyMean,Mean,13.01
1953,1060,D24HourMean,QuarterlyMean,Mean,12.53
1971,1059,D24HourMean,QuarterlyMean,Mean,12.60
1984,1053,D24HourMean,QuarterlyMean,Mean,12.51
1950,1066,D24HourMean,QuarterlyMean,Mean,11.54
1933,1055,D24HourMean,QuarterlyMean,Mean,10.79
1976,1052,D24HourMean,QuarterlyMean,Mean,13.22
1940,1051,D24HourMean,QuarterlyMean,Mean,11.29
1926,1060,D24HourMean,QuarterlyMean,Mean,10.67
1939,1056,D24HourMean,QuarterlyMean,Mean,10.33
1955,1060,D24HourMean,QuarterlyMean,Mean,13.24
1959,1056,D24HourMean,QuarterlyMean,Mean,11.38
1961,1049,D24HourMean,QuarterlyMean,Mean,11.13
1969,1053,D24HourMean,QuarterlyMean,Mean,11.56
1975,1056,D24HourMean,QuarterlyMean,Mean,12.80
1940,1058,D24HourMean,QuarterlyMean,Mean,10.28
1934,1058,D24HourMean,QuarterlyMean,Mean,12.24
1962,1057,D24HourMean,QuarterlyMean,Mean,11.46
1949,1056,D24HourMean,QuarterlyMean,Mean,10.27
1945,1065,D24HourMean,QuarterlyMean,Mean,11.56
1953,1059,D24HourMean,QuarterlyMean,Mean,12.39
1962,1050,D24HourMean,QuarterlyMean,Mean,11.10
1984,1057,D24HourMean,QuarterlyMean,Mean,16.68
1958,1063,D24HourMean,QuarterlyMean,Mean,13.01
1929,1060,D24HourMean,QuarterlyMean,Mean,9.93
1949,1058,D24HourMean,QuarterlyMean,Mean,11.22
1972,1052,D24HourMean,QuarterlyMean,Mean,11.87
1981,1059,D24HourMean,QuarterlyMean,Mean,16.67
1959,1053,D24HourMean,QuarterlyMean,Mean,10.88
1965,1058,D24HourMean,QuarterlyMean,Mean,12.16
1951,1064,D24HourMean,QuarterlyMean,Mean,12.02
1929,1059,D24HourMean,QuarterlyMean,Mean,10.63
1958,1052,D24HourMean,QuarterlyMean,Mean,10.08
1965,1052,D24HourMean,QuarterlyMean,Mean,11.63
1986,1056,D24HourMean,QuarterlyMean,Mean,14.65
1939,1059,D24HourMean,QuarterlyMean,Mean,10.52
1962,1064,D24HourMean,QuarterlyMean,Mean,12.55
1950,1067,D24HourMean,QuarterlyMean,Mean,11.51
1989,1055,D24HourMean,QuarterlyMean,Mean,13.78
1981,1056,D24HourMean,QuarterlyMean,Mean,14.08
1967,1051,D24HourMean,QuarterlyMean,Mean,12.17
1950,1054,D24HourMean,QuarterlyMean,Mean,9.39
1964,1047,D24HourMean,QuarterlyMean,Mean,10.94
1971,1050,D24HourMean,QuarterlyMean,Mean,11.54
1939,1057,D24HourMean,QuarterlyMean,Mean,10.20
1970,1057,D24HourMean,QuarterlyMean,Mean,12.42
1938,1053,D24HourMean,QuarterlyMean,Mean,11.03
1983,1053,D24HourMean,QuarterlyMean,Mean,12.36
1949,1067,D24HourMean,QuarterlyMean,Mean,11.37
1953,1063,D24HourMean,QuarterlyMean,Mean,12.15
1968,1055,D24HourMean,QuarterlyMean,Mean,11.96
1944,1067,D24HourMean,QuarterlyMean,Mean,10.36
1953,1056,D24HourMean,QuarterlyMean,Mean,9.97
1937,1057,D24HourMean,QuarterlyMean,Mean,10.37
1975,1049,D24HourMean,QuarterlyMean,Mean,12.65
1946,1067,D24HourMean,QuarterlyMean,Mean,10.73
1935,1054,D24HourMean,QuarterlyMean,Mean,11.31
1963,1048,D24HourMean,QuarterlyMean,Mean,10.90
1937,1062,D24HourMean,QuarterlyMean,Mean,12.28
1960,1062,D24HourMean,QuarterlyMean,Mean,13.52
1925,1060,D24HourMean,QuarterlyMean,Mean,11.30
1945,1059,D24HourMean,QuarterlyMean,Mean,12.97
1987,1056,D24HourMean,QuarterlyMean,Mean,14.48
1957,1052,D24HourMean,QuarterlyMean,Mean,9.50
1957,1060,D24HourMean,QuarterlyMean,Mean,13.94
1982,1054,D24HourMean,QuarterlyMean,Mean,12.58
1941,1047,D24HourMean,QuarterlyMean,Mean,9.22
1965,1053,D24HourMean,QuarterlyMean,Mean,11.12
1956,1065,D24HourMean,QuarterlyMean,Mean,11.83
1933,1061,D24HourMean,QuarterlyMean,Mean,10.25
1932,1053,D24HourMean,QuarterlyMean,Mean,11.26
1976,1057,D24HourMean,QuarterlyMean,Mean,12.92
1977,1053,D24HourMean,QuarterlyMean,Mean,13.34
1944,1065,D24HourMean,QuarterlyMean,Mean,11.22
1946,1060,D24HourMean,QuarterlyMean,Mean,13.59
1938,1059,D24HourMean,QuarterlyMean,Mean,10.45
1945,1058,D24HourMean,QuarterlyMean,Mean,11.49
1955,1061,D24HourMean,QuarterlyMean,Mean,12.88
1972,1050,D24HourMean,QuarterlyMean,Mean,11.72
1938,1066,D24HourMean,QuarterlyMean,Mean,10.87
1938,1058,D24HourMean,QuarterlyMean,Mean,10.93
1976,1048,D24HourMean,QuarterlyMean,Mean,12.24
1962,1055,D24HourMean,QuarterlyMean,Mean,10.37
1961,1051,D24HourMean,QuarterlyMean,Mean,11.13
1970,1058,D24HourMean,QuarterlyMean,Mean,12.68
1975,1058,D24HourMean,QuarterlyMean,Mean,13.15
1955,1057,D24HourMean,QuarterlyMean,Mean,10.88
1950,1057,D24HourMean,QuarterlyMean,Mean,10.37
1959,1066,D24HourMean,QuarterlyMean,Mean,12.13
1962,1056,D24HourMean,QuarterlyMean,Mean,11.14
1974,1056,D24HourMean,QuarterlyMean,Mean,13.98
1961,1048,D24HourMean,QuarterlyMean,Mean,11.23
1933,1056,D24HourMean,QuarterlyMean,Mean,11.89
1942,1049,D24HourMean,QuarterlyMean,Mean,11.05
1979,1059,D24HourMean,QuarterlyMean,Mean,16.01
1955,1053,D24HourMean,QuarterlyMean,Mean,9.48
1969,1051,D24HourMean,QuarterlyMean,Mean,11.60
1931,1064,D24HourMean,QuarterlyMean,Mean,9.35
1967,1059,D24HourMean,QuarterlyMean,Mean,12.80
1966,1058,D24HourMean,QuarterlyMean,Mean,12.58
1972,1060,D24HourMean,QuarterlyMean,Mean,12.38
1936,1052,D24HourMean,QuarterlyMean,Mean,11.31
1982,1053,D24HourMean,QuarterlyMean,Mean,12.53
1960,1057,D24HourMean,QuarterlyMean,Mean,10.85
1951,1056,D24HourMean,QuarterlyMean,Mean,9.54
1945,1051,D24HourMean,QuarterlyMean,Mean,11.18
1937,1049,D24HourMean,QuarterlyMean,Mean,10.15
1952,1066,D24HourMean,QuarterlyMean,Mean,11.90
1945,1056,D24HourMean,QuarterlyMean,Mean,10.92
1970,1046,D24HourMean,QuarterlyMean,Mean,11.79
1981,1055,D24HourMean,QuarterlyMean,Mean,13.53
1979,1051,D24HourMean,QuarterlyMean,Mean,12.68
1978,1059,D24HourMean,QuarterlyMean,Mean,14.95
1938,1065,D24HourMean,QuarterlyMean,Mean,11.69
1974,1057,D24HourMean,QuarterlyMean,Mean,13.04
1959,1055,D24HourMean,QuarterlyMean,Mean,11.11
1983,1057,D24HourMean,QuarterlyMean,Mean,16.72
1942,1052,D24HourMean,QuarterlyMean,Mean,10.88
1954,1066,D24HourMean,QuarterlyMean,Mean,11.40
1974,1050,D24HourMean,QuarterlyMean,Mean,12.35
1979,1053,D24HourMean,QuarterlyMean,Mean,13.05
1971,1054,D24HourMean,QuarterlyMean,Mean,12.24
1952,1052,D24HourMean,QuarterlyMean,Mean,9.08
1954,1053,D24HourMean,QuarterlyMean,Mean,9.60
1939,1049,D24HourMean,QuarterlyMean,Mean,10.73
1946,1061,D24HourMean,QuarterlyMean,Mean,13.73
1933,1065,D24HourMean,QuarterlyMean,Mean,10.51
1982,1058,D24HourMean,QuarterlyMean,Mean,16.85
1958,1060,D24HourMean,QuarterlyMean,Mean,14.23
1934,1054,D24HourMean,QuarterlyMean,Mean,11.06
1961,1057,D24HourMean,QuarterlyMean,Mean,11.70
1975,1054,D24HourMean,QuarterlyMean,Mean,14.36
1949,1062,D24HourMean,QuarterlyMean,Mean,12.13
1943,1067,D24HourMean,QuarterlyMean,Mean,10.27
1980,1050,D24HourMean,QuarterlyMean,Mean,12.39
1957,1066,D24HourMean,QuarterlyMean,Mean,11.49
1979,1058,D24HourMean,QuarterlyMean,Mean,15.59
1944,1055,D24HourMean,QuarterlyMean,Mean,10.72
1940,1067,D24HourMean,QuarterlyMean,Mean,10.43
1951,1066,D24HourMean,QuarterlyMean,Mean,11.92
1964,1052,D24HourMean,QuarterlyMean,Mean,11.21
1956,1058,D24HourMean,QuarterlyMean,Mean,12.20
1954,1057,D24HourMean,QuarterlyMean,Mean,10.60
1965,1057,D24HourMean,QuarterlyMean,Mean,11.52
1922,1062,D24HourMean,QuarterlyMean,Mean,11.33
1953,1062,D24HourMean,QuarterlyMean,Mean,11.84
1939,1058,D24HourMean,QuarterlyMean,Mean,10.46
1937,1059,D24HourMean,QuarterlyMean,Mean,10.29
1940,1052,D24HourMean,QuarterlyMean,Mean,11.30
1973,1058,D24HourMean,QuarterlyMean,Mean,12.74
1948,1057,D24HourMean,QuarterlyMean,Mean,11.44
1964,1048,D24HourMean,QuarterlyMean,Mean,11.10
1974,1054,D24HourMean,QuarterlyMean,Mean,14.55
1950,1048,D24HourMean,QuarterlyMean,Mean,10.28
1952,1056,D24HourMean,QuarterlyMean,Mean,9.76
1981,1058,D24HourMean,QuarterlyMean,Mean,16.27
1985,1055,D24HourMean,QuarterlyMean,Mean,13.02
1938,1062,D24HourMean,QuarterlyMean,Mean,11.72
1967,1048,D24HourMean,QuarterlyMean,Mean,11.95
1938,1055,D24HourMean,QuarterlyMean,Mean,10.71
1934,1065,D24HourMean,QuarterlyMean,Mean,10.46
1951,1055,D24HourMean,QuarterlyMean,Mean,9.47
1946,1047,D24HourMean,QuarterlyMean,Mean,9.42
1968,1053,D24HourMean,QuarterlyMean,Mean,11.85
1959,1057,D24HourMean,QuarterlyMean,Mean,11.30
1964,1065,D24HourMean,QuarterlyMean,Mean,12.40
1953,1065,D24HourMean,QuarterlyMean,Mean,11.51
1956,1050,D24HourMean,QuarterlyMean,Mean,10.87
1971,1049,D24HourMean,QuarterlyMean,Mean,12.31
1951,1061,D24HourMean,QuarterlyMean,Mean,12.14
1961,1062,D24HourMean,QuarterlyMean,Mean,13.41
1955,1052,D24HourMean,QuarterlyMean,Mean,9.80
1950,1049,D24HourMean,QuarterlyMean,Mean,10.88
1955,1058,D24HourMean,QuarterlyMean,Mean,12.26
1948,1050,D24HourMean,QuarterlyMean,Mean,10.27
1929,1058,D24HourMean,QuarterlyMean,Mean,11.17
1978,1049,D24HourMean,QuarterlyMean,Mean,12.81
1953,1057,D24HourMean,QuarterlyMean,Mean,10.17
1970,1061,D24HourMean,QuarterlyMean,Mean,12.22
1936,1065,D24HourMean,QuarterlyMean,Mean,11.36
1956,1060,D24HourMean,QuarterlyMean,Mean,13.25
1947,1065,D24HourMean,QuarterlyMean,Mean,11.87
1962,1051,D24HourMean,QuarterlyMean,Mean,10.91
1975,1053,D24HourMean,QuarterlyMean,Mean,13.60
1979,1057,D24HourMean,QuarterlyMean,Mean,14.13
1975,1059,D24HourMean,QuarterlyMean,Mean,13.38
1934,1059,D24HourMean,QuarterlyMean,Mean,11.18
1935,1056,D24HourMean,QuarterlyMean,Mean,11.83
1936,1055,D24HourMean,QuarterlyMean,Mean,11.16
1952,1053,D24HourMean,QuarterlyMean,Mean,9.75
1958,1064,D24HourMean,QuarterlyMean,Mean,12.21
1978,1052,D24HourMean,QuarterlyMean,Mean,13.08
1958,1065,D24HourMean,QuarterlyMean,Mean,11.85
1964,1050,D24HourMean,QuarterlyMean,Mean,11.03
1940,1047,D24HourMean,QuarterlyMean,Mean,10.00
1952,1065,D24HourMean,QuarterlyMean,Mean,11.64
1948,1060,D24HourMean,QuarterlyMean,Mean,12.10
1931,1055,D24HourMean,QuarterlyMean,Mean,11.69
1943,1055,D24HourMean,QuarterlyMean,Mean,11.23
1959,1054,D24HourMean,QuarterlyMean,Mean,10.94
1952,1057,D24HourMean,QuarterlyMean,Mean,10.34
1954,1050,D24HourMean,QuarterlyMean,Mean,10.44
1944,1069,D24HourMean,QuarterlyMean,Mean,9.93
1960,1061,D24HourMean,QuarterlyMean,Mean,13.52
1981,1051,D24HourMean,QuarterlyMean,Mean,12.67
1941,1067,D24HourMean,QuarterlyMean,Mean,10.44
1942,1048,D24HourMean,QuarterlyMean,Mean,9.89
1948,1053,D24HourMean,QuarterlyMean,Mean,10.37
1960,1055,D24HourMean,QuarterlyMean,Mean,10.85
1971,1060,D24HourMean,QuarterlyMean,Mean,12.24
1940,1064,D24HourMean,QuarterlyMean,Mean,12.21
1936,1059,D24HourMean,QuarterlyMean,Mean,10.61
1951,1068,D24HourMean,QuarterlyMean,Mean,11.78
1944,1053,D24HourMean,QuarterlyMean,Mean,10.26
1952,1059,D24HourMean,QuarterlyMean,Mean,12.04
1974,1058,D24HourMean,QuarterlyMean,Mean,13.33
1970,1052,D24HourMean,QuarterlyMean,Mean,11.76
1950,1055,D24HourMean,QuarterlyMean,Mean,9.05
1959,1052,D24HourMean,QuarterlyMean,Mean,10.22
1931,1060,D24HourMean,QuarterlyMean,Mean,10.19
1972,1062,D24HourMean,QuarterlyMean,Mean,12.82
1956,1063,D24HourMean,QuarterlyMean,Mean,12.42
1963,1065,D24HourMean,QuarterlyMean,Mean,12.68
1951,1050,D24HourMean,QuarterlyMean,Mean,10.24
1939,1061,D24HourMean,QuarterlyMean,Mean,11.64
1976,1053,D24HourMean,QuarterlyMean,Mean,13.95
1978,1058,D24HourMean,QuarterlyMean,Mean,13.98
1944,1068,D24HourMean,QuarterlyMean,Mean,10.08
1944,1050,D24HourMean,QuarterlyMean,Mean,10.90
1977,1059,D24HourMean,QuarterlyMean,Mean,14.31
1959,1063,D24HourMean,QuarterlyMean,Mean,12.99
1941,1048,D24HourMean,QuarterlyMean,Mean,10.73
1976,1049,D24HourMean,QuarterlyMean,Mean,12.59
1936,1063,D24HourMean,QuarterlyMean,Mean,12.67
1931,1061,D24HourMean,QuarterlyMean,Mean,9.99
1939,1065,D24HourMean,QuarterlyMean,Mean,11.51
1948,1054,D24HourMean,QuarterlyMean,Mean,9.78
1967,1054,D24HourMean,QuarterlyMean,Mean,11.48
1972,1054,D24HourMean,QuarterlyMean,Mean,12.77
1960,1066,D24HourMean,QuarterlyMean,Mean,12.51
1941,1061,D24HourMean,QuarterlyMean,Mean,13.30
1960,1058,D24HourMean,QuarterlyMean,Mean,12.35
1961,1054,D24HourMean,QuarterlyMean,Mean,10.50
1962,1054,D24HourMean,QuarterlyMean,Mean,10.52
1945,1049,D24HourMean,QuarterlyMean,Mean,11.43
1950,1059,D24HourMean,QuarterlyMean,Mean,11.62
1942,1061,D24HourMean,QuarterlyMean,Mean,13.36
1957,1061,D24HourMean,QuarterlyMean,Mean,13.82
1935,1053,D24HourMean,QuarterlyMean,Mean,11.82
1970,1055,D24HourMean,QuarterlyMean,Mean,12.49
1937,1060,D24HourMean,QuarterlyMean,Mean,10.66
1934,1055,D24HourMean,QuarterlyMean,Mean,11.05
1957,1067,D24HourMean,QuarterlyMean,Mean,12.09
1947,1052,D24HourMean,QuarterlyMean,Mean,10.92
1975,1051,D24HourMean,QuarterlyMean,Mean,12.31
1931,1057,D24HourMean,QuarterlyMean,Mean,11.80
1949,1063,D24HourMean,QuarterlyMean,Mean,12.49
1928,1057,D24HourMean,QuarterlyMean,Mean,11.50
1956,1049,D24HourMean,QuarterlyMean,Mean,12.40
1960,1064,D24HourMean,QuarterlyMean,Mean,12.59
1972,1057,D24HourMean,QuarterlyMean,Mean,12.98
1976,1054,D24HourMean,QuarterlyMean,Mean,14.11
1967,1050,D24HourMean,QuarterlyMean,Mean,11.82
1957,1049,D24HourMean,QuarterlyMean,Mean,12.17
1960,1053,D24HourMean,QuarterlyMean,Mean,10.90
1961,1052,D24HourMean,QuarterlyMean,Mean,10.25
1961,1058,D24HourMean,QuarterlyMean,Mean,11.92
1941,1052,D24HourMean,QuarterlyMean,Mean,11.14
1950,1050,D24HourMean,QuarterlyMean,Mean,10.06
1948,1058,D24HourMean,QuarterlyMean,Mean,11.22
1947,1060,D24HourMean,QuarterlyMean,Mean,12.58
1979,1052,D24HourMean,QuarterlyMean,Mean,12.85
1930,1053,D24HourMean,QuarterlyMean,Mean,12.09
1947,1053,D24HourMean,QuarterlyMean,Mean,10.38
1940,1053,D24HourMean,QuarterlyMean,Mean,11.21
1971,1055,D24HourMean,QuarterlyMean,Mean,12.90
1972,1059,D24HourMean,QuarterlyMean,Mean,12.66
1966,1060,D24HourMean,QuarterlyMean,Mean,12.77
1982,1056,D24HourMean,QuarterlyMean,Mean,14.25
1956,1053,D24HourMean,QuarterlyMean,Mean,9.72
1947,1049,D24HourMean,QuarterlyMean,Mean,12.18
1930,1060,D24HourMean,QuarterlyMean,Mean,9.98
1946,1064,D24HourMean,QuarterlyMean,Mean,11.79
1947,1058,D24HourMean,QuarterlyMean,Mean,11.34
1963,1061,D24HourMean,QuarterlyMean,Mean,12.56
1963,1047,D24HourMean,QuarterlyMean,Mean,10.97
1973,1051,D24HourMean,QuarterlyMean,Mean,11.64
1946,1051,D24HourMean,QuarterlyMean,Mean,11.03
1932,1058,D24HourMean,QuarterlyMean,Mean,11.50
1938,1057,D24HourMean,QuarterlyMean,Mean,10.47
1936,1058,D24HourMean,QuarterlyMean,Mean,11.50
1929,1062,D24HourMean,QuarterlyMean,Mean,10.81
1968,1049,D24HourMean,QuarterlyMean,Mean,12.32
1961,1059,D24HourMean,QuarterlyMean,Mean,13.27
1929,1061,D24HourMean,QuarterlyMean,Mean,10.79
1937,1061,D24HourMean,QuarterlyMean,Mean,11.20
1985,1056,D24HourMean,QuarterlyMean,Mean,14.37
1952,1055,D24HourMean,QuarterlyMean,Mean,9.65
1976,1058,D24HourMean,QuarterlyMean,Mean,13.55
1932,1063,D24HourMean,QuarterlyMean,Mean,10.14
1950,1068,D24HourMean,QuarterlyMean,Mean,11.60
1941,1057,D24HourMean,QuarterlyMean,Mean,10.33
1983,1059,D24HourMean,QuarterlyMean,Mean,17.29
1943,1054,D24HourMean,QuarterlyMean,Mean,11.48
1933,1057,D24HourMean,QuarterlyMean,Mean,12.85
1945,1050,D24HourMean,QuarterlyMean,Mean,11.50
1978,1056,D24HourMean,QuarterlyMean,Mean,14.08
1949,1048,D24HourMean,QuarterlyMean,Mean,10.14
1942,1050,D24HourMean,QuarterlyMean,Mean,11.13
1960,1065,D24HourMean,QuarterlyMean,Mean,12.37
1965,1056,D24HourMean,QuarterlyMean,Mean,11.33
1946,1063,D24HourMean,QuarterlyMean,Mean,12.13
1982,1055,D24HourMean,QuarterlyMean,Mean,13.42
1964,1056,D24HourMean,QuarterlyMean,Mean,11.16
1936,1064,D24HourMean,QuarterlyMean,Mean,11.96
1948,1065,D24HourMean,QuarterlyMean,Mean,11.94
1984,1058,D24HourMean,QuarterlyMean,Mean,17.14
1947,1061,D24HourMean,QuarterlyMean,Mean,12.86
1979,1055,D24HourMean,QuarterlyMean,Mean,13.93
1937,1054,D24HourMean,QuarterlyMean,Mean,10.77
1976,1062,D24HourMean,QuarterlyMean,Mean,13.72
1930,1059,D24HourMean,QuarterlyMean,Mean,10.58
1927,1060,D24HourMean,QuarterlyMean,Mean,10.31
1970,1048,D24HourMean,QuarterlyMean,Mean,12.16
1969,1050,D24HourMean,QuarterlyMean,Mean,11.56
1945,1052,D24HourMean,QuarterlyMean,Mean,10.19
1939,1063,D24HourMean,QuarterlyMean,Mean,12.86
1954,1055,D24HourMean,QuarterlyMean,Mean,9.87
1973,1060,D24HourMean,QuarterlyMean,Mean,12.72
1963,1063,D24HourMean,QuarterlyMean,Mean,12.60
1949,1052,D24HourMean,QuarterlyMean,Mean,10.40
1962,1059,D24HourMean,QuarterlyMean,Mean,12.92
1954,1051,D24HourMean,QuarterlyMean,Mean,10.36
1938,1063,D24HourMean,QuarterlyMean,Mean,13.07
1983,1054,D24HourMean,QuarterlyMean,Mean,12.27
1928,1063,D24HourMean,QuarterlyMean,Mean,10.05
1942,1060,D24HourMean,QuarterlyMean,Mean,12.94
1939,1064,D24HourMean,QuarterlyMean,Mean,12.08
1965,1051,D24HourMean,QuarterlyMean,Mean,11.19
1948,1066,D24HourMean,QuarterlyMean,Mean,11.37
1982,1057,D24HourMean,QuarterlyMean,Mean,15.92
1938,1060,D24HourMean,QuarterlyMean,Mean,10.49
1946,1068,D24HourMean,QuarterlyMean,Mean,10.43
1934,1052,D24HourMean,QuarterlyMean,Mean,11.66
1926,1057,D24HourMean,QuarterlyMean,Mean,11.26
1984,1055,D24HourMean,QuarterlyMean,Mean,12.79
1969,1056,D24HourMean,QuarterlyMean,Mean,12.35
1953,1058,D24HourMean,QuarterlyMean,Mean,11.75
1957,1059,D24HourMean,QuarterlyMean,Mean,13.29
1977,1060,D24HourMean,QuarterlyMean,Mean,14.59
1950,1065,D24HourMean,QuarterlyMean,Mean,11.83
1974,1053,D24HourMean,QuarterlyMean,Mean,13.41
1934,1062,D24HourMean,QuarterlyMean,Mean,11.67
1980,1055,D24HourMean,QuarterlyMean,Mean,13.99
1948,1062,D24HourMean,QuarterlyMean,Mean,12.40
1964,1057,D24HourMean,QuarterlyMean,Mean,11.22
1938,1050,D24HourMean,QuarterlyMean,Mean,10.36
1945,1053,D24HourMean,QuarterlyMean,Mean,9.74
1944,1056,D24HourMean,QuarterlyMean,Mean,11.23
1942,1065,D24HourMean,QuarterlyMean,Mean,11.48
1955,1063,D24HourMean,QuarterlyMean,Mean,12.21
1941,1062,D24HourMean,QuarterlyMean,Mean,12.74
1931,1053,D24HourMean,QuarterlyMean,Mean,11.60
1948,1064,D24HourMean,QuarterlyMean,Mean,12.43
1943,1046,D24HourMean,QuarterlyMean,Mean,9.42
1951,1057,D24HourMean,QuarterlyMean,Mean,10.32
1976,1060,D24HourMean,QuarterlyMean,Mean,13.57
1972,1058,D24HourMean,QuarterlyMean,Mean,12.81
1930,1061,D24HourMean,QuarterlyMean,Mean,10.66
1951,1052,D24HourMean,QuarterlyMean,Mean,9.37
1979,1049,D24HourMean,QuarterlyMean,Mean,12.94
1960,1059,D24HourMean,QuarterlyMean,Mean,13.46
1958,1056,D24HourMean,QuarterlyMean,Mean,10.76
1927,1057,D24HourMean,QuarterlyMean,Mean,11.72
1972,1051,D24HourMean,QuarterlyMean,Mean,11.52
1944,1049,D24HourMean,QuarterlyMean,Mean,11.46
1927,1056,D24HourMean,QuarterlyMean,Mean,11.48
1926,1058,D24HourMean,QuarterlyMean,Mean,11.25
1943,1053,D24HourMean,QuarterlyMean,Mean,11.07
1958,1051,D24HourMean,QuarterlyMean,Mean,10.88
1954,1056,D24HourMean,QuarterlyMean,Mean,10.00
1977,1050,D24HourMean,QuarterlyMean,Mean,12.43
1937,1058,D24HourMean,QuarterlyMean,Mean,10.73
1941,1053,D24HourMean,QuarterlyMean,Mean,11.98
1932,1057,D24HourMean,QuarterlyMean,Mean,11.65
1958,1055,D24HourMean,QuarterlyMean,Mean,10.85
1949,1049,D24HourMean,QuarterlyMean,Mean,11.00
1949,1068,D24HourMean,QuarterlyMean,Mean,11.53
1961,1050,D24HourMean,QuarterlyMean,Mean,10.90
1966,1052,D24HourMean,QuarterlyMean,Mean,12.17
1940,1063,D24HourMean,QuarterlyMean,Mean,12.99
1953,1051,D24HourMean,QuarterlyMean,Mean,9.85
1944,1059,D24HourMean,QuarterlyMean,Mean,12.04
1954,1068,D24HourMean,QuarterlyMean,Mean,11.15
1956,1056,D24HourMean,QuarterlyMean,Mean,10.33
1973,1059,D24HourMean,QuarterlyMean,Mean,12.83
1947,1062,D24HourMean,QuarterlyMean,Mean,12.52
1980,1057,D24HourMean,QuarterlyMean,Mean,14.69
1947,1046,D24HourMean,QuarterlyMean,Mean,8.99
1956,1061,D24HourMean,QuarterlyMean,Mean,13.26
1939,1054,D24HourMean,QuarterlyMean,Mean,10.89
1969,1054,D24HourMean,QuarterlyMean,Mean,11.73
1945,1068,D24HourMean,QuarterlyMean,Mean,10.11
1958,1049,D24HourMean,QuarterlyMean,Mean,11.80
1971,1051,D24HourMean,QuarterlyMean,Mean,11.80
1978,1053,D24HourMean,QuarterlyMean,Mean,13.42
1945,1057,D24HourMean,QuarterlyMean,Mean,11.27
1944,1061,D24HourMean,QuarterlyMean,Mean,15.23
1941,1064,D24HourMean,QuarterlyMean,Mean,11.80
1968,1048,D24HourMean,QuarterlyMean,Mean,12.22
1951,1054,D24HourMean,QuarterlyMean,Mean,9.94
1933,1054,D24HourMean,QuarterlyMean,Mean,11.28
1952,1062,D24HourMean,QuarterlyMean,Mean,11.86
1942,1056,D24HourMean,QuarterlyMean,Mean,10.60
1978,1054,D24HourMean,QuarterlyMean,Mean,13.52
1940,1057,D24HourMean,QuarterlyMean,Mean,10.34
1938,1056,D24HourMean,QuarterlyMean,Mean,9.90
1937,1066,D24HourMean,QuarterlyMean,Mean,10.54
1942,1064,D24HourMean,QuarterlyMean,Mean,12.06
1945,1061,D24HourMean,QuarterlyMean,Mean,14.91
1962,1060,D24HourMean,QuarterlyMean,Mean,13.25
1964,1053,D24HourMean,QuarterlyMean,Mean,10.80
1977,1049,D24HourMean,QuarterlyMean,Mean,12.87
1985,1057,D24HourMean,QuarterlyMean,Mean,16.41
1945,1064,D24HourMean,QuarterlyMean,Mean,11.71
1940,1061,D24HourMean,QuarterlyMean,Mean,11.89
1967,1052,D24HourMean,QuarterlyMean,Mean,12.06
1963,1056,D24HourMean,QuarterlyMean,Mean,11.12
1976,1059,D24HourMean,QuarterlyMean,Mean,13.86
1973,1054,D24HourMean,QuarterlyMean,Mean,13.43
1977,1062,D24HourMean,QuarterlyMean,Mean,14.04
1977,1051,D24HourMean,QuarterlyMean,Mean,13.06
1934,1053,D24HourMean,QuarterlyMean,Mean,11.54
1960,1052,D24HourMean,QuarterlyMean,Mean,10.29
1960,1048,D24HourMean,QuarterlyMean,Mean,11.23
1950,1053,D24HourMean,QuarterlyMean,Mean,9.84
1948,1056,D24HourMean,QuarterlyMean,Mean,10.45
1972,1061,D24HourMean,QuarterlyMean,Mean,12.06
1951,1051,D24HourMean,QuarterlyMean,Mean,9.53
1959,1058,D24HourMean,QuarterlyMean,Mean,12.24
1931,1058,D24HourMean,QuarterlyMean,Mean,10.84
1958,1057,D24HourMean,QuarterlyMean,Mean,10.94
1967,1056,D24HourMean,QuarterlyMean,Mean,11.41
1947,1064,D24HourMean,QuarterlyMean,Mean,11.87
1956,1059,D24HourMean,QuarterlyMean,Mean,12.66
1975,1052,D24HourMean,QuarterlyMean,Mean,12.58
1974,1060,D24HourMean,QuarterlyMean,Mean,13.22
1934,1060,D24HourMean,QuarterlyMean,Mean,11.27
1958,1053,D24HourMean,QuarterlyMean,Mean,10.72
1940,1054,D24HourMean,QuarterlyMean,Mean,11.29
1961,1064,D24HourMean,QuarterlyMean,Mean,12.63
1926,1061,D24HourMean,QuarterlyMean,Mean,11.14
1978,1055,D24HourMean,QuarterlyMean,Mean,14.04
1968,1059,D24HourMean,QuarterlyMean,Mean,12.58
1961,1063,D24HourMean,QuarterlyMean,Mean,12.75
1937,1050,D24HourMean,QuarterlyMean,Mean,9.89
1933,1063,D24HourMean,QuarterlyMean,Mean,10.88
1932,1064,D24HourMean,QuarterlyMean,Mean,9.72
1962,1061,D24HourMean,QuarterlyMean,Mean,13.51
1961,1056,D24HourMean,QuarterlyMean,Mean,11.28
1947,1048,D24HourMean,QuarterlyMean,Mean,10.57
1958,1066,D24HourMean,QuarterlyMean,Mean,11.69
1967,1049,D24HourMean,QuarterlyMean,Mean,12.38
1933,1058,D24HourMean,QuarterlyMean,Mean,11.92
1923,1061,D24HourMean,QuarterlyMean,Mean,11.89
1935,1050,D24HourMean,QuarterlyMean,Mean,9.90
1947,1066,D24HourMean,QuarterlyMean,Mean,11.27
1980,1058,D24HourMean,QuarterlyMean,Mean,15.85
1942,1047,D24HourMean,QuarterlyMean,Mean,9.72
1963,1054,D24HourMean,QuarterlyMean,Mean,10.57
1928,1056,D24HourMean,QuarterlyMean,Mean,11.64
1953,1064,D24HourMean,QuarterlyMean,Mean,12.54
1969,1058,D24HourMean,QuarterlyMean,Mean,12.90
1953,1069,D24HourMean,QuarterlyMean,Mean,11.15
1949,1055,D24HourMean,QuarterlyMean,Mean,8.85
1942,1054,D24HourMean,QuarterlyMean,Mean,11.72
1936,1054,D24HourMean,QuarterlyMean,Mean,10.88
1981,1053,D24HourMean,QuarterlyMean,Mean,12.81
1947,1054,D24HourMean,QuarterlyMean,Mean,10.39
1962,1063,D24HourMean,QuarterlyMean,Mean,12.58
1950,1058,D24HourMean,QuarterlyMean,Mean,10.73
1977,1054,D24HourMean,QuarterlyMean,Mean,13.68
1946,1054,D24HourMean,QuarterlyMean,Mean,10.88
1960,1051,D24HourMean,QuarterlyMean,Mean,11.45
1952,1068,D24HourMean,QuarterlyMean,Mean,11.83
1950,1062,D24HourMean,QuarterlyMean,Mean,12.03
1963,1058,D24HourMean,QuarterlyMean,Mean,11.90
1966,1057,D24HourMean,QuarterlyMean,Mean,12.56
1947,1051,D24HourMean,QuarterlyMean,Mean,10.79
1986,1055,D24HourMean,QuarterlyMean,Mean,13.12
1946,1065,D24HourMean,QuarterlyMean,Mean,11.74
1935,1060,D24HourMean,QuarterlyMean,Mean,11.24
1951,1059,D24HourMean,QuarterlyMean,Mean,11.25
1959,1061,D24HourMean,QuarterlyMean,Mean,13.69
1954,1061,D24HourMean,QuarterlyMean,Mean,12.21
1961,1060,D24HourMean,QuarterlyMean,Mean,13.42
1970,1060,D24HourMean,QuarterlyMean,Mean,12.64
1945,1069,D24HourMean,QuarterlyMean,Mean,10.03
1962,1047,D24HourMean,QuarterlyMean,Mean,10.80
1955,1064,D24HourMean,QuarterlyMean,Mean,12.02
1949,1060,D24HourMean,QuarterlyMean,Mean,12.00
1935,1052,D24HourMean,QuarterlyMean,Mean,11.44
1983,1055,D24HourMean,QuarterlyMean,Mean,12.85
1986,1058,D24HourMean,QuarterlyMean,Mean,17.41
1966,1059,D24HourMean,QuarterlyMean,Mean,12.65
1953,1067,D24HourMean,QuarterlyMean,Mean,11.83
1939,1053,D24HourMean,QuarterlyMean,Mean,10.89
1957,1057,D24HourMean,QuarterlyMean,Mean,10.80
1955,1050,D24HourMean,QuarterlyMean,Mean,11.06
1963,1051,D24HourMean,QuarterlyMean,Mean,10.78
1965,1048,D24HourMean,QuarterlyMean,Mean,11.40
1929,1054,D24HourMean,QuarterlyMean,Mean,11.91
1963,1052,D24HourMean,QuarterlyMean,Mean,10.94
1957,1053,D24HourMean,QuarterlyMean,Mean,9.56
1947,1047,D24HourMean,QuarterlyMean,Mean,9.57
1962,1065,D24HourMean,QuarterlyMean,Mean,12.53
1935,1055,D24HourMean,QuarterlyMean,Mean,11.17
1945,1060,D24HourMean,QuarterlyMean,Mean,14.01
1968,1047,D24HourMean,QuarterlyMean,Mean,11.95
1972,1063,D24HourMean,QuarterlyMean,Mean,13.28
1966,1055,D24HourMean,QuarterlyMean,Mean,11.59
1932,1055,D24HourMean,QuarterlyMean,Mean,11.56
1944,1063,D24HourMean,QuarterlyMean,Mean,11.96
1958,1054,D24HourMean,QuarterlyMean,Mean,10.48
1980,1053,D24HourMean,QuarterlyMean,Mean,12.86
1963,1050,D24HourMean,QuarterlyMean,Mean,11.17
1941,1059,D24HourMean,QuarterlyMean,Mean,10.52
1978,1060,D24HourMean,QuarterlyMean,Mean,15.02
1943,1065,D24HourMean,QuarterlyMean,Mean,11.46
1977,1052,D24HourMean,QuarterlyMean,Mean,13.40
1946,1049,D24HourMean,QuarterlyMean,Mean,11.25
1928,1062,D24HourMean,QuarterlyMean,Mean,10.74
1935,1062,D24HourMean,QuarterlyMean,Mean,12.14
1942,1062,D24HourMean,QuarterlyMean,Mean,12.64
1948,1048,D24HourMean,QuarterlyMean,Mean,10.94
1951,1069,D24HourMean,QuarterlyMean,Mean,11.19
1936,1050,D24HourMean,QuarterlyMean,Mean,10.00
1958,1050,D24HourMean,QuarterlyMean,Mean,11.99
1935,1058,D24HourMean,QuarterlyMean,Mean,12.06
1957,1055,D24HourMean,QuarterlyMean,Mean,9.86
1973,1055,D24HourMean,QuarterlyMean,Mean,14.03
1955,1051,D24HourMean,QuarterlyMean,Mean,9.40
1929,1053,D24HourMean,QuarterlyMean,Mean,12.11
1933,1062,D24HourMean,QuarterlyMean,Mean,10.83
1956,1064,D24HourMean,QuarterlyMean,Mean,12.01
1933,1064,D24HourMean,QuarterlyMean,Mean,10.54
1943,1048,D24HourMean,QuarterlyMean,Mean,10.63
1931,1062,D24HourMean,QuarterlyMean,Mean,10.27
1930,1054,D24HourMean,QuarterlyMean,Mean,12.08
1928,1060,D24HourMean,QuarterlyMean,Mean,9.97
1981,1052,D24HourMean,QuarterlyMean,Mean,12.62
1977,1056,D24HourMean,QuarterlyMean,Mean,13.60
1971,1058,D24HourMean,QuarterlyMean,Mean,12.58
1939,1060,D24HourMean,QuarterlyMean,Mean,10.74
1955,1054,D24HourMean,QuarterlyMean,Mean,10.17
1937,1056,D24HourMean,QuarterlyMean,Mean,10.43
1954,1052,D24HourMean,QuarterlyMean,Mean,9.81
1943,1059,D24HourMean,QuarterlyMean,Mean,11.85
1964,1063,D24HourMean,QuarterlyMean,Mean,12.35
1974,1052,D24HourMean,QuarterlyMean,Mean,12.22
1932,1052,D24HourMean,QuarterlyMean,Mean,10.92
1949,1050,D24HourMean,QuarterlyMean,Mean,10.17
1965,1060,D24HourMean,QuarterlyMean,Mean,12.72
1940,1056,D24HourMean,QuarterlyMean,Mean,10.37
1950,1060,D24HourMean,QuarterlyMean,Mean,12.10
1946,1050,D24HourMean,QuarterlyMean,Mean,11.06
1969,1060,D24HourMean,QuarterlyMean,Mean,12.49
1949,1054,D24HourMean,QuarterlyMean,Mean,9.42
1971,1063,D24HourMean,QuarterlyMean,Mean,12.99
1947,1059,D24HourMean,QuarterlyMean,Mean,12.52
1956,1067,D24HourMean,QuarterlyMean,Mean,11.96
1936,1053,D24HourMean,QuarterlyMean,Mean,11.77
1926,1059,D24HourMean,QuarterlyMean,Mean,11.18
1937,1053,D24HourMean,QuarterlyMean,Mean,11.04
1955,1065,D24HourMean,QuarterlyMean,Mean,11.84
1950,1056,D24HourMean,QuarterlyMean,Mean,9.55
1931,1063,D24HourMean,QuarterlyMean,Mean,9.99
1942,1067,D24HourMean,QuarterlyMean,Mean,10.14
1945,1047,D24HourMean,QuarterlyMean,Mean,9.60
1979,1054,D24HourMean,QuarterlyMean,Mean,13.71
1947,1056,D24HourMean,QuarterlyMean,Mean,10.77
1973,1056,D24HourMean,QuarterlyMean,Mean,14.14
1938,1054,D24HourMean,QuarterlyMean,Mean,10.86
1926,1063,D24HourMean,QuarterlyMean,Mean,10.42
1927,1061,D24HourMean,QuarterlyMean,Mean,10.68
1933,1059,D24HourMean,QuarterlyMean,Mean,11.26
1924,1061,D24HourMean,QuarterlyMean,Mean,11.98
1938,1052,D24HourMean,QuarterlyMean,Mean,11.20
1966,1054,D24HourMean,QuarterlyMean,Mean,11.64
1961,1053,D24HourMean,QuarterlyMean,Mean,10.49
1963,1066,D24HourMean,QuarterlyMean,Mean,12.11
1925,1057,D24HourMean,QuarterlyMean,Mean,11.12
1926,1056,D24HourMean,QuarterlyMean,Mean,11.67
1944,1052,D24HourMean,QuarterlyMean,Mean,10.37
1941,1051,D24HourMean,QuarterlyMean,Mean,10.98
1951,1067,D24HourMean,QuarterlyMean,Mean,11.83
1956,1062,D24HourMean,QuarterlyMean,Mean,12.52
1929,1057,D24HourMean,QuarterlyMean,Mean,11.81
1934,1056,D24HourMean,QuarterlyMean,Mean,12.20
1974,1048,D24HourMean,QuarterlyMean,Mean,12.08
1974,1061,D24HourMean,QuarterlyMean,Mean,12.65
1958,1059,D24HourMean,QuarterlyMean,Mean,13.81
1951,1065,D24HourMean,QuarterlyMean,Mean,12.06
1976,1056,D24HourMean,QuarterlyMean,Mean,13.07
1966,1056,D24HourMean,QuarterlyMean,Mean,11.39
1969,1048,D24HourMean,QuarterlyMean,Mean,12.14
1969,1061,D24HourMean,QuarterlyMean,Mean,12.26
1958,1058,D24HourMean,QuarterlyMean,Mean,11.72
1964,1049,D24HourMean,QuarterlyMean,Mean,11.13
1935,1059,D24HourMean,QuarterlyMean,Mean,11.18
1980,1051,D24HourMean,QuarterlyMean,Mean,12.78
1981,1050,D24HourMean,QuarterlyMean,Mean,12.35
1953,1053,D24HourMean,QuarterlyMean,Mean,9.87
1938,1061,D24HourMean,QuarterlyMean,Mean,11.37
1931,1056,D24HourMean,QuarterlyMean,Mean,11.90
1946,1046,D24HourMean,QuarterlyMean,Mean,9.11
1963,1053,D24HourMean,QuarterlyMean,Mean,10.65
1945,1062,D24HourMean,QuarterlyMean,Mean,12.99
1956,1055,D24HourMean,QuarterlyMean,Mean,9.98
1937,1052,D24HourMean,QuarterlyMean,Mean,10.97
1972,1056,D24HourMean,QuarterlyMean,Mean,14.06
1949,1051,D24HourMean,QuarterlyMean,Mean,10.73
1934,1051,D24HourMean,QuarterlyMean,Mean,10.25
1925,1062,D24HourMean,QuarterlyMean,Mean,11.25
1973,1057,D24HourMean,QuarterlyMean,Mean,12.70
1939,1062,D24HourMean,QuarterlyMean,Mean,12.44
1942,1058,D24HourMean,QuarterlyMean,Mean,10.90
1943,1049,D24HourMean,QuarterlyMean,Mean,10.92
1957,1063,D24HourMean,QuarterlyMean,Mean,12.77
1964,1062,D24HourMean,QuarterlyMean,Mean,12.06
1937,1065,D24HourMean,QuarterlyMean,Mean,11.55
1945,1054,D24HourMean,QuarterlyMean,Mean,10.67
1928,1061,D24HourMean,QuarterlyMean,Mean,10.72
1936,1060,D24HourMean,QuarterlyMean,Mean,11.46
1971,1056,D24HourMean,QuarterlyMean,Mean,13.23
1948,1063,D24HourMean,QuarterlyMean,Mean,12.66
1942,1063,D24HourMean,QuarterlyMean,Mean,11.70
1961,1065,D24HourMean,QuarterlyMean,Mean,12.67
1934,1063,D24HourMean,QuarterlyMean,Mean,12.04
1936,1062,D24HourMean,QuarterlyMean,Mean,11.98
1964,1055,D24HourMean,QuarterlyMean,Mean,11.20
1944,1047,D24HourMean,QuarterlyMean,Mean,9.67
1941,1065,D24HourMean,QuarterlyMean,Mean,11.49
1964,1058,D24HourMean,QuarterlyMean,Mean,11.89
1941,1066,D24HourMean,QuarterlyMean,Mean,10.99
1980,1059,D24HourMean,QuarterlyMean,Mean,16.27
1933,1051,D24HourMean,QuarterlyMean,Mean,10.30
1946,1056,D24HourMean,QuarterlyMean,Mean,11.11
1980,1054,D24HourMean,QuarterlyMean,Mean,13.25
1930,1055,D24HourMean,QuarterlyMean,Mean,11.57
1961,1055,D24HourMean,QuarterlyMean,Mean,10.22
1958,1062,D24HourMean,QuarterlyMean,Mean,13.45
1939,1055,D24HourMean,QuarterlyMean,Mean,10.64
1978,1050,D24HourMean,QuarterlyMean,Mean,12.40
1949,1066,D24HourMean,QuarterlyMean,Mean,11.14
1954,1054,D24HourMean,QuarterlyMean,Mean,9.86
1936,1066,D24HourMean,QuarterlyMean,Mean,10.22
1946,1055,D24HourMean,QuarterlyMean,Mean,10.46
1948,1059,D24HourMean,QuarterlyMean,Mean,11.64
1971,1048,D24HourMean,QuarterlyMean,Mean,12.35
1962,1048,D24HourMean,QuarterlyMean,Mean,11.01
1950,1063,D24HourMean,QuarterlyMean,Mean,12.59
1981,1057,D24HourMean,QuarterlyMean,Mean,15.71
1948,1049,D24HourMean,QuarterlyMean,Mean,11.03
1953,1061,D24HourMean,QuarterlyMean,Mean,12.02
1954,1065,D24HourMean,QuarterlyMean,Mean,11.49
1962,1066,D24HourMean,QuarterlyMean,Mean,11.74
1973,1062,D24HourMean,QuarterlyMean,Mean,12.99
1970,1054,D24HourMean,QuarterlyMean,Mean,12.12
1934,1061,D24HourMean,QuarterlyMean,Mean,11.20
1983,1058,D24HourMean,QuarterlyMean,Mean,17.46
1933,1053,D24HourMean,QuarterlyMean,Mean,11.16
1970,1049,D24HourMean,QuarterlyMean,Mean,12.11
1950,1061,D24HourMean,QuarterlyMean,Mean,12.09
1928,1059,D24HourMean,QuarterlyMean,Mean,10.68
1924,1060,D24HourMean,QuarterlyMean,Mean,11.93
1940,1066,D24HourMean,QuarterlyMean,Mean,11.31
1943,1052,D24HourMean,QuarterlyMean,Mean,10.77
1944,1054,D24HourMean,QuarterlyMean,Mean,11.08
1931,1059,D24HourMean,QuarterlyMean,Mean,10.89
1951,1058,D24HourMean,QuarterlyMean,Mean,10.68
1928,1058,D24HourMean,QuarterlyMean,Mean,11.10
1935,1051,D24HourMean,QuarterlyMean,Mean,10.00
1945,1067,D24HourMean,QuarterlyMean,Mean,10.34
1942,1046,D24HourMean,QuarterlyMean,Mean,9.54
1973,1052,D24HourMean,QuarterlyMean,Mean,11.97
1943,1061,D24HourMean,QuarterlyMean,Mean,14.56
1946,1053,D24HourMean,QuarterlyMean,Mean,10.01
1969,1059,D24HourMean,QuarterlyMean,Mean,12.78
1947,1050,D24HourMean,QuarterlyMean,Mean,10.39
1975,1050,D24HourMean,QuarterlyMean,Mean,12.53
1939,1052,D24HourMean,QuarterlyMean,Mean,11.32
1929,1063,D24HourMean,QuarterlyMean,Mean,10.37
1949,1064,D24HourMean,QuarterlyMean,Mean,12.21
1961,1061,D24HourMean,QuarterlyMean,Mean,13.45
1939,1048,D24HourMean,QuarterlyMean,Mean,9.89
1925,1061,D24HourMean,QuarterlyMean,Mean,11.27
1932,1060,D24HourMean,QuarterlyMean,Mean,10.07
1971,1057,D24HourMean,QuarterlyMean,Mean,13.03
1968,1052,D24HourMean,QuarterlyMean,Mean,11.97
1955,1049,D24HourMean,QuarterlyMean,Mean,11.73
1967,1055,D24HourMean,QuarterlyMean,Mean,11.47
1960,1050,D24HourMean,QuarterlyMean,Mean,11.39
1936,1057,D24HourMean,QuarterlyMean,Mean,11.68
1944,1051,D24HourMean,QuarterlyMean,Mean,10.94
1962,1053,D24HourMean,QuarterlyMean,Mean,10.64
1950,1064,D24HourMean,QuarterlyMean,Mean,12.51
1932,1062,D24HourMean,QuarterlyMean,Mean,10.31
1943,1047,D24HourMean,QuarterlyMean,Mean,9.79
1927,1063,D24HourMean,QuarterlyMean,Mean,9.99
1953,1068,D24HourMean,QuarterlyMean,Mean,11.34
1954,1058,D24HourMean,QuarterlyMean,Mean,12.26
1988,1055,D24HourMean,QuarterlyMean,Mean,13.58
1970,1053,D24HourMean,QuarterlyMean,Mean,11.92
1954,1067,D24HourMean,QuarterlyMean,Mean,11.46
1984,1056,D24HourMean,QuarterlyMean,Mean,14.37
1970,1051,D24HourMean,QuarterlyMean,Mean,11.69
1943,1051,D24HourMean,QuarterlyMean,Mean,10.95
1942,1059,D24HourMean,QuarterlyMean,Mean,11.10
1943,1062,D24HourMean,QuarterlyMean,Mean,13.08
1966,1053,D24HourMean,QuarterlyMean,Mean,11.34
1946,1058,D24HourMean,QuarterlyMean,Mean,11.30
1953,1055,D24HourMean,QuarterlyMean,Mean,10.09
1973,1053,D24HourMean,QuarterlyMean,Mean,12.55
1962,1052,D24HourMean,QuarterlyMean,Mean,10.96
1943,1057,D24HourMean,QuarterlyMean,Mean,10.97
1949,1057,D24HourMean,QuarterlyMean,Mean,11.39
