Column,Row,Metric,Seasonal Metric,Annual Metric,Values
2132,575,D24HourMean,QuarterlyMean,Mean,10.59
2135,551,D24HourMean,QuarterlyMean,Mean,-2.15
2133,584,D24HourMean,QuarterlyMean,Mean,10.93
2126,577,D24HourMean,QuarterlyMean,Mean,10.84
2128,573,D24HourMean,QuarterlyMean,Mean,11.12
2125,583,D24HourMean,QuarterlyMean,Mean,11.01
2132,574,D24HourMean,QuarterlyMean,Mean,10.69
2107,557,D24HourMean,QuarterlyMean,Mean,12.08
2130,578,D24HourMean,QuarterlyMean,Mean,10.74
2102,567,D24HourMean,QuarterlyMean,Mean,12.68
2141,566,D24HourMean,QuarterlyMean,Mean,10.59
2102,554,D24HourMean,QuarterlyMean,Mean,12.16
2111,552,D24HourMean,QuarterlyMean,Mean,11.96
2132,596,D24HourMean,QuarterlyMean,Mean,10.08
2140,581,D24HourMean,QuarterlyMean,Mean,10.23
2141,586,D24HourMean,QuarterlyMean,Mean,10.08
2145,596,D24HourMean,QuarterlyMean,Mean,9.67
2113,558,D24HourMean,QuarterlyMean,Mean,12.87
2122,568,D24HourMean,QuarterlyMean,Mean,11.45
2131,583,D24HourMean,QuarterlyMean,Mean,10.40
2138,588,D24HourMean,QuarterlyMean,Mean,10.21
2131,566,D24HourMean,QuarterlyMean,Mean,11.30
2119,563,D24HourMean,QuarterlyMean,Mean,12.45
2137,588,D24HourMean,QuarterlyMean,Mean,10.59
2147,572,D24HourMean,QuarterlyMean,Mean,9.65
2135,554,D24HourMean,QuarterlyMean,Mean,-2.15
2140,564,D24HourMean,QuarterlyMean,Mean,10.16
2115,575,D24HourMean,QuarterlyMean,Mean,11.57
2131,567,D24HourMean,QuarterlyMean,Mean,11.06
2136,580,D24HourMean,QuarterlyMean,Mean,9.89
2102,548,D24HourMean,QuarterlyMean,Mean,11.76
2125,559,D24HourMean,QuarterlyMean,Mean,9.86
2130,571,D24HourMean,QuarterlyMean,Mean,10.86
2123,552,D24HourMean,QuarterlyMean,Mean,-2.15
2098,560,D24HourMean,QuarterlyMean,Mean,13.63
2126,595,D24HourMean,QuarterlyMean,Mean,11.37
2133,580,D24HourMean,QuarterlyMean,Mean,10.27
2115,564,D24HourMean,QuarterlyMean,Mean,12.38
2125,596,D24HourMean,QuarterlyMean,Mean,11.49
2101,558,D24HourMean,QuarterlyMean,Mean,13.23
2129,550,D24HourMean,QuarterlyMean,Mean,-2.15
2127,579,D24HourMean,QuarterlyMean,Mean,10.49
2128,578,D24HourMean,QuarterlyMean,Mean,10.72
2139,598,D24HourMean,QuarterlyMean,Mean,9.07
2128,567,D24HourMean,QuarterlyMean,Mean,11.37
2126,557,D24HourMean,QuarterlyMean,Mean,7.59
2139,559,D24HourMean,QuarterlyMean,Mean,6.48
2134,583,D24HourMean,QuarterlyMean,Mean,10.39
2129,556,D24HourMean,QuarterlyMean,Mean,-2.15
2126,564,D24HourMean,QuarterlyMean,Mean,12.16
2136,595,D24HourMean,QuarterlyMean,Mean,9.56
2128,589,D24HourMean,QuarterlyMean,Mean,11.08
2124,551,D24HourMean,QuarterlyMean,Mean,-2.15
2143,567,D24HourMean,QuarterlyMean,Mean,10.28
2118,579,D24HourMean,QuarterlyMean,Mean,11.98
2136,594,D24HourMean,QuarterlyMean,Mean,10.56
2140,591,D24HourMean,QuarterlyMean,Mean,9.48
2100,564,D24HourMean,QuarterlyMean,Mean,11.77
2136,574,D24HourMean,QuarterlyMean,Mean,10.21
2102,561,D24HourMean,QuarterlyMean,Mean,13.53
2111,562,D24HourMean,QuarterlyMean,Mean,12.30
2135,595,D24HourMean,QuarterlyMean,Mean,10.71
2148,576,D24HourMean,QuarterlyMean,Mean,9.93
2114,551,D24HourMean,QuarterlyMean,Mean,12.58
2116,587,D24HourMean,QuarterlyMean,Mean,13.10
2132,587,D24HourMean,QuarterlyMean,Mean,11.40
2123,576,D24HourMean,QuarterlyMean,Mean,11.47
2118,591,D24HourMean,QuarterlyMean,Mean,13.17
2120,566,D24HourMean,QuarterlyMean,Mean,11.99
2132,591,D24HourMean,QuarterlyMean,Mean,11.37
2114,553,D24HourMean,QuarterlyMean,Mean,12.73
2122,584,D24HourMean,QuarterlyMean,Mean,11.69
2117,574,D24HourMean,QuarterlyMean,Mean,11.25
2103,555,D24HourMean,QuarterlyMean,Mean,12.26
2124,566,D24HourMean,QuarterlyMean,Mean,11.89
2109,566,D24HourMean,QuarterlyMean,Mean,12.08
2115,558,D24HourMean,QuarterlyMean,Mean,12.23
2134,565,D24HourMean,QuarterlyMean,Mean,10.93
2139,590,D24HourMean,QuarterlyMean,Mean,9.55
2125,576,D24HourMean,QuarterlyMean,Mean,11.67
2132,594,D24HourMean,QuarterlyMean,Mean,11.93
2103,548,D24HourMean,QuarterlyMean,Mean,11.66
2129,567,D24HourMean,QuarterlyMean,Mean,11.22
2107,552,D24HourMean,QuarterlyMean,Mean,11.77
2118,582,D24HourMean,QuarterlyMean,Mean,12.33
2122,581,D24HourMean,QuarterlyMean,Mean,11.52
2117,575,D24HourMean,QuarterlyMean,Mean,11.25
2140,589,D24HourMean,QuarterlyMean,Mean,9.84
2140,594,D24HourMean,QuarterlyMean,Mean,8.48
2114,592,D24HourMean,QuarterlyMean,Mean,12.73
2134,556,D24HourMean,QuarterlyMean,Mean,-2.15
2140,559,D24HourMean,QuarterlyMean,Mean,5.84
2130,593,D24HourMean,QuarterlyMean,Mean,11.49
2100,552,D24HourMean,QuarterlyMean,Mean,12.68
2114,577,D24HourMean,QuarterlyMean,Mean,11.74
2140,563,D24HourMean,QuarterlyMean,Mean,10.21
2118,561,D24HourMean,QuarterlyMean,Mean,12.43
2118,597,D24HourMean,QuarterlyMean,Mean,12.43
2102,558,D24HourMean,QuarterlyMean,Mean,13.22
2115,573,D24HourMean,QuarterlyMean,Mean,11.47
2123,562,D24HourMean,QuarterlyMean,Mean,12.21
2108,568,D24HourMean,QuarterlyMean,Mean,12.01
2148,578,D24HourMean,QuarterlyMean,Mean,9.46
2133,565,D24HourMean,QuarterlyMean,Mean,11.42
2140,569,D24HourMean,QuarterlyMean,Mean,10.84
2112,552,D24HourMean,QuarterlyMean,Mean,12.35
2146,577,D24HourMean,QuarterlyMean,Mean,10.01
2127,554,D24HourMean,QuarterlyMean,Mean,-2.15
2135,581,D24HourMean,QuarterlyMean,Mean,10.28
2128,561,D24HourMean,QuarterlyMean,Mean,12.01
2113,570,D24HourMean,QuarterlyMean,Mean,11.72
2135,553,D24HourMean,QuarterlyMean,Mean,-2.15
2130,574,D24HourMean,QuarterlyMean,Mean,10.56
2108,567,D24HourMean,QuarterlyMean,Mean,11.94
2107,558,D24HourMean,QuarterlyMean,Mean,11.98
2115,572,D24HourMean,QuarterlyMean,Mean,11.57
2106,569,D24HourMean,QuarterlyMean,Mean,12.01
2132,550,D24HourMean,QuarterlyMean,Mean,-2.15
2118,559,D24HourMean,QuarterlyMean,Mean,12.06
2139,558,D24HourMean,QuarterlyMean,Mean,7.52
2140,577,D24HourMean,QuarterlyMean,Mean,10.27
2117,579,D24HourMean,QuarterlyMean,Mean,12.14
2133,568,D24HourMean,QuarterlyMean,Mean,10.50
2143,571,D24HourMean,QuarterlyMean,Mean,11.37
2129,576,D24HourMean,QuarterlyMean,Mean,10.42
2126,589,D24HourMean,QuarterlyMean,Mean,11.62
2133,559,D24HourMean,QuarterlyMean,Mean,11.08
2145,574,D24HourMean,QuarterlyMean,Mean,10.59
2137,569,D24HourMean,QuarterlyMean,Mean,10.30
2130,566,D24HourMean,QuarterlyMean,Mean,11.49
2142,582,D24HourMean,QuarterlyMean,Mean,9.98
2118,589,D24HourMean,QuarterlyMean,Mean,13.62
2127,565,D24HourMean,QuarterlyMean,Mean,11.74
2113,562,D24HourMean,QuarterlyMean,Mean,12.31
2138,568,D24HourMean,QuarterlyMean,Mean,10.47
2101,554,D24HourMean,QuarterlyMean,Mean,12.58
2107,562,D24HourMean,QuarterlyMean,Mean,12.63
2113,550,D24HourMean,QuarterlyMean,Mean,12.04
2134,593,D24HourMean,QuarterlyMean,Mean,11.59
2140,583,D24HourMean,QuarterlyMean,Mean,10.39
2127,595,D24HourMean,QuarterlyMean,Mean,11.84
2142,581,D24HourMean,QuarterlyMean,Mean,9.98
2111,561,D24HourMean,QuarterlyMean,Mean,12.25
2118,571,D24HourMean,QuarterlyMean,Mean,11.13
2130,588,D24HourMean,QuarterlyMean,Mean,10.95
2101,567,D24HourMean,QuarterlyMean,Mean,12.92
2104,560,D24HourMean,QuarterlyMean,Mean,13.08
2132,578,D24HourMean,QuarterlyMean,Mean,10.16
2139,599,D24HourMean,QuarterlyMean,Mean,9.58
2110,556,D24HourMean,QuarterlyMean,Mean,12.50
2115,591,D24HourMean,QuarterlyMean,Mean,13.55
2123,574,D24HourMean,QuarterlyMean,Mean,10.81
2138,593,D24HourMean,QuarterlyMean,Mean,9.22
2129,596,D24HourMean,QuarterlyMean,Mean,11.23
2137,589,D24HourMean,QuarterlyMean,Mean,10.39
2110,584,D24HourMean,QuarterlyMean,Mean,11.67
2115,569,D24HourMean,QuarterlyMean,Mean,11.67
2145,588,D24HourMean,QuarterlyMean,Mean,9.67
2106,560,D24HourMean,QuarterlyMean,Mean,12.31
2119,562,D24HourMean,QuarterlyMean,Mean,12.75
2134,562,D24HourMean,QuarterlyMean,Mean,11.56
2134,552,D24HourMean,QuarterlyMean,Mean,-2.15
2138,566,D24HourMean,QuarterlyMean,Mean,10.74
2135,570,D24HourMean,QuarterlyMean,Mean,10.30
2144,582,D24HourMean,QuarterlyMean,Mean,10.37
2113,584,D24HourMean,QuarterlyMean,Mean,12.65
2125,592,D24HourMean,QuarterlyMean,Mean,11.39
2112,576,D24HourMean,QuarterlyMean,Mean,11.03
2128,593,D24HourMean,QuarterlyMean,Mean,11.37
2115,578,D24HourMean,QuarterlyMean,Mean,12.16
2117,584,D24HourMean,QuarterlyMean,Mean,12.71
2146,587,D24HourMean,QuarterlyMean,Mean,8.96
2137,557,D24HourMean,QuarterlyMean,Mean,-2.15
2122,579,D24HourMean,QuarterlyMean,Mean,10.83
2142,572,D24HourMean,QuarterlyMean,Mean,10.23
2116,574,D24HourMean,QuarterlyMean,Mean,11.33
2135,590,D24HourMean,QuarterlyMean,Mean,10.93
2109,570,D24HourMean,QuarterlyMean,Mean,11.60
2111,566,D24HourMean,QuarterlyMean,Mean,12.03
2119,593,D24HourMean,QuarterlyMean,Mean,12.40
2127,572,D24HourMean,QuarterlyMean,Mean,10.61
2137,593,D24HourMean,QuarterlyMean,Mean,9.72
2131,565,D24HourMean,QuarterlyMean,Mean,11.49
2140,582,D24HourMean,QuarterlyMean,Mean,10.21
2120,587,D24HourMean,QuarterlyMean,Mean,12.66
2134,554,D24HourMean,QuarterlyMean,Mean,-2.15
2125,580,D24HourMean,QuarterlyMean,Mean,10.95
2125,562,D24HourMean,QuarterlyMean,Mean,11.88
2138,584,D24HourMean,QuarterlyMean,Mean,9.75
2102,566,D24HourMean,QuarterlyMean,Mean,12.60
2115,588,D24HourMean,QuarterlyMean,Mean,13.00
2150,578,D24HourMean,QuarterlyMean,Mean,8.93
2115,581,D24HourMean,QuarterlyMean,Mean,12.08
2144,569,D24HourMean,QuarterlyMean,Mean,11.32
2144,579,D24HourMean,QuarterlyMean,Mean,10.28
2128,582,D24HourMean,QuarterlyMean,Mean,10.30
2119,552,D24HourMean,QuarterlyMean,Mean,10.11
2145,589,D24HourMean,QuarterlyMean,Mean,9.24
2128,576,D24HourMean,QuarterlyMean,Mean,10.35
2142,577,D24HourMean,QuarterlyMean,Mean,10.71
2112,569,D24HourMean,QuarterlyMean,Mean,11.94
2098,559,D24HourMean,QuarterlyMean,Mean,13.73
2140,597,D24HourMean,QuarterlyMean,Mean,8.96
2142,597,D24HourMean,QuarterlyMean,Mean,9.34
2121,560,D24HourMean,QuarterlyMean,Mean,12.46
2104,556,D24HourMean,QuarterlyMean,Mean,12.28
2113,571,D24HourMean,QuarterlyMean,Mean,11.81
2149,585,D24HourMean,QuarterlyMean,Mean,9.32
2135,556,D24HourMean,QuarterlyMean,Mean,-2.15
2117,556,D24HourMean,QuarterlyMean,Mean,12.16
2143,594,D24HourMean,QuarterlyMean,Mean,9.24
2100,551,D24HourMean,QuarterlyMean,Mean,12.63
2125,593,D24HourMean,QuarterlyMean,Mean,11.59
2134,571,D24HourMean,QuarterlyMean,Mean,10.13
2126,585,D24HourMean,QuarterlyMean,Mean,11.50
2130,564,D24HourMean,QuarterlyMean,Mean,11.96
2130,567,D24HourMean,QuarterlyMean,Mean,10.96
2115,589,D24HourMean,QuarterlyMean,Mean,13.10
2115,551,D24HourMean,QuarterlyMean,Mean,12.26
2128,588,D24HourMean,QuarterlyMean,Mean,11.39
2127,587,D24HourMean,QuarterlyMean,Mean,11.44
2121,572,D24HourMean,QuarterlyMean,Mean,10.52
2100,548,D24HourMean,QuarterlyMean,Mean,11.35
2133,597,D24HourMean,QuarterlyMean,Mean,9.94
2126,556,D24HourMean,QuarterlyMean,Mean,13.38
2130,553,D24HourMean,QuarterlyMean,Mean,-2.15
2124,594,D24HourMean,QuarterlyMean,Mean,11.84
2104,558,D24HourMean,QuarterlyMean,Mean,12.93
2112,561,D24HourMean,QuarterlyMean,Mean,12.35
2138,551,D24HourMean,QuarterlyMean,Mean,-2.15
2103,563,D24HourMean,QuarterlyMean,Mean,13.08
2129,594,D24HourMean,QuarterlyMean,Mean,11.79
2112,593,D24HourMean,QuarterlyMean,Mean,14.07
2138,565,D24HourMean,QuarterlyMean,Mean,10.39
2149,578,D24HourMean,QuarterlyMean,Mean,9.31
2117,559,D24HourMean,QuarterlyMean,Mean,12.09
2139,597,D24HourMean,QuarterlyMean,Mean,9.10
2116,593,D24HourMean,QuarterlyMean,Mean,13.08
2123,554,D24HourMean,QuarterlyMean,Mean,12.92
2129,558,D24HourMean,QuarterlyMean,Mean,11.06
2105,556,D24HourMean,QuarterlyMean,Mean,11.94
2120,552,D24HourMean,QuarterlyMean,Mean,-2.15
2143,572,D24HourMean,QuarterlyMean,Mean,10.81
2124,553,D24HourMean,QuarterlyMean,Mean,7.59
2118,586,D24HourMean,QuarterlyMean,Mean,13.57
2122,567,D24HourMean,QuarterlyMean,Mean,11.52
2115,592,D24HourMean,QuarterlyMean,Mean,12.95
2148,575,D24HourMean,QuarterlyMean,Mean,9.55
2142,596,D24HourMean,QuarterlyMean,Mean,8.72
2121,584,D24HourMean,QuarterlyMean,Mean,12.06
2145,569,D24HourMean,QuarterlyMean,Mean,11.34
2138,581,D24HourMean,QuarterlyMean,Mean,9.87
2111,588,D24HourMean,QuarterlyMean,Mean,12.35
2135,562,D24HourMean,QuarterlyMean,Mean,11.13
2119,577,D24HourMean,QuarterlyMean,Mean,11.06
2130,568,D24HourMean,QuarterlyMean,Mean,10.90
2108,558,D24HourMean,QuarterlyMean,Mean,12.19
2112,571,D24HourMean,QuarterlyMean,Mean,11.76
2120,572,D24HourMean,QuarterlyMean,Mean,10.76
2133,587,D24HourMean,QuarterlyMean,Mean,11.47
2105,560,D24HourMean,QuarterlyMean,Mean,12.51
2124,557,D24HourMean,QuarterlyMean,Mean,12.97
2112,591,D24HourMean,QuarterlyMean,Mean,13.07
2118,566,D24HourMean,QuarterlyMean,Mean,11.79
2129,584,D24HourMean,QuarterlyMean,Mean,10.62
2119,555,D24HourMean,QuarterlyMean,Mean,12.65
2106,571,D24HourMean,QuarterlyMean,Mean,12.92
2139,578,D24HourMean,QuarterlyMean,Mean,10.04
2120,569,D24HourMean,QuarterlyMean,Mean,11.37
2136,553,D24HourMean,QuarterlyMean,Mean,-2.15
2148,572,D24HourMean,QuarterlyMean,Mean,10.03
2138,570,D24HourMean,QuarterlyMean,Mean,10.37
2149,577,D24HourMean,QuarterlyMean,Mean,9.57
2102,551,D24HourMean,QuarterlyMean,Mean,12.31
2105,567,D24HourMean,QuarterlyMean,Mean,11.89
2119,581,D24HourMean,QuarterlyMean,Mean,12.28
2125,587,D24HourMean,QuarterlyMean,Mean,11.81
2138,597,D24HourMean,QuarterlyMean,Mean,9.36
2103,552,D24HourMean,QuarterlyMean,Mean,12.36
2116,552,D24HourMean,QuarterlyMean,Mean,12.60
2126,596,D24HourMean,QuarterlyMean,Mean,11.42
2134,584,D24HourMean,QuarterlyMean,Mean,10.54
2132,593,D24HourMean,QuarterlyMean,Mean,11.86
2124,576,D24HourMean,QuarterlyMean,Mean,11.82
2145,576,D24HourMean,QuarterlyMean,Mean,10.01
2130,565,D24HourMean,QuarterlyMean,Mean,11.74
2138,590,D24HourMean,QuarterlyMean,Mean,9.34
2112,573,D24HourMean,QuarterlyMean,Mean,11.77
2123,582,D24HourMean,QuarterlyMean,Mean,11.23
2140,574,D24HourMean,QuarterlyMean,Mean,9.67
2139,573,D24HourMean,QuarterlyMean,Mean,9.70
2136,588,D24HourMean,QuarterlyMean,Mean,10.81
2132,582,D24HourMean,QuarterlyMean,Mean,10.44
2124,592,D24HourMean,QuarterlyMean,Mean,11.74
2107,549,D24HourMean,QuarterlyMean,Mean,12.28
2130,592,D24HourMean,QuarterlyMean,Mean,11.35
2124,585,D24HourMean,QuarterlyMean,Mean,11.67
2114,558,D24HourMean,QuarterlyMean,Mean,12.26
2135,552,D24HourMean,QuarterlyMean,Mean,-2.15
2134,585,D24HourMean,QuarterlyMean,Mean,10.91
2118,563,D24HourMean,QuarterlyMean,Mean,12.21
2121,583,D24HourMean,QuarterlyMean,Mean,12.24
2103,558,D24HourMean,QuarterlyMean,Mean,13.33
2110,555,D24HourMean,QuarterlyMean,Mean,12.60
2113,563,D24HourMean,QuarterlyMean,Mean,11.94
2127,580,D24HourMean,QuarterlyMean,Mean,10.57
2118,596,D24HourMean,QuarterlyMean,Mean,12.75
2113,588,D24HourMean,QuarterlyMean,Mean,12.92
2129,591,D24HourMean,QuarterlyMean,Mean,10.57
2101,557,D24HourMean,QuarterlyMean,Mean,13.53
2123,593,D24HourMean,QuarterlyMean,Mean,12.04
2136,576,D24HourMean,QuarterlyMean,Mean,10.10
2110,572,D24HourMean,QuarterlyMean,Mean,11.99
2117,586,D24HourMean,QuarterlyMean,Mean,12.78
2126,594,D24HourMean,QuarterlyMean,Mean,11.22
2104,571,D24HourMean,QuarterlyMean,Mean,14.35
2143,596,D24HourMean,QuarterlyMean,Mean,9.20
2113,589,D24HourMean,QuarterlyMean,Mean,12.87
2143,591,D24HourMean,QuarterlyMean,Mean,9.14
2113,596,D24HourMean,QuarterlyMean,Mean,13.97
2109,569,D24HourMean,QuarterlyMean,Mean,11.79
2147,586,D24HourMean,QuarterlyMean,Mean,9.32
2133,555,D24HourMean,QuarterlyMean,Mean,-2.15
2113,574,D24HourMean,QuarterlyMean,Mean,11.49
2109,558,D24HourMean,QuarterlyMean,Mean,12.30
2110,554,D24HourMean,QuarterlyMean,Mean,12.35
2141,573,D24HourMean,QuarterlyMean,Mean,10.08
2117,595,D24HourMean,QuarterlyMean,Mean,12.65
2138,575,D24HourMean,QuarterlyMean,Mean,10.91
2147,585,D24HourMean,QuarterlyMean,Mean,9.20
2130,582,D24HourMean,QuarterlyMean,Mean,9.92
2112,574,D24HourMean,QuarterlyMean,Mean,11.79
2105,564,D24HourMean,QuarterlyMean,Mean,12.45
2126,592,D24HourMean,QuarterlyMean,Mean,11.12
2139,556,D24HourMean,QuarterlyMean,Mean,-2.15
2109,571,D24HourMean,QuarterlyMean,Mean,11.89
2120,574,D24HourMean,QuarterlyMean,Mean,11.22
2117,557,D24HourMean,QuarterlyMean,Mean,12.14
2109,590,D24HourMean,QuarterlyMean,Mean,11.66
2131,590,D24HourMean,QuarterlyMean,Mean,11.49
2130,556,D24HourMean,QuarterlyMean,Mean,-2.15
2114,587,D24HourMean,QuarterlyMean,Mean,12.21
2119,572,D24HourMean,QuarterlyMean,Mean,11.05
2141,593,D24HourMean,QuarterlyMean,Mean,8.74
2133,594,D24HourMean,QuarterlyMean,Mean,11.72
2117,585,D24HourMean,QuarterlyMean,Mean,12.90
2122,571,D24HourMean,QuarterlyMean,Mean,10.69
2129,597,D24HourMean,QuarterlyMean,Mean,11.34
2130,585,D24HourMean,QuarterlyMean,Mean,11.06
2133,569,D24HourMean,QuarterlyMean,Mean,10.30
2140,566,D24HourMean,QuarterlyMean,Mean,10.64
2142,598,D24HourMean,QuarterlyMean,Mean,9.48
2133,560,D24HourMean,QuarterlyMean,Mean,11.49
2138,564,D24HourMean,QuarterlyMean,Mean,10.11
2126,553,D24HourMean,QuarterlyMean,Mean,-2.15
2125,582,D24HourMean,QuarterlyMean,Mean,11.01
2119,560,D24HourMean,QuarterlyMean,Mean,12.48
2135,591,D24HourMean,QuarterlyMean,Mean,11.54
2134,564,D24HourMean,QuarterlyMean,Mean,11.13
2107,568,D24HourMean,QuarterlyMean,Mean,11.96
2123,578,D24HourMean,QuarterlyMean,Mean,11.03
2121,567,D24HourMean,QuarterlyMean,Mean,11.27
2114,562,D24HourMean,QuarterlyMean,Mean,12.31
2131,575,D24HourMean,QuarterlyMean,Mean,5.91
2141,569,D24HourMean,QuarterlyMean,Mean,10.84
2113,565,D24HourMean,QuarterlyMean,Mean,11.88
2150,580,D24HourMean,QuarterlyMean,Mean,9.10
2109,552,D24HourMean,QuarterlyMean,Mean,12.25
2133,550,D24HourMean,QuarterlyMean,Mean,-2.15
2123,583,D24HourMean,QuarterlyMean,Mean,11.30
2117,568,D24HourMean,QuarterlyMean,Mean,11.64
2133,571,D24HourMean,QuarterlyMean,Mean,10.13
2111,573,D24HourMean,QuarterlyMean,Mean,11.79
2132,564,D24HourMean,QuarterlyMean,Mean,11.49
2103,566,D24HourMean,QuarterlyMean,Mean,12.40
2127,570,D24HourMean,QuarterlyMean,Mean,10.88
2103,551,D24HourMean,QuarterlyMean,Mean,12.51
2149,579,D24HourMean,QuarterlyMean,Mean,8.98
2112,550,D24HourMean,QuarterlyMean,Mean,11.79
2121,564,D24HourMean,QuarterlyMean,Mean,12.46
2122,573,D24HourMean,QuarterlyMean,Mean,10.64
2107,564,D24HourMean,QuarterlyMean,Mean,12.38
2120,584,D24HourMean,QuarterlyMean,Mean,12.16
2117,596,D24HourMean,QuarterlyMean,Mean,12.46
2118,562,D24HourMean,QuarterlyMean,Mean,12.58
2118,574,D24HourMean,QuarterlyMean,Mean,11.28
2139,571,D24HourMean,QuarterlyMean,Mean,9.86
2123,580,D24HourMean,QuarterlyMean,Mean,10.91
2126,561,D24HourMean,QuarterlyMean,Mean,11.79
2126,570,D24HourMean,QuarterlyMean,Mean,10.88
2123,573,D24HourMean,QuarterlyMean,Mean,10.64
2102,559,D24HourMean,QuarterlyMean,Mean,13.23
2129,586,D24HourMean,QuarterlyMean,Mean,11.86
2140,596,D24HourMean,QuarterlyMean,Mean,9.32
2112,568,D24HourMean,QuarterlyMean,Mean,11.98
2120,594,D24HourMean,QuarterlyMean,Mean,12.60
2109,560,D24HourMean,QuarterlyMean,Mean,12.35
2143,584,D24HourMean,QuarterlyMean,Mean,10.49
2124,575,D24HourMean,QuarterlyMean,Mean,11.03
2135,555,D24HourMean,QuarterlyMean,Mean,-2.15
2126,566,D24HourMean,QuarterlyMean,Mean,11.56
2108,560,D24HourMean,QuarterlyMean,Mean,12.45
2139,565,D24HourMean,QuarterlyMean,Mean,10.57
2106,557,D24HourMean,QuarterlyMean,Mean,12.01
2135,560,D24HourMean,QuarterlyMean,Mean,8.66
2104,554,D24HourMean,QuarterlyMean,Mean,12.28
2116,584,D24HourMean,QuarterlyMean,Mean,12.85
2123,563,D24HourMean,QuarterlyMean,Mean,12.16
2105,568,D24HourMean,QuarterlyMean,Mean,12.21
2136,584,D24HourMean,QuarterlyMean,Mean,9.87
2114,571,D24HourMean,QuarterlyMean,Mean,11.57
2144,594,D24HourMean,QuarterlyMean,Mean,9.17
2112,592,D24HourMean,QuarterlyMean,Mean,14.16
2129,575,D24HourMean,QuarterlyMean,Mean,10.56
2130,579,D24HourMean,QuarterlyMean,Mean,10.62
2134,559,D24HourMean,QuarterlyMean,Mean,7.21
2120,559,D24HourMean,QuarterlyMean,Mean,12.40
2140,580,D24HourMean,QuarterlyMean,Mean,10.06
2103,570,D24HourMean,QuarterlyMean,Mean,13.45
2134,572,D24HourMean,QuarterlyMean,Mean,10.71
2129,555,D24HourMean,QuarterlyMean,Mean,-2.15
2099,561,D24HourMean,QuarterlyMean,Mean,13.43
2125,581,D24HourMean,QuarterlyMean,Mean,11.13
2142,574,D24HourMean,QuarterlyMean,Mean,10.49
2107,560,D24HourMean,QuarterlyMean,Mean,12.43
2113,566,D24HourMean,QuarterlyMean,Mean,11.86
2119,561,D24HourMean,QuarterlyMean,Mean,12.50
2126,574,D24HourMean,QuarterlyMean,Mean,10.71
2142,584,D24HourMean,QuarterlyMean,Mean,10.57
2124,560,D24HourMean,QuarterlyMean,Mean,12.25
2098,549,D24HourMean,QuarterlyMean,Mean,12.31
2102,565,D24HourMean,QuarterlyMean,Mean,12.66
2128,563,D24HourMean,QuarterlyMean,Mean,11.94
2138,573,D24HourMean,QuarterlyMean,Mean,10.20
2100,556,D24HourMean,QuarterlyMean,Mean,13.02
2104,561,D24HourMean,QuarterlyMean,Mean,13.23
2108,569,D24HourMean,QuarterlyMean,Mean,11.79
2100,562,D24HourMean,QuarterlyMean,Mean,13.03
2126,559,D24HourMean,QuarterlyMean,Mean,7.93
2115,587,D24HourMean,QuarterlyMean,Mean,13.07
2148,579,D24HourMean,QuarterlyMean,Mean,9.33
2125,564,D24HourMean,QuarterlyMean,Mean,12.03
2146,578,D24HourMean,QuarterlyMean,Mean,9.87
2149,584,D24HourMean,QuarterlyMean,Mean,9.57
2142,570,D24HourMean,QuarterlyMean,Mean,10.74
2115,566,D24HourMean,QuarterlyMean,Mean,12.01
2127,593,D24HourMean,QuarterlyMean,Mean,11.00
2148,585,D24HourMean,QuarterlyMean,Mean,9.60
2122,586,D24HourMean,QuarterlyMean,Mean,11.81
2120,596,D24HourMean,QuarterlyMean,Mean,12.50
2124,574,D24HourMean,QuarterlyMean,Mean,10.64
2134,589,D24HourMean,QuarterlyMean,Mean,11.18
2121,561,D24HourMean,QuarterlyMean,Mean,12.51
2127,576,D24HourMean,QuarterlyMean,Mean,10.86
2141,564,D24HourMean,QuarterlyMean,Mean,10.16
2120,593,D24HourMean,QuarterlyMean,Mean,12.40
2113,586,D24HourMean,QuarterlyMean,Mean,12.33
2120,595,D24HourMean,QuarterlyMean,Mean,12.78
2124,588,D24HourMean,QuarterlyMean,Mean,11.74
2117,558,D24HourMean,QuarterlyMean,Mean,12.09
2145,582,D24HourMean,QuarterlyMean,Mean,10.73
2138,557,D24HourMean,QuarterlyMean,Mean,-2.15
2119,583,D24HourMean,QuarterlyMean,Mean,12.48
2135,573,D24HourMean,QuarterlyMean,Mean,11.22
2110,585,D24HourMean,QuarterlyMean,Mean,13.12
2125,561,D24HourMean,QuarterlyMean,Mean,11.84
2132,597,D24HourMean,QuarterlyMean,Mean,9.98
2134,581,D24HourMean,QuarterlyMean,Mean,10.54
2120,577,D24HourMean,QuarterlyMean,Mean,11.13
2127,575,D24HourMean,QuarterlyMean,Mean,10.81
2124,589,D24HourMean,QuarterlyMean,Mean,12.09
2137,571,D24HourMean,QuarterlyMean,Mean,10.25
2136,578,D24HourMean,QuarterlyMean,Mean,10.10
2114,578,D24HourMean,QuarterlyMean,Mean,11.79
2137,583,D24HourMean,QuarterlyMean,Mean,9.82
2143,575,D24HourMean,QuarterlyMean,Mean,10.71
2105,562,D24HourMean,QuarterlyMean,Mean,12.85
2137,562,D24HourMean,QuarterlyMean,Mean,10.83
2117,572,D24HourMean,QuarterlyMean,Mean,11.20
2131,589,D24HourMean,QuarterlyMean,Mean,11.22
2117,576,D24HourMean,QuarterlyMean,Mean,11.25
2116,566,D24HourMean,QuarterlyMean,Mean,11.91
2128,556,D24HourMean,QuarterlyMean,Mean,-2.15
2135,574,D24HourMean,QuarterlyMean,Mean,10.25
2114,568,D24HourMean,QuarterlyMean,Mean,11.82
2124,550,D24HourMean,QuarterlyMean,Mean,-2.15
2131,568,D24HourMean,QuarterlyMean,Mean,10.81
2138,574,D24HourMean,QuarterlyMean,Mean,10.45
2130,581,D24HourMean,QuarterlyMean,Mean,9.97
2106,570,D24HourMean,QuarterlyMean,Mean,12.18
2125,558,D24HourMean,QuarterlyMean,Mean,-2.15
2129,573,D24HourMean,QuarterlyMean,Mean,11.12
2138,598,D24HourMean,QuarterlyMean,Mean,9.89
2129,560,D24HourMean,QuarterlyMean,Mean,11.61
2136,582,D24HourMean,QuarterlyMean,Mean,10.08
2138,586,D24HourMean,QuarterlyMean,Mean,9.80
2121,581,D24HourMean,QuarterlyMean,Mean,11.54
2131,556,D24HourMean,QuarterlyMean,Mean,-2.15
2114,552,D24HourMean,QuarterlyMean,Mean,12.51
2104,549,D24HourMean,QuarterlyMean,Mean,12.03
2101,552,D24HourMean,QuarterlyMean,Mean,12.36
2122,585,D24HourMean,QuarterlyMean,Mean,11.77
2115,584,D24HourMean,QuarterlyMean,Mean,11.93
2127,586,D24HourMean,QuarterlyMean,Mean,11.27
2106,567,D24HourMean,QuarterlyMean,Mean,11.61
2134,575,D24HourMean,QuarterlyMean,Mean,10.23
2127,571,D24HourMean,QuarterlyMean,Mean,10.61
2114,579,D24HourMean,QuarterlyMean,Mean,8.84
2133,572,D24HourMean,QuarterlyMean,Mean,10.49
2119,596,D24HourMean,QuarterlyMean,Mean,12.98
2139,594,D24HourMean,QuarterlyMean,Mean,8.93
2146,581,D24HourMean,QuarterlyMean,Mean,9.81
2101,566,D24HourMean,QuarterlyMean,Mean,13.00
2134,590,D24HourMean,QuarterlyMean,Mean,10.98
2121,579,D24HourMean,QuarterlyMean,Mean,11.15
2128,551,D24HourMean,QuarterlyMean,Mean,-2.15
2122,555,D24HourMean,QuarterlyMean,Mean,12.67
2113,576,D24HourMean,QuarterlyMean,Mean,11.28
2126,554,D24HourMean,QuarterlyMean,Mean,-2.15
2126,590,D24HourMean,QuarterlyMean,Mean,11.42
2133,591,D24HourMean,QuarterlyMean,Mean,11.59
2133,581,D24HourMean,QuarterlyMean,Mean,10.67
2138,580,D24HourMean,QuarterlyMean,Mean,9.77
2116,577,D24HourMean,QuarterlyMean,Mean,12.01
2099,558,D24HourMean,QuarterlyMean,Mean,13.83
2110,576,D24HourMean,QuarterlyMean,Mean,10.00
2122,580,D24HourMean,QuarterlyMean,Mean,11.20
2141,590,D24HourMean,QuarterlyMean,Mean,9.77
2131,563,D24HourMean,QuarterlyMean,Mean,11.35
2101,553,D24HourMean,QuarterlyMean,Mean,12.26
2113,553,D24HourMean,QuarterlyMean,Mean,12.85
2142,571,D24HourMean,QuarterlyMean,Mean,10.44
2145,575,D24HourMean,QuarterlyMean,Mean,10.42
2120,578,D24HourMean,QuarterlyMean,Mean,11.15
2126,562,D24HourMean,QuarterlyMean,Mean,11.81
2143,582,D24HourMean,QuarterlyMean,Mean,10.05
2112,560,D24HourMean,QuarterlyMean,Mean,12.30
2130,577,D24HourMean,QuarterlyMean,Mean,10.66
2131,588,D24HourMean,QuarterlyMean,Mean,11.37
2146,580,D24HourMean,QuarterlyMean,Mean,10.32
2109,565,D24HourMean,QuarterlyMean,Mean,12.09
2107,551,D24HourMean,QuarterlyMean,Mean,11.88
2149,581,D24HourMean,QuarterlyMean,Mean,9.41
2140,587,D24HourMean,QuarterlyMean,Mean,9.53
2138,582,D24HourMean,QuarterlyMean,Mean,9.82
2124,577,D24HourMean,QuarterlyMean,Mean,11.35
2104,551,D24HourMean,QuarterlyMean,Mean,12.28
2128,577,D24HourMean,QuarterlyMean,Mean,10.69
2116,573,D24HourMean,QuarterlyMean,Mean,11.42
2120,556,D24HourMean,QuarterlyMean,Mean,13.12
2113,585,D24HourMean,QuarterlyMean,Mean,12.83
2117,589,D24HourMean,QuarterlyMean,Mean,12.98
2143,592,D24HourMean,QuarterlyMean,Mean,9.05
2127,582,D24HourMean,QuarterlyMean,Mean,10.66
2118,567,D24HourMean,QuarterlyMean,Mean,11.82
2119,597,D24HourMean,QuarterlyMean,Mean,13.07
2111,553,D24HourMean,QuarterlyMean,Mean,12.36
2119,554,D24HourMean,QuarterlyMean,Mean,12.60
2123,588,D24HourMean,QuarterlyMean,Mean,11.57
2125,554,D24HourMean,QuarterlyMean,Mean,-2.15
2115,554,D24HourMean,QuarterlyMean,Mean,12.41
2137,570,D24HourMean,QuarterlyMean,Mean,10.45
2141,584,D24HourMean,QuarterlyMean,Mean,10.44
2109,551,D24HourMean,QuarterlyMean,Mean,11.84
2106,550,D24HourMean,QuarterlyMean,Mean,12.51
2116,561,D24HourMean,QuarterlyMean,Mean,12.25
2132,568,D24HourMean,QuarterlyMean,Mean,10.71
2136,561,D24HourMean,QuarterlyMean,Mean,11.08
2111,563,D24HourMean,QuarterlyMean,Mean,12.25
2140,567,D24HourMean,QuarterlyMean,Mean,10.33
2137,551,D24HourMean,QuarterlyMean,Mean,-2.15
2105,551,D24HourMean,QuarterlyMean,Mean,12.23
2140,573,D24HourMean,QuarterlyMean,Mean,9.87
2114,560,D24HourMean,QuarterlyMean,Mean,12.16
2133,564,D24HourMean,QuarterlyMean,Mean,11.34
2128,559,D24HourMean,QuarterlyMean,Mean,12.21
2124,572,D24HourMean,QuarterlyMean,Mean,10.61
2146,571,D24HourMean,QuarterlyMean,Mean,10.32
2113,577,D24HourMean,QuarterlyMean,Mean,11.37
2121,554,D24HourMean,QuarterlyMean,Mean,11.18
2099,549,D24HourMean,QuarterlyMean,Mean,11.86
2113,551,D24HourMean,QuarterlyMean,Mean,12.50
2128,581,D24HourMean,QuarterlyMean,Mean,10.37
2119,557,D24HourMean,QuarterlyMean,Mean,12.33
2137,559,D24HourMean,QuarterlyMean,Mean,-2.15
2130,558,D24HourMean,QuarterlyMean,Mean,-2.15
2123,579,D24HourMean,QuarterlyMean,Mean,10.93
2115,570,D24HourMean,QuarterlyMean,Mean,11.44
2146,590,D24HourMean,QuarterlyMean,Mean,9.79
2145,573,D24HourMean,QuarterlyMean,Mean,10.62
2116,586,D24HourMean,QuarterlyMean,Mean,13.07
2109,587,D24HourMean,QuarterlyMean,Mean,13.17
2125,595,D24HourMean,QuarterlyMean,Mean,11.59
2111,586,D24HourMean,QuarterlyMean,Mean,12.30
2134,592,D24HourMean,QuarterlyMean,Mean,11.44
2127,556,D24HourMean,QuarterlyMean,Mean,7.59
2138,587,D24HourMean,QuarterlyMean,Mean,9.34
2139,588,D24HourMean,QuarterlyMean,Mean,10.27
2124,570,D24HourMean,QuarterlyMean,Mean,10.96
2122,557,D24HourMean,QuarterlyMean,Mean,12.92
2143,586,D24HourMean,QuarterlyMean,Mean,11.13
2122,583,D24HourMean,QuarterlyMean,Mean,11.93
2099,555,D24HourMean,QuarterlyMean,Mean,13.37
2109,564,D24HourMean,QuarterlyMean,Mean,12.25
2127,564,D24HourMean,QuarterlyMean,Mean,12.06
2131,581,D24HourMean,QuarterlyMean,Mean,10.72
2145,571,D24HourMean,QuarterlyMean,Mean,11.03
2126,571,D24HourMean,QuarterlyMean,Mean,10.61
2112,596,D24HourMean,QuarterlyMean,Mean,13.82
2123,556,D24HourMean,QuarterlyMean,Mean,12.61
2133,585,D24HourMean,QuarterlyMean,Mean,11.03
2138,556,D24HourMean,QuarterlyMean,Mean,-2.15
2124,593,D24HourMean,QuarterlyMean,Mean,11.71
2129,568,D24HourMean,QuarterlyMean,Mean,11.05
2102,568,D24HourMean,QuarterlyMean,Mean,12.70
2115,550,D24HourMean,QuarterlyMean,Mean,12.36
2131,576,D24HourMean,QuarterlyMean,Mean,11.03
2117,592,D24HourMean,QuarterlyMean,Mean,12.78
2110,592,D24HourMean,QuarterlyMean,Mean,12.21
2113,582,D24HourMean,QuarterlyMean,Mean,12.23
2124,586,D24HourMean,QuarterlyMean,Mean,11.74
2098,557,D24HourMean,QuarterlyMean,Mean,14.28
2132,588,D24HourMean,QuarterlyMean,Mean,10.95
2138,594,D24HourMean,QuarterlyMean,Mean,8.98
2132,563,D24HourMean,QuarterlyMean,Mean,11.13
2141,574,D24HourMean,QuarterlyMean,Mean,9.89
2136,577,D24HourMean,QuarterlyMean,Mean,10.20
2116,575,D24HourMean,QuarterlyMean,Mean,11.39
2121,571,D24HourMean,QuarterlyMean,Mean,10.67
2123,553,D24HourMean,QuarterlyMean,Mean,-2.15
2114,586,D24HourMean,QuarterlyMean,Mean,12.03
2140,588,D24HourMean,QuarterlyMean,Mean,9.72
2140,556,D24HourMean,QuarterlyMean,Mean,6.35
2109,572,D24HourMean,QuarterlyMean,Mean,11.93
2119,592,D24HourMean,QuarterlyMean,Mean,12.45
2131,558,D24HourMean,QuarterlyMean,Mean,-2.15
2098,554,D24HourMean,QuarterlyMean,Mean,13.10
2099,562,D24HourMean,QuarterlyMean,Mean,12.61
2109,567,D24HourMean,QuarterlyMean,Mean,11.96
2135,567,D24HourMean,QuarterlyMean,Mean,10.35
2136,564,D24HourMean,QuarterlyMean,Mean,10.39
2131,560,D24HourMean,QuarterlyMean,Mean,7.60
2136,555,D24HourMean,QuarterlyMean,Mean,-2.15
2136,589,D24HourMean,QuarterlyMean,Mean,10.40
2128,585,D24HourMean,QuarterlyMean,Mean,10.89
2108,584,D24HourMean,QuarterlyMean,Mean,10.84
2129,566,D24HourMean,QuarterlyMean,Mean,11.54
2135,580,D24HourMean,QuarterlyMean,Mean,10.04
2116,589,D24HourMean,QuarterlyMean,Mean,12.92
2118,583,D24HourMean,QuarterlyMean,Mean,12.58
2113,561,D24HourMean,QuarterlyMean,Mean,12.31
2112,588,D24HourMean,QuarterlyMean,Mean,12.92
2126,583,D24HourMean,QuarterlyMean,Mean,10.71
2120,564,D24HourMean,QuarterlyMean,Mean,12.35
2133,575,D24HourMean,QuarterlyMean,Mean,10.50
2117,564,D24HourMean,QuarterlyMean,Mean,11.89
2133,592,D24HourMean,QuarterlyMean,Mean,11.49
2139,569,D24HourMean,QuarterlyMean,Mean,10.84
2141,585,D24HourMean,QuarterlyMean,Mean,10.13
2119,594,D24HourMean,QuarterlyMean,Mean,12.60
2122,594,D24HourMean,QuarterlyMean,Mean,12.26
2116,565,D24HourMean,QuarterlyMean,Mean,12.03
2105,550,D24HourMean,QuarterlyMean,Mean,12.43
2119,564,D24HourMean,QuarterlyMean,Mean,12.08
2131,564,D24HourMean,QuarterlyMean,Mean,11.74
2138,554,D24HourMean,QuarterlyMean,Mean,-2.15
2118,564,D24HourMean,QuarterlyMean,Mean,11.86
2113,569,D24HourMean,QuarterlyMean,Mean,11.96
2126,586,D24HourMean,QuarterlyMean,Mean,11.44
2136,571,D24HourMean,QuarterlyMean,Mean,10.56
2139,584,D24HourMean,QuarterlyMean,Mean,10.08
2108,564,D24HourMean,QuarterlyMean,Mean,12.30
2125,584,D24HourMean,QuarterlyMean,Mean,11.18
2112,575,D24HourMean,QuarterlyMean,Mean,11.49
2123,589,D24HourMean,QuarterlyMean,Mean,12.13
2118,573,D24HourMean,QuarterlyMean,Mean,11.17
2134,567,D24HourMean,QuarterlyMean,Mean,10.45
2117,580,D24HourMean,QuarterlyMean,Mean,12.55
2121,563,D24HourMean,QuarterlyMean,Mean,12.36
2146,574,D24HourMean,QuarterlyMean,Mean,10.47
2119,570,D24HourMean,QuarterlyMean,Mean,11.23
2134,577,D24HourMean,QuarterlyMean,Mean,10.40
2107,555,D24HourMean,QuarterlyMean,Mean,12.08
2133,554,D24HourMean,QuarterlyMean,Mean,-2.15
2141,571,D24HourMean,QuarterlyMean,Mean,10.13
2129,571,D24HourMean,QuarterlyMean,Mean,10.78
2101,561,D24HourMean,QuarterlyMean,Mean,13.38
2114,580,D24HourMean,QuarterlyMean,Mean,8.65
2139,595,D24HourMean,QuarterlyMean,Mean,8.76
2143,576,D24HourMean,QuarterlyMean,Mean,10.81
2135,572,D24HourMean,QuarterlyMean,Mean,10.96
2125,585,D24HourMean,QuarterlyMean,Mean,11.67
2118,588,D24HourMean,QuarterlyMean,Mean,13.75
2129,553,D24HourMean,QuarterlyMean,Mean,-2.15
2132,551,D24HourMean,QuarterlyMean,Mean,-2.15
2138,563,D24HourMean,QuarterlyMean,Mean,10.32
2144,576,D24HourMean,QuarterlyMean,Mean,10.47
2120,565,D24HourMean,QuarterlyMean,Mean,12.20
2142,573,D24HourMean,QuarterlyMean,Mean,10.56
2115,562,D24HourMean,QuarterlyMean,Mean,12.65
2110,560,D24HourMean,QuarterlyMean,Mean,12.31
2125,572,D24HourMean,QuarterlyMean,Mean,10.66
2118,551,D24HourMean,QuarterlyMean,Mean,13.00
2138,596,D24HourMean,QuarterlyMean,Mean,8.74
2136,552,D24HourMean,QuarterlyMean,Mean,-2.15
2118,585,D24HourMean,QuarterlyMean,Mean,13.33
2127,560,D24HourMean,QuarterlyMean,Mean,8.41
2098,550,D24HourMean,QuarterlyMean,Mean,12.87
2112,584,D24HourMean,QuarterlyMean,Mean,12.53
2117,561,D24HourMean,QuarterlyMean,Mean,12.26
2110,552,D24HourMean,QuarterlyMean,Mean,12.40
2099,553,D24HourMean,QuarterlyMean,Mean,12.76
2126,582,D24HourMean,QuarterlyMean,Mean,10.66
2108,555,D24HourMean,QuarterlyMean,Mean,12.18
2130,573,D24HourMean,QuarterlyMean,Mean,10.56
2140,595,D24HourMean,QuarterlyMean,Mean,8.72
2111,593,D24HourMean,QuarterlyMean,Mean,12.53
2138,591,D24HourMean,QuarterlyMean,Mean,9.26
2139,579,D24HourMean,QuarterlyMean,Mean,10.16
2131,585,D24HourMean,QuarterlyMean,Mean,10.78
2121,557,D24HourMean,QuarterlyMean,Mean,12.90
2128,557,D24HourMean,QuarterlyMean,Mean,7.59
2132,573,D24HourMean,QuarterlyMean,Mean,10.52
2133,582,D24HourMean,QuarterlyMean,Mean,10.56
2108,574,D24HourMean,QuarterlyMean,Mean,8.61
2127,596,D24HourMean,QuarterlyMean,Mean,11.71
2130,559,D24HourMean,QuarterlyMean,Mean,10.13
2147,578,D24HourMean,QuarterlyMean,Mean,9.57
2112,567,D24HourMean,QuarterlyMean,Mean,11.89
2118,577,D24HourMean,QuarterlyMean,Mean,11.33
2128,552,D24HourMean,QuarterlyMean,Mean,-2.15
2131,577,D24HourMean,QuarterlyMean,Mean,10.67
2134,588,D24HourMean,QuarterlyMean,Mean,10.71
2144,581,D24HourMean,QuarterlyMean,Mean,10.01
2112,562,D24HourMean,QuarterlyMean,Mean,12.25
2131,587,D24HourMean,QuarterlyMean,Mean,11.01
2103,567,D24HourMean,QuarterlyMean,Mean,12.48
2135,596,D24HourMean,QuarterlyMean,Mean,9.63
2131,572,D24HourMean,QuarterlyMean,Mean,10.47
2140,562,D24HourMean,QuarterlyMean,Mean,9.96
2133,588,D24HourMean,QuarterlyMean,Mean,10.96
2112,559,D24HourMean,QuarterlyMean,Mean,12.85
2112,597,D24HourMean,QuarterlyMean,Mean,13.18
2126,558,D24HourMean,QuarterlyMean,Mean,-2.15
2136,567,D24HourMean,QuarterlyMean,Mean,10.30
2099,547,D24HourMean,QuarterlyMean,Mean,12.11
2145,590,D24HourMean,QuarterlyMean,Mean,9.55
2106,555,D24HourMean,QuarterlyMean,Mean,12.11
2110,567,D24HourMean,QuarterlyMean,Mean,11.84
2135,557,D24HourMean,QuarterlyMean,Mean,-2.15
2131,596,D24HourMean,QuarterlyMean,Mean,10.20
2114,595,D24HourMean,QuarterlyMean,Mean,12.56
2129,589,D24HourMean,QuarterlyMean,Mean,10.98
2114,567,D24HourMean,QuarterlyMean,Mean,11.91
2130,572,D24HourMean,QuarterlyMean,Mean,10.98
2113,559,D24HourMean,QuarterlyMean,Mean,12.87
2105,561,D24HourMean,QuarterlyMean,Mean,12.55
2106,551,D24HourMean,QuarterlyMean,Mean,12.41
2141,578,D24HourMean,QuarterlyMean,Mean,9.87
2139,596,D24HourMean,QuarterlyMean,Mean,8.65
2129,583,D24HourMean,QuarterlyMean,Mean,10.16
2145,586,D24HourMean,QuarterlyMean,Mean,10.13
2143,583,D24HourMean,QuarterlyMean,Mean,9.99
2120,592,D24HourMean,QuarterlyMean,Mean,12.60
2112,585,D24HourMean,QuarterlyMean,Mean,12.03
2128,553,D24HourMean,QuarterlyMean,Mean,-2.15
2140,579,D24HourMean,QuarterlyMean,Mean,9.80
2105,566,D24HourMean,QuarterlyMean,Mean,11.81
2120,561,D24HourMean,QuarterlyMean,Mean,12.41
2116,582,D24HourMean,QuarterlyMean,Mean,12.08
2124,555,D24HourMean,QuarterlyMean,Mean,12.77
2108,556,D24HourMean,QuarterlyMean,Mean,12.33
2121,587,D24HourMean,QuarterlyMean,Mean,12.60
2112,589,D24HourMean,QuarterlyMean,Mean,12.87
2142,578,D24HourMean,QuarterlyMean,Mean,10.10
2113,595,D24HourMean,QuarterlyMean,Mean,13.95
2127,566,D24HourMean,QuarterlyMean,Mean,11.50
2143,573,D24HourMean,QuarterlyMean,Mean,10.83
2123,590,D24HourMean,QuarterlyMean,Mean,12.45
2125,588,D24HourMean,QuarterlyMean,Mean,11.93
2129,562,D24HourMean,QuarterlyMean,Mean,11.76
2127,559,D24HourMean,QuarterlyMean,Mean,12.38
2142,568,D24HourMean,QuarterlyMean,Mean,10.28
2117,594,D24HourMean,QuarterlyMean,Mean,12.63
2119,578,D24HourMean,QuarterlyMean,Mean,11.28
2107,566,D24HourMean,QuarterlyMean,Mean,11.84
2115,583,D24HourMean,QuarterlyMean,Mean,11.91
2147,573,D24HourMean,QuarterlyMean,Mean,9.98
2115,568,D24HourMean,QuarterlyMean,Mean,11.76
2144,584,D24HourMean,QuarterlyMean,Mean,10.27
2118,575,D24HourMean,QuarterlyMean,Mean,11.28
2135,585,D24HourMean,QuarterlyMean,Mean,11.37
2148,584,D24HourMean,QuarterlyMean,Mean,9.62
2140,586,D24HourMean,QuarterlyMean,Mean,9.15
2134,594,D24HourMean,QuarterlyMean,Mean,11.49
2142,588,D24HourMean,QuarterlyMean,Mean,9.53
2138,583,D24HourMean,QuarterlyMean,Mean,10.01
2128,597,D24HourMean,QuarterlyMean,Mean,11.55
2130,594,D24HourMean,QuarterlyMean,Mean,10.84
2110,588,D24HourMean,QuarterlyMean,Mean,13.15
2130,552,D24HourMean,QuarterlyMean,Mean,-2.15
2109,557,D24HourMean,QuarterlyMean,Mean,12.50
2146,584,D24HourMean,QuarterlyMean,Mean,9.45
2114,564,D24HourMean,QuarterlyMean,Mean,11.99
2143,577,D24HourMean,QuarterlyMean,Mean,10.68
2115,557,D24HourMean,QuarterlyMean,Mean,12.33
2133,593,D24HourMean,QuarterlyMean,Mean,10.50
2124,584,D24HourMean,QuarterlyMean,Mean,11.23
2135,569,D24HourMean,QuarterlyMean,Mean,10.30
2145,584,D24HourMean,QuarterlyMean,Mean,10.16
2108,550,D24HourMean,QuarterlyMean,Mean,11.88
2112,578,D24HourMean,QuarterlyMean,Mean,9.16
2136,587,D24HourMean,QuarterlyMean,Mean,10.84
2135,565,D24HourMean,QuarterlyMean,Mean,10.45
2117,577,D24HourMean,QuarterlyMean,Mean,11.77
2144,572,D24HourMean,QuarterlyMean,Mean,11.03
2124,556,D24HourMean,QuarterlyMean,Mean,12.82
2116,556,D24HourMean,QuarterlyMean,Mean,12.28
2138,559,D24HourMean,QuarterlyMean,Mean,7.52
2108,557,D24HourMean,QuarterlyMean,Mean,12.28
2118,594,D24HourMean,QuarterlyMean,Mean,12.61
2122,582,D24HourMean,QuarterlyMean,Mean,11.37
2143,574,D24HourMean,QuarterlyMean,Mean,10.76
2138,560,D24HourMean,QuarterlyMean,Mean,6.48
2129,554,D24HourMean,QuarterlyMean,Mean,-2.15
2114,556,D24HourMean,QuarterlyMean,Mean,11.71
2128,554,D24HourMean,QuarterlyMean,Mean,-2.15
2120,580,D24HourMean,QuarterlyMean,Mean,11.64
2114,559,D24HourMean,QuarterlyMean,Mean,12.31
2111,569,D24HourMean,QuarterlyMean,Mean,11.74
2145,572,D24HourMean,QuarterlyMean,Mean,10.69
2130,584,D24HourMean,QuarterlyMean,Mean,10.64
2120,558,D24HourMean,QuarterlyMean,Mean,12.75
2103,561,D24HourMean,QuarterlyMean,Mean,13.58
2114,593,D24HourMean,QuarterlyMean,Mean,12.63
2144,591,D24HourMean,QuarterlyMean,Mean,9.46
2149,582,D24HourMean,QuarterlyMean,Mean,8.77
2127,592,D24HourMean,QuarterlyMean,Mean,10.93
2141,563,D24HourMean,QuarterlyMean,Mean,10.06
2145,579,D24HourMean,QuarterlyMean,Mean,10.76
2103,568,D24HourMean,QuarterlyMean,Mean,12.30
2100,555,D24HourMean,QuarterlyMean,Mean,13.22
2120,590,D24HourMean,QuarterlyMean,Mean,12.73
2139,572,D24HourMean,QuarterlyMean,Mean,9.70
2118,578,D24HourMean,QuarterlyMean,Mean,11.76
2123,565,D24HourMean,QuarterlyMean,Mean,12.01
2118,558,D24HourMean,QuarterlyMean,Mean,12.16
2105,570,D24HourMean,QuarterlyMean,Mean,12.41
2135,582,D24HourMean,QuarterlyMean,Mean,10.33
2109,592,D24HourMean,QuarterlyMean,Mean,12.30
2125,590,D24HourMean,QuarterlyMean,Mean,11.69
2138,569,D24HourMean,QuarterlyMean,Mean,10.78
2136,592,D24HourMean,QuarterlyMean,Mean,9.63
2109,591,D24HourMean,QuarterlyMean,Mean,12.18
2141,588,D24HourMean,QuarterlyMean,Mean,9.55
2131,562,D24HourMean,QuarterlyMean,Mean,11.35
2129,595,D24HourMean,QuarterlyMean,Mean,11.27
2137,564,D24HourMean,QuarterlyMean,Mean,10.18
2125,560,D24HourMean,QuarterlyMean,Mean,11.94
2123,561,D24HourMean,QuarterlyMean,Mean,12.26
2116,591,D24HourMean,QuarterlyMean,Mean,13.37
2106,568,D24HourMean,QuarterlyMean,Mean,11.93
2131,579,D24HourMean,QuarterlyMean,Mean,10.49
2119,576,D24HourMean,QuarterlyMean,Mean,11.15
2129,570,D24HourMean,QuarterlyMean,Mean,10.83
2139,585,D24HourMean,QuarterlyMean,Mean,9.82
2106,566,D24HourMean,QuarterlyMean,Mean,11.72
2120,583,D24HourMean,QuarterlyMean,Mean,12.31
2135,577,D24HourMean,QuarterlyMean,Mean,10.40
2100,559,D24HourMean,QuarterlyMean,Mean,13.88
2102,563,D24HourMean,QuarterlyMean,Mean,13.32
2115,585,D24HourMean,QuarterlyMean,Mean,12.41
2136,591,D24HourMean,QuarterlyMean,Mean,9.68
2120,588,D24HourMean,QuarterlyMean,Mean,12.78
2135,564,D24HourMean,QuarterlyMean,Mean,10.56
2114,565,D24HourMean,QuarterlyMean,Mean,12.14
2119,590,D24HourMean,QuarterlyMean,Mean,12.70
2144,577,D24HourMean,QuarterlyMean,Mean,10.27
2147,584,D24HourMean,QuarterlyMean,Mean,9.87
2140,590,D24HourMean,QuarterlyMean,Mean,9.43
2121,552,D24HourMean,QuarterlyMean,Mean,-2.15
2142,586,D24HourMean,QuarterlyMean,Mean,11.29
2121,592,D24HourMean,QuarterlyMean,Mean,12.43
2100,561,D24HourMean,QuarterlyMean,Mean,13.48
2112,570,D24HourMean,QuarterlyMean,Mean,11.82
2136,575,D24HourMean,QuarterlyMean,Mean,10.06
2124,582,D24HourMean,QuarterlyMean,Mean,11.11
2128,565,D24HourMean,QuarterlyMean,Mean,11.76
2097,546,D24HourMean,QuarterlyMean,Mean,12.30
2121,586,D24HourMean,QuarterlyMean,Mean,12.48
2131,569,D24HourMean,QuarterlyMean,Mean,10.59
2123,570,D24HourMean,QuarterlyMean,Mean,10.76
2121,585,D24HourMean,QuarterlyMean,Mean,12.45
2129,551,D24HourMean,QuarterlyMean,Mean,-2.15
2115,595,D24HourMean,QuarterlyMean,Mean,12.46
2122,556,D24HourMean,QuarterlyMean,Mean,12.87
2141,591,D24HourMean,QuarterlyMean,Mean,9.51
2100,560,D24HourMean,QuarterlyMean,Mean,13.73
2121,568,D24HourMean,QuarterlyMean,Mean,11.35
2115,586,D24HourMean,QuarterlyMean,Mean,12.90
2119,584,D24HourMean,QuarterlyMean,Mean,12.43
2120,563,D24HourMean,QuarterlyMean,Mean,12.77
2107,565,D24HourMean,QuarterlyMean,Mean,11.91
2138,561,D24HourMean,QuarterlyMean,Mean,6.23
2114,590,D24HourMean,QuarterlyMean,Mean,12.88
2126,575,D24HourMean,QuarterlyMean,Mean,11.06
2118,593,D24HourMean,QuarterlyMean,Mean,12.61
2131,570,D24HourMean,QuarterlyMean,Mean,10.42
2117,593,D24HourMean,QuarterlyMean,Mean,12.78
2141,595,D24HourMean,QuarterlyMean,Mean,8.70
2119,565,D24HourMean,QuarterlyMean,Mean,11.93
2143,597,D24HourMean,QuarterlyMean,Mean,9.62
2119,585,D24HourMean,QuarterlyMean,Mean,13.52
2128,571,D24HourMean,QuarterlyMean,Mean,10.76
2123,566,D24HourMean,QuarterlyMean,Mean,11.89
2143,587,D24HourMean,QuarterlyMean,Mean,10.27
2124,591,D24HourMean,QuarterlyMean,Mean,11.89
2119,579,D24HourMean,QuarterlyMean,Mean,11.71
2121,551,D24HourMean,QuarterlyMean,Mean,-2.15
2139,576,D24HourMean,QuarterlyMean,Mean,10.40
2143,585,D24HourMean,QuarterlyMean,Mean,11.05
2144,588,D24HourMean,QuarterlyMean,Mean,9.72
2130,554,D24HourMean,QuarterlyMean,Mean,-2.15
2136,581,D24HourMean,QuarterlyMean,Mean,9.82
2121,594,D24HourMean,QuarterlyMean,Mean,12.53
2100,554,D24HourMean,QuarterlyMean,Mean,12.87
2131,552,D24HourMean,QuarterlyMean,Mean,-2.15
2124,571,D24HourMean,QuarterlyMean,Mean,10.81
2103,560,D24HourMean,QuarterlyMean,Mean,15.97
2118,581,D24HourMean,QuarterlyMean,Mean,11.94
2111,565,D24HourMean,QuarterlyMean,Mean,11.98
2141,579,D24HourMean,QuarterlyMean,Mean,9.84
2123,557,D24HourMean,QuarterlyMean,Mean,12.72
2138,578,D24HourMean,QuarterlyMean,Mean,10.10
2110,593,D24HourMean,QuarterlyMean,Mean,12.46
2137,572,D24HourMean,QuarterlyMean,Mean,10.30
2109,574,D24HourMean,QuarterlyMean,Mean,11.67
2127,569,D24HourMean,QuarterlyMean,Mean,10.98
2124,578,D24HourMean,QuarterlyMean,Mean,11.13
2132,595,D24HourMean,QuarterlyMean,Mean,10.13
2112,577,D24HourMean,QuarterlyMean,Mean,7.28
2128,596,D24HourMean,QuarterlyMean,Mean,11.39
2124,595,D24HourMean,QuarterlyMean,Mean,11.69
2104,568,D24HourMean,QuarterlyMean,Mean,12.31
2111,585,D24HourMean,QuarterlyMean,Mean,11.96
2135,563,D24HourMean,QuarterlyMean,Mean,10.95
2146,573,D24HourMean,QuarterlyMean,Mean,10.49
2111,557,D24HourMean,QuarterlyMean,Mean,12.50
2122,591,D24HourMean,QuarterlyMean,Mean,12.36
2137,580,D24HourMean,QuarterlyMean,Mean,9.87
2147,580,D24HourMean,QuarterlyMean,Mean,9.27
2132,555,D24HourMean,QuarterlyMean,Mean,-2.15
2113,590,D24HourMean,QuarterlyMean,Mean,12.88
2120,589,D24HourMean,QuarterlyMean,Mean,12.80
2137,554,D24HourMean,QuarterlyMean,Mean,-2.15
2137,567,D24HourMean,QuarterlyMean,Mean,10.37
2103,556,D24HourMean,QuarterlyMean,Mean,12.87
2104,553,D24HourMean,QuarterlyMean,Mean,12.13
2134,574,D24HourMean,QuarterlyMean,Mean,10.45
2132,560,D24HourMean,QuarterlyMean,Mean,7.96
2147,579,D24HourMean,QuarterlyMean,Mean,9.58
2109,585,D24HourMean,QuarterlyMean,Mean,11.40
2133,556,D24HourMean,QuarterlyMean,Mean,-2.15
2117,587,D24HourMean,QuarterlyMean,Mean,13.52
2121,574,D24HourMean,QuarterlyMean,Mean,10.98
2137,579,D24HourMean,QuarterlyMean,Mean,9.92
2139,580,D24HourMean,QuarterlyMean,Mean,9.96
2097,552,D24HourMean,QuarterlyMean,Mean,13.10
2121,595,D24HourMean,QuarterlyMean,Mean,12.58
2143,581,D24HourMean,QuarterlyMean,Mean,9.89
2118,560,D24HourMean,QuarterlyMean,Mean,12.61
2141,570,D24HourMean,QuarterlyMean,Mean,10.54
2130,589,D24HourMean,QuarterlyMean,Mean,11.20
2115,556,D24HourMean,QuarterlyMean,Mean,12.11
2127,557,D24HourMean,QuarterlyMean,Mean,7.59
2116,596,D24HourMean,QuarterlyMean,Mean,12.45
2123,559,D24HourMean,QuarterlyMean,Mean,12.56
2135,586,D24HourMean,QuarterlyMean,Mean,10.56
2110,559,D24HourMean,QuarterlyMean,Mean,12.56
2127,574,D24HourMean,QuarterlyMean,Mean,10.76
2102,562,D24HourMean,QuarterlyMean,Mean,13.78
2131,571,D24HourMean,QuarterlyMean,Mean,10.32
2110,586,D24HourMean,QuarterlyMean,Mean,12.55
2110,550,D24HourMean,QuarterlyMean,Mean,11.89
2117,588,D24HourMean,QuarterlyMean,Mean,13.68
2122,575,D24HourMean,QuarterlyMean,Mean,11.15
2121,555,D24HourMean,QuarterlyMean,Mean,12.73
2123,585,D24HourMean,QuarterlyMean,Mean,11.64
2110,590,D24HourMean,QuarterlyMean,Mean,12.36
2114,588,D24HourMean,QuarterlyMean,Mean,13.08
2120,554,D24HourMean,QuarterlyMean,Mean,10.47
2108,566,D24HourMean,QuarterlyMean,Mean,12.06
2142,587,D24HourMean,QuarterlyMean,Mean,10.35
2130,586,D24HourMean,QuarterlyMean,Mean,11.03
2130,590,D24HourMean,QuarterlyMean,Mean,11.35
2124,580,D24HourMean,QuarterlyMean,Mean,11.13
2131,551,D24HourMean,QuarterlyMean,Mean,-2.15
2128,587,D24HourMean,QuarterlyMean,Mean,11.32
2136,565,D24HourMean,QuarterlyMean,Mean,10.39
2111,564,D24HourMean,QuarterlyMean,Mean,12.14
2109,553,D24HourMean,QuarterlyMean,Mean,12.30
2121,582,D24HourMean,QuarterlyMean,Mean,11.72
2109,573,D24HourMean,QuarterlyMean,Mean,11.77
2126,555,D24HourMean,QuarterlyMean,Mean,12.82
2133,551,D24HourMean,QuarterlyMean,Mean,-2.15
2139,582,D24HourMean,QuarterlyMean,Mean,10.25
2100,546,D24HourMean,QuarterlyMean,Mean,11.91
2122,577,D24HourMean,QuarterlyMean,Mean,11.28
2146,586,D24HourMean,QuarterlyMean,Mean,9.08
2123,587,D24HourMean,QuarterlyMean,Mean,12.11
2132,577,D24HourMean,QuarterlyMean,Mean,10.64
2146,588,D24HourMean,QuarterlyMean,Mean,9.17
2139,551,D24HourMean,QuarterlyMean,Mean,5.86
2140,578,D24HourMean,QuarterlyMean,Mean,9.80
2103,554,D24HourMean,QuarterlyMean,Mean,12.21
2139,557,D24HourMean,QuarterlyMean,Mean,-2.15
2117,566,D24HourMean,QuarterlyMean,Mean,11.82
2127,568,D24HourMean,QuarterlyMean,Mean,11.20
2137,591,D24HourMean,QuarterlyMean,Mean,9.67
2117,581,D24HourMean,QuarterlyMean,Mean,12.13
2135,550,D24HourMean,QuarterlyMean,Mean,-2.15
2107,570,D24HourMean,QuarterlyMean,Mean,11.69
2114,584,D24HourMean,QuarterlyMean,Mean,11.25
2148,582,D24HourMean,QuarterlyMean,Mean,9.08
2141,572,D24HourMean,QuarterlyMean,Mean,10.03
2149,580,D24HourMean,QuarterlyMean,Mean,9.03
2131,555,D24HourMean,QuarterlyMean,Mean,-2.15
2136,590,D24HourMean,QuarterlyMean,Mean,9.94
2104,566,D24HourMean,QuarterlyMean,Mean,11.91
2128,558,D24HourMean,QuarterlyMean,Mean,12.41
2099,557,D24HourMean,QuarterlyMean,Mean,13.18
2101,549,D24HourMean,QuarterlyMean,Mean,12.03
2113,560,D24HourMean,QuarterlyMean,Mean,12.46
2127,590,D24HourMean,QuarterlyMean,Mean,11.13
2138,550,D24HourMean,QuarterlyMean,Mean,-2.15
2139,552,D24HourMean,QuarterlyMean,Mean,-2.15
2104,559,D24HourMean,QuarterlyMean,Mean,12.68
2140,576,D24HourMean,QuarterlyMean,Mean,10.16
2123,555,D24HourMean,QuarterlyMean,Mean,12.87
2098,558,D24HourMean,QuarterlyMean,Mean,15.33
2107,571,D24HourMean,QuarterlyMean,Mean,11.57
2126,593,D24HourMean,QuarterlyMean,Mean,11.10
2143,566,D24HourMean,QuarterlyMean,Mean,10.28
2111,584,D24HourMean,QuarterlyMean,Mean,12.13
2132,570,D24HourMean,QuarterlyMean,Mean,10.28
2144,580,D24HourMean,QuarterlyMean,Mean,10.05
2138,567,D24HourMean,QuarterlyMean,Mean,10.52
2135,587,D24HourMean,QuarterlyMean,Mean,10.35
2139,592,D24HourMean,QuarterlyMean,Mean,9.44
2131,574,D24HourMean,QuarterlyMean,Mean,10.52
2139,589,D24HourMean,QuarterlyMean,Mean,9.77
2123,569,D24HourMean,QuarterlyMean,Mean,11.13
2141,575,D24HourMean,QuarterlyMean,Mean,10.49
2099,550,D24HourMean,QuarterlyMean,Mean,12.21
2117,560,D24HourMean,QuarterlyMean,Mean,12.36
2139,563,D24HourMean,QuarterlyMean,Mean,10.21
2123,577,D24HourMean,QuarterlyMean,Mean,11.45
2119,567,D24HourMean,QuarterlyMean,Mean,11.64
2144,595,D24HourMean,QuarterlyMean,Mean,8.86
2113,575,D24HourMean,QuarterlyMean,Mean,11.50
2099,556,D24HourMean,QuarterlyMean,Mean,13.12
2104,570,D24HourMean,QuarterlyMean,Mean,12.51
2128,566,D24HourMean,QuarterlyMean,Mean,11.49
2120,553,D24HourMean,QuarterlyMean,Mean,11.67
2107,561,D24HourMean,QuarterlyMean,Mean,12.53
2112,554,D24HourMean,QuarterlyMean,Mean,12.55
2105,558,D24HourMean,QuarterlyMean,Mean,12.36
2114,566,D24HourMean,QuarterlyMean,Mean,12.03
2118,570,D24HourMean,QuarterlyMean,Mean,11.32
2134,557,D24HourMean,QuarterlyMean,Mean,-2.15
2139,553,D24HourMean,QuarterlyMean,Mean,5.74
2119,566,D24HourMean,QuarterlyMean,Mean,11.81
2125,571,D24HourMean,QuarterlyMean,Mean,10.83
2116,579,D24HourMean,QuarterlyMean,Mean,12.38
2132,559,D24HourMean,QuarterlyMean,Mean,11.49
2144,587,D24HourMean,QuarterlyMean,Mean,10.03
2133,589,D24HourMean,QuarterlyMean,Mean,10.83
2113,594,D24HourMean,QuarterlyMean,Mean,13.95
2111,559,D24HourMean,QuarterlyMean,Mean,12.50
2137,581,D24HourMean,QuarterlyMean,Mean,9.87
2139,560,D24HourMean,QuarterlyMean,Mean,6.72
2107,572,D24HourMean,QuarterlyMean,Mean,10.23
2129,593,D24HourMean,QuarterlyMean,Mean,11.13
2138,595,D24HourMean,QuarterlyMean,Mean,8.70
2150,576,D24HourMean,QuarterlyMean,Mean,9.15
2148,580,D24HourMean,QuarterlyMean,Mean,9.24
2097,548,D24HourMean,QuarterlyMean,Mean,12.30
2125,589,D24HourMean,QuarterlyMean,Mean,11.99
2127,552,D24HourMean,QuarterlyMean,Mean,-2.15
2137,592,D24HourMean,QuarterlyMean,Mean,9.60
2122,589,D24HourMean,QuarterlyMean,Mean,12.26
2131,595,D24HourMean,QuarterlyMean,Mean,9.99
2108,559,D24HourMean,QuarterlyMean,Mean,12.30
2148,586,D24HourMean,QuarterlyMean,Mean,9.46
2105,565,D24HourMean,QuarterlyMean,Mean,11.93
2131,582,D24HourMean,QuarterlyMean,Mean,10.37
2139,587,D24HourMean,QuarterlyMean,Mean,9.19
2122,564,D24HourMean,QuarterlyMean,Mean,12.31
2115,580,D24HourMean,QuarterlyMean,Mean,12.16
2131,554,D24HourMean,QuarterlyMean,Mean,-2.15
2134,597,D24HourMean,QuarterlyMean,Mean,10.21
2137,587,D24HourMean,QuarterlyMean,Mean,10.16
2146,585,D24HourMean,QuarterlyMean,Mean,9.51
2117,573,D24HourMean,QuarterlyMean,Mean,11.35
2128,595,D24HourMean,QuarterlyMean,Mean,11.47
2117,583,D24HourMean,QuarterlyMean,Mean,12.56
2130,597,D24HourMean,QuarterlyMean,Mean,10.89
2134,570,D24HourMean,QuarterlyMean,Mean,10.15
2126,587,D24HourMean,QuarterlyMean,Mean,11.50
2122,570,D24HourMean,QuarterlyMean,Mean,10.91
2135,561,D24HourMean,QuarterlyMean,Mean,6.71
2140,558,D24HourMean,QuarterlyMean,Mean,10.18
2110,551,D24HourMean,QuarterlyMean,Mean,11.74
2116,581,D24HourMean,QuarterlyMean,Mean,12.04
2099,552,D24HourMean,QuarterlyMean,Mean,12.66
2136,593,D24HourMean,QuarterlyMean,Mean,10.03
2125,563,D24HourMean,QuarterlyMean,Mean,12.08
2132,554,D24HourMean,QuarterlyMean,Mean,-2.15
2144,570,D24HourMean,QuarterlyMean,Mean,11.72
2125,553,D24HourMean,QuarterlyMean,Mean,-2.15
2138,558,D24HourMean,QuarterlyMean,Mean,7.52
2126,580,D24HourMean,QuarterlyMean,Mean,10.79
2139,550,D24HourMean,QuarterlyMean,Mean,4.48
2116,576,D24HourMean,QuarterlyMean,Mean,11.57
2120,550,D24HourMean,QuarterlyMean,Mean,7.34
2125,574,D24HourMean,QuarterlyMean,Mean,10.56
2128,592,D24HourMean,QuarterlyMean,Mean,10.47
2116,571,D24HourMean,QuarterlyMean,Mean,11.35
2143,578,D24HourMean,QuarterlyMean,Mean,10.32
2119,591,D24HourMean,QuarterlyMean,Mean,13.00
2126,581,D24HourMean,QuarterlyMean,Mean,10.98
2136,596,D24HourMean,QuarterlyMean,Mean,9.50
2129,565,D24HourMean,QuarterlyMean,Mean,11.54
2140,565,D24HourMean,QuarterlyMean,Mean,10.57
2098,556,D24HourMean,QuarterlyMean,Mean,12.90
2120,571,D24HourMean,QuarterlyMean,Mean,10.98
2136,550,D24HourMean,QuarterlyMean,Mean,-2.15
2126,578,D24HourMean,QuarterlyMean,Mean,10.79
2145,587,D24HourMean,QuarterlyMean,Mean,9.72
2118,595,D24HourMean,QuarterlyMean,Mean,12.66
2110,594,D24HourMean,QuarterlyMean,Mean,12.50
2128,583,D24HourMean,QuarterlyMean,Mean,10.35
2119,550,D24HourMean,QuarterlyMean,Mean,9.15
2106,562,D24HourMean,QuarterlyMean,Mean,12.73
2110,574,D24HourMean,QuarterlyMean,Mean,11.79
2132,579,D24HourMean,QuarterlyMean,Mean,10.21
2122,566,D24HourMean,QuarterlyMean,Mean,11.79
2100,558,D24HourMean,QuarterlyMean,Mean,13.58
2145,591,D24HourMean,QuarterlyMean,Mean,9.41
2116,564,D24HourMean,QuarterlyMean,Mean,12.23
2113,555,D24HourMean,QuarterlyMean,Mean,11.94
2133,558,D24HourMean,QuarterlyMean,Mean,7.52
2136,558,D24HourMean,QuarterlyMean,Mean,-2.15
2142,575,D24HourMean,QuarterlyMean,Mean,10.66
2136,563,D24HourMean,QuarterlyMean,Mean,10.64
2104,555,D24HourMean,QuarterlyMean,Mean,12.23
2102,549,D24HourMean,QuarterlyMean,Mean,12.26
2139,568,D24HourMean,QuarterlyMean,Mean,10.54
2141,576,D24HourMean,QuarterlyMean,Mean,10.64
2119,573,D24HourMean,QuarterlyMean,Mean,11.13
2101,560,D24HourMean,QuarterlyMean,Mean,13.48
2113,579,D24HourMean,QuarterlyMean,Mean,8.84
2148,581,D24HourMean,QuarterlyMean,Mean,9.14
2145,580,D24HourMean,QuarterlyMean,Mean,10.52
2121,556,D24HourMean,QuarterlyMean,Mean,11.55
2109,568,D24HourMean,QuarterlyMean,Mean,11.93
2127,594,D24HourMean,QuarterlyMean,Mean,11.84
2136,566,D24HourMean,QuarterlyMean,Mean,10.42
2131,591,D24HourMean,QuarterlyMean,Mean,11.59
2140,598,D24HourMean,QuarterlyMean,Mean,8.88
2142,590,D24HourMean,QuarterlyMean,Mean,9.75
2139,555,D24HourMean,QuarterlyMean,Mean,4.99
2100,545,D24HourMean,QuarterlyMean,Mean,11.50
2140,593,D24HourMean,QuarterlyMean,Mean,8.76
2115,577,D24HourMean,QuarterlyMean,Mean,11.89
2132,553,D24HourMean,QuarterlyMean,Mean,-2.15
2130,591,D24HourMean,QuarterlyMean,Mean,11.76
2107,569,D24HourMean,QuarterlyMean,Mean,12.03
2126,568,D24HourMean,QuarterlyMean,Mean,11.32
2137,575,D24HourMean,QuarterlyMean,Mean,10.96
2123,584,D24HourMean,QuarterlyMean,Mean,11.57
2115,555,D24HourMean,QuarterlyMean,Mean,12.16
2144,583,D24HourMean,QuarterlyMean,Mean,10.37
2128,590,D24HourMean,QuarterlyMean,Mean,10.78
2103,562,D24HourMean,QuarterlyMean,Mean,13.53
2116,578,D24HourMean,QuarterlyMean,Mean,12.06
2129,564,D24HourMean,QuarterlyMean,Mean,11.81
2143,595,D24HourMean,QuarterlyMean,Mean,9.02
2125,594,D24HourMean,QuarterlyMean,Mean,11.54
2132,567,D24HourMean,QuarterlyMean,Mean,10.96
2132,580,D24HourMean,QuarterlyMean,Mean,10.56
2131,553,D24HourMean,QuarterlyMean,Mean,-2.15
2126,551,D24HourMean,QuarterlyMean,Mean,-2.15
2115,579,D24HourMean,QuarterlyMean,Mean,12.30
2120,576,D24HourMean,QuarterlyMean,Mean,11.17
2124,552,D24HourMean,QuarterlyMean,Mean,-2.15
2111,596,D24HourMean,QuarterlyMean,Mean,13.25
2129,581,D24HourMean,QuarterlyMean,Mean,9.91
2123,575,D24HourMean,QuarterlyMean,Mean,11.12
2133,576,D24HourMean,QuarterlyMean,Mean,10.79
2139,583,D24HourMean,QuarterlyMean,Mean,10.33
2120,585,D24HourMean,QuarterlyMean,Mean,12.75
2141,567,D24HourMean,QuarterlyMean,Mean,10.33
2128,568,D24HourMean,QuarterlyMean,Mean,11.30
2133,586,D24HourMean,QuarterlyMean,Mean,12.01
2117,555,D24HourMean,QuarterlyMean,Mean,12.36
2116,563,D24HourMean,QuarterlyMean,Mean,12.45
2136,597,D24HourMean,QuarterlyMean,Mean,10.13
2100,547,D24HourMean,QuarterlyMean,Mean,11.66
2117,554,D24HourMean,QuarterlyMean,Mean,12.56
2130,569,D24HourMean,QuarterlyMean,Mean,10.90
2140,601,D24HourMean,QuarterlyMean,Mean,9.08
2118,565,D24HourMean,QuarterlyMean,Mean,11.76
2143,579,D24HourMean,QuarterlyMean,Mean,10.03
2106,561,D24HourMean,QuarterlyMean,Mean,12.43
2125,575,D24HourMean,QuarterlyMean,Mean,10.91
2137,574,D24HourMean,QuarterlyMean,Mean,11.01
2140,568,D24HourMean,QuarterlyMean,Mean,10.49
2137,561,D24HourMean,QuarterlyMean,Mean,10.93
2122,558,D24HourMean,QuarterlyMean,Mean,9.99
2112,564,D24HourMean,QuarterlyMean,Mean,12.04
2118,587,D24HourMean,QuarterlyMean,Mean,13.73
2108,563,D24HourMean,QuarterlyMean,Mean,12.40
2138,577,D24HourMean,QuarterlyMean,Mean,10.30
2125,568,D24HourMean,QuarterlyMean,Mean,11.57
2115,563,D24HourMean,QuarterlyMean,Mean,12.33
2110,595,D24HourMean,QuarterlyMean,Mean,13.77
2132,581,D24HourMean,QuarterlyMean,Mean,10.33
2108,554,D24HourMean,QuarterlyMean,Mean,11.93
2108,565,D24HourMean,QuarterlyMean,Mean,12.08
2120,586,D24HourMean,QuarterlyMean,Mean,12.98
2128,586,D24HourMean,QuarterlyMean,Mean,11.05
2099,554,D24HourMean,QuarterlyMean,Mean,13.17
2116,559,D24HourMean,QuarterlyMean,Mean,12.35
2116,595,D24HourMean,QuarterlyMean,Mean,12.43
2133,577,D24HourMean,QuarterlyMean,Mean,10.56
2122,587,D24HourMean,QuarterlyMean,Mean,11.74
2103,569,D24HourMean,QuarterlyMean,Mean,12.51
2138,576,D24HourMean,QuarterlyMean,Mean,10.66
2121,580,D24HourMean,QuarterlyMean,Mean,11.52
2130,562,D24HourMean,QuarterlyMean,Mean,11.61
2098,547,D24HourMean,QuarterlyMean,Mean,12.26
2103,564,D24HourMean,QuarterlyMean,Mean,12.83
2111,570,D24HourMean,QuarterlyMean,Mean,11.82
2127,551,D24HourMean,QuarterlyMean,Mean,-2.15
2109,563,D24HourMean,QuarterlyMean,Mean,12.35
2135,579,D24HourMean,QuarterlyMean,Mean,10.10
2113,557,D24HourMean,QuarterlyMean,Mean,12.55
2116,568,D24HourMean,QuarterlyMean,Mean,11.67
2138,572,D24HourMean,QuarterlyMean,Mean,9.84
2098,552,D24HourMean,QuarterlyMean,Mean,12.65
2115,596,D24HourMean,QuarterlyMean,Mean,12.65
2127,558,D24HourMean,QuarterlyMean,Mean,10.23
2132,558,D24HourMean,QuarterlyMean,Mean,-2.15
2111,595,D24HourMean,QuarterlyMean,Mean,14.13
2136,568,D24HourMean,QuarterlyMean,Mean,10.20
2117,567,D24HourMean,QuarterlyMean,Mean,11.91
2126,588,D24HourMean,QuarterlyMean,Mean,11.50
2110,573,D24HourMean,QuarterlyMean,Mean,11.93
2121,593,D24HourMean,QuarterlyMean,Mean,12.33
2132,586,D24HourMean,QuarterlyMean,Mean,10.98
2136,573,D24HourMean,QuarterlyMean,Mean,11.28
2137,556,D24HourMean,QuarterlyMean,Mean,-2.15
2112,555,D24HourMean,QuarterlyMean,Mean,12.45
2104,569,D24HourMean,QuarterlyMean,Mean,12.43
2130,555,D24HourMean,QuarterlyMean,Mean,-2.15
2121,573,D24HourMean,QuarterlyMean,Mean,10.78
2134,553,D24HourMean,QuarterlyMean,Mean,-2.15
2133,570,D24HourMean,QuarterlyMean,Mean,10.08
2141,589,D24HourMean,QuarterlyMean,Mean,9.75
2113,564,D24HourMean,QuarterlyMean,Mean,11.84
2136,585,D24HourMean,QuarterlyMean,Mean,10.90
2117,569,D24HourMean,QuarterlyMean,Mean,11.40
2111,567,D24HourMean,QuarterlyMean,Mean,11.94
2132,556,D24HourMean,QuarterlyMean,Mean,-2.15
2141,597,D24HourMean,QuarterlyMean,Mean,9.10
2144,596,D24HourMean,QuarterlyMean,Mean,9.58
2127,585,D24HourMean,QuarterlyMean,Mean,11.39
2120,575,D24HourMean,QuarterlyMean,Mean,11.27
2131,584,D24HourMean,QuarterlyMean,Mean,10.78
2124,590,D24HourMean,QuarterlyMean,Mean,12.26
2131,593,D24HourMean,QuarterlyMean,Mean,11.57
2145,578,D24HourMean,QuarterlyMean,Mean,10.54
2101,562,D24HourMean,QuarterlyMean,Mean,13.88
2110,569,D24HourMean,QuarterlyMean,Mean,11.66
2111,555,D24HourMean,QuarterlyMean,Mean,12.50
2111,594,D24HourMean,QuarterlyMean,Mean,13.37
2141,581,D24HourMean,QuarterlyMean,Mean,9.89
2114,576,D24HourMean,QuarterlyMean,Mean,11.74
2145,581,D24HourMean,QuarterlyMean,Mean,10.16
2106,565,D24HourMean,QuarterlyMean,Mean,11.94
2108,553,D24HourMean,QuarterlyMean,Mean,11.88
2144,589,D24HourMean,QuarterlyMean,Mean,9.86
2119,595,D24HourMean,QuarterlyMean,Mean,12.87
2149,575,D24HourMean,QuarterlyMean,Mean,9.20
2127,562,D24HourMean,QuarterlyMean,Mean,12.16
2129,572,D24HourMean,QuarterlyMean,Mean,10.86
2106,549,D24HourMean,QuarterlyMean,Mean,12.41
2108,570,D24HourMean,QuarterlyMean,Mean,11.66
2121,575,D24HourMean,QuarterlyMean,Mean,11.03
2135,568,D24HourMean,QuarterlyMean,Mean,10.25
2122,574,D24HourMean,QuarterlyMean,Mean,10.79
2130,596,D24HourMean,QuarterlyMean,Mean,11.00
2122,578,D24HourMean,QuarterlyMean,Mean,10.95
2120,573,D24HourMean,QuarterlyMean,Mean,10.86
2129,578,D24HourMean,QuarterlyMean,Mean,10.79
2110,562,D24HourMean,QuarterlyMean,Mean,12.46
2119,580,D24HourMean,QuarterlyMean,Mean,12.09
2116,572,D24HourMean,QuarterlyMean,Mean,11.33
2128,560,D24HourMean,QuarterlyMean,Mean,8.57
2141,587,D24HourMean,QuarterlyMean,Mean,9.96
2142,579,D24HourMean,QuarterlyMean,Mean,10.01
2122,588,D24HourMean,QuarterlyMean,Mean,11.91
2139,567,D24HourMean,QuarterlyMean,Mean,10.59
2150,581,D24HourMean,QuarterlyMean,Mean,9.46
2136,557,D24HourMean,QuarterlyMean,Mean,-2.15
2115,559,D24HourMean,QuarterlyMean,Mean,12.48
2145,577,D24HourMean,QuarterlyMean,Mean,10.33
2114,575,D24HourMean,QuarterlyMean,Mean,11.71
2102,547,D24HourMean,QuarterlyMean,Mean,12.26
2121,576,D24HourMean,QuarterlyMean,Mean,11.18
2121,589,D24HourMean,QuarterlyMean,Mean,12.93
2150,577,D24HourMean,QuarterlyMean,Mean,9.31
2124,561,D24HourMean,QuarterlyMean,Mean,12.11
2129,585,D24HourMean,QuarterlyMean,Mean,10.84
2102,564,D24HourMean,QuarterlyMean,Mean,13.12
2104,550,D24HourMean,QuarterlyMean,Mean,12.48
2143,580,D24HourMean,QuarterlyMean,Mean,9.99
2132,592,D24HourMean,QuarterlyMean,Mean,11.22
2143,570,D24HourMean,QuarterlyMean,Mean,11.61
2116,558,D24HourMean,QuarterlyMean,Mean,11.98
2139,577,D24HourMean,QuarterlyMean,Mean,10.40
2141,577,D24HourMean,QuarterlyMean,Mean,10.27
2116,588,D24HourMean,QuarterlyMean,Mean,12.95
2150,579,D24HourMean,QuarterlyMean,Mean,8.77
2109,584,D24HourMean,QuarterlyMean,Mean,10.81
2110,561,D24HourMean,QuarterlyMean,Mean,12.46
2125,567,D24HourMean,QuarterlyMean,Mean,11.74
2127,553,D24HourMean,QuarterlyMean,Mean,-2.15
2132,585,D24HourMean,QuarterlyMean,Mean,11.27
2145,595,D24HourMean,QuarterlyMean,Mean,9.63
2116,580,D24HourMean,QuarterlyMean,Mean,12.43
2134,561,D24HourMean,QuarterlyMean,Mean,11.44
2113,573,D24HourMean,QuarterlyMean,Mean,11.59
2137,566,D24HourMean,QuarterlyMean,Mean,10.52
2097,550,D24HourMean,QuarterlyMean,Mean,13.20
2123,560,D24HourMean,QuarterlyMean,Mean,12.36
2137,558,D24HourMean,QuarterlyMean,Mean,-2.15
2141,594,D24HourMean,QuarterlyMean,Mean,8.72
2129,569,D24HourMean,QuarterlyMean,Mean,11.00
2135,584,D24HourMean,QuarterlyMean,Mean,9.89
2133,563,D24HourMean,QuarterlyMean,Mean,11.18
2134,591,D24HourMean,QuarterlyMean,Mean,11.28
2141,601,D24HourMean,QuarterlyMean,Mean,9.41
2129,590,D24HourMean,QuarterlyMean,Mean,10.72
2132,571,D24HourMean,QuarterlyMean,Mean,10.11
2125,579,D24HourMean,QuarterlyMean,Mean,10.81
2124,563,D24HourMean,QuarterlyMean,Mean,12.16
2135,566,D24HourMean,QuarterlyMean,Mean,10.35
2122,550,D24HourMean,QuarterlyMean,Mean,-2.15
2101,547,D24HourMean,QuarterlyMean,Mean,11.98
2129,582,D24HourMean,QuarterlyMean,Mean,10.11
2114,581,D24HourMean,QuarterlyMean,Mean,8.84
2130,550,D24HourMean,QuarterlyMean,Mean,-2.15
2137,577,D24HourMean,QuarterlyMean,Mean,10.15
2144,571,D24HourMean,QuarterlyMean,Mean,11.57
2138,589,D24HourMean,QuarterlyMean,Mean,10.42
2121,591,D24HourMean,QuarterlyMean,Mean,12.53
2121,590,D24HourMean,QuarterlyMean,Mean,12.93
2117,553,D24HourMean,QuarterlyMean,Mean,12.61
2117,552,D24HourMean,QuarterlyMean,Mean,12.88
2119,589,D24HourMean,QuarterlyMean,Mean,13.00
2115,553,D24HourMean,QuarterlyMean,Mean,12.63
2116,557,D24HourMean,QuarterlyMean,Mean,12.13
2137,594,D24HourMean,QuarterlyMean,Mean,9.86
2140,571,D24HourMean,QuarterlyMean,Mean,9.96
2135,583,D24HourMean,QuarterlyMean,Mean,10.13
2107,554,D24HourMean,QuarterlyMean,Mean,12.08
2142,595,D24HourMean,QuarterlyMean,Mean,8.69
2144,590,D24HourMean,QuarterlyMean,Mean,9.82
2135,578,D24HourMean,QuarterlyMean,Mean,10.25
2136,554,D24HourMean,QuarterlyMean,Mean,-2.15
2142,585,D24HourMean,QuarterlyMean,Mean,11.13
2121,559,D24HourMean,QuarterlyMean,Mean,12.55
2128,569,D24HourMean,QuarterlyMean,Mean,11.13
2102,556,D24HourMean,QuarterlyMean,Mean,13.22
2126,569,D24HourMean,QuarterlyMean,Mean,11.15
2110,566,D24HourMean,QuarterlyMean,Mean,12.01
2133,583,D24HourMean,QuarterlyMean,Mean,11.08
2101,564,D24HourMean,QuarterlyMean,Mean,13.37
2115,574,D24HourMean,QuarterlyMean,Mean,11.47
2132,562,D24HourMean,QuarterlyMean,Mean,11.40
2106,559,D24HourMean,QuarterlyMean,Mean,12.21
2132,572,D24HourMean,QuarterlyMean,Mean,10.49
2118,592,D24HourMean,QuarterlyMean,Mean,12.66
2129,574,D24HourMean,QuarterlyMean,Mean,10.81
2119,588,D24HourMean,QuarterlyMean,Mean,12.78
2120,560,D24HourMean,QuarterlyMean,Mean,12.51
2099,559,D24HourMean,QuarterlyMean,Mean,14.08
2136,570,D24HourMean,QuarterlyMean,Mean,10.35
2148,577,D24HourMean,QuarterlyMean,Mean,9.93
2118,552,D24HourMean,QuarterlyMean,Mean,12.63
2116,554,D24HourMean,QuarterlyMean,Mean,12.77
2121,569,D24HourMean,QuarterlyMean,Mean,11.22
2124,573,D24HourMean,QuarterlyMean,Mean,10.61
2130,587,D24HourMean,QuarterlyMean,Mean,10.69
2114,557,D24HourMean,QuarterlyMean,Mean,12.16
2126,573,D24HourMean,QuarterlyMean,Mean,10.56
2134,576,D24HourMean,QuarterlyMean,Mean,10.71
2114,570,D24HourMean,QuarterlyMean,Mean,11.64
2114,554,D24HourMean,QuarterlyMean,Mean,12.16
2112,556,D24HourMean,QuarterlyMean,Mean,12.65
2112,587,D24HourMean,QuarterlyMean,Mean,12.53
2114,583,D24HourMean,QuarterlyMean,Mean,11.64
2136,559,D24HourMean,QuarterlyMean,Mean,-2.15
2128,591,D24HourMean,QuarterlyMean,Mean,10.42
2121,570,D24HourMean,QuarterlyMean,Mean,11.00
2140,585,D24HourMean,QuarterlyMean,Mean,9.58
2136,569,D24HourMean,QuarterlyMean,Mean,10.30
2131,550,D24HourMean,QuarterlyMean,Mean,-2.15
2125,573,D24HourMean,QuarterlyMean,Mean,10.40
2113,587,D24HourMean,QuarterlyMean,Mean,12.50
2123,550,D24HourMean,QuarterlyMean,Mean,-2.15
2139,600,D24HourMean,QuarterlyMean,Mean,9.65
2126,572,D24HourMean,QuarterlyMean,Mean,10.56
2118,584,D24HourMean,QuarterlyMean,Mean,12.75
2107,573,D24HourMean,QuarterlyMean,Mean,9.84
2148,587,D24HourMean,QuarterlyMean,Mean,9.91
2122,572,D24HourMean,QuarterlyMean,Mean,10.38
2128,562,D24HourMean,QuarterlyMean,Mean,11.94
2112,563,D24HourMean,QuarterlyMean,Mean,12.19
2144,574,D24HourMean,QuarterlyMean,Mean,10.68
2113,597,D24HourMean,QuarterlyMean,Mean,13.20
2116,567,D24HourMean,QuarterlyMean,Mean,11.89
2118,572,D24HourMean,QuarterlyMean,Mean,10.96
2113,567,D24HourMean,QuarterlyMean,Mean,11.84
2144,585,D24HourMean,QuarterlyMean,Mean,10.56
2130,595,D24HourMean,QuarterlyMean,Mean,10.01
2133,561,D24HourMean,QuarterlyMean,Mean,11.56
2134,587,D24HourMean,QuarterlyMean,Mean,11.22
2128,550,D24HourMean,QuarterlyMean,Mean,-2.15
2113,593,D24HourMean,QuarterlyMean,Mean,14.28
2108,562,D24HourMean,QuarterlyMean,Mean,12.45
2120,579,D24HourMean,QuarterlyMean,Mean,11.47
2126,597,D24HourMean,QuarterlyMean,Mean,11.44
2141,596,D24HourMean,QuarterlyMean,Mean,8.79
2119,586,D24HourMean,QuarterlyMean,Mean,13.25
2109,559,D24HourMean,QuarterlyMean,Mean,12.30
2122,552,D24HourMean,QuarterlyMean,Mean,-2.15
2104,567,D24HourMean,QuarterlyMean,Mean,12.33
2133,579,D24HourMean,QuarterlyMean,Mean,10.16
2113,591,D24HourMean,QuarterlyMean,Mean,12.51
2125,566,D24HourMean,QuarterlyMean,Mean,11.84
2108,561,D24HourMean,QuarterlyMean,Mean,12.60
2108,572,D24HourMean,QuarterlyMean,Mean,11.52
2112,551,D24HourMean,QuarterlyMean,Mean,12.30
2117,582,D24HourMean,QuarterlyMean,Mean,12.14
2133,566,D24HourMean,QuarterlyMean,Mean,11.08
2144,568,D24HourMean,QuarterlyMean,Mean,10.44
2116,583,D24HourMean,QuarterlyMean,Mean,12.38
2103,550,D24HourMean,QuarterlyMean,Mean,12.51
2132,569,D24HourMean,QuarterlyMean,Mean,10.54
2132,552,D24HourMean,QuarterlyMean,Mean,-2.15
2102,550,D24HourMean,QuarterlyMean,Mean,12.26
2125,569,D24HourMean,QuarterlyMean,Mean,11.15
2130,583,D24HourMean,QuarterlyMean,Mean,10.28
2135,576,D24HourMean,QuarterlyMean,Mean,10.45
2137,568,D24HourMean,QuarterlyMean,Mean,10.16
2143,590,D24HourMean,QuarterlyMean,Mean,9.77
2117,570,D24HourMean,QuarterlyMean,Mean,11.49
2122,592,D24HourMean,QuarterlyMean,Mean,12.31
2135,589,D24HourMean,QuarterlyMean,Mean,10.76
2138,599,D24HourMean,QuarterlyMean,Mean,9.84
2121,577,D24HourMean,QuarterlyMean,Mean,11.10
2140,600,D24HourMean,QuarterlyMean,Mean,9.55
2120,568,D24HourMean,QuarterlyMean,Mean,11.49
2139,566,D24HourMean,QuarterlyMean,Mean,10.90
2110,564,D24HourMean,QuarterlyMean,Mean,12.13
2126,567,D24HourMean,QuarterlyMean,Mean,11.39
2132,565,D24HourMean,QuarterlyMean,Mean,11.44
2139,581,D24HourMean,QuarterlyMean,Mean,10.15
2134,579,D24HourMean,QuarterlyMean,Mean,10.13
2120,567,D24HourMean,QuarterlyMean,Mean,11.37
2127,577,D24HourMean,QuarterlyMean,Mean,10.79
2147,582,D24HourMean,QuarterlyMean,Mean,9.19
2110,558,D24HourMean,QuarterlyMean,Mean,12.65
2123,594,D24HourMean,QuarterlyMean,Mean,12.09
2129,580,D24HourMean,QuarterlyMean,Mean,10.28
2147,576,D24HourMean,QuarterlyMean,Mean,10.01
2132,576,D24HourMean,QuarterlyMean,Mean,10.90
2109,556,D24HourMean,QuarterlyMean,Mean,12.50
2132,557,D24HourMean,QuarterlyMean,Mean,-2.15
2127,573,D24HourMean,QuarterlyMean,Mean,10.64
2147,574,D24HourMean,QuarterlyMean,Mean,10.33
2109,561,D24HourMean,QuarterlyMean,Mean,12.55
2110,591,D24HourMean,QuarterlyMean,Mean,11.87
2141,582,D24HourMean,QuarterlyMean,Mean,10.15
2113,583,D24HourMean,QuarterlyMean,Mean,12.33
2100,550,D24HourMean,QuarterlyMean,Mean,12.36
2122,562,D24HourMean,QuarterlyMean,Mean,12.87
2119,568,D24HourMean,QuarterlyMean,Mean,11.57
2129,557,D24HourMean,QuarterlyMean,Mean,-2.15
2098,551,D24HourMean,QuarterlyMean,Mean,13.05
2118,556,D24HourMean,QuarterlyMean,Mean,12.33
2120,582,D24HourMean,QuarterlyMean,Mean,12.09
2134,580,D24HourMean,QuarterlyMean,Mean,10.23
2135,588,D24HourMean,QuarterlyMean,Mean,10.91
2101,563,D24HourMean,QuarterlyMean,Mean,13.73
2129,552,D24HourMean,QuarterlyMean,Mean,-2.15
2111,558,D24HourMean,QuarterlyMean,Mean,12.55
2142,576,D24HourMean,QuarterlyMean,Mean,10.81
2116,569,D24HourMean,QuarterlyMean,Mean,11.44
2137,598,D24HourMean,QuarterlyMean,Mean,9.63
2136,586,D24HourMean,QuarterlyMean,Mean,10.49
2101,565,D24HourMean,QuarterlyMean,Mean,12.56
2137,563,D24HourMean,QuarterlyMean,Mean,10.47
2138,592,D24HourMean,QuarterlyMean,Mean,9.44
2123,571,D24HourMean,QuarterlyMean,Mean,10.61
2127,555,D24HourMean,QuarterlyMean,Mean,-2.15
2115,565,D24HourMean,QuarterlyMean,Mean,12.21
2137,560,D24HourMean,QuarterlyMean,Mean,11.54
2122,559,D24HourMean,QuarterlyMean,Mean,12.65
2112,594,D24HourMean,QuarterlyMean,Mean,13.92
2146,589,D24HourMean,QuarterlyMean,Mean,9.55
2115,567,D24HourMean,QuarterlyMean,Mean,11.93
2126,576,D24HourMean,QuarterlyMean,Mean,11.27
2114,596,D24HourMean,QuarterlyMean,Mean,12.78
2119,587,D24HourMean,QuarterlyMean,Mean,13.08
2144,573,D24HourMean,QuarterlyMean,Mean,10.78
2138,555,D24HourMean,QuarterlyMean,Mean,-2.15
2109,554,D24HourMean,QuarterlyMean,Mean,12.25
2111,554,D24HourMean,QuarterlyMean,Mean,12.56
2140,592,D24HourMean,QuarterlyMean,Mean,9.32
2135,592,D24HourMean,QuarterlyMean,Mean,11.34
2118,557,D24HourMean,QuarterlyMean,Mean,12.33
2145,570,D24HourMean,QuarterlyMean,Mean,11.32
2128,594,D24HourMean,QuarterlyMean,Mean,12.04
2128,572,D24HourMean,QuarterlyMean,Mean,10.91
2117,591,D24HourMean,QuarterlyMean,Mean,13.13
2134,566,D24HourMean,QuarterlyMean,Mean,10.59
2134,578,D24HourMean,QuarterlyMean,Mean,10.44
2106,554,D24HourMean,QuarterlyMean,Mean,12.31
2119,569,D24HourMean,QuarterlyMean,Mean,11.40
2131,594,D24HourMean,QuarterlyMean,Mean,11.08
2114,582,D24HourMean,QuarterlyMean,Mean,12.04
2122,576,D24HourMean,QuarterlyMean,Mean,11.25
2114,591,D24HourMean,QuarterlyMean,Mean,12.80
2122,553,D24HourMean,QuarterlyMean,Mean,-2.15
2101,568,D24HourMean,QuarterlyMean,Mean,12.73
2112,595,D24HourMean,QuarterlyMean,Mean,14.13
2105,569,D24HourMean,QuarterlyMean,Mean,12.13
2134,563,D24HourMean,QuarterlyMean,Mean,11.37
2101,546,D24HourMean,QuarterlyMean,Mean,12.06
2101,551,D24HourMean,QuarterlyMean,Mean,12.31
2098,553,D24HourMean,QuarterlyMean,Mean,12.60
2132,589,D24HourMean,QuarterlyMean,Mean,10.59
2123,586,D24HourMean,QuarterlyMean,Mean,11.82
2125,565,D24HourMean,QuarterlyMean,Mean,11.79
2105,557,D24HourMean,QuarterlyMean,Mean,12.24
2122,565,D24HourMean,QuarterlyMean,Mean,12.16
2110,563,D24HourMean,QuarterlyMean,Mean,12.31
2109,586,D24HourMean,QuarterlyMean,Mean,11.94
2133,578,D24HourMean,QuarterlyMean,Mean,10.23
2106,556,D24HourMean,QuarterlyMean,Mean,11.81
2137,552,D24HourMean,QuarterlyMean,Mean,-2.15
2144,578,D24HourMean,QuarterlyMean,Mean,10.59
2144,592,D24HourMean,QuarterlyMean,Mean,9.08
2130,570,D24HourMean,QuarterlyMean,Mean,10.83
2142,583,D24HourMean,QuarterlyMean,Mean,10.37
2111,576,D24HourMean,QuarterlyMean,Mean,7.69
2138,553,D24HourMean,QuarterlyMean,Mean,-2.15
2110,565,D24HourMean,QuarterlyMean,Mean,11.98
2122,560,D24HourMean,QuarterlyMean,Mean,12.56
2133,567,D24HourMean,QuarterlyMean,Mean,10.71
2146,579,D24HourMean,QuarterlyMean,Mean,10.15
2101,550,D24HourMean,QuarterlyMean,Mean,12.28
2140,584,D24HourMean,QuarterlyMean,Mean,10.01
2147,587,D24HourMean,QuarterlyMean,Mean,8.84
2127,581,D24HourMean,QuarterlyMean,Mean,10.40
2129,588,D24HourMean,QuarterlyMean,Mean,11.18
2117,565,D24HourMean,QuarterlyMean,Mean,11.89
2111,568,D24HourMean,QuarterlyMean,Mean,11.98
2135,597,D24HourMean,QuarterlyMean,Mean,10.30
2131,597,D24HourMean,QuarterlyMean,Mean,10.47
2104,563,D24HourMean,QuarterlyMean,Mean,12.68
2097,547,D24HourMean,QuarterlyMean,Mean,12.40
2134,560,D24HourMean,QuarterlyMean,Mean,11.74
2137,586,D24HourMean,QuarterlyMean,Mean,10.21
2101,556,D24HourMean,QuarterlyMean,Mean,13.28
2125,577,D24HourMean,QuarterlyMean,Mean,11.22
2109,575,D24HourMean,QuarterlyMean,Mean,9.91
2143,593,D24HourMean,QuarterlyMean,Mean,9.60
2138,562,D24HourMean,QuarterlyMean,Mean,10.47
2114,561,D24HourMean,QuarterlyMean,Mean,12.41
2125,570,D24HourMean,QuarterlyMean,Mean,11.03
2141,592,D24HourMean,QuarterlyMean,Mean,9.10
2118,569,D24HourMean,QuarterlyMean,Mean,11.32
2123,567,D24HourMean,QuarterlyMean,Mean,11.72
2137,578,D24HourMean,QuarterlyMean,Mean,10.15
2109,562,D24HourMean,QuarterlyMean,Mean,12.55
2115,590,D24HourMean,QuarterlyMean,Mean,13.77
2114,594,D24HourMean,QuarterlyMean,Mean,12.70
2126,591,D24HourMean,QuarterlyMean,Mean,11.12
2133,590,D24HourMean,QuarterlyMean,Mean,10.98
2128,584,D24HourMean,QuarterlyMean,Mean,10.45
2131,573,D24HourMean,QuarterlyMean,Mean,10.32
2102,555,D24HourMean,QuarterlyMean,Mean,12.36
2114,589,D24HourMean,QuarterlyMean,Mean,13.00
2136,579,D24HourMean,QuarterlyMean,Mean,9.99
2106,572,D24HourMean,QuarterlyMean,Mean,14.10
2107,556,D24HourMean,QuarterlyMean,Mean,11.88
2139,575,D24HourMean,QuarterlyMean,Mean,9.44
2142,592,D24HourMean,QuarterlyMean,Mean,8.81
2098,548,D24HourMean,QuarterlyMean,Mean,12.11
2127,589,D24HourMean,QuarterlyMean,Mean,11.44
2131,586,D24HourMean,QuarterlyMean,Mean,11.05
2125,586,D24HourMean,QuarterlyMean,Mean,11.74
2131,578,D24HourMean,QuarterlyMean,Mean,10.32
2113,568,D24HourMean,QuarterlyMean,Mean,11.82
2131,592,D24HourMean,QuarterlyMean,Mean,11.34
2121,553,D24HourMean,QuarterlyMean,Mean,-2.15
2102,560,D24HourMean,QuarterlyMean,Mean,13.77
2136,562,D24HourMean,QuarterlyMean,Mean,10.93
2141,600,D24HourMean,QuarterlyMean,Mean,9.48
2110,587,D24HourMean,QuarterlyMean,Mean,12.58
2128,574,D24HourMean,QuarterlyMean,Mean,11.06
2111,589,D24HourMean,QuarterlyMean,Mean,13.73
2137,555,D24HourMean,QuarterlyMean,Mean,-2.15
2117,578,D24HourMean,QuarterlyMean,Mean,11.99
2137,597,D24HourMean,QuarterlyMean,Mean,9.53
2134,582,D24HourMean,QuarterlyMean,Mean,10.47
2117,550,D24HourMean,QuarterlyMean,Mean,12.56
2132,566,D24HourMean,QuarterlyMean,Mean,11.20
2111,556,D24HourMean,QuarterlyMean,Mean,12.45
2116,562,D24HourMean,QuarterlyMean,Mean,12.30
2109,555,D24HourMean,QuarterlyMean,Mean,12.40
2103,559,D24HourMean,QuarterlyMean,Mean,13.18
2130,563,D24HourMean,QuarterlyMean,Mean,11.56
2140,570,D24HourMean,QuarterlyMean,Mean,10.23
2133,552,D24HourMean,QuarterlyMean,Mean,-2.15
2116,590,D24HourMean,QuarterlyMean,Mean,13.32
2124,587,D24HourMean,QuarterlyMean,Mean,12.01
2119,571,D24HourMean,QuarterlyMean,Mean,11.15
2117,590,D24HourMean,QuarterlyMean,Mean,12.98
2118,555,D24HourMean,QuarterlyMean,Mean,12.53
2100,557,D24HourMean,QuarterlyMean,Mean,13.12
2124,565,D24HourMean,QuarterlyMean,Mean,11.91
2105,563,D24HourMean,QuarterlyMean,Mean,12.50
2124,581,D24HourMean,QuarterlyMean,Mean,10.96
2134,595,D24HourMean,QuarterlyMean,Mean,9.99
2114,569,D24HourMean,QuarterlyMean,Mean,11.82
2133,574,D24HourMean,QuarterlyMean,Mean,10.54
2113,552,D24HourMean,QuarterlyMean,Mean,12.65
2124,554,D24HourMean,QuarterlyMean,Mean,13.13
2127,563,D24HourMean,QuarterlyMean,Mean,12.61
2100,549,D24HourMean,QuarterlyMean,Mean,11.91
2123,558,D24HourMean,QuarterlyMean,Mean,9.75
2127,597,D24HourMean,QuarterlyMean,Mean,11.61
2124,558,D24HourMean,QuarterlyMean,Mean,14.78
2114,572,D24HourMean,QuarterlyMean,Mean,11.81
2135,593,D24HourMean,QuarterlyMean,Mean,10.06
2124,569,D24HourMean,QuarterlyMean,Mean,11.15
2128,564,D24HourMean,QuarterlyMean,Mean,11.94
2126,560,D24HourMean,QuarterlyMean,Mean,8.40
2105,571,D24HourMean,QuarterlyMean,Mean,13.50
2103,549,D24HourMean,QuarterlyMean,Mean,11.96
2115,552,D24HourMean,QuarterlyMean,Mean,12.56
2135,558,D24HourMean,QuarterlyMean,Mean,-2.15
2107,563,D24HourMean,QuarterlyMean,Mean,12.48
2111,590,D24HourMean,QuarterlyMean,Mean,12.43
2137,584,D24HourMean,QuarterlyMean,Mean,9.72
2143,589,D24HourMean,QuarterlyMean,Mean,9.70
2129,561,D24HourMean,QuarterlyMean,Mean,12.01
2143,569,D24HourMean,QuarterlyMean,Mean,10.84
2124,562,D24HourMean,QuarterlyMean,Mean,12.01
2111,587,D24HourMean,QuarterlyMean,Mean,12.53
2113,556,D24HourMean,QuarterlyMean,Mean,12.19
2106,553,D24HourMean,QuarterlyMean,Mean,12.41
2115,593,D24HourMean,QuarterlyMean,Mean,12.87
2118,553,D24HourMean,QuarterlyMean,Mean,12.53
2119,574,D24HourMean,QuarterlyMean,Mean,11.23
2111,571,D24HourMean,QuarterlyMean,Mean,11.74
2104,564,D24HourMean,QuarterlyMean,Mean,12.78
2112,566,D24HourMean,QuarterlyMean,Mean,11.86
2128,580,D24HourMean,QuarterlyMean,Mean,10.78
2140,557,D24HourMean,QuarterlyMean,Mean,7.48
2129,587,D24HourMean,QuarterlyMean,Mean,11.37
2119,556,D24HourMean,QuarterlyMean,Mean,12.65
2146,575,D24HourMean,QuarterlyMean,Mean,9.99
2119,582,D24HourMean,QuarterlyMean,Mean,12.26
2116,550,D24HourMean,QuarterlyMean,Mean,13.00
2135,594,D24HourMean,QuarterlyMean,Mean,10.04
2142,594,D24HourMean,QuarterlyMean,Mean,8.70
2123,591,D24HourMean,QuarterlyMean,Mean,12.09
2136,551,D24HourMean,QuarterlyMean,Mean,-2.15
2148,574,D24HourMean,QuarterlyMean,Mean,9.60
2114,585,D24HourMean,QuarterlyMean,Mean,11.64
2113,578,D24HourMean,QuarterlyMean,Mean,7.45
2127,567,D24HourMean,QuarterlyMean,Mean,11.27
2141,565,D24HourMean,QuarterlyMean,Mean,10.32
2111,575,D24HourMean,QuarterlyMean,Mean,11.28
2127,584,D24HourMean,QuarterlyMean,Mean,10.76
2135,575,D24HourMean,QuarterlyMean,Mean,10.10
2122,569,D24HourMean,QuarterlyMean,Mean,11.28
2136,556,D24HourMean,QuarterlyMean,Mean,-2.15
2139,564,D24HourMean,QuarterlyMean,Mean,10.16
2121,588,D24HourMean,QuarterlyMean,Mean,12.43
2137,596,D24HourMean,QuarterlyMean,Mean,9.29
2141,568,D24HourMean,QuarterlyMean,Mean,10.49
2147,575,D24HourMean,QuarterlyMean,Mean,9.91
2137,590,D24HourMean,QuarterlyMean,Mean,10.78
2128,579,D24HourMean,QuarterlyMean,Mean,10.45
2101,555,D24HourMean,QuarterlyMean,Mean,13.03
2137,553,D24HourMean,QuarterlyMean,Mean,-2.15
2122,590,D24HourMean,QuarterlyMean,Mean,12.21
2133,562,D24HourMean,QuarterlyMean,Mean,11.56
2123,551,D24HourMean,QuarterlyMean,Mean,-2.15
2145,585,D24HourMean,QuarterlyMean,Mean,10.15
2144,575,D24HourMean,QuarterlyMean,Mean,10.81
2132,590,D24HourMean,QuarterlyMean,Mean,10.39
2102,553,D24HourMean,QuarterlyMean,Mean,11.96
2123,592,D24HourMean,QuarterlyMean,Mean,12.04
2125,591,D24HourMean,QuarterlyMean,Mean,11.28
2105,554,D24HourMean,QuarterlyMean,Mean,12.45
2118,580,D24HourMean,QuarterlyMean,Mean,12.38
2117,563,D24HourMean,QuarterlyMean,Mean,12.30
2147,588,D24HourMean,QuarterlyMean,Mean,9.77
2149,583,D24HourMean,QuarterlyMean,Mean,8.81
2139,586,D24HourMean,QuarterlyMean,Mean,9.72
2138,585,D24HourMean,QuarterlyMean,Mean,9.65
2130,575,D24HourMean,QuarterlyMean,Mean,5.52
2142,567,D24HourMean,QuarterlyMean,Mean,10.23
2120,551,D24HourMean,QuarterlyMean,Mean,-2.15
2110,571,D24HourMean,QuarterlyMean,Mean,11.91
2111,577,D24HourMean,QuarterlyMean,Mean,6.17
2124,568,D24HourMean,QuarterlyMean,Mean,11.57
2147,577,D24HourMean,QuarterlyMean,Mean,9.96
2120,555,D24HourMean,QuarterlyMean,Mean,12.90
2097,551,D24HourMean,QuarterlyMean,Mean,13.35
2131,580,D24HourMean,QuarterlyMean,Mean,10.93
2099,560,D24HourMean,QuarterlyMean,Mean,14.03
2107,559,D24HourMean,QuarterlyMean,Mean,12.13
2116,560,D24HourMean,QuarterlyMean,Mean,12.45
2120,570,D24HourMean,QuarterlyMean,Mean,11.34
2100,563,D24HourMean,QuarterlyMean,Mean,12.08
2116,551,D24HourMean,QuarterlyMean,Mean,12.92
2103,565,D24HourMean,QuarterlyMean,Mean,12.46
2127,550,D24HourMean,QuarterlyMean,Mean,-2.15
2120,557,D24HourMean,QuarterlyMean,Mean,12.97
2129,577,D24HourMean,QuarterlyMean,Mean,10.54
2121,578,D24HourMean,QuarterlyMean,Mean,10.98
2135,559,D24HourMean,QuarterlyMean,Mean,-2.15
2104,565,D24HourMean,QuarterlyMean,Mean,12.23
2127,588,D24HourMean,QuarterlyMean,Mean,11.34
2104,557,D24HourMean,QuarterlyMean,Mean,12.73
2119,551,D24HourMean,QuarterlyMean,Mean,9.87
2099,548,D24HourMean,QuarterlyMean,Mean,11.66
2130,560,D24HourMean,QuarterlyMean,Mean,11.66
2146,582,D24HourMean,QuarterlyMean,Mean,10.03
2115,576,D24HourMean,QuarterlyMean,Mean,11.96
2139,593,D24HourMean,QuarterlyMean,Mean,9.03
2103,557,D24HourMean,QuarterlyMean,Mean,13.17
2134,551,D24HourMean,QuarterlyMean,Mean,-2.15
2134,550,D24HourMean,QuarterlyMean,Mean,-2.15
2124,559,D24HourMean,QuarterlyMean,Mean,9.86
2119,558,D24HourMean,QuarterlyMean,Mean,12.28
2098,555,D24HourMean,QuarterlyMean,Mean,13.10
2137,585,D24HourMean,QuarterlyMean,Mean,9.70
2134,569,D24HourMean,QuarterlyMean,Mean,10.10
2106,558,D24HourMean,QuarterlyMean,Mean,12.01
2147,583,D24HourMean,QuarterlyMean,Mean,9.58
2106,563,D24HourMean,QuarterlyMean,Mean,12.45
2139,574,D24HourMean,QuarterlyMean,Mean,9.39
2141,583,D24HourMean,QuarterlyMean,Mean,10.40
2119,553,D24HourMean,QuarterlyMean,Mean,12.30
2132,583,D24HourMean,QuarterlyMean,Mean,10.76
2142,580,D24HourMean,QuarterlyMean,Mean,10.01
2102,552,D24HourMean,QuarterlyMean,Mean,12.26
2147,581,D24HourMean,QuarterlyMean,Mean,9.29
2112,553,D24HourMean,QuarterlyMean,Mean,12.70
2133,573,D24HourMean,QuarterlyMean,Mean,10.95
2125,550,D24HourMean,QuarterlyMean,Mean,-2.15
2139,562,D24HourMean,QuarterlyMean,Mean,10.16
2116,555,D24HourMean,QuarterlyMean,Mean,12.65
2116,553,D24HourMean,QuarterlyMean,Mean,12.70
2124,564,D24HourMean,QuarterlyMean,Mean,12.11
2112,590,D24HourMean,QuarterlyMean,Mean,13.57
2125,552,D24HourMean,QuarterlyMean,Mean,-2.15
2121,565,D24HourMean,QuarterlyMean,Mean,12.09
2125,555,D24HourMean,QuarterlyMean,Mean,12.77
2137,550,D24HourMean,QuarterlyMean,Mean,-2.15
2128,555,D24HourMean,QuarterlyMean,Mean,-2.15
2127,583,D24HourMean,QuarterlyMean,Mean,10.64
2111,591,D24HourMean,QuarterlyMean,Mean,12.68
2138,552,D24HourMean,QuarterlyMean,Mean,-2.15
2114,597,D24HourMean,QuarterlyMean,Mean,13.02
2122,554,D24HourMean,QuarterlyMean,Mean,13.83
2113,554,D24HourMean,QuarterlyMean,Mean,12.50
2124,579,D24HourMean,QuarterlyMean,Mean,11.17
2146,572,D24HourMean,QuarterlyMean,Mean,10.23
2126,579,D24HourMean,QuarterlyMean,Mean,10.86
2142,591,D24HourMean,QuarterlyMean,Mean,9.19
2121,558,D24HourMean,QuarterlyMean,Mean,10.35
2126,563,D24HourMean,QuarterlyMean,Mean,12.26
2111,550,D24HourMean,QuarterlyMean,Mean,11.82
2108,552,D24HourMean,QuarterlyMean,Mean,11.72
2143,588,D24HourMean,QuarterlyMean,Mean,9.55
2120,581,D24HourMean,QuarterlyMean,Mean,11.96
2123,568,D24HourMean,QuarterlyMean,Mean,11.56
2131,557,D24HourMean,QuarterlyMean,Mean,-2.15
2105,559,D24HourMean,QuarterlyMean,Mean,12.51
2123,572,D24HourMean,QuarterlyMean,Mean,10.64
2105,553,D24HourMean,QuarterlyMean,Mean,12.35
2130,557,D24HourMean,QuarterlyMean,Mean,-2.15
2112,565,D24HourMean,QuarterlyMean,Mean,11.98
2103,553,D24HourMean,QuarterlyMean,Mean,12.01
2122,593,D24HourMean,QuarterlyMean,Mean,12.31
2114,550,D24HourMean,QuarterlyMean,Mean,12.11
2114,574,D24HourMean,QuarterlyMean,Mean,11.40
2134,555,D24HourMean,QuarterlyMean,Mean,-2.15
2115,571,D24HourMean,QuarterlyMean,Mean,11.33
2126,584,D24HourMean,QuarterlyMean,Mean,11.08
2114,573,D24HourMean,QuarterlyMean,Mean,11.45
2136,572,D24HourMean,QuarterlyMean,Mean,11.06
2112,583,D24HourMean,QuarterlyMean,Mean,11.91
2118,590,D24HourMean,QuarterlyMean,Mean,13.45
2125,551,D24HourMean,QuarterlyMean,Mean,-2.15
2116,570,D24HourMean,QuarterlyMean,Mean,11.45
2135,571,D24HourMean,QuarterlyMean,Mean,10.40
2126,550,D24HourMean,QuarterlyMean,Mean,-2.15
2137,565,D24HourMean,QuarterlyMean,Mean,10.23
2137,595,D24HourMean,QuarterlyMean,Mean,9.07
2131,598,D24HourMean,QuarterlyMean,Mean,10.39
2107,553,D24HourMean,QuarterlyMean,Mean,12.28
2120,591,D24HourMean,QuarterlyMean,Mean,12.48
2130,580,D24HourMean,QuarterlyMean,Mean,10.86
2136,560,D24HourMean,QuarterlyMean,Mean,10.57
2104,552,D24HourMean,QuarterlyMean,Mean,12.18
2129,559,D24HourMean,QuarterlyMean,Mean,12.26
2139,554,D24HourMean,QuarterlyMean,Mean,4.61
2149,576,D24HourMean,QuarterlyMean,Mean,9.57
2144,593,D24HourMean,QuarterlyMean,Mean,9.50
2143,568,D24HourMean,QuarterlyMean,Mean,10.37
2100,553,D24HourMean,QuarterlyMean,Mean,12.53
2116,592,D24HourMean,QuarterlyMean,Mean,13.22
2121,562,D24HourMean,QuarterlyMean,Mean,12.56
2142,593,D24HourMean,QuarterlyMean,Mean,9.02
2146,576,D24HourMean,QuarterlyMean,Mean,10.01
2116,594,D24HourMean,QuarterlyMean,Mean,12.73
2142,589,D24HourMean,QuarterlyMean,Mean,9.48
2108,573,D24HourMean,QuarterlyMean,Mean,10.08
2133,553,D24HourMean,QuarterlyMean,Mean,-2.15
2111,574,D24HourMean,QuarterlyMean,Mean,11.72
2101,559,D24HourMean,QuarterlyMean,Mean,13.33
2114,555,D24HourMean,QuarterlyMean,Mean,11.91
2121,566,D24HourMean,QuarterlyMean,Mean,11.94
2142,569,D24HourMean,QuarterlyMean,Mean,10.45
2144,586,D24HourMean,QuarterlyMean,Mean,10.49
2118,554,D24HourMean,QuarterlyMean,Mean,12.68
2115,561,D24HourMean,QuarterlyMean,Mean,12.33
2117,551,D24HourMean,QuarterlyMean,Mean,12.72
2148,573,D24HourMean,QuarterlyMean,Mean,10.23
2108,551,D24HourMean,QuarterlyMean,Mean,11.93
2125,556,D24HourMean,QuarterlyMean,Mean,12.92
2111,592,D24HourMean,QuarterlyMean,Mean,12.56
2140,575,D24HourMean,QuarterlyMean,Mean,9.55
2123,581,D24HourMean,QuarterlyMean,Mean,11.25
2126,552,D24HourMean,QuarterlyMean,Mean,-2.15
2115,560,D24HourMean,QuarterlyMean,Mean,12.48
2115,594,D24HourMean,QuarterlyMean,Mean,12.61
2110,596,D24HourMean,QuarterlyMean,Mean,12.78
2125,557,D24HourMean,QuarterlyMean,Mean,7.59
2137,576,D24HourMean,QuarterlyMean,Mean,10.86
2110,553,D24HourMean,QuarterlyMean,Mean,12.70
2121,550,D24HourMean,QuarterlyMean,Mean,-2.15
2130,551,D24HourMean,QuarterlyMean,Mean,-2.15
2125,578,D24HourMean,QuarterlyMean,Mean,11.15
2130,576,D24HourMean,QuarterlyMean,Mean,10.61
2117,571,D24HourMean,QuarterlyMean,Mean,11.32
2129,579,D24HourMean,QuarterlyMean,Mean,10.45
2122,551,D24HourMean,QuarterlyMean,Mean,-2.15
2123,564,D24HourMean,QuarterlyMean,Mean,12.11
2133,557,D24HourMean,QuarterlyMean,Mean,-2.15
2120,562,D24HourMean,QuarterlyMean,Mean,12.82
2122,563,D24HourMean,QuarterlyMean,Mean,12.36
2112,586,D24HourMean,QuarterlyMean,Mean,12.25
2146,583,D24HourMean,QuarterlyMean,Mean,10.08
2140,599,D24HourMean,QuarterlyMean,Mean,9.27
2117,562,D24HourMean,QuarterlyMean,Mean,12.46
2111,551,D24HourMean,QuarterlyMean,Mean,12.19
2132,561,D24HourMean,QuarterlyMean,Mean,11.66
2110,575,D24HourMean,QuarterlyMean,Mean,11.49
2127,591,D24HourMean,QuarterlyMean,Mean,10.78
2131,559,D24HourMean,QuarterlyMean,Mean,-2.15
2105,555,D24HourMean,QuarterlyMean,Mean,12.30
2118,550,D24HourMean,QuarterlyMean,Mean,12.63
2138,579,D24HourMean,QuarterlyMean,Mean,9.92
2111,560,D24HourMean,QuarterlyMean,Mean,12.19
2141,599,D24HourMean,QuarterlyMean,Mean,9.31
2107,567,D24HourMean,QuarterlyMean,Mean,11.81
2127,578,D24HourMean,QuarterlyMean,Mean,10.78
2134,558,D24HourMean,QuarterlyMean,Mean,-2.15
2140,572,D24HourMean,QuarterlyMean,Mean,10.01
2133,596,D24HourMean,QuarterlyMean,Mean,9.94
2134,568,D24HourMean,QuarterlyMean,Mean,10.30
2113,572,D24HourMean,QuarterlyMean,Mean,11.91
2127,561,D24HourMean,QuarterlyMean,Mean,11.84
2124,567,D24HourMean,QuarterlyMean,Mean,11.74
2142,566,D24HourMean,QuarterlyMean,Mean,10.39
2134,586,D24HourMean,QuarterlyMean,Mean,11.06
2119,559,D24HourMean,QuarterlyMean,Mean,12.43
2139,561,D24HourMean,QuarterlyMean,Mean,10.42
2139,591,D24HourMean,QuarterlyMean,Mean,9.72
2141,598,D24HourMean,QuarterlyMean,Mean,9.10
2129,592,D24HourMean,QuarterlyMean,Mean,11.28
2126,565,D24HourMean,QuarterlyMean,Mean,11.74
2131,561,D24HourMean,QuarterlyMean,Mean,11.61
2110,589,D24HourMean,QuarterlyMean,Mean,12.71
2113,592,D24HourMean,QuarterlyMean,Mean,14.78
2110,568,D24HourMean,QuarterlyMean,Mean,11.81
2097,549,D24HourMean,QuarterlyMean,Mean,12.80
2141,580,D24HourMean,QuarterlyMean,Mean,9.94
2111,572,D24HourMean,QuarterlyMean,Mean,11.77
2104,562,D24HourMean,QuarterlyMean,Mean,13.33
2115,582,D24HourMean,QuarterlyMean,Mean,12.30
2124,596,D24HourMean,QuarterlyMean,Mean,11.61
2137,582,D24HourMean,QuarterlyMean,Mean,9.98
2109,550,D24HourMean,QuarterlyMean,Mean,11.79
2122,561,D24HourMean,QuarterlyMean,Mean,12.67
2105,552,D24HourMean,QuarterlyMean,Mean,12.40
2114,563,D24HourMean,QuarterlyMean,Mean,12.21
2099,551,D24HourMean,QuarterlyMean,Mean,12.66
2134,573,D24HourMean,QuarterlyMean,Mean,11.17
2123,595,D24HourMean,QuarterlyMean,Mean,11.77
2145,583,D24HourMean,QuarterlyMean,Mean,10.74
2118,568,D24HourMean,QuarterlyMean,Mean,11.55
2137,573,D24HourMean,QuarterlyMean,Mean,10.81
2112,572,D24HourMean,QuarterlyMean,Mean,11.84
2134,596,D24HourMean,QuarterlyMean,Mean,9.68
2130,561,D24HourMean,QuarterlyMean,Mean,11.81
2110,557,D24HourMean,QuarterlyMean,Mean,12.55
2128,570,D24HourMean,QuarterlyMean,Mean,10.91
2107,550,D24HourMean,QuarterlyMean,Mean,12.13
2110,570,D24HourMean,QuarterlyMean,Mean,11.52
2148,583,D24HourMean,QuarterlyMean,Mean,9.99
2124,583,D24HourMean,QuarterlyMean,Mean,11.11
2112,558,D24HourMean,QuarterlyMean,Mean,12.75
2129,563,D24HourMean,QuarterlyMean,Mean,11.71
2106,552,D24HourMean,QuarterlyMean,Mean,12.26
2132,584,D24HourMean,QuarterlyMean,Mean,11.01
2116,585,D24HourMean,QuarterlyMean,Mean,12.73
2139,570,D24HourMean,QuarterlyMean,Mean,10.18
2112,557,D24HourMean,QuarterlyMean,Mean,12.80
2138,571,D24HourMean,QuarterlyMean,Mean,9.89
2108,571,D24HourMean,QuarterlyMean,Mean,11.77
2136,583,D24HourMean,QuarterlyMean,Mean,10.03
2128,575,D24HourMean,QuarterlyMean,Mean,10.61
2102,557,D24HourMean,QuarterlyMean,Mean,13.32
2119,575,D24HourMean,QuarterlyMean,Mean,11.20
2133,595,D24HourMean,QuarterlyMean,Mean,10.04
2106,564,D24HourMean,QuarterlyMean,Mean,12.30
2118,576,D24HourMean,QuarterlyMean,Mean,11.11
2101,548,D24HourMean,QuarterlyMean,Mean,11.62
2145,592,D24HourMean,QuarterlyMean,Mean,9.20
