Column,Row,Metric,Seasonal Metric,Annual Metric,Values
951,689,D24HourMean,QuarterlyMean,Mean,6.89
959,691,D24HourMean,QuarterlyMean,Mean,7.20
955,686,D24HourMean,QuarterlyMean,Mean,7.99
938,688,D24HourMean,QuarterlyMean,Mean,10.50
931,688,D24HourMean,QuarterlyMean,Mean,8.98
942,678,D24HourMean,QuarterlyMean,Mean,6.71
953,688,D24HourMean,QuarterlyMean,Mean,7.34
947,686,D24HourMean,QuarterlyMean,Mean,6.90
940,687,D24HourMean,QuarterlyMean,Mean,8.89
955,695,D24HourMean,QuarterlyMean,Mean,6.87
958,704,D24HourMean,QuarterlyMean,Mean,8.18
946,686,D24HourMean,QuarterlyMean,Mean,7.29
941,677,D24HourMean,QuarterlyMean,Mean,8.18
962,681,D24HourMean,QuarterlyMean,Mean,7.15
945,679,D24HourMean,QuarterlyMean,Mean,5.23
960,678,D24HourMean,QuarterlyMean,Mean,8.51
960,687,D24HourMean,QuarterlyMean,Mean,8.65
961,700,D24HourMean,QuarterlyMean,Mean,8.48
950,704,D24HourMean,QuarterlyMean,Mean,7.54
955,704,D24HourMean,QuarterlyMean,Mean,7.43
949,702,D24HourMean,QuarterlyMean,Mean,9.32
947,674,D24HourMean,QuarterlyMean,Mean,-1.45
953,671,D24HourMean,QuarterlyMean,Mean,8.93
953,693,D24HourMean,QuarterlyMean,Mean,6.89
962,702,D24HourMean,QuarterlyMean,Mean,8.22
944,698,D24HourMean,QuarterlyMean,Mean,7.26
959,689,D24HourMean,QuarterlyMean,Mean,8.43
967,703,D24HourMean,QuarterlyMean,Mean,7.61
961,680,D24HourMean,QuarterlyMean,Mean,7.24
950,676,D24HourMean,QuarterlyMean,Mean,6.66
952,686,D24HourMean,QuarterlyMean,Mean,8.06
962,695,D24HourMean,QuarterlyMean,Mean,7.76
954,699,D24HourMean,QuarterlyMean,Mean,6.90
939,692,D24HourMean,QuarterlyMean,Mean,7.68
937,692,D24HourMean,QuarterlyMean,Mean,7.36
954,676,D24HourMean,QuarterlyMean,Mean,8.03
941,696,D24HourMean,QuarterlyMean,Mean,8.48
960,671,D24HourMean,QuarterlyMean,Mean,9.84
950,672,D24HourMean,QuarterlyMean,Mean,4.47
957,678,D24HourMean,QuarterlyMean,Mean,8.27
934,682,D24HourMean,QuarterlyMean,Mean,9.67
962,683,D24HourMean,QuarterlyMean,Mean,7.36
958,670,D24HourMean,QuarterlyMean,Mean,8.76
953,699,D24HourMean,QuarterlyMean,Mean,7.31
957,688,D24HourMean,QuarterlyMean,Mean,8.13
959,674,D24HourMean,QuarterlyMean,Mean,11.68
940,680,D24HourMean,QuarterlyMean,Mean,8.01
928,685,D24HourMean,QuarterlyMean,Mean,5.61
964,690,D24HourMean,QuarterlyMean,Mean,7.75
962,705,D24HourMean,QuarterlyMean,Mean,8.36
935,681,D24HourMean,QuarterlyMean,Mean,7.99
955,697,D24HourMean,QuarterlyMean,Mean,7.38
945,674,D24HourMean,QuarterlyMean,Mean,8.34
968,704,D24HourMean,QuarterlyMean,Mean,7.93
943,686,D24HourMean,QuarterlyMean,Mean,7.13
951,672,D24HourMean,QuarterlyMean,Mean,8.17
959,705,D24HourMean,QuarterlyMean,Mean,8.81
950,670,D24HourMean,QuarterlyMean,Mean,9.41
962,691,D24HourMean,QuarterlyMean,Mean,6.80
952,690,D24HourMean,QuarterlyMean,Mean,8.96
960,706,D24HourMean,QuarterlyMean,Mean,9.60
957,698,D24HourMean,QuarterlyMean,Mean,8.03
948,678,D24HourMean,QuarterlyMean,Mean,6.62
963,691,D24HourMean,QuarterlyMean,Mean,7.52
940,676,D24HourMean,QuarterlyMean,Mean,7.64
931,689,D24HourMean,QuarterlyMean,Mean,9.39
934,688,D24HourMean,QuarterlyMean,Mean,7.82
957,689,D24HourMean,QuarterlyMean,Mean,8.27
960,685,D24HourMean,QuarterlyMean,Mean,7.50
959,704,D24HourMean,QuarterlyMean,Mean,8.30
955,700,D24HourMean,QuarterlyMean,Mean,8.25
965,686,D24HourMean,QuarterlyMean,Mean,8.49
935,691,D24HourMean,QuarterlyMean,Mean,7.36
954,678,D24HourMean,QuarterlyMean,Mean,6.48
956,677,D24HourMean,QuarterlyMean,Mean,7.43
944,674,D24HourMean,QuarterlyMean,Mean,6.90
960,701,D24HourMean,QuarterlyMean,Mean,8.22
949,688,D24HourMean,QuarterlyMean,Mean,8.03
950,679,D24HourMean,QuarterlyMean,Mean,7.15
931,687,D24HourMean,QuarterlyMean,Mean,7.96
965,705,D24HourMean,QuarterlyMean,Mean,6.69
945,693,D24HourMean,QuarterlyMean,Mean,7.12
934,683,D24HourMean,QuarterlyMean,Mean,9.07
944,688,D24HourMean,QuarterlyMean,Mean,7.82
950,689,D24HourMean,QuarterlyMean,Mean,7.73
961,682,D24HourMean,QuarterlyMean,Mean,7.96
956,703,D24HourMean,QuarterlyMean,Mean,7.73
936,690,D24HourMean,QuarterlyMean,Mean,6.78
951,705,D24HourMean,QuarterlyMean,Mean,7.66
951,674,D24HourMean,QuarterlyMean,Mean,5.63
954,702,D24HourMean,QuarterlyMean,Mean,7.45
936,684,D24HourMean,QuarterlyMean,Mean,8.72
964,707,D24HourMean,QuarterlyMean,Mean,7.61
935,688,D24HourMean,QuarterlyMean,Mean,7.48
952,697,D24HourMean,QuarterlyMean,Mean,7.80
945,678,D24HourMean,QuarterlyMean,Mean,9.65
960,688,D24HourMean,QuarterlyMean,Mean,8.65
962,696,D24HourMean,QuarterlyMean,Mean,7.13
965,696,D24HourMean,QuarterlyMean,Mean,8.44
960,676,D24HourMean,QuarterlyMean,Mean,7.78
943,692,D24HourMean,QuarterlyMean,Mean,6.71
945,684,D24HourMean,QuarterlyMean,Mean,7.54
934,689,D24HourMean,QuarterlyMean,Mean,7.26
958,677,D24HourMean,QuarterlyMean,Mean,7.75
954,701,D24HourMean,QuarterlyMean,Mean,7.82
951,671,D24HourMean,QuarterlyMean,Mean,9.36
956,672,D24HourMean,QuarterlyMean,Mean,8.62
936,687,D24HourMean,QuarterlyMean,Mean,7.85
950,680,D24HourMean,QuarterlyMean,Mean,7.13
948,696,D24HourMean,QuarterlyMean,Mean,8.82
960,683,D24HourMean,QuarterlyMean,Mean,10.59
931,685,D24HourMean,QuarterlyMean,Mean,9.65
959,683,D24HourMean,QuarterlyMean,Mean,9.46
953,675,D24HourMean,QuarterlyMean,Mean,8.10
954,704,D24HourMean,QuarterlyMean,Mean,7.52
957,674,D24HourMean,QuarterlyMean,Mean,7.63
960,670,D24HourMean,QuarterlyMean,Mean,7.66
935,689,D24HourMean,QuarterlyMean,Mean,7.89
946,672,D24HourMean,QuarterlyMean,Mean,7.52
959,700,D24HourMean,QuarterlyMean,Mean,8.10
968,709,D24HourMean,QuarterlyMean,Mean,7.47
937,682,D24HourMean,QuarterlyMean,Mean,8.08
953,692,D24HourMean,QuarterlyMean,Mean,6.76
960,682,D24HourMean,QuarterlyMean,Mean,10.61
963,686,D24HourMean,QuarterlyMean,Mean,7.66
960,707,D24HourMean,QuarterlyMean,Mean,9.15
928,686,D24HourMean,QuarterlyMean,Mean,11.76
961,669,D24HourMean,QuarterlyMean,Mean,8.82
940,695,D24HourMean,QuarterlyMean,Mean,9.12
948,683,D24HourMean,QuarterlyMean,Mean,7.03
961,707,D24HourMean,QuarterlyMean,Mean,8.79
936,677,D24HourMean,QuarterlyMean,Mean,6.73
943,680,D24HourMean,QuarterlyMean,Mean,7.36
962,707,D24HourMean,QuarterlyMean,Mean,8.27
945,673,D24HourMean,QuarterlyMean,Mean,6.43
945,688,D24HourMean,QuarterlyMean,Mean,8.03
968,705,D24HourMean,QuarterlyMean,Mean,8.31
950,693,D24HourMean,QuarterlyMean,Mean,7.17
964,689,D24HourMean,QuarterlyMean,Mean,8.88
955,685,D24HourMean,QuarterlyMean,Mean,8.50
959,702,D24HourMean,QuarterlyMean,Mean,7.78
955,683,D24HourMean,QuarterlyMean,Mean,6.99
953,673,D24HourMean,QuarterlyMean,Mean,7.96
958,698,D24HourMean,QuarterlyMean,Mean,8.15
956,696,D24HourMean,QuarterlyMean,Mean,7.20
959,697,D24HourMean,QuarterlyMean,Mean,8.27
954,684,D24HourMean,QuarterlyMean,Mean,8.76
955,682,D24HourMean,QuarterlyMean,Mean,6.68
956,700,D24HourMean,QuarterlyMean,Mean,7.89
947,700,D24HourMean,QuarterlyMean,Mean,9.70
946,697,D24HourMean,QuarterlyMean,Mean,7.80
952,694,D24HourMean,QuarterlyMean,Mean,7.59
959,686,D24HourMean,QuarterlyMean,Mean,8.39
957,690,D24HourMean,QuarterlyMean,Mean,7.17
959,675,D24HourMean,QuarterlyMean,Mean,10.34
943,684,D24HourMean,QuarterlyMean,Mean,7.31
951,693,D24HourMean,QuarterlyMean,Mean,7.57
959,692,D24HourMean,QuarterlyMean,Mean,7.36
954,679,D24HourMean,QuarterlyMean,Mean,7.17
947,698,D24HourMean,QuarterlyMean,Mean,7.69
955,706,D24HourMean,QuarterlyMean,Mean,8.86
939,683,D24HourMean,QuarterlyMean,Mean,8.62
940,693,D24HourMean,QuarterlyMean,Mean,8.10
942,694,D24HourMean,QuarterlyMean,Mean,8.74
937,685,D24HourMean,QuarterlyMean,Mean,8.81
947,679,D24HourMean,QuarterlyMean,Mean,6.94
960,675,D24HourMean,QuarterlyMean,Mean,10.71
937,687,D24HourMean,QuarterlyMean,Mean,8.04
949,703,D24HourMean,QuarterlyMean,Mean,9.34
936,688,D24HourMean,QuarterlyMean,Mean,7.90
938,677,D24HourMean,QuarterlyMean,Mean,8.13
939,687,D24HourMean,QuarterlyMean,Mean,10.20
957,684,D24HourMean,QuarterlyMean,Mean,8.17
954,700,D24HourMean,QuarterlyMean,Mean,8.04
965,689,D24HourMean,QuarterlyMean,Mean,8.55
963,681,D24HourMean,QuarterlyMean,Mean,7.76
957,695,D24HourMean,QuarterlyMean,Mean,7.80
966,704,D24HourMean,QuarterlyMean,Mean,7.35
944,673,D24HourMean,QuarterlyMean,Mean,8.36
940,688,D24HourMean,QuarterlyMean,Mean,9.12
944,681,D24HourMean,QuarterlyMean,Mean,7.69
955,701,D24HourMean,QuarterlyMean,Mean,7.24
957,693,D24HourMean,QuarterlyMean,Mean,8.11
950,688,D24HourMean,QuarterlyMean,Mean,7.73
944,679,D24HourMean,QuarterlyMean,Mean,7.12
943,691,D24HourMean,QuarterlyMean,Mean,7.83
952,689,D24HourMean,QuarterlyMean,Mean,7.45
937,677,D24HourMean,QuarterlyMean,Mean,7.54
964,694,D24HourMean,QuarterlyMean,Mean,7.87
962,703,D24HourMean,QuarterlyMean,Mean,8.72
959,699,D24HourMean,QuarterlyMean,Mean,7.64
955,672,D24HourMean,QuarterlyMean,Mean,8.48
961,691,D24HourMean,QuarterlyMean,Mean,8.17
955,684,D24HourMean,QuarterlyMean,Mean,8.55
963,688,D24HourMean,QuarterlyMean,Mean,7.15
934,693,D24HourMean,QuarterlyMean,Mean,6.64
963,687,D24HourMean,QuarterlyMean,Mean,7.17
943,699,D24HourMean,QuarterlyMean,Mean,7.92
940,674,D24HourMean,QuarterlyMean,Mean,8.34
949,687,D24HourMean,QuarterlyMean,Mean,7.89
946,679,D24HourMean,QuarterlyMean,Mean,6.92
936,696,D24HourMean,QuarterlyMean,Mean,8.65
958,703,D24HourMean,QuarterlyMean,Mean,8.03
956,702,D24HourMean,QuarterlyMean,Mean,7.62
944,684,D24HourMean,QuarterlyMean,Mean,7.26
960,695,D24HourMean,QuarterlyMean,Mean,7.17
939,677,D24HourMean,QuarterlyMean,Mean,8.72
943,694,D24HourMean,QuarterlyMean,Mean,8.74
947,692,D24HourMean,QuarterlyMean,Mean,7.19
948,688,D24HourMean,QuarterlyMean,Mean,8.13
952,678,D24HourMean,QuarterlyMean,Mean,7.10
939,675,D24HourMean,QuarterlyMean,Mean,8.22
962,688,D24HourMean,QuarterlyMean,Mean,7.61
963,695,D24HourMean,QuarterlyMean,Mean,7.89
952,687,D24HourMean,QuarterlyMean,Mean,7.34
965,701,D24HourMean,QuarterlyMean,Mean,7.52
963,698,D24HourMean,QuarterlyMean,Mean,7.20
937,686,D24HourMean,QuarterlyMean,Mean,7.90
953,683,D24HourMean,QuarterlyMean,Mean,7.71
955,692,D24HourMean,QuarterlyMean,Mean,7.05
944,678,D24HourMean,QuarterlyMean,Mean,-1.51
933,691,D24HourMean,QuarterlyMean,Mean,7.47
966,707,D24HourMean,QuarterlyMean,Mean,8.32
955,699,D24HourMean,QuarterlyMean,Mean,7.55
966,705,D24HourMean,QuarterlyMean,Mean,7.21
942,681,D24HourMean,QuarterlyMean,Mean,9.94
950,682,D24HourMean,QuarterlyMean,Mean,7.50
940,696,D24HourMean,QuarterlyMean,Mean,8.56
933,684,D24HourMean,QuarterlyMean,Mean,9.31
934,696,D24HourMean,QuarterlyMean,Mean,8.37
964,693,D24HourMean,QuarterlyMean,Mean,8.23
932,687,D24HourMean,QuarterlyMean,Mean,7.62
941,693,D24HourMean,QuarterlyMean,Mean,8.04
964,697,D24HourMean,QuarterlyMean,Mean,8.25
953,702,D24HourMean,QuarterlyMean,Mean,7.15
953,698,D24HourMean,QuarterlyMean,Mean,7.22
934,690,D24HourMean,QuarterlyMean,Mean,7.96
962,671,D24HourMean,QuarterlyMean,Mean,9.34
952,691,D24HourMean,QuarterlyMean,Mean,9.20
957,703,D24HourMean,QuarterlyMean,Mean,7.85
930,685,D24HourMean,QuarterlyMean,Mean,10.50
936,681,D24HourMean,QuarterlyMean,Mean,7.89
962,679,D24HourMean,QuarterlyMean,Mean,7.56
953,700,D24HourMean,QuarterlyMean,Mean,8.15
967,704,D24HourMean,QuarterlyMean,Mean,8.03
957,699,D24HourMean,QuarterlyMean,Mean,8.43
948,690,D24HourMean,QuarterlyMean,Mean,7.10
949,682,D24HourMean,QuarterlyMean,Mean,7.61
932,683,D24HourMean,QuarterlyMean,Mean,9.08
947,684,D24HourMean,QuarterlyMean,Mean,8.22
962,706,D24HourMean,QuarterlyMean,Mean,8.37
951,681,D24HourMean,QuarterlyMean,Mean,7.76
938,691,D24HourMean,QuarterlyMean,Mean,6.43
956,675,D24HourMean,QuarterlyMean,Mean,7.78
954,682,D24HourMean,QuarterlyMean,Mean,6.83
933,682,D24HourMean,QuarterlyMean,Mean,10.30
951,675,D24HourMean,QuarterlyMean,Mean,6.78
948,692,D24HourMean,QuarterlyMean,Mean,7.15
961,674,D24HourMean,QuarterlyMean,Mean,9.58
944,672,D24HourMean,QuarterlyMean,Mean,8.01
958,686,D24HourMean,QuarterlyMean,Mean,8.36
933,681,D24HourMean,QuarterlyMean,Mean,7.77
958,692,D24HourMean,QuarterlyMean,Mean,7.50
951,697,D24HourMean,QuarterlyMean,Mean,7.69
956,676,D24HourMean,QuarterlyMean,Mean,7.56
958,687,D24HourMean,QuarterlyMean,Mean,8.81
956,685,D24HourMean,QuarterlyMean,Mean,8.65
951,673,D24HourMean,QuarterlyMean,Mean,5.73
956,698,D24HourMean,QuarterlyMean,Mean,7.73
941,687,D24HourMean,QuarterlyMean,Mean,7.57
932,691,D24HourMean,QuarterlyMean,Mean,8.65
966,706,D24HourMean,QuarterlyMean,Mean,7.26
959,678,D24HourMean,QuarterlyMean,Mean,8.36
939,684,D24HourMean,QuarterlyMean,Mean,8.13
946,676,D24HourMean,QuarterlyMean,Mean,-1.47
939,691,D24HourMean,QuarterlyMean,Mean,7.01
958,683,D24HourMean,QuarterlyMean,Mean,7.10
944,692,D24HourMean,QuarterlyMean,Mean,6.46
949,692,D24HourMean,QuarterlyMean,Mean,6.82
944,680,D24HourMean,QuarterlyMean,Mean,7.38
957,679,D24HourMean,QuarterlyMean,Mean,9.07
970,681,D24HourMean,QuarterlyMean,Mean,8.73
964,692,D24HourMean,QuarterlyMean,Mean,7.71
939,678,D24HourMean,QuarterlyMean,Mean,7.85
949,680,D24HourMean,QuarterlyMean,Mean,7.43
960,672,D24HourMean,QuarterlyMean,Mean,9.43
960,700,D24HourMean,QuarterlyMean,Mean,7.73
953,686,D24HourMean,QuarterlyMean,Mean,8.11
958,688,D24HourMean,QuarterlyMean,Mean,8.81
961,677,D24HourMean,QuarterlyMean,Mean,7.03
957,704,D24HourMean,QuarterlyMean,Mean,8.18
946,692,D24HourMean,QuarterlyMean,Mean,7.17
958,695,D24HourMean,QuarterlyMean,Mean,7.68
952,699,D24HourMean,QuarterlyMean,Mean,7.62
961,679,D24HourMean,QuarterlyMean,Mean,7.92
967,705,D24HourMean,QuarterlyMean,Mean,7.82
942,683,D24HourMean,QuarterlyMean,Mean,8.01
925,689,D24HourMean,QuarterlyMean,Mean,8.10
939,688,D24HourMean,QuarterlyMean,Mean,10.50
946,685,D24HourMean,QuarterlyMean,Mean,7.76
950,684,D24HourMean,QuarterlyMean,Mean,6.94
965,703,D24HourMean,QuarterlyMean,Mean,7.52
957,706,D24HourMean,QuarterlyMean,Mean,8.67
958,691,D24HourMean,QuarterlyMean,Mean,6.92
962,675,D24HourMean,QuarterlyMean,Mean,7.66
968,702,D24HourMean,QuarterlyMean,Mean,8.33
938,686,D24HourMean,QuarterlyMean,Mean,7.41
956,705,D24HourMean,QuarterlyMean,Mean,7.96
946,678,D24HourMean,QuarterlyMean,Mean,5.52
926,688,D24HourMean,QuarterlyMean,Mean,10.32
943,672,D24HourMean,QuarterlyMean,Mean,8.12
947,677,D24HourMean,QuarterlyMean,Mean,4.00
946,673,D24HourMean,QuarterlyMean,Mean,5.79
934,686,D24HourMean,QuarterlyMean,Mean,8.77
966,700,D24HourMean,QuarterlyMean,Mean,7.85
941,673,D24HourMean,QuarterlyMean,Mean,7.98
961,692,D24HourMean,QuarterlyMean,Mean,7.92
938,690,D24HourMean,QuarterlyMean,Mean,7.89
962,682,D24HourMean,QuarterlyMean,Mean,7.61
934,691,D24HourMean,QuarterlyMean,Mean,7.40
942,697,D24HourMean,QuarterlyMean,Mean,8.89
936,691,D24HourMean,QuarterlyMean,Mean,6.78
941,676,D24HourMean,QuarterlyMean,Mean,8.89
938,683,D24HourMean,QuarterlyMean,Mean,8.67
953,690,D24HourMean,QuarterlyMean,Mean,9.94
956,687,D24HourMean,QuarterlyMean,Mean,7.78
937,684,D24HourMean,QuarterlyMean,Mean,8.13
937,683,D24HourMean,QuarterlyMean,Mean,7.17
951,706,D24HourMean,QuarterlyMean,Mean,8.36
958,699,D24HourMean,QuarterlyMean,Mean,7.94
962,700,D24HourMean,QuarterlyMean,Mean,8.39
940,679,D24HourMean,QuarterlyMean,Mean,7.69
958,685,D24HourMean,QuarterlyMean,Mean,8.15
943,689,D24HourMean,QuarterlyMean,Mean,7.82
940,686,D24HourMean,QuarterlyMean,Mean,8.58
937,696,D24HourMean,QuarterlyMean,Mean,8.17
944,676,D24HourMean,QuarterlyMean,Mean,7.75
952,684,D24HourMean,QuarterlyMean,Mean,8.11
947,676,D24HourMean,QuarterlyMean,Mean,-1.45
956,690,D24HourMean,QuarterlyMean,Mean,8.32
966,709,D24HourMean,QuarterlyMean,Mean,7.63
944,685,D24HourMean,QuarterlyMean,Mean,6.48
956,692,D24HourMean,QuarterlyMean,Mean,7.73
939,694,D24HourMean,QuarterlyMean,Mean,8.70
955,680,D24HourMean,QuarterlyMean,Mean,8.13
950,674,D24HourMean,QuarterlyMean,Mean,-1.40
956,691,D24HourMean,QuarterlyMean,Mean,7.57
934,694,D24HourMean,QuarterlyMean,Mean,7.89
951,685,D24HourMean,QuarterlyMean,Mean,7.78
960,690,D24HourMean,QuarterlyMean,Mean,8.06
951,684,D24HourMean,QuarterlyMean,Mean,7.38
942,679,D24HourMean,QuarterlyMean,Mean,7.68
965,706,D24HourMean,QuarterlyMean,Mean,6.92
958,680,D24HourMean,QuarterlyMean,Mean,8.20
951,686,D24HourMean,QuarterlyMean,Mean,8.08
938,681,D24HourMean,QuarterlyMean,Mean,8.82
947,681,D24HourMean,QuarterlyMean,Mean,6.80
935,690,D24HourMean,QuarterlyMean,Mean,6.96
939,699,D24HourMean,QuarterlyMean,Mean,8.63
930,688,D24HourMean,QuarterlyMean,Mean,12.85
957,669,D24HourMean,QuarterlyMean,Mean,8.77
952,674,D24HourMean,QuarterlyMean,Mean,7.84
947,687,D24HourMean,QuarterlyMean,Mean,7.57
966,708,D24HourMean,QuarterlyMean,Mean,7.71
932,689,D24HourMean,QuarterlyMean,Mean,8.03
951,704,D24HourMean,QuarterlyMean,Mean,7.50
939,697,D24HourMean,QuarterlyMean,Mean,8.10
957,694,D24HourMean,QuarterlyMean,Mean,8.11
936,685,D24HourMean,QuarterlyMean,Mean,8.72
960,669,D24HourMean,QuarterlyMean,Mean,7.72
933,696,D24HourMean,QuarterlyMean,Mean,9.50
965,699,D24HourMean,QuarterlyMean,Mean,9.70
947,696,D24HourMean,QuarterlyMean,Mean,8.77
960,693,D24HourMean,QuarterlyMean,Mean,7.78
947,695,D24HourMean,QuarterlyMean,Mean,8.93
932,688,D24HourMean,QuarterlyMean,Mean,7.27
941,688,D24HourMean,QuarterlyMean,Mean,7.59
952,679,D24HourMean,QuarterlyMean,Mean,7.24
960,679,D24HourMean,QuarterlyMean,Mean,7.36
950,702,D24HourMean,QuarterlyMean,Mean,7.61
948,674,D24HourMean,QuarterlyMean,Mean,-1.43
961,695,D24HourMean,QuarterlyMean,Mean,8.43
949,700,D24HourMean,QuarterlyMean,Mean,7.24
955,690,D24HourMean,QuarterlyMean,Mean,8.63
944,694,D24HourMean,QuarterlyMean,Mean,8.81
939,681,D24HourMean,QuarterlyMean,Mean,9.36
940,697,D24HourMean,QuarterlyMean,Mean,8.04
946,691,D24HourMean,QuarterlyMean,Mean,7.34
950,686,D24HourMean,QuarterlyMean,Mean,7.33
955,698,D24HourMean,QuarterlyMean,Mean,7.52
961,698,D24HourMean,QuarterlyMean,Mean,7.83
937,679,D24HourMean,QuarterlyMean,Mean,7.26
958,675,D24HourMean,QuarterlyMean,Mean,7.06
961,705,D24HourMean,QuarterlyMean,Mean,9.01
940,691,D24HourMean,QuarterlyMean,Mean,7.15
934,692,D24HourMean,QuarterlyMean,Mean,7.31
933,690,D24HourMean,QuarterlyMean,Mean,7.66
952,680,D24HourMean,QuarterlyMean,Mean,6.96
952,685,D24HourMean,QuarterlyMean,Mean,7.83
960,674,D24HourMean,QuarterlyMean,Mean,11.89
957,685,D24HourMean,QuarterlyMean,Mean,8.46
953,679,D24HourMean,QuarterlyMean,Mean,7.42
940,685,D24HourMean,QuarterlyMean,Mean,8.74
949,676,D24HourMean,QuarterlyMean,Mean,6.27
961,678,D24HourMean,QuarterlyMean,Mean,6.92
961,697,D24HourMean,QuarterlyMean,Mean,8.22
932,682,D24HourMean,QuarterlyMean,Mean,7.91
929,684,D24HourMean,QuarterlyMean,Mean,8.89
953,680,D24HourMean,QuarterlyMean,Mean,7.56
960,703,D24HourMean,QuarterlyMean,Mean,8.75
942,689,D24HourMean,QuarterlyMean,Mean,7.69
964,706,D24HourMean,QuarterlyMean,Mean,6.98
950,690,D24HourMean,QuarterlyMean,Mean,6.89
939,693,D24HourMean,QuarterlyMean,Mean,7.82
961,690,D24HourMean,QuarterlyMean,Mean,7.83
947,693,D24HourMean,QuarterlyMean,Mean,6.57
960,704,D24HourMean,QuarterlyMean,Mean,8.63
936,695,D24HourMean,QuarterlyMean,Mean,9.12
953,689,D24HourMean,QuarterlyMean,Mean,8.53
940,689,D24HourMean,QuarterlyMean,Mean,7.85
954,693,D24HourMean,QuarterlyMean,Mean,6.82
946,688,D24HourMean,QuarterlyMean,Mean,7.89
963,706,D24HourMean,QuarterlyMean,Mean,7.54
958,676,D24HourMean,QuarterlyMean,Mean,6.99
952,681,D24HourMean,QuarterlyMean,Mean,6.68
946,683,D24HourMean,QuarterlyMean,Mean,6.32
951,703,D24HourMean,QuarterlyMean,Mean,7.52
937,678,D24HourMean,QuarterlyMean,Mean,7.76
952,703,D24HourMean,QuarterlyMean,Mean,6.34
955,703,D24HourMean,QuarterlyMean,Mean,7.36
959,670,D24HourMean,QuarterlyMean,Mean,8.10
938,679,D24HourMean,QuarterlyMean,Mean,7.20
930,687,D24HourMean,QuarterlyMean,Mean,8.89
941,695,D24HourMean,QuarterlyMean,Mean,9.20
960,684,D24HourMean,QuarterlyMean,Mean,9.91
952,683,D24HourMean,QuarterlyMean,Mean,7.66
951,695,D24HourMean,QuarterlyMean,Mean,7.85
937,690,D24HourMean,QuarterlyMean,Mean,6.89
952,695,D24HourMean,QuarterlyMean,Mean,7.62
961,681,D24HourMean,QuarterlyMean,Mean,7.40
949,701,D24HourMean,QuarterlyMean,Mean,7.68
946,689,D24HourMean,QuarterlyMean,Mean,7.50
965,695,D24HourMean,QuarterlyMean,Mean,8.72
953,696,D24HourMean,QuarterlyMean,Mean,8.53
942,672,D24HourMean,QuarterlyMean,Mean,7.64
954,686,D24HourMean,QuarterlyMean,Mean,7.71
965,688,D24HourMean,QuarterlyMean,Mean,7.99
943,688,D24HourMean,QuarterlyMean,Mean,7.80
959,681,D24HourMean,QuarterlyMean,Mean,7.63
946,696,D24HourMean,QuarterlyMean,Mean,7.80
939,682,D24HourMean,QuarterlyMean,Mean,9.82
938,680,D24HourMean,QuarterlyMean,Mean,8.18
956,684,D24HourMean,QuarterlyMean,Mean,8.82
934,685,D24HourMean,QuarterlyMean,Mean,8.81
937,691,D24HourMean,QuarterlyMean,Mean,6.48
959,673,D24HourMean,QuarterlyMean,Mean,12.47
962,704,D24HourMean,QuarterlyMean,Mean,8.29
944,686,D24HourMean,QuarterlyMean,Mean,7.15
935,680,D24HourMean,QuarterlyMean,Mean,8.39
960,694,D24HourMean,QuarterlyMean,Mean,7.78
958,669,D24HourMean,QuarterlyMean,Mean,9.10
952,692,D24HourMean,QuarterlyMean,Mean,7.54
949,671,D24HourMean,QuarterlyMean,Mean,9.46
960,697,D24HourMean,QuarterlyMean,Mean,7.48
964,701,D24HourMean,QuarterlyMean,Mean,7.26
956,678,D24HourMean,QuarterlyMean,Mean,7.59
946,675,D24HourMean,QuarterlyMean,Mean,5.39
960,677,D24HourMean,QuarterlyMean,Mean,8.65
948,673,D24HourMean,QuarterlyMean,Mean,-1.43
950,687,D24HourMean,QuarterlyMean,Mean,6.78
941,674,D24HourMean,QuarterlyMean,Mean,8.58
950,671,D24HourMean,QuarterlyMean,Mean,9.48
954,690,D24HourMean,QuarterlyMean,Mean,9.82
942,691,D24HourMean,QuarterlyMean,Mean,6.57
963,683,D24HourMean,QuarterlyMean,Mean,7.45
953,685,D24HourMean,QuarterlyMean,Mean,8.10
957,672,D24HourMean,QuarterlyMean,Mean,8.91
957,686,D24HourMean,QuarterlyMean,Mean,7.31
943,678,D24HourMean,QuarterlyMean,Mean,4.33
952,673,D24HourMean,QuarterlyMean,Mean,7.78
956,689,D24HourMean,QuarterlyMean,Mean,7.89
938,685,D24HourMean,QuarterlyMean,Mean,8.01
962,678,D24HourMean,QuarterlyMean,Mean,7.91
961,699,D24HourMean,QuarterlyMean,Mean,8.22
946,674,D24HourMean,QuarterlyMean,Mean,7.54
954,681,D24HourMean,QuarterlyMean,Mean,8.11
938,694,D24HourMean,QuarterlyMean,Mean,8.65
945,683,D24HourMean,QuarterlyMean,Mean,6.75
946,681,D24HourMean,QuarterlyMean,Mean,6.44
962,689,D24HourMean,QuarterlyMean,Mean,7.80
959,701,D24HourMean,QuarterlyMean,Mean,8.15
950,700,D24HourMean,QuarterlyMean,Mean,7.12
956,670,D24HourMean,QuarterlyMean,Mean,8.70
959,695,D24HourMean,QuarterlyMean,Mean,7.31
943,697,D24HourMean,QuarterlyMean,Mean,8.67
959,684,D24HourMean,QuarterlyMean,Mean,9.69
942,675,D24HourMean,QuarterlyMean,Mean,10.59
951,698,D24HourMean,QuarterlyMean,Mean,7.38
965,690,D24HourMean,QuarterlyMean,Mean,7.43
944,675,D24HourMean,QuarterlyMean,Mean,7.82
944,696,D24HourMean,QuarterlyMean,Mean,8.32
967,701,D24HourMean,QuarterlyMean,Mean,8.13
954,703,D24HourMean,QuarterlyMean,Mean,7.26
963,704,D24HourMean,QuarterlyMean,Mean,8.49
961,671,D24HourMean,QuarterlyMean,Mean,9.31
951,692,D24HourMean,QuarterlyMean,Mean,8.06
958,700,D24HourMean,QuarterlyMean,Mean,8.03
935,685,D24HourMean,QuarterlyMean,Mean,8.91
941,692,D24HourMean,QuarterlyMean,Mean,8.25
963,694,D24HourMean,QuarterlyMean,Mean,6.92
963,693,D24HourMean,QuarterlyMean,Mean,7.97
951,702,D24HourMean,QuarterlyMean,Mean,7.31
959,694,D24HourMean,QuarterlyMean,Mean,7.47
954,687,D24HourMean,QuarterlyMean,Mean,6.60
948,681,D24HourMean,QuarterlyMean,Mean,6.53
952,701,D24HourMean,QuarterlyMean,Mean,7.47
953,697,D24HourMean,QuarterlyMean,Mean,8.51
950,673,D24HourMean,QuarterlyMean,Mean,-1.40
962,701,D24HourMean,QuarterlyMean,Mean,8.18
955,688,D24HourMean,QuarterlyMean,Mean,7.17
952,698,D24HourMean,QuarterlyMean,Mean,7.43
948,700,D24HourMean,QuarterlyMean,Mean,9.92
943,682,D24HourMean,QuarterlyMean,Mean,8.41
954,673,D24HourMean,QuarterlyMean,Mean,8.27
963,699,D24HourMean,QuarterlyMean,Mean,7.75
951,694,D24HourMean,QuarterlyMean,Mean,7.59
944,690,D24HourMean,QuarterlyMean,Mean,8.01
941,679,D24HourMean,QuarterlyMean,Mean,8.79
943,671,D24HourMean,QuarterlyMean,Mean,7.40
963,702,D24HourMean,QuarterlyMean,Mean,8.10
941,678,D24HourMean,QuarterlyMean,Mean,7.40
963,700,D24HourMean,QuarterlyMean,Mean,7.99
927,688,D24HourMean,QuarterlyMean,Mean,10.45
939,690,D24HourMean,QuarterlyMean,Mean,7.52
955,694,D24HourMean,QuarterlyMean,Mean,6.83
937,689,D24HourMean,QuarterlyMean,Mean,7.20
961,706,D24HourMean,QuarterlyMean,Mean,9.22
947,689,D24HourMean,QuarterlyMean,Mean,7.80
958,689,D24HourMean,QuarterlyMean,Mean,8.53
947,675,D24HourMean,QuarterlyMean,Mean,10.90
955,696,D24HourMean,QuarterlyMean,Mean,6.94
939,680,D24HourMean,QuarterlyMean,Mean,8.13
954,677,D24HourMean,QuarterlyMean,Mean,7.20
942,698,D24HourMean,QuarterlyMean,Mean,9.00
938,682,D24HourMean,QuarterlyMean,Mean,8.81
938,692,D24HourMean,QuarterlyMean,Mean,7.40
948,671,D24HourMean,QuarterlyMean,Mean,8.70
929,688,D24HourMean,QuarterlyMean,Mean,14.13
954,683,D24HourMean,QuarterlyMean,Mean,7.43
956,693,D24HourMean,QuarterlyMean,Mean,7.73
963,684,D24HourMean,QuarterlyMean,Mean,7.94
944,687,D24HourMean,QuarterlyMean,Mean,7.48
944,691,D24HourMean,QuarterlyMean,Mean,7.78
952,705,D24HourMean,QuarterlyMean,Mean,7.94
964,704,D24HourMean,QuarterlyMean,Mean,8.41
952,670,D24HourMean,QuarterlyMean,Mean,8.88
956,697,D24HourMean,QuarterlyMean,Mean,7.85
954,697,D24HourMean,QuarterlyMean,Mean,8.15
943,676,D24HourMean,QuarterlyMean,Mean,6.27
950,683,D24HourMean,QuarterlyMean,Mean,7.56
931,684,D24HourMean,QuarterlyMean,Mean,10.44
951,676,D24HourMean,QuarterlyMean,Mean,7.19
951,682,D24HourMean,QuarterlyMean,Mean,6.83
963,697,D24HourMean,QuarterlyMean,Mean,7.54
962,694,D24HourMean,QuarterlyMean,Mean,6.82
948,672,D24HourMean,QuarterlyMean,Mean,-1.43
964,702,D24HourMean,QuarterlyMean,Mean,7.29
933,686,D24HourMean,QuarterlyMean,Mean,7.15
963,668,D24HourMean,QuarterlyMean,Mean,8.80
940,683,D24HourMean,QuarterlyMean,Mean,8.79
955,678,D24HourMean,QuarterlyMean,Mean,6.36
949,693,D24HourMean,QuarterlyMean,Mean,6.98
949,673,D24HourMean,QuarterlyMean,Mean,-1.42
950,694,D24HourMean,QuarterlyMean,Mean,7.05
957,705,D24HourMean,QuarterlyMean,Mean,8.44
948,682,D24HourMean,QuarterlyMean,Mean,7.59
948,697,D24HourMean,QuarterlyMean,Mean,8.60
955,676,D24HourMean,QuarterlyMean,Mean,7.56
962,674,D24HourMean,QuarterlyMean,Mean,8.50
961,675,D24HourMean,QuarterlyMean,Mean,7.84
948,675,D24HourMean,QuarterlyMean,Mean,-1.43
947,680,D24HourMean,QuarterlyMean,Mean,7.15
960,696,D24HourMean,QuarterlyMean,Mean,7.01
937,693,D24HourMean,QuarterlyMean,Mean,8.55
965,707,D24HourMean,QuarterlyMean,Mean,7.42
932,685,D24HourMean,QuarterlyMean,Mean,8.70
947,697,D24HourMean,QuarterlyMean,Mean,8.48
961,676,D24HourMean,QuarterlyMean,Mean,7.73
961,694,D24HourMean,QuarterlyMean,Mean,7.73
939,698,D24HourMean,QuarterlyMean,Mean,8.60
959,693,D24HourMean,QuarterlyMean,Mean,7.47
929,689,D24HourMean,QuarterlyMean,Mean,14.28
958,682,D24HourMean,QuarterlyMean,Mean,7.54
946,693,D24HourMean,QuarterlyMean,Mean,6.50
955,670,D24HourMean,QuarterlyMean,Mean,10.01
928,687,D24HourMean,QuarterlyMean,Mean,11.96
933,697,D24HourMean,QuarterlyMean,Mean,9.60
958,694,D24HourMean,QuarterlyMean,Mean,7.82
935,678,D24HourMean,QuarterlyMean,Mean,7.12
946,694,D24HourMean,QuarterlyMean,Mean,6.36
961,687,D24HourMean,QuarterlyMean,Mean,7.50
956,704,D24HourMean,QuarterlyMean,Mean,7.68
957,700,D24HourMean,QuarterlyMean,Mean,7.90
951,688,D24HourMean,QuarterlyMean,Mean,6.46
954,675,D24HourMean,QuarterlyMean,Mean,7.84
963,690,D24HourMean,QuarterlyMean,Mean,7.47
939,689,D24HourMean,QuarterlyMean,Mean,8.23
944,699,D24HourMean,QuarterlyMean,Mean,7.69
946,690,D24HourMean,QuarterlyMean,Mean,7.01
939,695,D24HourMean,QuarterlyMean,Mean,8.72
950,695,D24HourMean,QuarterlyMean,Mean,7.38
964,696,D24HourMean,QuarterlyMean,Mean,7.78
930,689,D24HourMean,QuarterlyMean,Mean,13.05
957,692,D24HourMean,QuarterlyMean,Mean,7.90
947,682,D24HourMean,QuarterlyMean,Mean,7.73
961,702,D24HourMean,QuarterlyMean,Mean,8.53
957,671,D24HourMean,QuarterlyMean,Mean,8.46
938,689,D24HourMean,QuarterlyMean,Mean,9.22
944,677,D24HourMean,QuarterlyMean,Mean,-1.49
952,704,D24HourMean,QuarterlyMean,Mean,7.05
938,676,D24HourMean,QuarterlyMean,Mean,7.24
942,676,D24HourMean,QuarterlyMean,Mean,9.53
950,675,D24HourMean,QuarterlyMean,Mean,6.29
935,683,D24HourMean,QuarterlyMean,Mean,7.75
948,691,D24HourMean,QuarterlyMean,Mean,7.20
963,685,D24HourMean,QuarterlyMean,Mean,8.03
951,678,D24HourMean,QuarterlyMean,Mean,7.54
954,671,D24HourMean,QuarterlyMean,Mean,8.48
956,681,D24HourMean,QuarterlyMean,Mean,7.01
959,679,D24HourMean,QuarterlyMean,Mean,7.85
938,684,D24HourMean,QuarterlyMean,Mean,8.89
941,691,D24HourMean,QuarterlyMean,Mean,7.10
955,687,D24HourMean,QuarterlyMean,Mean,7.61
955,671,D24HourMean,QuarterlyMean,Mean,9.20
961,684,D24HourMean,QuarterlyMean,Mean,7.84
938,687,D24HourMean,QuarterlyMean,Mean,9.94
950,678,D24HourMean,QuarterlyMean,Mean,7.42
936,678,D24HourMean,QuarterlyMean,Mean,7.54
945,676,D24HourMean,QuarterlyMean,Mean,7.31
945,675,D24HourMean,QuarterlyMean,Mean,7.77
951,690,D24HourMean,QuarterlyMean,Mean,7.12
962,680,D24HourMean,QuarterlyMean,Mean,7.17
949,698,D24HourMean,QuarterlyMean,Mean,7.13
936,693,D24HourMean,QuarterlyMean,Mean,7.15
945,687,D24HourMean,QuarterlyMean,Mean,7.82
945,680,D24HourMean,QuarterlyMean,Mean,6.66
951,677,D24HourMean,QuarterlyMean,Mean,7.36
936,697,D24HourMean,QuarterlyMean,Mean,8.70
960,681,D24HourMean,QuarterlyMean,Mean,7.35
928,689,D24HourMean,QuarterlyMean,Mean,10.91
940,692,D24HourMean,QuarterlyMean,Mean,7.92
959,688,D24HourMean,QuarterlyMean,Mean,8.60
947,673,D24HourMean,QuarterlyMean,Mean,-1.45
957,687,D24HourMean,QuarterlyMean,Mean,7.64
932,684,D24HourMean,QuarterlyMean,Mean,10.64
944,689,D24HourMean,QuarterlyMean,Mean,7.92
939,685,D24HourMean,QuarterlyMean,Mean,8.56
959,706,D24HourMean,QuarterlyMean,Mean,9.08
953,684,D24HourMean,QuarterlyMean,Mean,7.94
940,675,D24HourMean,QuarterlyMean,Mean,8.46
950,691,D24HourMean,QuarterlyMean,Mean,7.75
961,670,D24HourMean,QuarterlyMean,Mean,8.32
960,692,D24HourMean,QuarterlyMean,Mean,7.52
935,692,D24HourMean,QuarterlyMean,Mean,7.13
946,671,D24HourMean,QuarterlyMean,Mean,8.50
962,685,D24HourMean,QuarterlyMean,Mean,8.10
957,701,D24HourMean,QuarterlyMean,Mean,7.43
946,684,D24HourMean,QuarterlyMean,Mean,7.27
950,705,D24HourMean,QuarterlyMean,Mean,7.22
947,688,D24HourMean,QuarterlyMean,Mean,7.80
937,681,D24HourMean,QuarterlyMean,Mean,8.43
938,695,D24HourMean,QuarterlyMean,Mean,8.39
953,694,D24HourMean,QuarterlyMean,Mean,7.10
966,702,D24HourMean,QuarterlyMean,Mean,6.98
957,680,D24HourMean,QuarterlyMean,Mean,8.03
967,709,D24HourMean,QuarterlyMean,Mean,7.31
955,689,D24HourMean,QuarterlyMean,Mean,7.71
956,688,D24HourMean,QuarterlyMean,Mean,6.80
961,693,D24HourMean,QuarterlyMean,Mean,7.73
927,686,D24HourMean,QuarterlyMean,Mean,9.62
952,677,D24HourMean,QuarterlyMean,Mean,7.31
957,681,D24HourMean,QuarterlyMean,Mean,7.10
935,682,D24HourMean,QuarterlyMean,Mean,7.96
964,705,D24HourMean,QuarterlyMean,Mean,7.20
963,682,D24HourMean,QuarterlyMean,Mean,7.38
963,701,D24HourMean,QuarterlyMean,Mean,8.04
943,679,D24HourMean,QuarterlyMean,Mean,8.88
945,696,D24HourMean,QuarterlyMean,Mean,7.47
935,695,D24HourMean,QuarterlyMean,Mean,8.96
934,687,D24HourMean,QuarterlyMean,Mean,7.75
941,686,D24HourMean,QuarterlyMean,Mean,7.47
927,687,D24HourMean,QuarterlyMean,Mean,8.29
961,696,D24HourMean,QuarterlyMean,Mean,6.60
937,695,D24HourMean,QuarterlyMean,Mean,8.65
961,703,D24HourMean,QuarterlyMean,Mean,8.58
942,695,D24HourMean,QuarterlyMean,Mean,9.48
966,703,D24HourMean,QuarterlyMean,Mean,7.56
945,698,D24HourMean,QuarterlyMean,Mean,6.90
926,687,D24HourMean,QuarterlyMean,Mean,7.12
952,671,D24HourMean,QuarterlyMean,Mean,4.96
952,676,D24HourMean,QuarterlyMean,Mean,7.71
958,672,D24HourMean,QuarterlyMean,Mean,8.76
960,702,D24HourMean,QuarterlyMean,Mean,8.41
964,688,D24HourMean,QuarterlyMean,Mean,8.20
958,673,D24HourMean,QuarterlyMean,Mean,8.38
954,688,D24HourMean,QuarterlyMean,Mean,7.26
937,688,D24HourMean,QuarterlyMean,Mean,8.49
962,670,D24HourMean,QuarterlyMean,Mean,8.77
965,700,D24HourMean,QuarterlyMean,Mean,7.99
945,691,D24HourMean,QuarterlyMean,Mean,7.48
942,684,D24HourMean,QuarterlyMean,Mean,8.62
950,677,D24HourMean,QuarterlyMean,Mean,7.10
935,686,D24HourMean,QuarterlyMean,Mean,8.86
937,680,D24HourMean,QuarterlyMean,Mean,8.75
942,685,D24HourMean,QuarterlyMean,Mean,7.26
954,674,D24HourMean,QuarterlyMean,Mean,7.99
959,687,D24HourMean,QuarterlyMean,Mean,8.77
949,694,D24HourMean,QuarterlyMean,Mean,7.20
948,693,D24HourMean,QuarterlyMean,Mean,6.80
961,686,D24HourMean,QuarterlyMean,Mean,7.38
948,686,D24HourMean,QuarterlyMean,Mean,7.52
941,684,D24HourMean,QuarterlyMean,Mean,8.06
953,672,D24HourMean,QuarterlyMean,Mean,8.55
945,694,D24HourMean,QuarterlyMean,Mean,7.57
954,706,D24HourMean,QuarterlyMean,Mean,9.44
959,682,D24HourMean,QuarterlyMean,Mean,10.56
946,700,D24HourMean,QuarterlyMean,Mean,9.01
952,672,D24HourMean,QuarterlyMean,Mean,6.13
958,702,D24HourMean,QuarterlyMean,Mean,7.50
960,680,D24HourMean,QuarterlyMean,Mean,7.20
932,686,D24HourMean,QuarterlyMean,Mean,7.89
935,679,D24HourMean,QuarterlyMean,Mean,7.99
941,698,D24HourMean,QuarterlyMean,Mean,8.44
951,707,D24HourMean,QuarterlyMean,Mean,8.08
962,668,D24HourMean,QuarterlyMean,Mean,7.99
967,702,D24HourMean,QuarterlyMean,Mean,7.80
943,696,D24HourMean,QuarterlyMean,Mean,8.51
953,676,D24HourMean,QuarterlyMean,Mean,7.89
935,684,D24HourMean,QuarterlyMean,Mean,8.98
950,692,D24HourMean,QuarterlyMean,Mean,6.99
961,683,D24HourMean,QuarterlyMean,Mean,7.94
965,685,D24HourMean,QuarterlyMean,Mean,7.94
949,704,D24HourMean,QuarterlyMean,Mean,7.71
954,696,D24HourMean,QuarterlyMean,Mean,8.15
955,691,D24HourMean,QuarterlyMean,Mean,7.50
948,701,D24HourMean,QuarterlyMean,Mean,10.28
957,675,D24HourMean,QuarterlyMean,Mean,7.75
936,682,D24HourMean,QuarterlyMean,Mean,7.43
943,683,D24HourMean,QuarterlyMean,Mean,7.73
946,682,D24HourMean,QuarterlyMean,Mean,6.60
948,676,D24HourMean,QuarterlyMean,Mean,2.55
941,690,D24HourMean,QuarterlyMean,Mean,6.76
952,688,D24HourMean,QuarterlyMean,Mean,6.00
942,690,D24HourMean,QuarterlyMean,Mean,7.20
948,702,D24HourMean,QuarterlyMean,Mean,9.67
943,685,D24HourMean,QuarterlyMean,Mean,6.53
949,672,D24HourMean,QuarterlyMean,Mean,-1.42
945,697,D24HourMean,QuarterlyMean,Mean,7.57
935,693,D24HourMean,QuarterlyMean,Mean,6.53
929,686,D24HourMean,QuarterlyMean,Mean,10.69
934,697,D24HourMean,QuarterlyMean,Mean,8.70
933,683,D24HourMean,QuarterlyMean,Mean,9.91
960,686,D24HourMean,QuarterlyMean,Mean,8.50
963,677,D24HourMean,QuarterlyMean,Mean,8.03
954,695,D24HourMean,QuarterlyMean,Mean,7.31
944,695,D24HourMean,QuarterlyMean,Mean,9.05
958,671,D24HourMean,QuarterlyMean,Mean,8.63
952,707,D24HourMean,QuarterlyMean,Mean,9.39
963,703,D24HourMean,QuarterlyMean,Mean,8.29
942,674,D24HourMean,QuarterlyMean,Mean,9.02
959,671,D24HourMean,QuarterlyMean,Mean,11.66
961,668,D24HourMean,QuarterlyMean,Mean,8.74
951,683,D24HourMean,QuarterlyMean,Mean,7.99
957,683,D24HourMean,QuarterlyMean,Mean,7.36
949,685,D24HourMean,QuarterlyMean,Mean,6.66
950,698,D24HourMean,QuarterlyMean,Mean,7.03
943,693,D24HourMean,QuarterlyMean,Mean,7.41
956,686,D24HourMean,QuarterlyMean,Mean,7.99
947,683,D24HourMean,QuarterlyMean,Mean,8.29
954,692,D24HourMean,QuarterlyMean,Mean,6.71
951,687,D24HourMean,QuarterlyMean,Mean,7.12
949,678,D24HourMean,QuarterlyMean,Mean,6.73
958,681,D24HourMean,QuarterlyMean,Mean,7.77
938,696,D24HourMean,QuarterlyMean,Mean,7.73
947,671,D24HourMean,QuarterlyMean,Mean,8.27
961,704,D24HourMean,QuarterlyMean,Mean,8.20
964,700,D24HourMean,QuarterlyMean,Mean,7.41
949,691,D24HourMean,QuarterlyMean,Mean,7.12
947,691,D24HourMean,QuarterlyMean,Mean,7.01
955,705,D24HourMean,QuarterlyMean,Mean,8.30
959,698,D24HourMean,QuarterlyMean,Mean,8.60
961,689,D24HourMean,QuarterlyMean,Mean,8.65
952,700,D24HourMean,QuarterlyMean,Mean,7.87
953,678,D24HourMean,QuarterlyMean,Mean,7.03
954,705,D24HourMean,QuarterlyMean,Mean,8.58
963,676,D24HourMean,QuarterlyMean,Mean,8.08
961,685,D24HourMean,QuarterlyMean,Mean,8.01
940,682,D24HourMean,QuarterlyMean,Mean,9.19
946,695,D24HourMean,QuarterlyMean,Mean,6.94
962,676,D24HourMean,QuarterlyMean,Mean,7.56
950,703,D24HourMean,QuarterlyMean,Mean,7.71
942,680,D24HourMean,QuarterlyMean,Mean,9.51
940,694,D24HourMean,QuarterlyMean,Mean,9.05
956,679,D24HourMean,QuarterlyMean,Mean,7.70
956,701,D24HourMean,QuarterlyMean,Mean,7.29
965,704,D24HourMean,QuarterlyMean,Mean,7.33
946,677,D24HourMean,QuarterlyMean,Mean,6.92
964,698,D24HourMean,QuarterlyMean,Mean,7.68
933,688,D24HourMean,QuarterlyMean,Mean,7.31
948,698,D24HourMean,QuarterlyMean,Mean,7.10
935,696,D24HourMean,QuarterlyMean,Mean,8.34
952,693,D24HourMean,QuarterlyMean,Mean,7.52
953,681,D24HourMean,QuarterlyMean,Mean,7.45
950,681,D24HourMean,QuarterlyMean,Mean,7.17
949,679,D24HourMean,QuarterlyMean,Mean,6.68
951,680,D24HourMean,QuarterlyMean,Mean,7.19
942,688,D24HourMean,QuarterlyMean,Mean,7.43
952,682,D24HourMean,QuarterlyMean,Mean,5.73
942,673,D24HourMean,QuarterlyMean,Mean,9.26
949,696,D24HourMean,QuarterlyMean,Mean,7.73
942,693,D24HourMean,QuarterlyMean,Mean,8.41
956,674,D24HourMean,QuarterlyMean,Mean,8.39
958,697,D24HourMean,QuarterlyMean,Mean,7.94
962,690,D24HourMean,QuarterlyMean,Mean,7.45
949,697,D24HourMean,QuarterlyMean,Mean,7.75
949,683,D24HourMean,QuarterlyMean,Mean,7.20
947,685,D24HourMean,QuarterlyMean,Mean,7.06
954,685,D24HourMean,QuarterlyMean,Mean,8.17
930,684,D24HourMean,QuarterlyMean,Mean,8.91
941,697,D24HourMean,QuarterlyMean,Mean,8.01
960,698,D24HourMean,QuarterlyMean,Mean,8.11
954,680,D24HourMean,QuarterlyMean,Mean,7.94
940,684,D24HourMean,QuarterlyMean,Mean,8.01
935,694,D24HourMean,QuarterlyMean,Mean,8.63
937,697,D24HourMean,QuarterlyMean,Mean,8.62
939,696,D24HourMean,QuarterlyMean,Mean,8.06
950,696,D24HourMean,QuarterlyMean,Mean,7.73
958,701,D24HourMean,QuarterlyMean,Mean,7.87
959,677,D24HourMean,QuarterlyMean,Mean,8.91
940,699,D24HourMean,QuarterlyMean,Mean,9.19
955,681,D24HourMean,QuarterlyMean,Mean,8.01
963,707,D24HourMean,QuarterlyMean,Mean,7.62
947,694,D24HourMean,QuarterlyMean,Mean,8.34
955,675,D24HourMean,QuarterlyMean,Mean,7.89
931,690,D24HourMean,QuarterlyMean,Mean,9.43
945,677,D24HourMean,QuarterlyMean,Mean,-1.49
945,672,D24HourMean,QuarterlyMean,Mean,7.57
942,677,D24HourMean,QuarterlyMean,Mean,8.72
941,685,D24HourMean,QuarterlyMean,Mean,7.64
954,689,D24HourMean,QuarterlyMean,Mean,8.04
965,684,D24HourMean,QuarterlyMean,Mean,7.78
964,699,D24HourMean,QuarterlyMean,Mean,7.69
951,691,D24HourMean,QuarterlyMean,Mean,7.80
960,673,D24HourMean,QuarterlyMean,Mean,13.94
962,687,D24HourMean,QuarterlyMean,Mean,7.49
942,696,D24HourMean,QuarterlyMean,Mean,9.27
957,691,D24HourMean,QuarterlyMean,Mean,6.90
961,672,D24HourMean,QuarterlyMean,Mean,9.48
964,686,D24HourMean,QuarterlyMean,Mean,6.90
929,685,D24HourMean,QuarterlyMean,Mean,9.29
939,676,D24HourMean,QuarterlyMean,Mean,7.84
950,685,D24HourMean,QuarterlyMean,Mean,7.73
958,679,D24HourMean,QuarterlyMean,Mean,8.17
945,695,D24HourMean,QuarterlyMean,Mean,7.54
933,687,D24HourMean,QuarterlyMean,Mean,7.08
945,699,D24HourMean,QuarterlyMean,Mean,9.24
936,686,D24HourMean,QuarterlyMean,Mean,8.08
958,705,D24HourMean,QuarterlyMean,Mean,8.56
949,689,D24HourMean,QuarterlyMean,Mean,7.92
957,697,D24HourMean,QuarterlyMean,Mean,8.03
949,675,D24HourMean,QuarterlyMean,Mean,1.61
932,690,D24HourMean,QuarterlyMean,Mean,7.87
941,683,D24HourMean,QuarterlyMean,Mean,9.32
948,685,D24HourMean,QuarterlyMean,Mean,7.31
943,675,D24HourMean,QuarterlyMean,Mean,8.29
962,697,D24HourMean,QuarterlyMean,Mean,7.97
962,686,D24HourMean,QuarterlyMean,Mean,7.71
957,670,D24HourMean,QuarterlyMean,Mean,8.31
957,696,D24HourMean,QuarterlyMean,Mean,7.87
958,674,D24HourMean,QuarterlyMean,Mean,7.99
960,668,D24HourMean,QuarterlyMean,Mean,8.86
941,681,D24HourMean,QuarterlyMean,Mean,10.35
942,692,D24HourMean,QuarterlyMean,Mean,7.68
934,680,D24HourMean,QuarterlyMean,Mean,8.27
958,690,D24HourMean,QuarterlyMean,Mean,7.34
943,673,D24HourMean,QuarterlyMean,Mean,9.22
928,688,D24HourMean,QuarterlyMean,Mean,10.64
934,684,D24HourMean,QuarterlyMean,Mean,9.29
948,679,D24HourMean,QuarterlyMean,Mean,6.62
948,680,D24HourMean,QuarterlyMean,Mean,6.83
963,680,D24HourMean,QuarterlyMean,Mean,7.76
956,682,D24HourMean,QuarterlyMean,Mean,6.39
959,672,D24HourMean,QuarterlyMean,Mean,10.56
967,700,D24HourMean,QuarterlyMean,Mean,8.24
961,688,D24HourMean,QuarterlyMean,Mean,8.39
944,682,D24HourMean,QuarterlyMean,Mean,7.75
958,696,D24HourMean,QuarterlyMean,Mean,8.20
941,694,D24HourMean,QuarterlyMean,Mean,8.94
949,684,D24HourMean,QuarterlyMean,Mean,7.38
948,677,D24HourMean,QuarterlyMean,Mean,3.89
949,686,D24HourMean,QuarterlyMean,Mean,7.54
942,686,D24HourMean,QuarterlyMean,Mean,6.85
943,695,D24HourMean,QuarterlyMean,Mean,9.37
936,680,D24HourMean,QuarterlyMean,Mean,8.25
955,693,D24HourMean,QuarterlyMean,Mean,6.59
936,694,D24HourMean,QuarterlyMean,Mean,9.19
938,697,D24HourMean,QuarterlyMean,Mean,8.13
965,697,D24HourMean,QuarterlyMean,Mean,8.88
939,686,D24HourMean,QuarterlyMean,Mean,7.75
951,696,D24HourMean,QuarterlyMean,Mean,7.59
952,696,D24HourMean,QuarterlyMean,Mean,7.75
932,692,D24HourMean,QuarterlyMean,Mean,7.64
945,685,D24HourMean,QuarterlyMean,Mean,7.75
954,698,D24HourMean,QuarterlyMean,Mean,7.05
936,689,D24HourMean,QuarterlyMean,Mean,7.20
950,701,D24HourMean,QuarterlyMean,Mean,7.50
957,676,D24HourMean,QuarterlyMean,Mean,7.29
956,673,D24HourMean,QuarterlyMean,Mean,8.51
936,692,D24HourMean,QuarterlyMean,Mean,7.13
965,702,D24HourMean,QuarterlyMean,Mean,6.96
955,674,D24HourMean,QuarterlyMean,Mean,8.43
962,693,D24HourMean,QuarterlyMean,Mean,7.22
955,677,D24HourMean,QuarterlyMean,Mean,6.82
936,679,D24HourMean,QuarterlyMean,Mean,8.13
940,678,D24HourMean,QuarterlyMean,Mean,7.29
940,698,D24HourMean,QuarterlyMean,Mean,8.36
950,699,D24HourMean,QuarterlyMean,Mean,6.87
953,691,D24HourMean,QuarterlyMean,Mean,8.69
956,680,D24HourMean,QuarterlyMean,Mean,7.64
950,697,D24HourMean,QuarterlyMean,Mean,7.90
957,682,D24HourMean,QuarterlyMean,Mean,7.57
959,703,D24HourMean,QuarterlyMean,Mean,8.30
956,695,D24HourMean,QuarterlyMean,Mean,7.17
949,677,D24HourMean,QuarterlyMean,Mean,6.76
962,677,D24HourMean,QuarterlyMean,Mean,7.75
940,677,D24HourMean,QuarterlyMean,Mean,7.43
935,697,D24HourMean,QuarterlyMean,Mean,8.43
945,681,D24HourMean,QuarterlyMean,Mean,6.83
949,670,D24HourMean,QuarterlyMean,Mean,9.31
959,685,D24HourMean,QuarterlyMean,Mean,7.89
944,683,D24HourMean,QuarterlyMean,Mean,7.75
951,670,D24HourMean,QuarterlyMean,Mean,8.91
955,673,D24HourMean,QuarterlyMean,Mean,8.77
963,692,D24HourMean,QuarterlyMean,Mean,6.82
937,676,D24HourMean,QuarterlyMean,Mean,7.19
951,679,D24HourMean,QuarterlyMean,Mean,7.70
951,700,D24HourMean,QuarterlyMean,Mean,7.29
947,678,D24HourMean,QuarterlyMean,Mean,6.71
943,687,D24HourMean,QuarterlyMean,Mean,7.59
956,671,D24HourMean,QuarterlyMean,Mean,8.29
964,708,D24HourMean,QuarterlyMean,Mean,8.01
963,696,D24HourMean,QuarterlyMean,Mean,8.18
953,682,D24HourMean,QuarterlyMean,Mean,6.68
930,686,D24HourMean,QuarterlyMean,Mean,9.41
964,691,D24HourMean,QuarterlyMean,Mean,7.87
947,701,D24HourMean,QuarterlyMean,Mean,10.09
962,692,D24HourMean,QuarterlyMean,Mean,7.19
949,674,D24HourMean,QuarterlyMean,Mean,-1.42
945,682,D24HourMean,QuarterlyMean,Mean,6.64
931,686,D24HourMean,QuarterlyMean,Mean,8.24
934,695,D24HourMean,QuarterlyMean,Mean,8.32
944,693,D24HourMean,QuarterlyMean,Mean,7.47
949,695,D24HourMean,QuarterlyMean,Mean,7.64
943,677,D24HourMean,QuarterlyMean,Mean,7.50
957,702,D24HourMean,QuarterlyMean,Mean,7.48
962,699,D24HourMean,QuarterlyMean,Mean,8.08
937,694,D24HourMean,QuarterlyMean,Mean,9.68
959,676,D24HourMean,QuarterlyMean,Mean,7.66
958,706,D24HourMean,QuarterlyMean,Mean,9.01
954,694,D24HourMean,QuarterlyMean,Mean,7.36
941,682,D24HourMean,QuarterlyMean,Mean,9.77
941,680,D24HourMean,QuarterlyMean,Mean,9.10
953,706,D24HourMean,QuarterlyMean,Mean,8.82
959,690,D24HourMean,QuarterlyMean,Mean,7.68
962,684,D24HourMean,QuarterlyMean,Mean,8.15
953,674,D24HourMean,QuarterlyMean,Mean,7.73
952,702,D24HourMean,QuarterlyMean,Mean,6.39
944,697,D24HourMean,QuarterlyMean,Mean,7.83
953,677,D24HourMean,QuarterlyMean,Mean,7.12
947,672,D24HourMean,QuarterlyMean,Mean,6.69
945,686,D24HourMean,QuarterlyMean,Mean,7.27
965,708,D24HourMean,QuarterlyMean,Mean,7.64
964,703,D24HourMean,QuarterlyMean,Mean,8.39
949,699,D24HourMean,QuarterlyMean,Mean,6.64
965,698,D24HourMean,QuarterlyMean,Mean,9.29
966,701,D24HourMean,QuarterlyMean,Mean,7.61
953,703,D24HourMean,QuarterlyMean,Mean,7.26
948,695,D24HourMean,QuarterlyMean,Mean,9.25
949,681,D24HourMean,QuarterlyMean,Mean,6.98
935,687,D24HourMean,QuarterlyMean,Mean,8.67
943,674,D24HourMean,QuarterlyMean,Mean,9.31
960,689,D24HourMean,QuarterlyMean,Mean,8.43
948,699,D24HourMean,QuarterlyMean,Mean,7.27
946,687,D24HourMean,QuarterlyMean,Mean,7.68
957,673,D24HourMean,QuarterlyMean,Mean,8.36
958,678,D24HourMean,QuarterlyMean,Mean,8.50
961,701,D24HourMean,QuarterlyMean,Mean,8.37
953,705,D24HourMean,QuarterlyMean,Mean,8.49
934,681,D24HourMean,QuarterlyMean,Mean,8.44
946,698,D24HourMean,QuarterlyMean,Mean,7.78
964,687,D24HourMean,QuarterlyMean,Mean,6.69
940,700,D24HourMean,QuarterlyMean,Mean,7.62
951,699,D24HourMean,QuarterlyMean,Mean,7.47
949,690,D24HourMean,QuarterlyMean,Mean,7.22
953,670,D24HourMean,QuarterlyMean,Mean,13.55
951,701,D24HourMean,QuarterlyMean,Mean,6.69
953,695,D24HourMean,QuarterlyMean,Mean,7.05
929,687,D24HourMean,QuarterlyMean,Mean,10.55
947,699,D24HourMean,QuarterlyMean,Mean,9.25
956,683,D24HourMean,QuarterlyMean,Mean,7.17
952,675,D24HourMean,QuarterlyMean,Mean,7.33
963,689,D24HourMean,QuarterlyMean,Mean,7.71
948,689,D24HourMean,QuarterlyMean,Mean,8.30
956,694,D24HourMean,QuarterlyMean,Mean,7.47
954,691,D24HourMean,QuarterlyMean,Mean,8.79
941,675,D24HourMean,QuarterlyMean,Mean,9.33
946,680,D24HourMean,QuarterlyMean,Mean,6.62
939,679,D24HourMean,QuarterlyMean,Mean,7.26
938,698,D24HourMean,QuarterlyMean,Mean,7.71
933,685,D24HourMean,QuarterlyMean,Mean,8.48
953,687,D24HourMean,QuarterlyMean,Mean,7.45
964,695,D24HourMean,QuarterlyMean,Mean,8.75
940,681,D24HourMean,QuarterlyMean,Mean,9.89
961,667,D24HourMean,QuarterlyMean,Mean,8.18
963,705,D24HourMean,QuarterlyMean,Mean,8.17
948,684,D24HourMean,QuarterlyMean,Mean,8.08
958,693,D24HourMean,QuarterlyMean,Mean,7.03
959,696,D24HourMean,QuarterlyMean,Mean,7.22
945,692,D24HourMean,QuarterlyMean,Mean,6.87
963,669,D24HourMean,QuarterlyMean,Mean,9.28
945,690,D24HourMean,QuarterlyMean,Mean,7.12
948,687,D24HourMean,QuarterlyMean,Mean,7.87
938,693,D24HourMean,QuarterlyMean,Mean,7.69
960,705,D24HourMean,QuarterlyMean,Mean,9.01
952,706,D24HourMean,QuarterlyMean,Mean,8.69
962,669,D24HourMean,QuarterlyMean,Mean,9.45
948,694,D24HourMean,QuarterlyMean,Mean,8.44
933,689,D24HourMean,QuarterlyMean,Mean,7.90
924,689,D24HourMean,QuarterlyMean,Mean,6.92
959,669,D24HourMean,QuarterlyMean,Mean,9.74
958,684,D24HourMean,QuarterlyMean,Mean,8.15
943,681,D24HourMean,QuarterlyMean,Mean,7.64
940,690,D24HourMean,QuarterlyMean,Mean,7.03
936,683,D24HourMean,QuarterlyMean,Mean,8.15
925,688,D24HourMean,QuarterlyMean,Mean,7.50
953,701,D24HourMean,QuarterlyMean,Mean,7.76
961,673,D24HourMean,QuarterlyMean,Mean,9.58
959,680,D24HourMean,QuarterlyMean,Mean,7.85
966,699,D24HourMean,QuarterlyMean,Mean,8.79
941,689,D24HourMean,QuarterlyMean,Mean,7.36
959,668,D24HourMean,QuarterlyMean,Mean,9.55
962,698,D24HourMean,QuarterlyMean,Mean,7.31
946,699,D24HourMean,QuarterlyMean,Mean,7.34
933,692,D24HourMean,QuarterlyMean,Mean,7.73
960,691,D24HourMean,QuarterlyMean,Mean,7.57
954,672,D24HourMean,QuarterlyMean,Mean,8.95
968,703,D24HourMean,QuarterlyMean,Mean,7.67
945,689,D24HourMean,QuarterlyMean,Mean,7.87
931,683,D24HourMean,QuarterlyMean,Mean,7.66
955,702,D24HourMean,QuarterlyMean,Mean,7.40
942,687,D24HourMean,QuarterlyMean,Mean,6.76
955,679,D24HourMean,QuarterlyMean,Mean,7.63
947,690,D24HourMean,QuarterlyMean,Mean,6.90
960,699,D24HourMean,QuarterlyMean,Mean,7.64
953,704,D24HourMean,QuarterlyMean,Mean,7.59
967,706,D24HourMean,QuarterlyMean,Mean,7.72
943,690,D24HourMean,QuarterlyMean,Mean,7.78
962,667,D24HourMean,QuarterlyMean,Mean,7.21
942,682,D24HourMean,QuarterlyMean,Mean,7.97
957,677,D24HourMean,QuarterlyMean,Mean,7.84
938,678,D24HourMean,QuarterlyMean,Mean,7.03
956,699,D24HourMean,QuarterlyMean,Mean,8.27
