Column,Row,Metric,Seasonal Metric,Annual Metric,Values
2483,936,D24HourMean,QuarterlyMean,Mean,18.33
2511,951,D24HourMean,QuarterlyMean,Mean,3.54
2535,938,D24HourMean,QuarterlyMean,Mean,22.04
2524,943,D24HourMean,QuarterlyMean,Mean,4.39
2506,966,D24HourMean,QuarterlyMean,Mean,17.17
2548,937,D24HourMean,QuarterlyMean,Mean,21.92
2489,946,D24HourMean,QuarterlyMean,Mean,19.21
2488,936,D24HourMean,QuarterlyMean,Mean,19.95
2500,938,D24HourMean,QuarterlyMean,Mean,15.89
2493,946,D24HourMean,QuarterlyMean,Mean,17.13
2492,942,D24HourMean,QuarterlyMean,Mean,16.63
2482,937,D24HourMean,QuarterlyMean,Mean,17.70
2502,964,D24HourMean,QuarterlyMean,Mean,19.08
2512,951,D24HourMean,QuarterlyMean,Mean,3.54
2497,938,D24HourMean,QuarterlyMean,Mean,19.53
2494,961,D24HourMean,QuarterlyMean,Mean,16.36
2498,944,D24HourMean,QuarterlyMean,Mean,17.63
2528,937,D24HourMean,QuarterlyMean,Mean,24.51
2490,950,D24HourMean,QuarterlyMean,Mean,5.41
2485,945,D24HourMean,QuarterlyMean,Mean,20.37
2540,939,D24HourMean,QuarterlyMean,Mean,12.15
2539,935,D24HourMean,QuarterlyMean,Mean,13.22
2540,940,D24HourMean,QuarterlyMean,Mean,12.84
2490,947,D24HourMean,QuarterlyMean,Mean,18.37
2494,960,D24HourMean,QuarterlyMean,Mean,15.74
2497,943,D24HourMean,QuarterlyMean,Mean,17.58
2518,944,D24HourMean,QuarterlyMean,Mean,4.30
2484,953,D24HourMean,QuarterlyMean,Mean,6.12
2476,955,D24HourMean,QuarterlyMean,Mean,13.69
2496,939,D24HourMean,QuarterlyMean,Mean,19.30
2524,938,D24HourMean,QuarterlyMean,Mean,4.74
2510,944,D24HourMean,QuarterlyMean,Mean,4.45
2537,948,D24HourMean,QuarterlyMean,Mean,14.32
2497,947,D24HourMean,QuarterlyMean,Mean,14.61
2504,963,D24HourMean,QuarterlyMean,Mean,17.55
2533,937,D24HourMean,QuarterlyMean,Mean,26.16
2491,961,D24HourMean,QuarterlyMean,Mean,16.01
2493,948,D24HourMean,QuarterlyMean,Mean,5.53
2531,951,D24HourMean,QuarterlyMean,Mean,3.95
2546,944,D24HourMean,QuarterlyMean,Mean,16.31
2487,948,D24HourMean,QuarterlyMean,Mean,5.98
2501,938,D24HourMean,QuarterlyMean,Mean,15.66
2519,927,D24HourMean,QuarterlyMean,Mean,6.14
2504,966,D24HourMean,QuarterlyMean,Mean,16.51
2536,946,D24HourMean,QuarterlyMean,Mean,4.06
2527,934,D24HourMean,QuarterlyMean,Mean,20.77
2495,942,D24HourMean,QuarterlyMean,Mean,17.74
2489,955,D24HourMean,QuarterlyMean,Mean,5.51
2527,949,D24HourMean,QuarterlyMean,Mean,3.97
2535,950,D24HourMean,QuarterlyMean,Mean,12.39
2530,948,D24HourMean,QuarterlyMean,Mean,4.06
2491,932,D24HourMean,QuarterlyMean,Mean,21.35
2513,943,D24HourMean,QuarterlyMean,Mean,4.39
2510,952,D24HourMean,QuarterlyMean,Mean,3.59
2541,934,D24HourMean,QuarterlyMean,Mean,20.11
2520,930,D24HourMean,QuarterlyMean,Mean,5.62
2524,944,D24HourMean,QuarterlyMean,Mean,4.32
2508,961,D24HourMean,QuarterlyMean,Mean,15.35
2514,948,D24HourMean,QuarterlyMean,Mean,3.88
2491,946,D24HourMean,QuarterlyMean,Mean,18.34
2487,954,D24HourMean,QuarterlyMean,Mean,5.76
2502,962,D24HourMean,QuarterlyMean,Mean,15.64
2496,966,D24HourMean,QuarterlyMean,Mean,14.28
2502,941,D24HourMean,QuarterlyMean,Mean,15.66
2506,959,D24HourMean,QuarterlyMean,Mean,16.13
2520,950,D24HourMean,QuarterlyMean,Mean,3.75
2504,965,D24HourMean,QuarterlyMean,Mean,17.07
2535,954,D24HourMean,QuarterlyMean,Mean,3.88
2512,949,D24HourMean,QuarterlyMean,Mean,3.74
2537,943,D24HourMean,QuarterlyMean,Mean,4.06
2497,950,D24HourMean,QuarterlyMean,Mean,4.97
2517,952,D24HourMean,QuarterlyMean,Mean,3.54
2499,954,D24HourMean,QuarterlyMean,Mean,4.58
2482,947,D24HourMean,QuarterlyMean,Mean,6.48
2528,935,D24HourMean,QuarterlyMean,Mean,20.50
2481,955,D24HourMean,QuarterlyMean,Mean,10.99
2491,959,D24HourMean,QuarterlyMean,Mean,14.72
2538,935,D24HourMean,QuarterlyMean,Mean,19.08
2516,954,D24HourMean,QuarterlyMean,Mean,3.54
2516,928,D24HourMean,QuarterlyMean,Mean,5.96
2518,943,D24HourMean,QuarterlyMean,Mean,4.37
2484,938,D24HourMean,QuarterlyMean,Mean,16.78
2526,934,D24HourMean,QuarterlyMean,Mean,18.95
2534,951,D24HourMean,QuarterlyMean,Mean,12.59
2484,936,D24HourMean,QuarterlyMean,Mean,18.90
2544,940,D24HourMean,QuarterlyMean,Mean,14.91
2535,936,D24HourMean,QuarterlyMean,Mean,18.50
2486,942,D24HourMean,QuarterlyMean,Mean,17.58
2505,948,D24HourMean,QuarterlyMean,Mean,4.65
2502,948,D24HourMean,QuarterlyMean,Mean,4.78
2496,948,D24HourMean,QuarterlyMean,Mean,14.64
2537,942,D24HourMean,QuarterlyMean,Mean,4.06
2519,945,D24HourMean,QuarterlyMean,Mean,4.17
2496,954,D24HourMean,QuarterlyMean,Mean,4.98
2498,964,D24HourMean,QuarterlyMean,Mean,14.59
2531,939,D24HourMean,QuarterlyMean,Mean,4.52
2528,952,D24HourMean,QuarterlyMean,Mean,3.81
2492,945,D24HourMean,QuarterlyMean,Mean,17.89
2530,942,D24HourMean,QuarterlyMean,Mean,4.34
2480,935,D24HourMean,QuarterlyMean,Mean,17.41
2500,965,D24HourMean,QuarterlyMean,Mean,14.69
2490,949,D24HourMean,QuarterlyMean,Mean,5.64
2485,932,D24HourMean,QuarterlyMean,Mean,19.07
2509,947,D24HourMean,QuarterlyMean,Mean,4.21
2491,940,D24HourMean,QuarterlyMean,Mean,17.91
2550,937,D24HourMean,QuarterlyMean,Mean,7.85
2539,933,D24HourMean,QuarterlyMean,Mean,4.92
2519,935,D24HourMean,QuarterlyMean,Mean,5.12
2517,942,D24HourMean,QuarterlyMean,Mean,4.43
2526,944,D24HourMean,QuarterlyMean,Mean,4.26
2486,936,D24HourMean,QuarterlyMean,Mean,19.37
2538,947,D24HourMean,QuarterlyMean,Mean,3.79
2522,930,D24HourMean,QuarterlyMean,Mean,5.68
2504,944,D24HourMean,QuarterlyMean,Mean,5.19
2529,947,D24HourMean,QuarterlyMean,Mean,4.14
2490,943,D24HourMean,QuarterlyMean,Mean,18.71
2514,945,D24HourMean,QuarterlyMean,Mean,4.21
2491,941,D24HourMean,QuarterlyMean,Mean,17.83
2515,941,D24HourMean,QuarterlyMean,Mean,4.56
2530,943,D24HourMean,QuarterlyMean,Mean,4.34
2527,936,D24HourMean,QuarterlyMean,Mean,4.99
2508,949,D24HourMean,QuarterlyMean,Mean,4.12
2478,955,D24HourMean,QuarterlyMean,Mean,12.66
2482,945,D24HourMean,QuarterlyMean,Mean,20.20
2521,944,D24HourMean,QuarterlyMean,Mean,4.26
2487,945,D24HourMean,QuarterlyMean,Mean,20.00
2543,943,D24HourMean,QuarterlyMean,Mean,13.11
2499,962,D24HourMean,QuarterlyMean,Mean,16.02
2526,932,D24HourMean,QuarterlyMean,Mean,5.52
2517,934,D24HourMean,QuarterlyMean,Mean,5.30
2522,950,D24HourMean,QuarterlyMean,Mean,3.79
2529,934,D24HourMean,QuarterlyMean,Mean,21.11
2524,931,D24HourMean,QuarterlyMean,Mean,5.59
2532,937,D24HourMean,QuarterlyMean,Mean,27.97
2501,966,D24HourMean,QuarterlyMean,Mean,14.34
2502,954,D24HourMean,QuarterlyMean,Mean,4.43
2525,950,D24HourMean,QuarterlyMean,Mean,3.90
2498,955,D24HourMean,QuarterlyMean,Mean,4.78
2543,936,D24HourMean,QuarterlyMean,Mean,11.94
2544,935,D24HourMean,QuarterlyMean,Mean,13.36
2535,939,D24HourMean,QuarterlyMean,Mean,21.85
2504,940,D24HourMean,QuarterlyMean,Mean,13.09
2550,933,D24HourMean,QuarterlyMean,Mean,7.30
2530,945,D24HourMean,QuarterlyMean,Mean,15.08
2524,940,D24HourMean,QuarterlyMean,Mean,4.54
2537,945,D24HourMean,QuarterlyMean,Mean,3.97
2533,951,D24HourMean,QuarterlyMean,Mean,14.36
2518,954,D24HourMean,QuarterlyMean,Mean,3.56
2479,954,D24HourMean,QuarterlyMean,Mean,13.10
2493,957,D24HourMean,QuarterlyMean,Mean,13.14
2512,944,D24HourMean,QuarterlyMean,Mean,4.32
2533,953,D24HourMean,QuarterlyMean,Mean,3.97
2503,964,D24HourMean,QuarterlyMean,Mean,17.95
2507,960,D24HourMean,QuarterlyMean,Mean,14.82
2521,934,D24HourMean,QuarterlyMean,Mean,18.71
2519,931,D24HourMean,QuarterlyMean,Mean,5.55
2482,931,D24HourMean,QuarterlyMean,Mean,20.72
2516,941,D24HourMean,QuarterlyMean,Mean,4.48
2532,944,D24HourMean,QuarterlyMean,Mean,15.57
2536,953,D24HourMean,QuarterlyMean,Mean,12.14
2499,952,D24HourMean,QuarterlyMean,Mean,4.56
2483,954,D24HourMean,QuarterlyMean,Mean,6.28
2516,939,D24HourMean,QuarterlyMean,Mean,4.61
2491,948,D24HourMean,QuarterlyMean,Mean,5.57
2488,956,D24HourMean,QuarterlyMean,Mean,12.20
2522,933,D24HourMean,QuarterlyMean,Mean,14.33
2548,938,D24HourMean,QuarterlyMean,Mean,17.64
2501,947,D24HourMean,QuarterlyMean,Mean,4.87
2528,934,D24HourMean,QuarterlyMean,Mean,21.05
2497,937,D24HourMean,QuarterlyMean,Mean,19.48
2534,950,D24HourMean,QuarterlyMean,Mean,12.64
2485,947,D24HourMean,QuarterlyMean,Mean,17.26
2500,937,D24HourMean,QuarterlyMean,Mean,16.86
2491,960,D24HourMean,QuarterlyMean,Mean,15.76
2527,938,D24HourMean,QuarterlyMean,Mean,4.72
2545,942,D24HourMean,QuarterlyMean,Mean,13.86
2529,935,D24HourMean,QuarterlyMean,Mean,20.06
2500,946,D24HourMean,QuarterlyMean,Mean,5.04
2522,951,D24HourMean,QuarterlyMean,Mean,3.72
2536,937,D24HourMean,QuarterlyMean,Mean,18.43
2500,936,D24HourMean,QuarterlyMean,Mean,17.56
2510,945,D24HourMean,QuarterlyMean,Mean,4.38
2495,946,D24HourMean,QuarterlyMean,Mean,16.39
2527,939,D24HourMean,QuarterlyMean,Mean,4.57
2512,952,D24HourMean,QuarterlyMean,Mean,3.48
2505,951,D24HourMean,QuarterlyMean,Mean,4.35
2487,932,D24HourMean,QuarterlyMean,Mean,23.01
2522,939,D24HourMean,QuarterlyMean,Mean,4.63
2517,938,D24HourMean,QuarterlyMean,Mean,4.76
2519,930,D24HourMean,QuarterlyMean,Mean,5.61
2499,948,D24HourMean,QuarterlyMean,Mean,4.93
2542,944,D24HourMean,QuarterlyMean,Mean,12.99
2495,952,D24HourMean,QuarterlyMean,Mean,5.10
2494,943,D24HourMean,QuarterlyMean,Mean,17.83
2502,949,D24HourMean,QuarterlyMean,Mean,4.67
2534,953,D24HourMean,QuarterlyMean,Mean,12.73
2521,929,D24HourMean,QuarterlyMean,Mean,5.77
2497,948,D24HourMean,QuarterlyMean,Mean,14.30
2490,936,D24HourMean,QuarterlyMean,Mean,19.24
2504,951,D24HourMean,QuarterlyMean,Mean,4.42
2509,948,D24HourMean,QuarterlyMean,Mean,4.10
2532,949,D24HourMean,QuarterlyMean,Mean,4.10
2489,934,D24HourMean,QuarterlyMean,Mean,18.17
2496,964,D24HourMean,QuarterlyMean,Mean,15.09
2493,965,D24HourMean,QuarterlyMean,Mean,16.35
2506,947,D24HourMean,QuarterlyMean,Mean,4.65
2490,956,D24HourMean,QuarterlyMean,Mean,12.00
2551,934,D24HourMean,QuarterlyMean,Mean,7.64
2535,945,D24HourMean,QuarterlyMean,Mean,4.15
2517,932,D24HourMean,QuarterlyMean,Mean,5.55
2527,947,D24HourMean,QuarterlyMean,Mean,4.10
2534,943,D24HourMean,QuarterlyMean,Mean,4.32
2548,944,D24HourMean,QuarterlyMean,Mean,16.23
2490,941,D24HourMean,QuarterlyMean,Mean,18.12
2501,953,D24HourMean,QuarterlyMean,Mean,4.41
2522,945,D24HourMean,QuarterlyMean,Mean,4.21
2489,952,D24HourMean,QuarterlyMean,Mean,5.45
2507,968,D24HourMean,QuarterlyMean,Mean,16.35
2513,944,D24HourMean,QuarterlyMean,Mean,4.34
2484,948,D24HourMean,QuarterlyMean,Mean,6.36
2503,944,D24HourMean,QuarterlyMean,Mean,5.19
2515,939,D24HourMean,QuarterlyMean,Mean,4.67
2533,946,D24HourMean,QuarterlyMean,Mean,17.06
2487,944,D24HourMean,QuarterlyMean,Mean,20.24
2497,963,D24HourMean,QuarterlyMean,Mean,15.19
2490,957,D24HourMean,QuarterlyMean,Mean,11.97
2504,945,D24HourMean,QuarterlyMean,Mean,5.05
2490,944,D24HourMean,QuarterlyMean,Mean,18.90
2503,963,D24HourMean,QuarterlyMean,Mean,17.88
2516,942,D24HourMean,QuarterlyMean,Mean,4.50
2531,948,D24HourMean,QuarterlyMean,Mean,4.10
2521,947,D24HourMean,QuarterlyMean,Mean,4.05
2499,943,D24HourMean,QuarterlyMean,Mean,18.12
2494,950,D24HourMean,QuarterlyMean,Mean,5.30
2479,951,D24HourMean,QuarterlyMean,Mean,6.44
2528,951,D24HourMean,QuarterlyMean,Mean,3.86
2506,958,D24HourMean,QuarterlyMean,Mean,16.44
2543,938,D24HourMean,QuarterlyMean,Mean,13.30
2542,942,D24HourMean,QuarterlyMean,Mean,12.80
2492,941,D24HourMean,QuarterlyMean,Mean,17.19
2495,937,D24HourMean,QuarterlyMean,Mean,20.27
2516,950,D24HourMean,QuarterlyMean,Mean,3.64
2528,943,D24HourMean,QuarterlyMean,Mean,4.36
2486,934,D24HourMean,QuarterlyMean,Mean,21.12
2498,945,D24HourMean,QuarterlyMean,Mean,5.34
2513,950,D24HourMean,QuarterlyMean,Mean,3.63
2507,961,D24HourMean,QuarterlyMean,Mean,15.47
2489,938,D24HourMean,QuarterlyMean,Mean,20.29
2527,943,D24HourMean,QuarterlyMean,Mean,4.36
2534,938,D24HourMean,QuarterlyMean,Mean,21.96
2488,940,D24HourMean,QuarterlyMean,Mean,19.14
2516,931,D24HourMean,QuarterlyMean,Mean,5.59
2478,952,D24HourMean,QuarterlyMean,Mean,13.15
2489,936,D24HourMean,QuarterlyMean,Mean,19.27
2500,947,D24HourMean,QuarterlyMean,Mean,4.95
2538,946,D24HourMean,QuarterlyMean,Mean,3.80
2519,948,D24HourMean,QuarterlyMean,Mean,3.92
2484,939,D24HourMean,QuarterlyMean,Mean,16.52
2495,953,D24HourMean,QuarterlyMean,Mean,5.12
2517,953,D24HourMean,QuarterlyMean,Mean,3.54
2496,946,D24HourMean,QuarterlyMean,Mean,14.62
2521,930,D24HourMean,QuarterlyMean,Mean,5.64
2545,945,D24HourMean,QuarterlyMean,Mean,16.41
2483,937,D24HourMean,QuarterlyMean,Mean,17.26
2517,936,D24HourMean,QuarterlyMean,Mean,5.03
2522,947,D24HourMean,QuarterlyMean,Mean,4.05
2499,941,D24HourMean,QuarterlyMean,Mean,18.22
2501,963,D24HourMean,QuarterlyMean,Mean,16.64
2521,938,D24HourMean,QuarterlyMean,Mean,4.74
2482,955,D24HourMean,QuarterlyMean,Mean,10.34
2493,938,D24HourMean,QuarterlyMean,Mean,17.34
2506,943,D24HourMean,QuarterlyMean,Mean,5.07
2524,930,D24HourMean,QuarterlyMean,Mean,5.64
2532,951,D24HourMean,QuarterlyMean,Mean,3.99
2506,951,D24HourMean,QuarterlyMean,Mean,4.24
2498,936,D24HourMean,QuarterlyMean,Mean,19.56
2488,949,D24HourMean,QuarterlyMean,Mean,5.88
2514,950,D24HourMean,QuarterlyMean,Mean,3.63
2479,952,D24HourMean,QuarterlyMean,Mean,6.41
2522,937,D24HourMean,QuarterlyMean,Mean,4.83
2488,947,D24HourMean,QuarterlyMean,Mean,19.81
2530,939,D24HourMean,QuarterlyMean,Mean,4.56
2481,931,D24HourMean,QuarterlyMean,Mean,20.00
2504,955,D24HourMean,QuarterlyMean,Mean,4.44
2497,953,D24HourMean,QuarterlyMean,Mean,4.85
2547,938,D24HourMean,QuarterlyMean,Mean,17.27
2500,954,D24HourMean,QuarterlyMean,Mean,4.51
2490,951,D24HourMean,QuarterlyMean,Mean,5.36
2503,965,D24HourMean,QuarterlyMean,Mean,17.13
2518,929,D24HourMean,QuarterlyMean,Mean,5.79
2507,952,D24HourMean,QuarterlyMean,Mean,3.98
2513,948,D24HourMean,QuarterlyMean,Mean,3.86
2529,933,D24HourMean,QuarterlyMean,Mean,21.13
2505,953,D24HourMean,QuarterlyMean,Mean,4.28
2500,945,D24HourMean,QuarterlyMean,Mean,5.11
2533,936,D24HourMean,QuarterlyMean,Mean,26.18
2498,947,D24HourMean,QuarterlyMean,Mean,15.57
2489,950,D24HourMean,QuarterlyMean,Mean,5.49
2497,939,D24HourMean,QuarterlyMean,Mean,19.53
2485,933,D24HourMean,QuarterlyMean,Mean,19.17
2544,944,D24HourMean,QuarterlyMean,Mean,15.27
2492,947,D24HourMean,QuarterlyMean,Mean,5.60
2522,949,D24HourMean,QuarterlyMean,Mean,3.92
2498,939,D24HourMean,QuarterlyMean,Mean,18.73
2488,961,D24HourMean,QuarterlyMean,Mean,15.86
2526,939,D24HourMean,QuarterlyMean,Mean,4.56
2547,937,D24HourMean,QuarterlyMean,Mean,20.17
2498,940,D24HourMean,QuarterlyMean,Mean,18.44
2489,948,D24HourMean,QuarterlyMean,Mean,5.84
2515,948,D24HourMean,QuarterlyMean,Mean,3.88
2502,939,D24HourMean,QuarterlyMean,Mean,17.01
2486,939,D24HourMean,QuarterlyMean,Mean,17.83
2535,951,D24HourMean,QuarterlyMean,Mean,12.53
2491,950,D24HourMean,QuarterlyMean,Mean,5.34
2503,961,D24HourMean,QuarterlyMean,Mean,16.34
2492,944,D24HourMean,QuarterlyMean,Mean,18.32
2540,936,D24HourMean,QuarterlyMean,Mean,13.03
2488,954,D24HourMean,QuarterlyMean,Mean,5.58
2481,930,D24HourMean,QuarterlyMean,Mean,21.85
2545,934,D24HourMean,QuarterlyMean,Mean,16.24
2496,949,D24HourMean,QuarterlyMean,Mean,5.19
2507,948,D24HourMean,QuarterlyMean,Mean,4.36
2519,938,D24HourMean,QuarterlyMean,Mean,4.70
2533,950,D24HourMean,QuarterlyMean,Mean,14.59
2488,955,D24HourMean,QuarterlyMean,Mean,5.67
2515,930,D24HourMean,QuarterlyMean,Mean,5.70
2504,962,D24HourMean,QuarterlyMean,Mean,16.59
2540,942,D24HourMean,QuarterlyMean,Mean,11.83
2522,946,D24HourMean,QuarterlyMean,Mean,4.14
2540,933,D24HourMean,QuarterlyMean,Mean,21.59
2539,936,D24HourMean,QuarterlyMean,Mean,13.13
2519,946,D24HourMean,QuarterlyMean,Mean,4.10
2549,933,D24HourMean,QuarterlyMean,Mean,6.99
2489,956,D24HourMean,QuarterlyMean,Mean,12.44
2536,945,D24HourMean,QuarterlyMean,Mean,4.08
2519,933,D24HourMean,QuarterlyMean,Mean,5.37
2518,949,D24HourMean,QuarterlyMean,Mean,3.79
2525,934,D24HourMean,QuarterlyMean,Mean,20.21
2482,952,D24HourMean,QuarterlyMean,Mean,6.21
2492,934,D24HourMean,QuarterlyMean,Mean,18.78
2507,944,D24HourMean,QuarterlyMean,Mean,4.83
2523,937,D24HourMean,QuarterlyMean,Mean,4.87
2506,944,D24HourMean,QuarterlyMean,Mean,4.94
2504,942,D24HourMean,QuarterlyMean,Mean,5.30
2479,933,D24HourMean,QuarterlyMean,Mean,17.67
2521,937,D24HourMean,QuarterlyMean,Mean,4.88
2539,937,D24HourMean,QuarterlyMean,Mean,12.80
2499,947,D24HourMean,QuarterlyMean,Mean,5.02
2490,942,D24HourMean,QuarterlyMean,Mean,18.22
2525,948,D24HourMean,QuarterlyMean,Mean,3.99
2498,941,D24HourMean,QuarterlyMean,Mean,17.66
2494,941,D24HourMean,QuarterlyMean,Mean,18.62
2524,949,D24HourMean,QuarterlyMean,Mean,3.94
2492,955,D24HourMean,QuarterlyMean,Mean,5.36
2523,945,D24HourMean,QuarterlyMean,Mean,4.23
2487,957,D24HourMean,QuarterlyMean,Mean,11.61
2547,936,D24HourMean,QuarterlyMean,Mean,18.41
2492,940,D24HourMean,QuarterlyMean,Mean,17.14
2495,950,D24HourMean,QuarterlyMean,Mean,5.22
2504,968,D24HourMean,QuarterlyMean,Mean,14.03
2488,943,D24HourMean,QuarterlyMean,Mean,18.32
2517,951,D24HourMean,QuarterlyMean,Mean,3.59
2504,961,D24HourMean,QuarterlyMean,Mean,16.03
2541,944,D24HourMean,QuarterlyMean,Mean,13.91
2483,952,D24HourMean,QuarterlyMean,Mean,6.22
2499,951,D24HourMean,QuarterlyMean,Mean,4.63
2499,965,D24HourMean,QuarterlyMean,Mean,14.14
2516,940,D24HourMean,QuarterlyMean,Mean,4.56
2501,946,D24HourMean,QuarterlyMean,Mean,5.03
2506,954,D24HourMean,QuarterlyMean,Mean,4.19
2524,947,D24HourMean,QuarterlyMean,Mean,4.08
2550,934,D24HourMean,QuarterlyMean,Mean,7.43
2505,945,D24HourMean,QuarterlyMean,Mean,4.98
2498,951,D24HourMean,QuarterlyMean,Mean,4.72
2520,933,D24HourMean,QuarterlyMean,Mean,5.39
2538,942,D24HourMean,QuarterlyMean,Mean,3.93
2485,953,D24HourMean,QuarterlyMean,Mean,6.06
2494,947,D24HourMean,QuarterlyMean,Mean,5.56
2506,967,D24HourMean,QuarterlyMean,Mean,16.71
2514,939,D24HourMean,QuarterlyMean,Mean,4.65
2506,955,D24HourMean,QuarterlyMean,Mean,4.19
2501,943,D24HourMean,QuarterlyMean,Mean,16.30
2511,948,D24HourMean,QuarterlyMean,Mean,3.92
2529,932,D24HourMean,QuarterlyMean,Mean,5.41
2535,947,D24HourMean,QuarterlyMean,Mean,18.25
2531,949,D24HourMean,QuarterlyMean,Mean,4.06
2493,954,D24HourMean,QuarterlyMean,Mean,5.27
2518,945,D24HourMean,QuarterlyMean,Mean,4.25
2500,963,D24HourMean,QuarterlyMean,Mean,15.77
2507,954,D24HourMean,QuarterlyMean,Mean,4.00
2526,945,D24HourMean,QuarterlyMean,Mean,4.26
2514,946,D24HourMean,QuarterlyMean,Mean,4.06
2488,935,D24HourMean,QuarterlyMean,Mean,19.74
2546,939,D24HourMean,QuarterlyMean,Mean,17.21
2522,941,D24HourMean,QuarterlyMean,Mean,4.50
2544,939,D24HourMean,QuarterlyMean,Mean,16.16
2547,940,D24HourMean,QuarterlyMean,Mean,17.73
2492,959,D24HourMean,QuarterlyMean,Mean,15.00
2485,950,D24HourMean,QuarterlyMean,Mean,6.15
2494,954,D24HourMean,QuarterlyMean,Mean,5.21
2515,955,D24HourMean,QuarterlyMean,Mean,3.54
2549,938,D24HourMean,QuarterlyMean,Mean,7.39
2529,945,D24HourMean,QuarterlyMean,Mean,4.23
2499,964,D24HourMean,QuarterlyMean,Mean,15.05
2489,953,D24HourMean,QuarterlyMean,Mean,5.39
2480,950,D24HourMean,QuarterlyMean,Mean,6.35
2504,952,D24HourMean,QuarterlyMean,Mean,4.42
2519,942,D24HourMean,QuarterlyMean,Mean,4.45
2532,943,D24HourMean,QuarterlyMean,Mean,4.34
2495,947,D24HourMean,QuarterlyMean,Mean,14.39
2491,939,D24HourMean,QuarterlyMean,Mean,18.62
2481,934,D24HourMean,QuarterlyMean,Mean,17.68
2481,954,D24HourMean,QuarterlyMean,Mean,6.25
2500,944,D24HourMean,QuarterlyMean,Mean,17.99
2488,957,D24HourMean,QuarterlyMean,Mean,11.78
2531,947,D24HourMean,QuarterlyMean,Mean,15.57
2494,951,D24HourMean,QuarterlyMean,Mean,5.24
2547,944,D24HourMean,QuarterlyMean,Mean,15.74
2513,951,D24HourMean,QuarterlyMean,Mean,3.48
2520,932,D24HourMean,QuarterlyMean,Mean,5.52
2531,943,D24HourMean,QuarterlyMean,Mean,4.37
2479,950,D24HourMean,QuarterlyMean,Mean,6.49
2514,954,D24HourMean,QuarterlyMean,Mean,3.45
2533,934,D24HourMean,QuarterlyMean,Mean,21.99
2485,937,D24HourMean,QuarterlyMean,Mean,18.01
2525,935,D24HourMean,QuarterlyMean,Mean,20.50
2476,953,D24HourMean,QuarterlyMean,Mean,13.09
2484,944,D24HourMean,QuarterlyMean,Mean,19.60
2518,951,D24HourMean,QuarterlyMean,Mean,3.61
2526,940,D24HourMean,QuarterlyMean,Mean,4.48
2492,948,D24HourMean,QuarterlyMean,Mean,5.51
2497,965,D24HourMean,QuarterlyMean,Mean,14.47
2529,938,D24HourMean,QuarterlyMean,Mean,27.91
2525,936,D24HourMean,QuarterlyMean,Mean,4.98
2545,936,D24HourMean,QuarterlyMean,Mean,11.99
2532,938,D24HourMean,QuarterlyMean,Mean,28.93
2480,936,D24HourMean,QuarterlyMean,Mean,18.30
2549,939,D24HourMean,QuarterlyMean,Mean,7.50
2536,954,D24HourMean,QuarterlyMean,Mean,3.79
2483,945,D24HourMean,QuarterlyMean,Mean,21.21
2518,934,D24HourMean,QuarterlyMean,Mean,5.32
2489,945,D24HourMean,QuarterlyMean,Mean,18.87
2519,947,D24HourMean,QuarterlyMean,Mean,4.01
2535,942,D24HourMean,QuarterlyMean,Mean,4.32
2486,946,D24HourMean,QuarterlyMean,Mean,17.62
2483,933,D24HourMean,QuarterlyMean,Mean,19.13
2542,946,D24HourMean,QuarterlyMean,Mean,12.62
2546,934,D24HourMean,QuarterlyMean,Mean,17.42
2481,953,D24HourMean,QuarterlyMean,Mean,6.23
2486,953,D24HourMean,QuarterlyMean,Mean,5.90
2520,940,D24HourMean,QuarterlyMean,Mean,4.52
2492,961,D24HourMean,QuarterlyMean,Mean,16.26
2502,946,D24HourMean,QuarterlyMean,Mean,5.03
2491,935,D24HourMean,QuarterlyMean,Mean,18.53
2532,947,D24HourMean,QuarterlyMean,Mean,16.85
2501,962,D24HourMean,QuarterlyMean,Mean,15.39
2533,949,D24HourMean,QuarterlyMean,Mean,18.25
2490,953,D24HourMean,QuarterlyMean,Mean,5.31
2483,932,D24HourMean,QuarterlyMean,Mean,19.51
2495,954,D24HourMean,QuarterlyMean,Mean,5.12
2487,933,D24HourMean,QuarterlyMean,Mean,20.69
2528,933,D24HourMean,QuarterlyMean,Mean,28.49
2537,935,D24HourMean,QuarterlyMean,Mean,18.09
2545,943,D24HourMean,QuarterlyMean,Mean,13.61
2527,935,D24HourMean,QuarterlyMean,Mean,18.79
2482,930,D24HourMean,QuarterlyMean,Mean,21.97
2515,946,D24HourMean,QuarterlyMean,Mean,4.06
2537,944,D24HourMean,QuarterlyMean,Mean,3.97
2542,938,D24HourMean,QuarterlyMean,Mean,13.01
2513,946,D24HourMean,QuarterlyMean,Mean,4.12
2487,955,D24HourMean,QuarterlyMean,Mean,5.78
2496,965,D24HourMean,QuarterlyMean,Mean,15.01
2536,951,D24HourMean,QuarterlyMean,Mean,12.81
2544,937,D24HourMean,QuarterlyMean,Mean,12.38
2504,953,D24HourMean,QuarterlyMean,Mean,4.35
2527,942,D24HourMean,QuarterlyMean,Mean,4.43
2517,931,D24HourMean,QuarterlyMean,Mean,5.61
2534,945,D24HourMean,QuarterlyMean,Mean,4.23
2500,940,D24HourMean,QuarterlyMean,Mean,19.37
2502,935,D24HourMean,QuarterlyMean,Mean,5.80
2521,928,D24HourMean,QuarterlyMean,Mean,5.96
2491,944,D24HourMean,QuarterlyMean,Mean,18.20
2507,966,D24HourMean,QuarterlyMean,Mean,17.14
2546,945,D24HourMean,QuarterlyMean,Mean,17.58
2493,945,D24HourMean,QuarterlyMean,Mean,17.75
2510,947,D24HourMean,QuarterlyMean,Mean,4.07
2536,940,D24HourMean,QuarterlyMean,Mean,4.26
2525,939,D24HourMean,QuarterlyMean,Mean,4.61
2507,950,D24HourMean,QuarterlyMean,Mean,4.12
2534,941,D24HourMean,QuarterlyMean,Mean,4.39
2496,967,D24HourMean,QuarterlyMean,Mean,15.14
2490,935,D24HourMean,QuarterlyMean,Mean,18.85
2548,940,D24HourMean,QuarterlyMean,Mean,15.37
2511,947,D24HourMean,QuarterlyMean,Mean,4.01
2537,934,D24HourMean,QuarterlyMean,Mean,17.37
2544,946,D24HourMean,QuarterlyMean,Mean,14.99
2498,938,D24HourMean,QuarterlyMean,Mean,18.64
2507,969,D24HourMean,QuarterlyMean,Mean,15.66
2542,945,D24HourMean,QuarterlyMean,Mean,11.59
2513,954,D24HourMean,QuarterlyMean,Mean,3.43
2549,944,D24HourMean,QuarterlyMean,Mean,16.87
2522,943,D24HourMean,QuarterlyMean,Mean,4.36
2491,954,D24HourMean,QuarterlyMean,Mean,5.26
2532,945,D24HourMean,QuarterlyMean,Mean,16.29
2505,966,D24HourMean,QuarterlyMean,Mean,16.77
2496,942,D24HourMean,QuarterlyMean,Mean,18.57
2483,953,D24HourMean,QuarterlyMean,Mean,6.26
2537,951,D24HourMean,QuarterlyMean,Mean,13.00
2501,954,D24HourMean,QuarterlyMean,Mean,4.43
2519,949,D24HourMean,QuarterlyMean,Mean,3.79
2493,941,D24HourMean,QuarterlyMean,Mean,18.01
2504,954,D24HourMean,QuarterlyMean,Mean,4.37
2523,944,D24HourMean,QuarterlyMean,Mean,4.30
2542,939,D24HourMean,QuarterlyMean,Mean,14.51
2532,936,D24HourMean,QuarterlyMean,Mean,25.69
2492,938,D24HourMean,QuarterlyMean,Mean,18.17
2516,932,D24HourMean,QuarterlyMean,Mean,5.53
2495,948,D24HourMean,QuarterlyMean,Mean,5.38
2489,958,D24HourMean,QuarterlyMean,Mean,13.64
2493,955,D24HourMean,QuarterlyMean,Mean,5.29
2528,936,D24HourMean,QuarterlyMean,Mean,20.19
2529,948,D24HourMean,QuarterlyMean,Mean,4.04
2521,933,D24HourMean,QuarterlyMean,Mean,14.50
2520,935,D24HourMean,QuarterlyMean,Mean,5.14
2493,942,D24HourMean,QuarterlyMean,Mean,17.04
2535,935,D24HourMean,QuarterlyMean,Mean,17.62
2544,945,D24HourMean,QuarterlyMean,Mean,15.27
2492,951,D24HourMean,QuarterlyMean,Mean,5.30
2543,941,D24HourMean,QuarterlyMean,Mean,14.22
2485,940,D24HourMean,QuarterlyMean,Mean,17.01
2520,952,D24HourMean,QuarterlyMean,Mean,3.63
2505,946,D24HourMean,QuarterlyMean,Mean,4.90
2499,946,D24HourMean,QuarterlyMean,Mean,5.11
2517,929,D24HourMean,QuarterlyMean,Mean,5.79
2515,951,D24HourMean,QuarterlyMean,Mean,3.57
2493,956,D24HourMean,QuarterlyMean,Mean,13.42
2491,936,D24HourMean,QuarterlyMean,Mean,16.83
2499,942,D24HourMean,QuarterlyMean,Mean,17.96
2532,942,D24HourMean,QuarterlyMean,Mean,4.41
2536,936,D24HourMean,QuarterlyMean,Mean,17.14
2492,953,D24HourMean,QuarterlyMean,Mean,5.25
2527,950,D24HourMean,QuarterlyMean,Mean,3.92
2545,935,D24HourMean,QuarterlyMean,Mean,13.45
2499,937,D24HourMean,QuarterlyMean,Mean,16.71
2527,944,D24HourMean,QuarterlyMean,Mean,4.28
2531,933,D24HourMean,QuarterlyMean,Mean,24.52
2506,968,D24HourMean,QuarterlyMean,Mean,16.00
2517,945,D24HourMean,QuarterlyMean,Mean,4.23
2484,933,D24HourMean,QuarterlyMean,Mean,19.84
2531,936,D24HourMean,QuarterlyMean,Mean,24.55
2502,944,D24HourMean,QuarterlyMean,Mean,15.81
2517,947,D24HourMean,QuarterlyMean,Mean,3.99
2542,943,D24HourMean,QuarterlyMean,Mean,13.42
2487,958,D24HourMean,QuarterlyMean,Mean,14.56
2488,938,D24HourMean,QuarterlyMean,Mean,20.43
2517,943,D24HourMean,QuarterlyMean,Mean,4.37
2480,932,D24HourMean,QuarterlyMean,Mean,18.45
2523,931,D24HourMean,QuarterlyMean,Mean,5.57
2495,945,D24HourMean,QuarterlyMean,Mean,17.32
2488,939,D24HourMean,QuarterlyMean,Mean,20.10
2505,949,D24HourMean,QuarterlyMean,Mean,4.52
2531,937,D24HourMean,QuarterlyMean,Mean,27.30
2527,953,D24HourMean,QuarterlyMean,Mean,3.81
2541,938,D24HourMean,QuarterlyMean,Mean,12.84
2525,945,D24HourMean,QuarterlyMean,Mean,4.26
2494,964,D24HourMean,QuarterlyMean,Mean,15.47
2543,939,D24HourMean,QuarterlyMean,Mean,15.25
2480,952,D24HourMean,QuarterlyMean,Mean,6.27
2529,953,D24HourMean,QuarterlyMean,Mean,3.85
2511,946,D24HourMean,QuarterlyMean,Mean,4.17
2516,933,D24HourMean,QuarterlyMean,Mean,5.48
2484,949,D24HourMean,QuarterlyMean,Mean,6.32
2509,946,D24HourMean,QuarterlyMean,Mean,4.36
2538,934,D24HourMean,QuarterlyMean,Mean,17.16
2490,948,D24HourMean,QuarterlyMean,Mean,5.68
2503,947,D24HourMean,QuarterlyMean,Mean,4.89
2499,936,D24HourMean,QuarterlyMean,Mean,19.46
2494,962,D24HourMean,QuarterlyMean,Mean,15.47
2498,966,D24HourMean,QuarterlyMean,Mean,14.60
2518,941,D24HourMean,QuarterlyMean,Mean,4.50
2514,943,D24HourMean,QuarterlyMean,Mean,4.41
2525,951,D24HourMean,QuarterlyMean,Mean,3.77
2486,948,D24HourMean,QuarterlyMean,Mean,6.14
2522,944,D24HourMean,QuarterlyMean,Mean,4.28
2482,951,D24HourMean,QuarterlyMean,Mean,6.26
2496,944,D24HourMean,QuarterlyMean,Mean,16.49
2496,937,D24HourMean,QuarterlyMean,Mean,19.90
2522,940,D24HourMean,QuarterlyMean,Mean,4.56
2522,942,D24HourMean,QuarterlyMean,Mean,4.43
2527,937,D24HourMean,QuarterlyMean,Mean,4.79
2548,936,D24HourMean,QuarterlyMean,Mean,19.75
2519,928,D24HourMean,QuarterlyMean,Mean,5.93
2485,939,D24HourMean,QuarterlyMean,Mean,16.50
2548,939,D24HourMean,QuarterlyMean,Mean,17.53
2505,965,D24HourMean,QuarterlyMean,Mean,17.08
2531,940,D24HourMean,QuarterlyMean,Mean,4.45
2490,959,D24HourMean,QuarterlyMean,Mean,14.31
2530,933,D24HourMean,QuarterlyMean,Mean,19.05
2531,942,D24HourMean,QuarterlyMean,Mean,4.37
2485,935,D24HourMean,QuarterlyMean,Mean,20.09
2519,951,D24HourMean,QuarterlyMean,Mean,3.68
2496,943,D24HourMean,QuarterlyMean,Mean,18.31
2523,935,D24HourMean,QuarterlyMean,Mean,21.13
2540,943,D24HourMean,QuarterlyMean,Mean,14.25
2520,938,D24HourMean,QuarterlyMean,Mean,4.72
2537,949,D24HourMean,QuarterlyMean,Mean,13.40
2502,942,D24HourMean,QuarterlyMean,Mean,14.65
2526,931,D24HourMean,QuarterlyMean,Mean,5.55
2510,953,D24HourMean,QuarterlyMean,Mean,3.52
2513,945,D24HourMean,QuarterlyMean,Mean,4.19
2512,953,D24HourMean,QuarterlyMean,Mean,3.49
2530,934,D24HourMean,QuarterlyMean,Mean,21.35
2485,934,D24HourMean,QuarterlyMean,Mean,20.93
2532,953,D24HourMean,QuarterlyMean,Mean,3.94
2513,953,D24HourMean,QuarterlyMean,Mean,3.43
2521,945,D24HourMean,QuarterlyMean,Mean,4.19
2492,952,D24HourMean,QuarterlyMean,Mean,5.23
2517,927,D24HourMean,QuarterlyMean,Mean,6.11
2532,950,D24HourMean,QuarterlyMean,Mean,4.04
2494,966,D24HourMean,QuarterlyMean,Mean,14.93
2521,942,D24HourMean,QuarterlyMean,Mean,4.41
2517,939,D24HourMean,QuarterlyMean,Mean,4.63
2500,949,D24HourMean,QuarterlyMean,Mean,4.73
2530,950,D24HourMean,QuarterlyMean,Mean,3.97
2520,945,D24HourMean,QuarterlyMean,Mean,4.19
2545,944,D24HourMean,QuarterlyMean,Mean,16.60
2492,939,D24HourMean,QuarterlyMean,Mean,17.97
2501,939,D24HourMean,QuarterlyMean,Mean,17.33
2535,943,D24HourMean,QuarterlyMean,Mean,4.25
2546,935,D24HourMean,QuarterlyMean,Mean,14.24
2478,950,D24HourMean,QuarterlyMean,Mean,6.58
2530,944,D24HourMean,QuarterlyMean,Mean,15.21
2503,936,D24HourMean,QuarterlyMean,Mean,5.73
2485,943,D24HourMean,QuarterlyMean,Mean,17.65
2507,955,D24HourMean,QuarterlyMean,Mean,4.01
2514,955,D24HourMean,QuarterlyMean,Mean,3.47
2530,953,D24HourMean,QuarterlyMean,Mean,3.88
2489,961,D24HourMean,QuarterlyMean,Mean,15.85
2497,954,D24HourMean,QuarterlyMean,Mean,4.87
2486,951,D24HourMean,QuarterlyMean,Mean,5.93
2515,949,D24HourMean,QuarterlyMean,Mean,3.77
2524,941,D24HourMean,QuarterlyMean,Mean,4.47
2538,941,D24HourMean,QuarterlyMean,Mean,4.01
2495,939,D24HourMean,QuarterlyMean,Mean,19.38
2528,939,D24HourMean,QuarterlyMean,Mean,4.50
2502,951,D24HourMean,QuarterlyMean,Mean,4.48
2486,949,D24HourMean,QuarterlyMean,Mean,6.04
2484,950,D24HourMean,QuarterlyMean,Mean,6.20
2487,956,D24HourMean,QuarterlyMean,Mean,11.38
2548,934,D24HourMean,QuarterlyMean,Mean,18.44
2494,952,D24HourMean,QuarterlyMean,Mean,5.18
2517,950,D24HourMean,QuarterlyMean,Mean,3.66
2500,939,D24HourMean,QuarterlyMean,Mean,18.17
2509,952,D24HourMean,QuarterlyMean,Mean,3.72
2487,937,D24HourMean,QuarterlyMean,Mean,19.72
2530,940,D24HourMean,QuarterlyMean,Mean,4.48
2531,945,D24HourMean,QuarterlyMean,Mean,15.18
2525,946,D24HourMean,QuarterlyMean,Mean,4.17
2505,947,D24HourMean,QuarterlyMean,Mean,4.74
2508,954,D24HourMean,QuarterlyMean,Mean,3.80
2481,952,D24HourMean,QuarterlyMean,Mean,6.26
2540,937,D24HourMean,QuarterlyMean,Mean,11.35
2487,942,D24HourMean,QuarterlyMean,Mean,17.76
2528,945,D24HourMean,QuarterlyMean,Mean,4.21
2518,952,D24HourMean,QuarterlyMean,Mean,3.61
2497,962,D24HourMean,QuarterlyMean,Mean,16.00
2537,932,D24HourMean,QuarterlyMean,Mean,5.27
2524,942,D24HourMean,QuarterlyMean,Mean,4.47
2507,949,D24HourMean,QuarterlyMean,Mean,4.25
2505,961,D24HourMean,QuarterlyMean,Mean,16.35
2495,964,D24HourMean,QuarterlyMean,Mean,14.68
2499,944,D24HourMean,QuarterlyMean,Mean,17.78
2495,936,D24HourMean,QuarterlyMean,Mean,20.33
2526,943,D24HourMean,QuarterlyMean,Mean,4.36
2480,953,D24HourMean,QuarterlyMean,Mean,6.29
2519,939,D24HourMean,QuarterlyMean,Mean,4.58
2501,965,D24HourMean,QuarterlyMean,Mean,15.08
2546,938,D24HourMean,QuarterlyMean,Mean,15.95
2527,933,D24HourMean,QuarterlyMean,Mean,21.40
2509,950,D24HourMean,QuarterlyMean,Mean,3.87
2513,947,D24HourMean,QuarterlyMean,Mean,3.97
2495,965,D24HourMean,QuarterlyMean,Mean,14.88
2506,953,D24HourMean,QuarterlyMean,Mean,4.18
2520,928,D24HourMean,QuarterlyMean,Mean,5.95
2482,946,D24HourMean,QuarterlyMean,Mean,19.13
2523,936,D24HourMean,QuarterlyMean,Mean,4.99
2485,941,D24HourMean,QuarterlyMean,Mean,17.09
2531,946,D24HourMean,QuarterlyMean,Mean,15.69
2525,940,D24HourMean,QuarterlyMean,Mean,4.56
2481,951,D24HourMean,QuarterlyMean,Mean,6.25
2538,939,D24HourMean,QuarterlyMean,Mean,17.41
2533,940,D24HourMean,QuarterlyMean,Mean,4.52
2524,939,D24HourMean,QuarterlyMean,Mean,4.59
2508,951,D24HourMean,QuarterlyMean,Mean,3.92
2534,935,D24HourMean,QuarterlyMean,Mean,19.18
2492,949,D24HourMean,QuarterlyMean,Mean,5.48
2514,951,D24HourMean,QuarterlyMean,Mean,3.50
2499,945,D24HourMean,QuarterlyMean,Mean,5.18
2520,946,D24HourMean,QuarterlyMean,Mean,4.10
2521,943,D24HourMean,QuarterlyMean,Mean,4.34
2530,951,D24HourMean,QuarterlyMean,Mean,3.92
2523,947,D24HourMean,QuarterlyMean,Mean,4.06
2489,937,D24HourMean,QuarterlyMean,Mean,19.58
2487,941,D24HourMean,QuarterlyMean,Mean,17.73
2480,933,D24HourMean,QuarterlyMean,Mean,17.76
2477,952,D24HourMean,QuarterlyMean,Mean,6.74
2501,948,D24HourMean,QuarterlyMean,Mean,4.78
2518,938,D24HourMean,QuarterlyMean,Mean,4.69
2521,941,D24HourMean,QuarterlyMean,Mean,4.48
2537,939,D24HourMean,QuarterlyMean,Mean,17.63
2495,944,D24HourMean,QuarterlyMean,Mean,17.84
2488,933,D24HourMean,QuarterlyMean,Mean,19.27
2493,931,D24HourMean,QuarterlyMean,Mean,21.25
2482,932,D24HourMean,QuarterlyMean,Mean,19.97
2518,928,D24HourMean,QuarterlyMean,Mean,5.93
2496,952,D24HourMean,QuarterlyMean,Mean,5.03
2543,942,D24HourMean,QuarterlyMean,Mean,13.31
2541,940,D24HourMean,QuarterlyMean,Mean,13.21
2545,937,D24HourMean,QuarterlyMean,Mean,13.95
2505,963,D24HourMean,QuarterlyMean,Mean,16.69
2511,953,D24HourMean,QuarterlyMean,Mean,3.47
2521,932,D24HourMean,QuarterlyMean,Mean,14.46
2481,929,D24HourMean,QuarterlyMean,Mean,22.48
2490,958,D24HourMean,QuarterlyMean,Mean,14.04
2489,933,D24HourMean,QuarterlyMean,Mean,19.19
2503,951,D24HourMean,QuarterlyMean,Mean,4.49
2537,946,D24HourMean,QuarterlyMean,Mean,3.95
2493,940,D24HourMean,QuarterlyMean,Mean,18.91
2480,955,D24HourMean,QuarterlyMean,Mean,10.98
2486,954,D24HourMean,QuarterlyMean,Mean,5.92
2488,944,D24HourMean,QuarterlyMean,Mean,19.98
2507,958,D24HourMean,QuarterlyMean,Mean,15.88
2498,963,D24HourMean,QuarterlyMean,Mean,15.77
2486,933,D24HourMean,QuarterlyMean,Mean,20.77
2518,931,D24HourMean,QuarterlyMean,Mean,5.62
2518,946,D24HourMean,QuarterlyMean,Mean,4.08
2510,951,D24HourMean,QuarterlyMean,Mean,3.67
2515,944,D24HourMean,QuarterlyMean,Mean,4.28
2483,938,D24HourMean,QuarterlyMean,Mean,16.47
2519,936,D24HourMean,QuarterlyMean,Mean,4.99
2489,940,D24HourMean,QuarterlyMean,Mean,19.24
2548,943,D24HourMean,QuarterlyMean,Mean,14.88
2520,934,D24HourMean,QuarterlyMean,Mean,5.26
2482,934,D24HourMean,QuarterlyMean,Mean,18.45
2484,940,D24HourMean,QuarterlyMean,Mean,17.17
2482,933,D24HourMean,QuarterlyMean,Mean,19.32
2520,931,D24HourMean,QuarterlyMean,Mean,5.57
2526,933,D24HourMean,QuarterlyMean,Mean,19.90
2502,938,D24HourMean,QuarterlyMean,Mean,16.88
2533,952,D24HourMean,QuarterlyMean,Mean,14.80
2493,933,D24HourMean,QuarterlyMean,Mean,18.05
2518,935,D24HourMean,QuarterlyMean,Mean,5.17
2529,944,D24HourMean,QuarterlyMean,Mean,4.30
2519,934,D24HourMean,QuarterlyMean,Mean,5.25
2489,947,D24HourMean,QuarterlyMean,Mean,18.78
2516,946,D24HourMean,QuarterlyMean,Mean,4.08
2537,937,D24HourMean,QuarterlyMean,Mean,19.19
2494,932,D24HourMean,QuarterlyMean,Mean,20.51
2505,941,D24HourMean,QuarterlyMean,Mean,5.28
2526,952,D24HourMean,QuarterlyMean,Mean,3.79
2500,962,D24HourMean,QuarterlyMean,Mean,15.44
2498,942,D24HourMean,QuarterlyMean,Mean,17.76
2491,955,D24HourMean,QuarterlyMean,Mean,5.35
2492,957,D24HourMean,QuarterlyMean,Mean,13.19
2508,944,D24HourMean,QuarterlyMean,Mean,4.70
2536,942,D24HourMean,QuarterlyMean,Mean,4.17
2531,941,D24HourMean,QuarterlyMean,Mean,4.45
2488,953,D24HourMean,QuarterlyMean,Mean,5.56
2527,940,D24HourMean,QuarterlyMean,Mean,4.50
2514,949,D24HourMean,QuarterlyMean,Mean,3.68
2489,951,D24HourMean,QuarterlyMean,Mean,5.43
2505,954,D24HourMean,QuarterlyMean,Mean,4.28
2523,950,D24HourMean,QuarterlyMean,Mean,3.79
2525,937,D24HourMean,QuarterlyMean,Mean,4.83
2546,943,D24HourMean,QuarterlyMean,Mean,13.05
2501,950,D24HourMean,QuarterlyMean,Mean,4.60
2509,944,D24HourMean,QuarterlyMean,Mean,4.58
2541,941,D24HourMean,QuarterlyMean,Mean,13.31
2542,940,D24HourMean,QuarterlyMean,Mean,13.51
2496,947,D24HourMean,QuarterlyMean,Mean,14.68
2538,936,D24HourMean,QuarterlyMean,Mean,19.03
2549,937,D24HourMean,QuarterlyMean,Mean,22.76
2501,967,D24HourMean,QuarterlyMean,Mean,15.61
2528,949,D24HourMean,QuarterlyMean,Mean,3.97
2542,934,D24HourMean,QuarterlyMean,Mean,18.16
2495,943,D24HourMean,QuarterlyMean,Mean,17.71
2538,937,D24HourMean,QuarterlyMean,Mean,19.03
2528,953,D24HourMean,QuarterlyMean,Mean,3.83
2490,955,D24HourMean,QuarterlyMean,Mean,5.42
2512,946,D24HourMean,QuarterlyMean,Mean,4.12
2526,935,D24HourMean,QuarterlyMean,Mean,18.92
2511,949,D24HourMean,QuarterlyMean,Mean,3.72
2496,962,D24HourMean,QuarterlyMean,Mean,15.06
2525,952,D24HourMean,QuarterlyMean,Mean,3.77
2483,951,D24HourMean,QuarterlyMean,Mean,6.20
2512,954,D24HourMean,QuarterlyMean,Mean,3.41
2495,949,D24HourMean,QuarterlyMean,Mean,5.28
2545,941,D24HourMean,QuarterlyMean,Mean,16.74
2540,934,D24HourMean,QuarterlyMean,Mean,20.19
2528,938,D24HourMean,QuarterlyMean,Mean,4.65
2523,938,D24HourMean,QuarterlyMean,Mean,4.72
2491,934,D24HourMean,QuarterlyMean,Mean,17.01
2508,948,D24HourMean,QuarterlyMean,Mean,4.23
2486,950,D24HourMean,QuarterlyMean,Mean,5.99
2497,966,D24HourMean,QuarterlyMean,Mean,14.22
2542,935,D24HourMean,QuarterlyMean,Mean,13.52
2517,930,D24HourMean,QuarterlyMean,Mean,5.66
2518,948,D24HourMean,QuarterlyMean,Mean,3.90
2526,948,D24HourMean,QuarterlyMean,Mean,4.01
2547,939,D24HourMean,QuarterlyMean,Mean,18.82
2493,937,D24HourMean,QuarterlyMean,Mean,19.87
2484,934,D24HourMean,QuarterlyMean,Mean,18.95
2481,932,D24HourMean,QuarterlyMean,Mean,19.76
2481,950,D24HourMean,QuarterlyMean,Mean,6.30
2501,955,D24HourMean,QuarterlyMean,Mean,4.52
2534,937,D24HourMean,QuarterlyMean,Mean,24.11
2519,932,D24HourMean,QuarterlyMean,Mean,5.50
2483,946,D24HourMean,QuarterlyMean,Mean,20.05
2484,931,D24HourMean,QuarterlyMean,Mean,21.04
2500,955,D24HourMean,QuarterlyMean,Mean,4.53
2503,942,D24HourMean,QuarterlyMean,Mean,14.69
2530,946,D24HourMean,QuarterlyMean,Mean,15.28
2493,960,D24HourMean,QuarterlyMean,Mean,15.93
2498,937,D24HourMean,QuarterlyMean,Mean,18.18
2531,944,D24HourMean,QuarterlyMean,Mean,15.24
2527,930,D24HourMean,QuarterlyMean,Mean,5.62
2551,933,D24HourMean,QuarterlyMean,Mean,7.53
2525,938,D24HourMean,QuarterlyMean,Mean,4.68
2524,952,D24HourMean,QuarterlyMean,Mean,3.77
2513,952,D24HourMean,QuarterlyMean,Mean,3.48
2518,932,D24HourMean,QuarterlyMean,Mean,5.50
2503,967,D24HourMean,QuarterlyMean,Mean,14.52
2493,939,D24HourMean,QuarterlyMean,Mean,19.29
2526,953,D24HourMean,QuarterlyMean,Mean,3.81
2486,944,D24HourMean,QuarterlyMean,Mean,19.22
2539,944,D24HourMean,QuarterlyMean,Mean,3.64
2494,942,D24HourMean,QuarterlyMean,Mean,18.17
2536,948,D24HourMean,QuarterlyMean,Mean,15.18
2490,952,D24HourMean,QuarterlyMean,Mean,5.29
2503,966,D24HourMean,QuarterlyMean,Mean,16.66
2544,934,D24HourMean,QuarterlyMean,Mean,17.23
2479,953,D24HourMean,QuarterlyMean,Mean,13.81
2503,948,D24HourMean,QuarterlyMean,Mean,4.80
2498,950,D24HourMean,QuarterlyMean,Mean,4.77
2477,953,D24HourMean,QuarterlyMean,Mean,12.83
2485,938,D24HourMean,QuarterlyMean,Mean,16.62
2507,951,D24HourMean,QuarterlyMean,Mean,4.05
2543,944,D24HourMean,QuarterlyMean,Mean,13.48
2510,946,D24HourMean,QuarterlyMean,Mean,4.23
2524,945,D24HourMean,QuarterlyMean,Mean,-1.63
2491,945,D24HourMean,QuarterlyMean,Mean,18.11
2491,942,D24HourMean,QuarterlyMean,Mean,17.26
2526,941,D24HourMean,QuarterlyMean,Mean,4.43
2497,955,D24HourMean,QuarterlyMean,Mean,4.89
2538,940,D24HourMean,QuarterlyMean,Mean,4.10
2503,962,D24HourMean,QuarterlyMean,Mean,16.87
2542,937,D24HourMean,QuarterlyMean,Mean,11.45
2495,962,D24HourMean,QuarterlyMean,Mean,14.98
2503,946,D24HourMean,QuarterlyMean,Mean,4.98
2493,952,D24HourMean,QuarterlyMean,Mean,5.25
2527,932,D24HourMean,QuarterlyMean,Mean,5.44
2486,941,D24HourMean,QuarterlyMean,Mean,17.75
2514,944,D24HourMean,QuarterlyMean,Mean,4.36
2501,941,D24HourMean,QuarterlyMean,Mean,16.25
2522,935,D24HourMean,QuarterlyMean,Mean,21.22
2495,960,D24HourMean,QuarterlyMean,Mean,15.40
2493,932,D24HourMean,QuarterlyMean,Mean,20.61
2518,939,D24HourMean,QuarterlyMean,Mean,4.63
2504,949,D24HourMean,QuarterlyMean,Mean,4.62
2544,936,D24HourMean,QuarterlyMean,Mean,11.59
2481,936,D24HourMean,QuarterlyMean,Mean,18.53
2489,944,D24HourMean,QuarterlyMean,Mean,19.23
2491,958,D24HourMean,QuarterlyMean,Mean,14.31
2492,958,D24HourMean,QuarterlyMean,Mean,14.44
2521,946,D24HourMean,QuarterlyMean,Mean,4.12
2503,950,D24HourMean,QuarterlyMean,Mean,4.55
2538,949,D24HourMean,QuarterlyMean,Mean,3.66
2493,949,D24HourMean,QuarterlyMean,Mean,5.40
2537,954,D24HourMean,QuarterlyMean,Mean,3.68
2486,932,D24HourMean,QuarterlyMean,Mean,21.70
2497,946,D24HourMean,QuarterlyMean,Mean,14.58
2521,931,D24HourMean,QuarterlyMean,Mean,5.61
2478,953,D24HourMean,QuarterlyMean,Mean,13.45
2536,950,D24HourMean,QuarterlyMean,Mean,20.41
2484,935,D24HourMean,QuarterlyMean,Mean,19.43
2502,967,D24HourMean,QuarterlyMean,Mean,15.76
2484,951,D24HourMean,QuarterlyMean,Mean,6.15
2498,954,D24HourMean,QuarterlyMean,Mean,4.69
2524,932,D24HourMean,QuarterlyMean,Mean,14.03
2529,937,D24HourMean,QuarterlyMean,Mean,24.57
2488,952,D24HourMean,QuarterlyMean,Mean,5.54
2522,936,D24HourMean,QuarterlyMean,Mean,4.98
2494,937,D24HourMean,QuarterlyMean,Mean,20.42
2527,946,D24HourMean,QuarterlyMean,Mean,4.19
2502,950,D24HourMean,QuarterlyMean,Mean,4.62
2535,944,D24HourMean,QuarterlyMean,Mean,4.25
2518,936,D24HourMean,QuarterlyMean,Mean,5.05
2478,951,D24HourMean,QuarterlyMean,Mean,6.53
2501,952,D24HourMean,QuarterlyMean,Mean,4.48
2518,937,D24HourMean,QuarterlyMean,Mean,4.83
2531,934,D24HourMean,QuarterlyMean,Mean,19.97
2536,941,D24HourMean,QuarterlyMean,Mean,4.25
2495,967,D24HourMean,QuarterlyMean,Mean,16.16
2508,946,D24HourMean,QuarterlyMean,Mean,4.49
2516,934,D24HourMean,QuarterlyMean,Mean,5.35
2492,933,D24HourMean,QuarterlyMean,Mean,18.15
2523,948,D24HourMean,QuarterlyMean,Mean,3.97
2543,946,D24HourMean,QuarterlyMean,Mean,13.25
2489,941,D24HourMean,QuarterlyMean,Mean,18.41
2488,945,D24HourMean,QuarterlyMean,Mean,19.68
2494,945,D24HourMean,QuarterlyMean,Mean,17.70
2494,953,D24HourMean,QuarterlyMean,Mean,5.20
2487,943,D24HourMean,QuarterlyMean,Mean,18.01
2500,950,D24HourMean,QuarterlyMean,Mean,4.61
2485,949,D24HourMean,QuarterlyMean,Mean,6.18
2483,944,D24HourMean,QuarterlyMean,Mean,20.28
2502,963,D24HourMean,QuarterlyMean,Mean,17.73
2491,956,D24HourMean,QuarterlyMean,Mean,12.91
2536,943,D24HourMean,QuarterlyMean,Mean,4.17
2506,960,D24HourMean,QuarterlyMean,Mean,16.38
2519,952,D24HourMean,QuarterlyMean,Mean,3.63
2514,952,D24HourMean,QuarterlyMean,Mean,3.50
2489,942,D24HourMean,QuarterlyMean,Mean,18.46
2524,946,D24HourMean,QuarterlyMean,Mean,4.17
2543,940,D24HourMean,QuarterlyMean,Mean,14.81
2532,948,D24HourMean,QuarterlyMean,Mean,4.14
2540,941,D24HourMean,QuarterlyMean,Mean,12.62
2482,953,D24HourMean,QuarterlyMean,Mean,6.25
2527,945,D24HourMean,QuarterlyMean,Mean,4.21
2526,947,D24HourMean,QuarterlyMean,Mean,4.10
2519,950,D24HourMean,QuarterlyMean,Mean,3.74
2502,936,D24HourMean,QuarterlyMean,Mean,5.68
2534,948,D24HourMean,QuarterlyMean,Mean,17.67
2547,935,D24HourMean,QuarterlyMean,Mean,15.04
2524,937,D24HourMean,QuarterlyMean,Mean,4.88
2488,946,D24HourMean,QuarterlyMean,Mean,19.71
2493,958,D24HourMean,QuarterlyMean,Mean,14.17
2500,951,D24HourMean,QuarterlyMean,Mean,4.55
2544,941,D24HourMean,QuarterlyMean,Mean,14.44
2546,941,D24HourMean,QuarterlyMean,Mean,16.72
2532,941,D24HourMean,QuarterlyMean,Mean,4.41
2526,951,D24HourMean,QuarterlyMean,Mean,3.85
2540,944,D24HourMean,QuarterlyMean,Mean,14.12
2516,952,D24HourMean,QuarterlyMean,Mean,3.52
2535,946,D24HourMean,QuarterlyMean,Mean,4.15
2501,944,D24HourMean,QuarterlyMean,Mean,16.19
2503,939,D24HourMean,QuarterlyMean,Mean,13.04
2523,941,D24HourMean,QuarterlyMean,Mean,4.52
2539,943,D24HourMean,QuarterlyMean,Mean,20.60
2532,935,D24HourMean,QuarterlyMean,Mean,20.96
2516,953,D24HourMean,QuarterlyMean,Mean,3.54
2506,942,D24HourMean,QuarterlyMean,Mean,5.12
2488,941,D24HourMean,QuarterlyMean,Mean,17.94
2534,952,D24HourMean,QuarterlyMean,Mean,14.56
2517,933,D24HourMean,QuarterlyMean,Mean,5.43
2500,952,D24HourMean,QuarterlyMean,Mean,4.48
2506,952,D24HourMean,QuarterlyMean,Mean,4.18
2491,937,D24HourMean,QuarterlyMean,Mean,16.49
2512,950,D24HourMean,QuarterlyMean,Mean,3.61
2483,950,D24HourMean,QuarterlyMean,Mean,6.26
2523,940,D24HourMean,QuarterlyMean,Mean,4.50
2532,946,D24HourMean,QuarterlyMean,Mean,16.20
2489,949,D24HourMean,QuarterlyMean,Mean,5.72
2527,951,D24HourMean,QuarterlyMean,Mean,3.86
2532,934,D24HourMean,QuarterlyMean,Mean,21.27
2492,950,D24HourMean,QuarterlyMean,Mean,5.35
2491,957,D24HourMean,QuarterlyMean,Mean,12.94
2495,938,D24HourMean,QuarterlyMean,Mean,19.77
2495,963,D24HourMean,QuarterlyMean,Mean,14.33
2523,933,D24HourMean,QuarterlyMean,Mean,16.85
2503,940,D24HourMean,QuarterlyMean,Mean,5.43
2518,927,D24HourMean,QuarterlyMean,Mean,6.13
2516,945,D24HourMean,QuarterlyMean,Mean,4.23
2545,940,D24HourMean,QuarterlyMean,Mean,17.15
2534,946,D24HourMean,QuarterlyMean,Mean,16.41
2480,934,D24HourMean,QuarterlyMean,Mean,17.49
2533,948,D24HourMean,QuarterlyMean,Mean,18.61
2525,944,D24HourMean,QuarterlyMean,Mean,4.34
2525,943,D24HourMean,QuarterlyMean,Mean,4.41
2503,953,D24HourMean,QuarterlyMean,Mean,4.43
2497,942,D24HourMean,QuarterlyMean,Mean,18.09
2514,953,D24HourMean,QuarterlyMean,Mean,3.43
2494,940,D24HourMean,QuarterlyMean,Mean,18.86
2522,938,D24HourMean,QuarterlyMean,Mean,4.70
2530,947,D24HourMean,QuarterlyMean,Mean,4.17
2498,952,D24HourMean,QuarterlyMean,Mean,4.74
2526,938,D24HourMean,QuarterlyMean,Mean,4.70
2528,941,D24HourMean,QuarterlyMean,Mean,4.45
2486,938,D24HourMean,QuarterlyMean,Mean,18.23
2537,940,D24HourMean,QuarterlyMean,Mean,4.15
2502,945,D24HourMean,QuarterlyMean,Mean,5.11
2540,938,D24HourMean,QuarterlyMean,Mean,11.84
2549,940,D24HourMean,QuarterlyMean,Mean,21.46
2490,934,D24HourMean,QuarterlyMean,Mean,16.39
2523,930,D24HourMean,QuarterlyMean,Mean,5.62
2537,938,D24HourMean,QuarterlyMean,Mean,18.69
2521,951,D24HourMean,QuarterlyMean,Mean,3.72
2495,959,D24HourMean,QuarterlyMean,Mean,14.57
2530,938,D24HourMean,QuarterlyMean,Mean,24.73
2489,935,D24HourMean,QuarterlyMean,Mean,19.06
2491,952,D24HourMean,QuarterlyMean,Mean,5.31
2538,943,D24HourMean,QuarterlyMean,Mean,3.91
2506,961,D24HourMean,QuarterlyMean,Mean,15.96
2532,952,D24HourMean,QuarterlyMean,Mean,3.94
2485,948,D24HourMean,QuarterlyMean,Mean,6.28
2531,935,D24HourMean,QuarterlyMean,Mean,19.73
2516,929,D24HourMean,QuarterlyMean,Mean,5.77
2518,950,D24HourMean,QuarterlyMean,Mean,3.74
2487,961,D24HourMean,QuarterlyMean,Mean,16.13
2494,939,D24HourMean,QuarterlyMean,Mean,19.45
2496,936,D24HourMean,QuarterlyMean,Mean,20.24
2538,932,D24HourMean,QuarterlyMean,Mean,5.16
2499,963,D24HourMean,QuarterlyMean,Mean,15.66
2496,940,D24HourMean,QuarterlyMean,Mean,18.30
2508,950,D24HourMean,QuarterlyMean,Mean,4.00
2486,940,D24HourMean,QuarterlyMean,Mean,17.21
2537,953,D24HourMean,QuarterlyMean,Mean,3.66
2493,935,D24HourMean,QuarterlyMean,Mean,19.25
2490,937,D24HourMean,QuarterlyMean,Mean,18.84
2495,935,D24HourMean,QuarterlyMean,Mean,20.66
2507,946,D24HourMean,QuarterlyMean,Mean,4.63
2497,936,D24HourMean,QuarterlyMean,Mean,20.09
2509,945,D24HourMean,QuarterlyMean,Mean,4.43
2541,943,D24HourMean,QuarterlyMean,Mean,14.52
2522,952,D24HourMean,QuarterlyMean,Mean,3.74
2504,948,D24HourMean,QuarterlyMean,Mean,4.72
2521,952,D24HourMean,QuarterlyMean,Mean,3.65
2526,930,D24HourMean,QuarterlyMean,Mean,5.61
2477,955,D24HourMean,QuarterlyMean,Mean,13.46
2529,950,D24HourMean,QuarterlyMean,Mean,3.95
2523,942,D24HourMean,QuarterlyMean,Mean,4.45
2533,935,D24HourMean,QuarterlyMean,Mean,17.80
2489,943,D24HourMean,QuarterlyMean,Mean,18.56
2493,961,D24HourMean,QuarterlyMean,Mean,16.31
2497,949,D24HourMean,QuarterlyMean,Mean,5.02
2488,948,D24HourMean,QuarterlyMean,Mean,5.93
2491,951,D24HourMean,QuarterlyMean,Mean,5.29
2499,939,D24HourMean,QuarterlyMean,Mean,18.64
2504,946,D24HourMean,QuarterlyMean,Mean,4.98
2514,940,D24HourMean,QuarterlyMean,Mean,4.59
2516,936,D24HourMean,QuarterlyMean,Mean,5.03
2522,948,D24HourMean,QuarterlyMean,Mean,3.95
2483,943,D24HourMean,QuarterlyMean,Mean,19.82
2484,943,D24HourMean,QuarterlyMean,Mean,18.72
2511,952,D24HourMean,QuarterlyMean,Mean,3.47
2500,941,D24HourMean,QuarterlyMean,Mean,18.05
2537,947,D24HourMean,QuarterlyMean,Mean,3.88
2502,955,D24HourMean,QuarterlyMean,Mean,4.52
2481,935,D24HourMean,QuarterlyMean,Mean,17.98
2523,939,D24HourMean,QuarterlyMean,Mean,4.65
2515,945,D24HourMean,QuarterlyMean,Mean,4.21
2492,935,D24HourMean,QuarterlyMean,Mean,18.72
2494,949,D24HourMean,QuarterlyMean,Mean,5.42
2525,930,D24HourMean,QuarterlyMean,Mean,5.66
2539,934,D24HourMean,QuarterlyMean,Mean,18.48
2490,960,D24HourMean,QuarterlyMean,Mean,15.32
2529,951,D24HourMean,QuarterlyMean,Mean,3.90
2505,955,D24HourMean,QuarterlyMean,Mean,4.30
2515,947,D24HourMean,QuarterlyMean,Mean,3.99
2485,951,D24HourMean,QuarterlyMean,Mean,6.09
2486,935,D24HourMean,QuarterlyMean,Mean,20.21
2547,942,D24HourMean,QuarterlyMean,Mean,14.27
2515,953,D24HourMean,QuarterlyMean,Mean,3.45
2485,942,D24HourMean,QuarterlyMean,Mean,17.03
2479,931,D24HourMean,QuarterlyMean,Mean,20.45
2501,937,D24HourMean,QuarterlyMean,Mean,17.45
2495,941,D24HourMean,QuarterlyMean,Mean,17.97
2529,952,D24HourMean,QuarterlyMean,Mean,3.83
2502,965,D24HourMean,QuarterlyMean,Mean,16.90
2490,933,D24HourMean,QuarterlyMean,Mean,20.56
2488,951,D24HourMean,QuarterlyMean,Mean,5.60
2501,940,D24HourMean,QuarterlyMean,Mean,18.15
2538,938,D24HourMean,QuarterlyMean,Mean,17.68
2539,940,D24HourMean,QuarterlyMean,Mean,14.10
2480,951,D24HourMean,QuarterlyMean,Mean,6.30
2492,956,D24HourMean,QuarterlyMean,Mean,13.04
2536,952,D24HourMean,QuarterlyMean,Mean,13.93
2497,944,D24HourMean,QuarterlyMean,Mean,18.33
2476,954,D24HourMean,QuarterlyMean,Mean,13.29
2516,955,D24HourMean,QuarterlyMean,Mean,3.56
2482,935,D24HourMean,QuarterlyMean,Mean,17.84
2539,942,D24HourMean,QuarterlyMean,Mean,3.77
2510,948,D24HourMean,QuarterlyMean,Mean,3.97
2482,954,D24HourMean,QuarterlyMean,Mean,6.26
2484,954,D24HourMean,QuarterlyMean,Mean,6.15
2496,945,D24HourMean,QuarterlyMean,Mean,15.10
2508,953,D24HourMean,QuarterlyMean,Mean,3.78
2548,941,D24HourMean,QuarterlyMean,Mean,15.36
2507,943,D24HourMean,QuarterlyMean,Mean,4.89
2492,932,D24HourMean,QuarterlyMean,Mean,20.98
2534,949,D24HourMean,QuarterlyMean,Mean,15.85
2520,936,D24HourMean,QuarterlyMean,Mean,5.01
2534,942,D24HourMean,QuarterlyMean,Mean,4.39
2499,953,D24HourMean,QuarterlyMean,Mean,4.58
2521,950,D24HourMean,QuarterlyMean,Mean,3.77
2527,952,D24HourMean,QuarterlyMean,Mean,3.81
2517,928,D24HourMean,QuarterlyMean,Mean,5.98
2493,950,D24HourMean,QuarterlyMean,Mean,5.35
2530,952,D24HourMean,QuarterlyMean,Mean,3.86
2487,953,D24HourMean,QuarterlyMean,Mean,5.74
2501,964,D24HourMean,QuarterlyMean,Mean,17.95
2534,936,D24HourMean,QuarterlyMean,Mean,22.69
2539,939,D24HourMean,QuarterlyMean,Mean,3.97
2485,954,D24HourMean,QuarterlyMean,Mean,6.08
2529,940,D24HourMean,QuarterlyMean,Mean,4.47
2547,943,D24HourMean,QuarterlyMean,Mean,13.78
2505,962,D24HourMean,QuarterlyMean,Mean,16.13
2519,943,D24HourMean,QuarterlyMean,Mean,4.39
2541,936,D24HourMean,QuarterlyMean,Mean,12.35
2523,949,D24HourMean,QuarterlyMean,Mean,3.92
2516,947,D24HourMean,QuarterlyMean,Mean,3.99
2539,938,D24HourMean,QuarterlyMean,Mean,13.07
2505,952,D24HourMean,QuarterlyMean,Mean,4.27
2519,941,D24HourMean,QuarterlyMean,Mean,4.45
2476,952,D24HourMean,QuarterlyMean,Mean,12.54
2487,951,D24HourMean,QuarterlyMean,Mean,5.77
2501,945,D24HourMean,QuarterlyMean,Mean,5.11
2515,952,D24HourMean,QuarterlyMean,Mean,3.52
2502,937,D24HourMean,QuarterlyMean,Mean,17.22
2512,947,D24HourMean,QuarterlyMean,Mean,3.95
2516,935,D24HourMean,QuarterlyMean,Mean,5.23
2491,933,D24HourMean,QuarterlyMean,Mean,20.32
2483,949,D24HourMean,QuarterlyMean,Mean,6.38
2500,964,D24HourMean,QuarterlyMean,Mean,16.43
2536,939,D24HourMean,QuarterlyMean,Mean,20.19
2523,934,D24HourMean,QuarterlyMean,Mean,20.68
2517,937,D24HourMean,QuarterlyMean,Mean,4.90
2532,940,D24HourMean,QuarterlyMean,Mean,4.48
2530,935,D24HourMean,QuarterlyMean,Mean,19.97
2531,952,D24HourMean,QuarterlyMean,Mean,3.90
2517,949,D24HourMean,QuarterlyMean,Mean,3.79
2483,934,D24HourMean,QuarterlyMean,Mean,18.77
2491,938,D24HourMean,QuarterlyMean,Mean,18.17
2526,942,D24HourMean,QuarterlyMean,Mean,4.43
2477,951,D24HourMean,QuarterlyMean,Mean,6.79
2494,934,D24HourMean,QuarterlyMean,Mean,20.48
2533,938,D24HourMean,QuarterlyMean,Mean,22.84
2479,934,D24HourMean,QuarterlyMean,Mean,17.85
2516,944,D24HourMean,QuarterlyMean,Mean,4.30
2484,945,D24HourMean,QuarterlyMean,Mean,20.63
2486,952,D24HourMean,QuarterlyMean,Mean,5.88
2487,936,D24HourMean,QuarterlyMean,Mean,19.77
2500,942,D24HourMean,QuarterlyMean,Mean,18.05
2530,941,D24HourMean,QuarterlyMean,Mean,4.41
2483,947,D24HourMean,QuarterlyMean,Mean,6.50
2505,969,D24HourMean,QuarterlyMean,Mean,15.26
2508,947,D24HourMean,QuarterlyMean,Mean,4.34
2535,952,D24HourMean,QuarterlyMean,Mean,14.25
2503,943,D24HourMean,QuarterlyMean,Mean,5.25
2524,935,D24HourMean,QuarterlyMean,Mean,20.63
2523,943,D24HourMean,QuarterlyMean,Mean,4.37
2520,944,D24HourMean,QuarterlyMean,Mean,4.34
2544,942,D24HourMean,QuarterlyMean,Mean,13.28
2508,945,D24HourMean,QuarterlyMean,Mean,4.56
2511,950,D24HourMean,QuarterlyMean,Mean,3.66
2507,947,D24HourMean,QuarterlyMean,Mean,4.47
2520,948,D24HourMean,QuarterlyMean,Mean,3.92
2525,941,D24HourMean,QuarterlyMean,Mean,4.48
2533,944,D24HourMean,QuarterlyMean,Mean,4.36
2516,948,D24HourMean,QuarterlyMean,Mean,3.90
2489,939,D24HourMean,QuarterlyMean,Mean,19.69
2496,950,D24HourMean,QuarterlyMean,Mean,5.06
2518,933,D24HourMean,QuarterlyMean,Mean,5.44
2535,948,D24HourMean,QuarterlyMean,Mean,17.24
2522,931,D24HourMean,QuarterlyMean,Mean,5.55
2500,966,D24HourMean,QuarterlyMean,Mean,14.34
2502,966,D24HourMean,QuarterlyMean,Mean,15.92
2506,948,D24HourMean,QuarterlyMean,Mean,4.56
2511,945,D24HourMean,QuarterlyMean,Mean,4.25
2526,946,D24HourMean,QuarterlyMean,Mean,4.19
2546,940,D24HourMean,QuarterlyMean,Mean,16.92
2531,953,D24HourMean,QuarterlyMean,Mean,3.92
2516,949,D24HourMean,QuarterlyMean,Mean,3.77
2520,949,D24HourMean,QuarterlyMean,Mean,3.88
2518,953,D24HourMean,QuarterlyMean,Mean,3.54
2509,949,D24HourMean,QuarterlyMean,Mean,3.92
2524,936,D24HourMean,QuarterlyMean,Mean,5.03
2486,955,D24HourMean,QuarterlyMean,Mean,5.96
2515,931,D24HourMean,QuarterlyMean,Mean,5.64
2541,933,D24HourMean,QuarterlyMean,Mean,19.15
2483,930,D24HourMean,QuarterlyMean,Mean,21.15
2542,941,D24HourMean,QuarterlyMean,Mean,13.06
2519,929,D24HourMean,QuarterlyMean,Mean,5.73
2506,969,D24HourMean,QuarterlyMean,Mean,15.31
2525,931,D24HourMean,QuarterlyMean,Mean,5.53
2534,940,D24HourMean,QuarterlyMean,Mean,4.47
2495,961,D24HourMean,QuarterlyMean,Mean,15.85
2505,942,D24HourMean,QuarterlyMean,Mean,5.23
2492,936,D24HourMean,QuarterlyMean,Mean,16.88
2517,940,D24HourMean,QuarterlyMean,Mean,4.56
2491,953,D24HourMean,QuarterlyMean,Mean,5.24
2498,961,D24HourMean,QuarterlyMean,Mean,15.76
2502,953,D24HourMean,QuarterlyMean,Mean,4.43
2520,939,D24HourMean,QuarterlyMean,Mean,4.59
2507,953,D24HourMean,QuarterlyMean,Mean,3.98
2524,933,D24HourMean,QuarterlyMean,Mean,17.93
2506,962,D24HourMean,QuarterlyMean,Mean,15.93
2495,966,D24HourMean,QuarterlyMean,Mean,14.35
2501,942,D24HourMean,QuarterlyMean,Mean,14.87
2521,949,D24HourMean,QuarterlyMean,Mean,-1.76
2501,935,D24HourMean,QuarterlyMean,Mean,5.82
2493,943,D24HourMean,QuarterlyMean,Mean,17.94
2544,943,D24HourMean,QuarterlyMean,Mean,13.63
2529,941,D24HourMean,QuarterlyMean,Mean,4.39
2490,946,D24HourMean,QuarterlyMean,Mean,18.56
2496,953,D24HourMean,QuarterlyMean,Mean,4.96
2546,936,D24HourMean,QuarterlyMean,Mean,15.80
2521,940,D24HourMean,QuarterlyMean,Mean,4.54
2517,946,D24HourMean,QuarterlyMean,Mean,4.08
2534,939,D24HourMean,QuarterlyMean,Mean,22.21
2498,962,D24HourMean,QuarterlyMean,Mean,16.36
2475,952,D24HourMean,QuarterlyMean,Mean,13.04
2508,952,D24HourMean,QuarterlyMean,Mean,3.85
2497,951,D24HourMean,QuarterlyMean,Mean,4.90
2498,949,D24HourMean,QuarterlyMean,Mean,4.90
2537,941,D24HourMean,QuarterlyMean,Mean,4.15
2503,937,D24HourMean,QuarterlyMean,Mean,13.24
2490,954,D24HourMean,QuarterlyMean,Mean,5.33
2498,948,D24HourMean,QuarterlyMean,Mean,5.02
2513,949,D24HourMean,QuarterlyMean,Mean,3.75
2517,944,D24HourMean,QuarterlyMean,Mean,4.30
2549,935,D24HourMean,QuarterlyMean,Mean,15.17
2504,947,D24HourMean,QuarterlyMean,Mean,4.83
2487,946,D24HourMean,QuarterlyMean,Mean,18.50
2487,939,D24HourMean,QuarterlyMean,Mean,19.38
2525,949,D24HourMean,QuarterlyMean,Mean,3.95
2526,950,D24HourMean,QuarterlyMean,Mean,3.92
2478,954,D24HourMean,QuarterlyMean,Mean,13.30
2504,950,D24HourMean,QuarterlyMean,Mean,4.47
2492,937,D24HourMean,QuarterlyMean,Mean,18.61
2490,945,D24HourMean,QuarterlyMean,Mean,18.47
2498,965,D24HourMean,QuarterlyMean,Mean,14.35
2487,934,D24HourMean,QuarterlyMean,Mean,20.40
2491,949,D24HourMean,QuarterlyMean,Mean,5.46
2535,953,D24HourMean,QuarterlyMean,Mean,12.81
2525,947,D24HourMean,QuarterlyMean,Mean,4.10
2499,950,D24HourMean,QuarterlyMean,Mean,4.68
2506,945,D24HourMean,QuarterlyMean,Mean,4.89
2507,945,D24HourMean,QuarterlyMean,Mean,4.78
2514,947,D24HourMean,QuarterlyMean,Mean,3.97
2509,953,D24HourMean,QuarterlyMean,Mean,3.65
2496,951,D24HourMean,QuarterlyMean,Mean,5.01
2490,938,D24HourMean,QuarterlyMean,Mean,18.32
2528,931,D24HourMean,QuarterlyMean,Mean,5.52
2526,937,D24HourMean,QuarterlyMean,Mean,4.85
2503,941,D24HourMean,QuarterlyMean,Mean,13.86
2484,947,D24HourMean,QuarterlyMean,Mean,17.88
2499,949,D24HourMean,QuarterlyMean,Mean,4.81
2485,952,D24HourMean,QuarterlyMean,Mean,6.04
2536,949,D24HourMean,QuarterlyMean,Mean,12.78
2503,954,D24HourMean,QuarterlyMean,Mean,4.43
2493,959,D24HourMean,QuarterlyMean,Mean,14.93
2516,943,D24HourMean,QuarterlyMean,Mean,4.36
2485,936,D24HourMean,QuarterlyMean,Mean,18.67
2498,946,D24HourMean,QuarterlyMean,Mean,5.20
2502,943,D24HourMean,QuarterlyMean,Mean,15.99
2481,933,D24HourMean,QuarterlyMean,Mean,18.85
2502,940,D24HourMean,QuarterlyMean,Mean,16.60
2491,947,D24HourMean,QuarterlyMean,Mean,19.13
2529,939,D24HourMean,QuarterlyMean,Mean,4.54
2483,935,D24HourMean,QuarterlyMean,Mean,18.14
2494,936,D24HourMean,QuarterlyMean,Mean,19.90
2494,938,D24HourMean,QuarterlyMean,Mean,19.88
2517,941,D24HourMean,QuarterlyMean,Mean,4.50
2493,936,D24HourMean,QuarterlyMean,Mean,19.33
2515,942,D24HourMean,QuarterlyMean,Mean,4.48
2520,943,D24HourMean,QuarterlyMean,Mean,4.39
2493,947,D24HourMean,QuarterlyMean,Mean,5.62
2533,947,D24HourMean,QuarterlyMean,Mean,18.32
2492,954,D24HourMean,QuarterlyMean,Mean,5.27
2487,938,D24HourMean,QuarterlyMean,Mean,19.89
2500,948,D24HourMean,QuarterlyMean,Mean,4.84
2506,949,D24HourMean,QuarterlyMean,Mean,4.43
2549,936,D24HourMean,QuarterlyMean,Mean,16.91
2485,946,D24HourMean,QuarterlyMean,Mean,17.70
2529,936,D24HourMean,QuarterlyMean,Mean,19.47
2505,943,D24HourMean,QuarterlyMean,Mean,5.17
2517,935,D24HourMean,QuarterlyMean,Mean,5.17
2538,944,D24HourMean,QuarterlyMean,Mean,3.90
2543,945,D24HourMean,QuarterlyMean,Mean,13.78
2524,950,D24HourMean,QuarterlyMean,Mean,3.81
2502,952,D24HourMean,QuarterlyMean,Mean,4.48
2521,953,D24HourMean,QuarterlyMean,Mean,3.67
2541,937,D24HourMean,QuarterlyMean,Mean,11.61
2483,931,D24HourMean,QuarterlyMean,Mean,20.17
2504,943,D24HourMean,QuarterlyMean,Mean,5.25
2487,950,D24HourMean,QuarterlyMean,Mean,5.82
2526,949,D24HourMean,QuarterlyMean,Mean,3.95
2482,938,D24HourMean,QuarterlyMean,Mean,16.47
2484,937,D24HourMean,QuarterlyMean,Mean,17.55
2488,934,D24HourMean,QuarterlyMean,Mean,19.84
2496,941,D24HourMean,QuarterlyMean,Mean,17.69
2492,960,D24HourMean,QuarterlyMean,Mean,16.04
2535,941,D24HourMean,QuarterlyMean,Mean,4.34
2541,939,D24HourMean,QuarterlyMean,Mean,14.44
2529,946,D24HourMean,QuarterlyMean,Mean,4.15
2528,950,D24HourMean,QuarterlyMean,Mean,3.92
2533,943,D24HourMean,QuarterlyMean,Mean,4.36
2493,934,D24HourMean,QuarterlyMean,Mean,19.87
2510,950,D24HourMean,QuarterlyMean,Mean,3.72
2528,940,D24HourMean,QuarterlyMean,Mean,4.45
2509,951,D24HourMean,QuarterlyMean,Mean,3.72
2497,940,D24HourMean,QuarterlyMean,Mean,18.83
2520,941,D24HourMean,QuarterlyMean,Mean,4.47
2488,950,D24HourMean,QuarterlyMean,Mean,5.65
2546,937,D24HourMean,QuarterlyMean,Mean,17.06
2543,935,D24HourMean,QuarterlyMean,Mean,12.83
2519,940,D24HourMean,QuarterlyMean,Mean,4.50
2502,947,D24HourMean,QuarterlyMean,Mean,4.89
2494,946,D24HourMean,QuarterlyMean,Mean,17.16
2540,935,D24HourMean,QuarterlyMean,Mean,13.80
2538,945,D24HourMean,QuarterlyMean,Mean,3.80
2512,948,D24HourMean,QuarterlyMean,Mean,3.85
2523,932,D24HourMean,QuarterlyMean,Mean,13.43
2525,933,D24HourMean,QuarterlyMean,Mean,19.85
2534,947,D24HourMean,QuarterlyMean,Mean,18.09
2549,934,D24HourMean,QuarterlyMean,Mean,14.44
2527,941,D24HourMean,QuarterlyMean,Mean,4.43
2522,934,D24HourMean,QuarterlyMean,Mean,19.27
2483,955,D24HourMean,QuarterlyMean,Mean,10.05
2527,948,D24HourMean,QuarterlyMean,Mean,4.01
2535,940,D24HourMean,QuarterlyMean,Mean,4.41
2547,941,D24HourMean,QuarterlyMean,Mean,17.99
2480,930,D24HourMean,QuarterlyMean,Mean,20.79
2484,932,D24HourMean,QuarterlyMean,Mean,19.09
2528,942,D24HourMean,QuarterlyMean,Mean,4.37
2501,936,D24HourMean,QuarterlyMean,Mean,17.74
2531,938,D24HourMean,QuarterlyMean,Mean,27.09
2497,964,D24HourMean,QuarterlyMean,Mean,14.49
2493,951,D24HourMean,QuarterlyMean,Mean,5.30
2535,949,D24HourMean,QuarterlyMean,Mean,12.58
2535,937,D24HourMean,QuarterlyMean,Mean,21.16
2504,967,D24HourMean,QuarterlyMean,Mean,14.88
2520,947,D24HourMean,QuarterlyMean,Mean,4.03
2517,948,D24HourMean,QuarterlyMean,Mean,3.90
2539,945,D24HourMean,QuarterlyMean,Mean,16.44
2516,951,D24HourMean,QuarterlyMean,Mean,3.59
2505,944,D24HourMean,QuarterlyMean,Mean,5.10
2528,948,D24HourMean,QuarterlyMean,Mean,4.01
2486,945,D24HourMean,QuarterlyMean,Mean,19.55
2506,950,D24HourMean,QuarterlyMean,Mean,4.31
2482,950,D24HourMean,QuarterlyMean,Mean,6.31
2504,941,D24HourMean,QuarterlyMean,Mean,5.36
2479,932,D24HourMean,QuarterlyMean,Mean,18.79
2487,935,D24HourMean,QuarterlyMean,Mean,19.88
2520,951,D24HourMean,QuarterlyMean,Mean,3.70
2486,947,D24HourMean,QuarterlyMean,Mean,17.47
2548,942,D24HourMean,QuarterlyMean,Mean,13.89
2534,944,D24HourMean,QuarterlyMean,Mean,4.30
2487,940,D24HourMean,QuarterlyMean,Mean,18.28
2515,940,D24HourMean,QuarterlyMean,Mean,4.61
2545,938,D24HourMean,QuarterlyMean,Mean,12.82
2516,930,D24HourMean,QuarterlyMean,Mean,5.64
2480,954,D24HourMean,QuarterlyMean,Mean,6.32
2529,949,D24HourMean,QuarterlyMean,Mean,3.99
2490,939,D24HourMean,QuarterlyMean,Mean,17.94
2499,940,D24HourMean,QuarterlyMean,Mean,19.35
2530,936,D24HourMean,QuarterlyMean,Mean,23.84
2528,947,D24HourMean,QuarterlyMean,Mean,4.12
2515,954,D24HourMean,QuarterlyMean,Mean,3.47
2518,947,D24HourMean,QuarterlyMean,Mean,4.01
2544,938,D24HourMean,QuarterlyMean,Mean,12.40
2497,952,D24HourMean,QuarterlyMean,Mean,4.85
2528,944,D24HourMean,QuarterlyMean,Mean,4.28
2533,945,D24HourMean,QuarterlyMean,Mean,16.70
2489,954,D24HourMean,QuarterlyMean,Mean,5.48
2503,952,D24HourMean,QuarterlyMean,Mean,4.42
2526,936,D24HourMean,QuarterlyMean,Mean,4.99
2491,943,D24HourMean,QuarterlyMean,Mean,17.57
2494,933,D24HourMean,QuarterlyMean,Mean,20.49
2496,938,D24HourMean,QuarterlyMean,Mean,19.62
2528,946,D24HourMean,QuarterlyMean,Mean,4.14
2503,945,D24HourMean,QuarterlyMean,Mean,5.12
2545,939,D24HourMean,QuarterlyMean,Mean,16.79
2503,949,D24HourMean,QuarterlyMean,Mean,4.67
2543,934,D24HourMean,QuarterlyMean,Mean,19.17
2477,954,D24HourMean,QuarterlyMean,Mean,13.23
2505,967,D24HourMean,QuarterlyMean,Mean,16.03
2525,932,D24HourMean,QuarterlyMean,Mean,5.50
2494,944,D24HourMean,QuarterlyMean,Mean,17.12
2496,961,D24HourMean,QuarterlyMean,Mean,16.14
2520,937,D24HourMean,QuarterlyMean,Mean,4.87
2497,941,D24HourMean,QuarterlyMean,Mean,17.92
2505,950,D24HourMean,QuarterlyMean,Mean,4.40
2522,932,D24HourMean,QuarterlyMean,Mean,14.38
2507,967,D24HourMean,QuarterlyMean,Mean,17.20
2515,950,D24HourMean,QuarterlyMean,Mean,3.64
2515,943,D24HourMean,QuarterlyMean,Mean,4.43
2518,942,D24HourMean,QuarterlyMean,Mean,4.45
2531,950,D24HourMean,QuarterlyMean,Mean,4.01
2536,947,D24HourMean,QuarterlyMean,Mean,16.90
2542,936,D24HourMean,QuarterlyMean,Mean,12.44
2492,946,D24HourMean,QuarterlyMean,Mean,17.67
2505,968,D24HourMean,QuarterlyMean,Mean,15.61
2494,965,D24HourMean,QuarterlyMean,Mean,15.31
2485,944,D24HourMean,QuarterlyMean,Mean,19.00
2546,942,D24HourMean,QuarterlyMean,Mean,13.66
2497,961,D24HourMean,QuarterlyMean,Mean,15.98
2487,949,D24HourMean,QuarterlyMean,Mean,5.88
2483,948,D24HourMean,QuarterlyMean,Mean,6.41
2499,938,D24HourMean,QuarterlyMean,Mean,17.48
2520,942,D24HourMean,QuarterlyMean,Mean,4.39
2527,931,D24HourMean,QuarterlyMean,Mean,5.57
2532,939,D24HourMean,QuarterlyMean,Mean,4.56
2518,940,D24HourMean,QuarterlyMean,Mean,4.50
2487,952,D24HourMean,QuarterlyMean,Mean,5.72
2490,940,D24HourMean,QuarterlyMean,Mean,18.20
2492,943,D24HourMean,QuarterlyMean,Mean,17.24
2497,945,D24HourMean,QuarterlyMean,Mean,5.45
2494,935,D24HourMean,QuarterlyMean,Mean,20.09
2536,944,D24HourMean,QuarterlyMean,Mean,4.08
2542,933,D24HourMean,QuarterlyMean,Mean,21.24
2498,943,D24HourMean,QuarterlyMean,Mean,17.79
2541,942,D24HourMean,QuarterlyMean,Mean,13.01
2543,937,D24HourMean,QuarterlyMean,Mean,10.84
2529,942,D24HourMean,QuarterlyMean,Mean,4.39
2533,941,D24HourMean,QuarterlyMean,Mean,4.45
2536,938,D24HourMean,QuarterlyMean,Mean,20.03
2486,943,D24HourMean,QuarterlyMean,Mean,18.07
2516,937,D24HourMean,QuarterlyMean,Mean,4.88
2523,951,D24HourMean,QuarterlyMean,Mean,3.74
2484,946,D24HourMean,QuarterlyMean,Mean,19.73
2523,929,D24HourMean,QuarterlyMean,Mean,5.82
2479,955,D24HourMean,QuarterlyMean,Mean,12.61
2537,950,D24HourMean,QuarterlyMean,Mean,13.40
2547,945,D24HourMean,QuarterlyMean,Mean,16.16
2524,934,D24HourMean,QuarterlyMean,Mean,21.16
2529,943,D24HourMean,QuarterlyMean,Mean,4.32
2519,944,D24HourMean,QuarterlyMean,Mean,4.32
2521,935,D24HourMean,QuarterlyMean,Mean,5.16
2533,939,D24HourMean,QuarterlyMean,Mean,4.59
2519,937,D24HourMean,QuarterlyMean,Mean,4.85
2522,929,D24HourMean,QuarterlyMean,Mean,5.80
2484,952,D24HourMean,QuarterlyMean,Mean,6.17
2510,949,D24HourMean,QuarterlyMean,Mean,3.85
2493,944,D24HourMean,QuarterlyMean,Mean,18.33
2508,967,D24HourMean,QuarterlyMean,Mean,16.69
2511,944,D24HourMean,QuarterlyMean,Mean,4.38
2487,947,D24HourMean,QuarterlyMean,Mean,18.27
2521,948,D24HourMean,QuarterlyMean,Mean,3.94
2521,939,D24HourMean,QuarterlyMean,Mean,4.61
2521,936,D24HourMean,QuarterlyMean,Mean,5.03
2528,932,D24HourMean,QuarterlyMean,Mean,5.46
2530,949,D24HourMean,QuarterlyMean,Mean,4.03
2506,946,D24HourMean,QuarterlyMean,Mean,4.74
2488,937,D24HourMean,QuarterlyMean,Mean,20.16
2530,937,D24HourMean,QuarterlyMean,Mean,26.32
2482,944,D24HourMean,QuarterlyMean,Mean,19.87
2498,953,D24HourMean,QuarterlyMean,Mean,4.67
2495,951,D24HourMean,QuarterlyMean,Mean,5.17
2499,966,D24HourMean,QuarterlyMean,Mean,14.57
2500,943,D24HourMean,QuarterlyMean,Mean,18.09
2523,946,D24HourMean,QuarterlyMean,Mean,4.15
2539,941,D24HourMean,QuarterlyMean,Mean,21.25
2541,935,D24HourMean,QuarterlyMean,Mean,18.06
2524,948,D24HourMean,QuarterlyMean,Mean,3.97
2500,953,D24HourMean,QuarterlyMean,Mean,4.49
2518,930,D24HourMean,QuarterlyMean,Mean,5.66
2480,931,D24HourMean,QuarterlyMean,Mean,19.26
2537,936,D24HourMean,QuarterlyMean,Mean,19.00
2520,929,D24HourMean,QuarterlyMean,Mean,5.75
2482,936,D24HourMean,QuarterlyMean,Mean,18.35
2489,957,D24HourMean,QuarterlyMean,Mean,12.24
2486,937,D24HourMean,QuarterlyMean,Mean,18.65
2512,945,D24HourMean,QuarterlyMean,Mean,4.27
2547,934,D24HourMean,QuarterlyMean,Mean,19.39
2548,935,D24HourMean,QuarterlyMean,Mean,14.59
2525,942,D24HourMean,QuarterlyMean,Mean,4.41
2501,949,D24HourMean,QuarterlyMean,Mean,4.66
2533,942,D24HourMean,QuarterlyMean,Mean,4.37
2524,951,D24HourMean,QuarterlyMean,Mean,3.75
2494,948,D24HourMean,QuarterlyMean,Mean,5.46
2496,963,D24HourMean,QuarterlyMean,Mean,15.03
2494,963,D24HourMean,QuarterlyMean,Mean,14.95
2495,940,D24HourMean,QuarterlyMean,Mean,18.21
2536,935,D24HourMean,QuarterlyMean,Mean,18.22
2488,942,D24HourMean,QuarterlyMean,Mean,18.07
2501,951,D24HourMean,QuarterlyMean,Mean,4.48
2493,953,D24HourMean,QuarterlyMean,Mean,5.25
