Column,Row,Metric,Seasonal Metric,Annual Metric,Values
2229,672,D24HourMean,QuarterlyMean,Mean,22.12
2228,679,D24HourMean,QuarterlyMean,Mean,22.93
2232,675,D24HourMean,QuarterlyMean,Mean,24.00
2224,680,D24HourMean,QuarterlyMean,Mean,25.20
2221,671,D24HourMean,QuarterlyMean,Mean,21.68
2233,682,D24HourMean,QuarterlyMean,Mean,25.63
2231,675,D24HourMean,QuarterlyMean,Mean,24.08
2229,685,D24HourMean,QuarterlyMean,Mean,26.79
2222,670,D24HourMean,QuarterlyMean,Mean,22.07
2234,682,D24HourMean,QuarterlyMean,Mean,25.96
2231,681,D24HourMean,QuarterlyMean,Mean,24.66
2220,671,D24HourMean,QuarterlyMean,Mean,21.84
2233,683,D24HourMean,QuarterlyMean,Mean,25.77
2232,684,D24HourMean,QuarterlyMean,Mean,26.21
2231,685,D24HourMean,QuarterlyMean,Mean,27.06
2219,671,D24HourMean,QuarterlyMean,Mean,22.48
2221,677,D24HourMean,QuarterlyMean,Mean,21.97
2224,683,D24HourMean,QuarterlyMean,Mean,24.36
2226,676,D24HourMean,QuarterlyMean,Mean,23.92
2231,682,D24HourMean,QuarterlyMean,Mean,24.55
2228,680,D24HourMean,QuarterlyMean,Mean,23.34
2219,672,D24HourMean,QuarterlyMean,Mean,21.73
2221,672,D24HourMean,QuarterlyMean,Mean,21.54
2227,671,D24HourMean,QuarterlyMean,Mean,21.03
2225,676,D24HourMean,QuarterlyMean,Mean,24.98
2223,672,D24HourMean,QuarterlyMean,Mean,22.12
2231,683,D24HourMean,QuarterlyMean,Mean,25.31
2230,683,D24HourMean,QuarterlyMean,Mean,25.07
2230,680,D24HourMean,QuarterlyMean,Mean,24.71
2226,679,D24HourMean,QuarterlyMean,Mean,21.19
2229,681,D24HourMean,QuarterlyMean,Mean,24.06
2226,682,D24HourMean,QuarterlyMean,Mean,24.22
2232,679,D24HourMean,QuarterlyMean,Mean,24.25
2227,674,D24HourMean,QuarterlyMean,Mean,22.98
2223,679,D24HourMean,QuarterlyMean,Mean,24.00
2224,675,D24HourMean,QuarterlyMean,Mean,23.36
2226,677,D24HourMean,QuarterlyMean,Mean,21.33
2232,673,D24HourMean,QuarterlyMean,Mean,23.71
2230,674,D24HourMean,QuarterlyMean,Mean,23.01
2221,669,D24HourMean,QuarterlyMean,Mean,22.69
2228,674,D24HourMean,QuarterlyMean,Mean,23.23
2230,681,D24HourMean,QuarterlyMean,Mean,24.46
2220,672,D24HourMean,QuarterlyMean,Mean,21.35
2226,678,D24HourMean,QuarterlyMean,Mean,21.14
2227,679,D24HourMean,QuarterlyMean,Mean,21.57
2222,678,D24HourMean,QuarterlyMean,Mean,23.15
2229,682,D24HourMean,QuarterlyMean,Mean,24.80
2225,681,D24HourMean,QuarterlyMean,Mean,24.36
2222,679,D24HourMean,QuarterlyMean,Mean,23.57
2231,686,D24HourMean,QuarterlyMean,Mean,27.45
2229,678,D24HourMean,QuarterlyMean,Mean,23.11
2230,684,D24HourMean,QuarterlyMean,Mean,26.89
2219,674,D24HourMean,QuarterlyMean,Mean,21.75
2221,676,D24HourMean,QuarterlyMean,Mean,21.75
2223,674,D24HourMean,QuarterlyMean,Mean,23.61
2225,671,D24HourMean,QuarterlyMean,Mean,21.09
2233,681,D24HourMean,QuarterlyMean,Mean,25.25
2226,683,D24HourMean,QuarterlyMean,Mean,25.89
2230,670,D24HourMean,QuarterlyMean,Mean,22.31
2228,671,D24HourMean,QuarterlyMean,Mean,21.57
2224,681,D24HourMean,QuarterlyMean,Mean,25.14
2227,673,D24HourMean,QuarterlyMean,Mean,22.87
2229,683,D24HourMean,QuarterlyMean,Mean,26.21
2227,682,D24HourMean,QuarterlyMean,Mean,23.74
2221,674,D24HourMean,QuarterlyMean,Mean,21.89
2229,675,D24HourMean,QuarterlyMean,Mean,22.96
2234,680,D24HourMean,QuarterlyMean,Mean,25.89
2223,676,D24HourMean,QuarterlyMean,Mean,23.44
2231,678,D24HourMean,QuarterlyMean,Mean,24.80
2219,675,D24HourMean,QuarterlyMean,Mean,22.23
2227,680,D24HourMean,QuarterlyMean,Mean,22.37
2232,685,D24HourMean,QuarterlyMean,Mean,26.89
2225,674,D24HourMean,QuarterlyMean,Mean,24.63
2234,681,D24HourMean,QuarterlyMean,Mean,26.10
2227,683,D24HourMean,QuarterlyMean,Mean,26.24
2224,682,D24HourMean,QuarterlyMean,Mean,23.93
2219,676,D24HourMean,QuarterlyMean,Mean,22.71
2232,680,D24HourMean,QuarterlyMean,Mean,23.98
2223,670,D24HourMean,QuarterlyMean,Mean,21.96
2231,674,D24HourMean,QuarterlyMean,Mean,23.57
2224,677,D24HourMean,QuarterlyMean,Mean,24.60
2229,670,D24HourMean,QuarterlyMean,Mean,22.39
2224,672,D24HourMean,QuarterlyMean,Mean,21.48
2231,671,D24HourMean,QuarterlyMean,Mean,22.12
2222,673,D24HourMean,QuarterlyMean,Mean,21.97
2222,671,D24HourMean,QuarterlyMean,Mean,21.40
2225,682,D24HourMean,QuarterlyMean,Mean,24.50
2225,675,D24HourMean,QuarterlyMean,Mean,25.36
2228,678,D24HourMean,QuarterlyMean,Mean,22.99
2228,672,D24HourMean,QuarterlyMean,Mean,21.51
2229,680,D24HourMean,QuarterlyMean,Mean,23.93
2233,680,D24HourMean,QuarterlyMean,Mean,24.74
2232,683,D24HourMean,QuarterlyMean,Mean,25.61
2229,671,D24HourMean,QuarterlyMean,Mean,21.92
2224,676,D24HourMean,QuarterlyMean,Mean,25.07
2223,673,D24HourMean,QuarterlyMean,Mean,22.50
2223,675,D24HourMean,QuarterlyMean,Mean,23.50
2229,679,D24HourMean,QuarterlyMean,Mean,23.38
2224,673,D24HourMean,QuarterlyMean,Mean,22.74
2227,676,D24HourMean,QuarterlyMean,Mean,23.19
2222,672,D24HourMean,QuarterlyMean,Mean,21.88
2230,685,D24HourMean,QuarterlyMean,Mean,27.23
2221,678,D24HourMean,QuarterlyMean,Mean,23.11
2221,673,D24HourMean,QuarterlyMean,Mean,21.88
2232,674,D24HourMean,QuarterlyMean,Mean,23.04
2220,670,D24HourMean,QuarterlyMean,Mean,22.45
2225,672,D24HourMean,QuarterlyMean,Mean,22.20
2232,682,D24HourMean,QuarterlyMean,Mean,25.28
2223,678,D24HourMean,QuarterlyMean,Mean,23.90
2225,678,D24HourMean,QuarterlyMean,Mean,22.69
2231,673,D24HourMean,QuarterlyMean,Mean,22.87
2225,684,D24HourMean,QuarterlyMean,Mean,25.14
2227,672,D24HourMean,QuarterlyMean,Mean,21.27
2226,674,D24HourMean,QuarterlyMean,Mean,24.76
2230,671,D24HourMean,QuarterlyMean,Mean,22.42
2230,679,D24HourMean,QuarterlyMean,Mean,24.50
2226,681,D24HourMean,QuarterlyMean,Mean,23.36
2227,681,D24HourMean,QuarterlyMean,Mean,23.04
2221,670,D24HourMean,QuarterlyMean,Mean,22.79
2222,677,D24HourMean,QuarterlyMean,Mean,22.60
2231,684,D24HourMean,QuarterlyMean,Mean,26.67
2230,678,D24HourMean,QuarterlyMean,Mean,24.60
2220,677,D24HourMean,QuarterlyMean,Mean,22.82
2228,682,D24HourMean,QuarterlyMean,Mean,24.14
2226,684,D24HourMean,QuarterlyMean,Mean,25.09
2222,675,D24HourMean,QuarterlyMean,Mean,22.60
2223,671,D24HourMean,QuarterlyMean,Mean,22.02
2228,673,D24HourMean,QuarterlyMean,Mean,22.48
2220,675,D24HourMean,QuarterlyMean,Mean,22.21
2225,670,D24HourMean,QuarterlyMean,Mean,20.82
2225,680,D24HourMean,QuarterlyMean,Mean,23.96
2231,672,D24HourMean,QuarterlyMean,Mean,22.34
2220,673,D24HourMean,QuarterlyMean,Mean,21.44
2222,680,D24HourMean,QuarterlyMean,Mean,25.07
2225,677,D24HourMean,QuarterlyMean,Mean,22.00
2232,681,D24HourMean,QuarterlyMean,Mean,25.25
2226,671,D24HourMean,QuarterlyMean,Mean,20.42
2230,673,D24HourMean,QuarterlyMean,Mean,22.80
2221,675,D24HourMean,QuarterlyMean,Mean,22.02
2226,673,D24HourMean,QuarterlyMean,Mean,22.72
2223,677,D24HourMean,QuarterlyMean,Mean,23.74
2234,683,D24HourMean,QuarterlyMean,Mean,26.34
2222,674,D24HourMean,QuarterlyMean,Mean,22.48
2219,673,D24HourMean,QuarterlyMean,Mean,22.37
2230,675,D24HourMean,QuarterlyMean,Mean,23.28
2225,683,D24HourMean,QuarterlyMean,Mean,24.93
2223,680,D24HourMean,QuarterlyMean,Mean,25.66
2220,669,D24HourMean,QuarterlyMean,Mean,21.35
2228,677,D24HourMean,QuarterlyMean,Mean,23.74
2229,673,D24HourMean,QuarterlyMean,Mean,22.79
2228,681,D24HourMean,QuarterlyMean,Mean,23.81
2233,674,D24HourMean,QuarterlyMean,Mean,24.42
2226,680,D24HourMean,QuarterlyMean,Mean,22.37
2222,676,D24HourMean,QuarterlyMean,Mean,22.68
2229,684,D24HourMean,QuarterlyMean,Mean,27.11
2224,670,D24HourMean,QuarterlyMean,Mean,21.67
2224,679,D24HourMean,QuarterlyMean,Mean,24.28
2225,679,D24HourMean,QuarterlyMean,Mean,23.09
2224,674,D24HourMean,QuarterlyMean,Mean,23.42
2231,679,D24HourMean,QuarterlyMean,Mean,24.09
2231,680,D24HourMean,QuarterlyMean,Mean,23.77
2226,672,D24HourMean,QuarterlyMean,Mean,21.51
2225,673,D24HourMean,QuarterlyMean,Mean,21.84
2232,686,D24HourMean,QuarterlyMean,Mean,27.47
2228,683,D24HourMean,QuarterlyMean,Mean,26.00
2223,681,D24HourMean,QuarterlyMean,Mean,25.28
2230,682,D24HourMean,QuarterlyMean,Mean,24.68
2233,684,D24HourMean,QuarterlyMean,Mean,26.26
2227,677,D24HourMean,QuarterlyMean,Mean,22.58
2224,678,D24HourMean,QuarterlyMean,Mean,24.38
2220,674,D24HourMean,QuarterlyMean,Mean,21.89
2228,675,D24HourMean,QuarterlyMean,Mean,23.41
2229,674,D24HourMean,QuarterlyMean,Mean,23.69
2227,678,D24HourMean,QuarterlyMean,Mean,21.81
2220,676,D24HourMean,QuarterlyMean,Mean,21.97
2230,672,D24HourMean,QuarterlyMean,Mean,22.12
2224,671,D24HourMean,QuarterlyMean,Mean,21.75
2219,670,D24HourMean,QuarterlyMean,Mean,21.59
