Column,Row,Metric,Seasonal Metric,Annual Metric,Values
2843,739,D24HourMean,QuarterlyMean,Mean,19.33
2818,782,D24HourMean,QuarterlyMean,Mean,21.21
2866,713,D24HourMean,QuarterlyMean,Mean,15.24
2857,716,D24HourMean,QuarterlyMean,Mean,16.51
2831,742,D24HourMean,QuarterlyMean,Mean,20.63
2866,724,D24HourMean,QuarterlyMean,Mean,16.97
2846,746,D24HourMean,QuarterlyMean,Mean,18.46
2852,736,D24HourMean,QuarterlyMean,Mean,17.58
2818,740,D24HourMean,QuarterlyMean,Mean,21.88
2833,760,D24HourMean,QuarterlyMean,Mean,18.43
2865,719,D24HourMean,QuarterlyMean,Mean,15.75
2838,752,D24HourMean,QuarterlyMean,Mean,17.49
2858,713,D24HourMean,QuarterlyMean,Mean,14.95
2821,770,D24HourMean,QuarterlyMean,Mean,20.92
2805,757,D24HourMean,QuarterlyMean,Mean,19.50
2846,762,D24HourMean,QuarterlyMean,Mean,20.15
2856,727,D24HourMean,QuarterlyMean,Mean,18.22
2808,764,D24HourMean,QuarterlyMean,Mean,20.05
2808,770,D24HourMean,QuarterlyMean,Mean,19.37
2814,747,D24HourMean,QuarterlyMean,Mean,18.11
2845,749,D24HourMean,QuarterlyMean,Mean,19.11
2856,726,D24HourMean,QuarterlyMean,Mean,16.90
2830,741,D24HourMean,QuarterlyMean,Mean,21.27
2822,744,D24HourMean,QuarterlyMean,Mean,20.73
2843,747,D24HourMean,QuarterlyMean,Mean,19.03
2841,754,D24HourMean,QuarterlyMean,Mean,20.84
2820,783,D24HourMean,QuarterlyMean,Mean,21.06
2857,728,D24HourMean,QuarterlyMean,Mean,17.93
2813,766,D24HourMean,QuarterlyMean,Mean,20.58
2837,754,D24HourMean,QuarterlyMean,Mean,18.30
2855,717,D24HourMean,QuarterlyMean,Mean,16.51
2817,759,D24HourMean,QuarterlyMean,Mean,21.72
2856,732,D24HourMean,QuarterlyMean,Mean,17.94
2812,773,D24HourMean,QuarterlyMean,Mean,20.77
2869,703,D24HourMean,QuarterlyMean,Mean,13.30
2844,764,D24HourMean,QuarterlyMean,Mean,20.09
2818,752,D24HourMean,QuarterlyMean,Mean,20.87
2869,707,D24HourMean,QuarterlyMean,Mean,15.49
2847,764,D24HourMean,QuarterlyMean,Mean,20.72
2871,705,D24HourMean,QuarterlyMean,Mean,13.27
2816,769,D24HourMean,QuarterlyMean,Mean,21.32
2825,764,D24HourMean,QuarterlyMean,Mean,22.48
2820,775,D24HourMean,QuarterlyMean,Mean,21.32
2829,767,D24HourMean,QuarterlyMean,Mean,21.08
2867,716,D24HourMean,QuarterlyMean,Mean,15.57
2819,775,D24HourMean,QuarterlyMean,Mean,21.40
2807,764,D24HourMean,QuarterlyMean,Mean,20.02
2874,708,D24HourMean,QuarterlyMean,Mean,14.62
2828,770,D24HourMean,QuarterlyMean,Mean,22.21
2838,750,D24HourMean,QuarterlyMean,Mean,17.64
2836,748,D24HourMean,QuarterlyMean,Mean,18.43
2856,711,D24HourMean,QuarterlyMean,Mean,15.34
2841,757,D24HourMean,QuarterlyMean,Mean,21.08
2851,740,D24HourMean,QuarterlyMean,Mean,17.11
2819,748,D24HourMean,QuarterlyMean,Mean,19.94
2858,725,D24HourMean,QuarterlyMean,Mean,18.17
2838,749,D24HourMean,QuarterlyMean,Mean,19.03
2849,732,D24HourMean,QuarterlyMean,Mean,18.29
2859,713,D24HourMean,QuarterlyMean,Mean,16.00
2813,738,D24HourMean,QuarterlyMean,Mean,19.42
2856,703,D24HourMean,QuarterlyMean,Mean,14.73
2860,715,D24HourMean,QuarterlyMean,Mean,16.38
2804,764,D24HourMean,QuarterlyMean,Mean,19.55
2811,737,D24HourMean,QuarterlyMean,Mean,17.80
2832,742,D24HourMean,QuarterlyMean,Mean,20.84
2856,720,D24HourMean,QuarterlyMean,Mean,17.64
2872,705,D24HourMean,QuarterlyMean,Mean,13.10
2812,764,D24HourMean,QuarterlyMean,Mean,20.29
2827,740,D24HourMean,QuarterlyMean,Mean,23.33
2858,708,D24HourMean,QuarterlyMean,Mean,15.52
2816,752,D24HourMean,QuarterlyMean,Mean,20.69
2847,761,D24HourMean,QuarterlyMean,Mean,20.12
2862,725,D24HourMean,QuarterlyMean,Mean,18.09
2858,717,D24HourMean,QuarterlyMean,Mean,16.97
2868,713,D24HourMean,QuarterlyMean,Mean,15.92
2829,760,D24HourMean,QuarterlyMean,Mean,19.57
2840,760,D24HourMean,QuarterlyMean,Mean,20.30
2819,741,D24HourMean,QuarterlyMean,Mean,21.50
2833,753,D24HourMean,QuarterlyMean,Mean,17.59
2867,706,D24HourMean,QuarterlyMean,Mean,15.31
2825,759,D24HourMean,QuarterlyMean,Mean,21.81
2839,753,D24HourMean,QuarterlyMean,Mean,20.67
2848,739,D24HourMean,QuarterlyMean,Mean,17.56
2812,772,D24HourMean,QuarterlyMean,Mean,20.64
2835,755,D24HourMean,QuarterlyMean,Mean,18.37
2833,763,D24HourMean,QuarterlyMean,Mean,18.18
2867,709,D24HourMean,QuarterlyMean,Mean,14.43
2865,718,D24HourMean,QuarterlyMean,Mean,16.08
2823,765,D24HourMean,QuarterlyMean,Mean,21.97
2848,747,D24HourMean,QuarterlyMean,Mean,18.63
2842,768,D24HourMean,QuarterlyMean,Mean,21.50
2836,760,D24HourMean,QuarterlyMean,Mean,18.52
2853,742,D24HourMean,QuarterlyMean,Mean,17.70
2872,717,D24HourMean,QuarterlyMean,Mean,13.85
2814,739,D24HourMean,QuarterlyMean,Mean,21.37
2811,757,D24HourMean,QuarterlyMean,Mean,19.94
2853,703,D24HourMean,QuarterlyMean,Mean,15.27
2860,713,D24HourMean,QuarterlyMean,Mean,15.65
2865,710,D24HourMean,QuarterlyMean,Mean,13.37
2823,764,D24HourMean,QuarterlyMean,Mean,22.34
2830,756,D24HourMean,QuarterlyMean,Mean,18.53
2823,755,D24HourMean,QuarterlyMean,Mean,19.29
2861,710,D24HourMean,QuarterlyMean,Mean,14.03
2805,756,D24HourMean,QuarterlyMean,Mean,19.31
2876,712,D24HourMean,QuarterlyMean,Mean,13.50
2862,731,D24HourMean,QuarterlyMean,Mean,16.37
2836,744,D24HourMean,QuarterlyMean,Mean,19.74
2827,763,D24HourMean,QuarterlyMean,Mean,21.04
2857,701,D24HourMean,QuarterlyMean,Mean,15.08
2854,722,D24HourMean,QuarterlyMean,Mean,20.37
2861,729,D24HourMean,QuarterlyMean,Mean,17.41
2849,726,D24HourMean,QuarterlyMean,Mean,18.45
2843,744,D24HourMean,QuarterlyMean,Mean,18.19
2840,752,D24HourMean,QuarterlyMean,Mean,19.47
2820,746,D24HourMean,QuarterlyMean,Mean,20.05
2811,738,D24HourMean,QuarterlyMean,Mean,18.71
2848,735,D24HourMean,QuarterlyMean,Mean,17.46
2852,730,D24HourMean,QuarterlyMean,Mean,18.24
2805,763,D24HourMean,QuarterlyMean,Mean,20.50
2824,761,D24HourMean,QuarterlyMean,Mean,22.88
2833,748,D24HourMean,QuarterlyMean,Mean,16.85
2812,744,D24HourMean,QuarterlyMean,Mean,17.81
2839,766,D24HourMean,QuarterlyMean,Mean,20.67
2825,771,D24HourMean,QuarterlyMean,Mean,21.87
2819,783,D24HourMean,QuarterlyMean,Mean,21.38
2844,739,D24HourMean,QuarterlyMean,Mean,18.65
2875,707,D24HourMean,QuarterlyMean,Mean,14.10
2820,758,D24HourMean,QuarterlyMean,Mean,22.59
2837,764,D24HourMean,QuarterlyMean,Mean,19.01
2853,736,D24HourMean,QuarterlyMean,Mean,17.75
2826,768,D24HourMean,QuarterlyMean,Mean,21.82
2870,723,D24HourMean,QuarterlyMean,Mean,16.10
2849,760,D24HourMean,QuarterlyMean,Mean,20.46
2856,736,D24HourMean,QuarterlyMean,Mean,16.64
2863,708,D24HourMean,QuarterlyMean,Mean,14.31
2817,782,D24HourMean,QuarterlyMean,Mean,20.76
2823,767,D24HourMean,QuarterlyMean,Mean,21.29
2825,770,D24HourMean,QuarterlyMean,Mean,21.85
2818,759,D24HourMean,QuarterlyMean,Mean,21.79
2853,735,D24HourMean,QuarterlyMean,Mean,17.51
2855,728,D24HourMean,QuarterlyMean,Mean,17.49
2828,752,D24HourMean,QuarterlyMean,Mean,16.97
2845,743,D24HourMean,QuarterlyMean,Mean,18.11
2813,737,D24HourMean,QuarterlyMean,Mean,19.47
2816,762,D24HourMean,QuarterlyMean,Mean,21.58
2828,745,D24HourMean,QuarterlyMean,Mean,18.25
2850,728,D24HourMean,QuarterlyMean,Mean,17.95
2808,758,D24HourMean,QuarterlyMean,Mean,19.76
2817,744,D24HourMean,QuarterlyMean,Mean,21.02
2876,713,D24HourMean,QuarterlyMean,Mean,13.84
2855,732,D24HourMean,QuarterlyMean,Mean,17.76
2870,720,D24HourMean,QuarterlyMean,Mean,14.63
2870,719,D24HourMean,QuarterlyMean,Mean,14.91
2818,769,D24HourMean,QuarterlyMean,Mean,21.39
2802,763,D24HourMean,QuarterlyMean,Mean,21.18
2814,745,D24HourMean,QuarterlyMean,Mean,18.81
2823,757,D24HourMean,QuarterlyMean,Mean,21.76
2838,761,D24HourMean,QuarterlyMean,Mean,19.47
2843,763,D24HourMean,QuarterlyMean,Mean,19.41
2832,758,D24HourMean,QuarterlyMean,Mean,19.15
2814,767,D24HourMean,QuarterlyMean,Mean,20.92
2819,758,D24HourMean,QuarterlyMean,Mean,21.96
2815,757,D24HourMean,QuarterlyMean,Mean,20.39
2822,743,D24HourMean,QuarterlyMean,Mean,20.84
2815,755,D24HourMean,QuarterlyMean,Mean,19.13
2860,719,D24HourMean,QuarterlyMean,Mean,16.10
2826,752,D24HourMean,QuarterlyMean,Mean,17.23
2854,733,D24HourMean,QuarterlyMean,Mean,17.43
2830,749,D24HourMean,QuarterlyMean,Mean,17.36
2855,724,D24HourMean,QuarterlyMean,Mean,18.29
2826,748,D24HourMean,QuarterlyMean,Mean,20.52
2808,763,D24HourMean,QuarterlyMean,Mean,20.47
2812,774,D24HourMean,QuarterlyMean,Mean,20.71
2829,777,D24HourMean,QuarterlyMean,Mean,21.94
2820,753,D24HourMean,QuarterlyMean,Mean,19.11
2829,753,D24HourMean,QuarterlyMean,Mean,17.79
2832,751,D24HourMean,QuarterlyMean,Mean,17.25
2823,763,D24HourMean,QuarterlyMean,Mean,22.51
2857,727,D24HourMean,QuarterlyMean,Mean,17.70
2869,710,D24HourMean,QuarterlyMean,Mean,15.24
2822,762,D24HourMean,QuarterlyMean,Mean,22.38
2823,780,D24HourMean,QuarterlyMean,Mean,22.94
2815,763,D24HourMean,QuarterlyMean,Mean,21.84
2825,772,D24HourMean,QuarterlyMean,Mean,21.84
2818,749,D24HourMean,QuarterlyMean,Mean,19.19
2840,758,D24HourMean,QuarterlyMean,Mean,20.65
2822,769,D24HourMean,QuarterlyMean,Mean,21.13
2819,769,D24HourMean,QuarterlyMean,Mean,21.13
2824,752,D24HourMean,QuarterlyMean,Mean,18.19
2856,739,D24HourMean,QuarterlyMean,Mean,16.84
2860,734,D24HourMean,QuarterlyMean,Mean,17.71
2810,760,D24HourMean,QuarterlyMean,Mean,20.20
2864,730,D24HourMean,QuarterlyMean,Mean,17.32
2835,766,D24HourMean,QuarterlyMean,Mean,19.19
2849,731,D24HourMean,QuarterlyMean,Mean,18.62
2846,758,D24HourMean,QuarterlyMean,Mean,19.70
2860,731,D24HourMean,QuarterlyMean,Mean,17.40
2823,772,D24HourMean,QuarterlyMean,Mean,21.47
2809,762,D24HourMean,QuarterlyMean,Mean,20.40
2851,725,D24HourMean,QuarterlyMean,Mean,18.79
2832,754,D24HourMean,QuarterlyMean,Mean,17.30
2824,768,D24HourMean,QuarterlyMean,Mean,21.28
2826,761,D24HourMean,QuarterlyMean,Mean,21.65
2825,775,D24HourMean,QuarterlyMean,Mean,21.84
2829,766,D24HourMean,QuarterlyMean,Mean,20.86
2844,748,D24HourMean,QuarterlyMean,Mean,19.05
2857,730,D24HourMean,QuarterlyMean,Mean,17.61
2825,746,D24HourMean,QuarterlyMean,Mean,20.84
2828,760,D24HourMean,QuarterlyMean,Mean,20.38
2854,736,D24HourMean,QuarterlyMean,Mean,17.82
2834,766,D24HourMean,QuarterlyMean,Mean,19.35
2857,710,D24HourMean,QuarterlyMean,Mean,14.61
2844,742,D24HourMean,QuarterlyMean,Mean,17.70
2866,715,D24HourMean,QuarterlyMean,Mean,15.92
2839,749,D24HourMean,QuarterlyMean,Mean,18.30
2824,759,D24HourMean,QuarterlyMean,Mean,22.47
2822,778,D24HourMean,QuarterlyMean,Mean,22.08
2862,732,D24HourMean,QuarterlyMean,Mean,16.27
2873,720,D24HourMean,QuarterlyMean,Mean,14.57
2809,757,D24HourMean,QuarterlyMean,Mean,19.45
2821,752,D24HourMean,QuarterlyMean,Mean,16.79
2862,728,D24HourMean,QuarterlyMean,Mean,17.46
2834,764,D24HourMean,QuarterlyMean,Mean,19.05
2857,708,D24HourMean,QuarterlyMean,Mean,15.52
2854,726,D24HourMean,QuarterlyMean,Mean,18.11
2815,749,D24HourMean,QuarterlyMean,Mean,20.11
2860,702,D24HourMean,QuarterlyMean,Mean,16.38
2815,767,D24HourMean,QuarterlyMean,Mean,21.85
2858,729,D24HourMean,QuarterlyMean,Mean,17.72
2811,736,D24HourMean,QuarterlyMean,Mean,17.44
2862,711,D24HourMean,QuarterlyMean,Mean,13.07
2803,764,D24HourMean,QuarterlyMean,Mean,19.95
2835,758,D24HourMean,QuarterlyMean,Mean,18.68
2860,726,D24HourMean,QuarterlyMean,Mean,17.70
2825,760,D24HourMean,QuarterlyMean,Mean,22.37
2852,735,D24HourMean,QuarterlyMean,Mean,17.27
2838,762,D24HourMean,QuarterlyMean,Mean,18.65
2847,739,D24HourMean,QuarterlyMean,Mean,17.57
2859,733,D24HourMean,QuarterlyMean,Mean,17.77
2819,744,D24HourMean,QuarterlyMean,Mean,20.78
2827,744,D24HourMean,QuarterlyMean,Mean,19.34
2856,719,D24HourMean,QuarterlyMean,Mean,17.13
2849,737,D24HourMean,QuarterlyMean,Mean,17.15
2826,754,D24HourMean,QuarterlyMean,Mean,18.79
2814,746,D24HourMean,QuarterlyMean,Mean,18.63
2830,745,D24HourMean,QuarterlyMean,Mean,19.06
2824,765,D24HourMean,QuarterlyMean,Mean,22.51
2817,756,D24HourMean,QuarterlyMean,Mean,20.79
2830,765,D24HourMean,QuarterlyMean,Mean,20.39
2869,705,D24HourMean,QuarterlyMean,Mean,13.77
2871,718,D24HourMean,QuarterlyMean,Mean,14.04
2842,769,D24HourMean,QuarterlyMean,Mean,20.73
2825,773,D24HourMean,QuarterlyMean,Mean,21.66
2853,729,D24HourMean,QuarterlyMean,Mean,18.04
2869,722,D24HourMean,QuarterlyMean,Mean,15.48
2857,725,D24HourMean,QuarterlyMean,Mean,18.29
2832,759,D24HourMean,QuarterlyMean,Mean,19.13
2822,783,D24HourMean,QuarterlyMean,Mean,21.46
2824,760,D24HourMean,QuarterlyMean,Mean,23.14
2846,739,D24HourMean,QuarterlyMean,Mean,17.12
2859,709,D24HourMean,QuarterlyMean,Mean,13.95
2821,759,D24HourMean,QuarterlyMean,Mean,23.61
2858,728,D24HourMean,QuarterlyMean,Mean,17.78
2819,747,D24HourMean,QuarterlyMean,Mean,20.26
2850,736,D24HourMean,QuarterlyMean,Mean,16.92
2831,768,D24HourMean,QuarterlyMean,Mean,20.73
2832,745,D24HourMean,QuarterlyMean,Mean,18.67
2839,751,D24HourMean,QuarterlyMean,Mean,17.83
2853,723,D24HourMean,QuarterlyMean,Mean,19.37
2876,711,D24HourMean,QuarterlyMean,Mean,13.14
2833,754,D24HourMean,QuarterlyMean,Mean,17.33
2872,714,D24HourMean,QuarterlyMean,Mean,12.95
2815,758,D24HourMean,QuarterlyMean,Mean,20.61
2845,761,D24HourMean,QuarterlyMean,Mean,19.59
2862,715,D24HourMean,QuarterlyMean,Mean,15.92
2861,708,D24HourMean,QuarterlyMean,Mean,14.63
2874,719,D24HourMean,QuarterlyMean,Mean,14.47
2830,743,D24HourMean,QuarterlyMean,Mean,19.82
2818,768,D24HourMean,QuarterlyMean,Mean,21.47
2851,743,D24HourMean,QuarterlyMean,Mean,18.30
2856,737,D24HourMean,QuarterlyMean,Mean,16.38
2830,767,D24HourMean,QuarterlyMean,Mean,20.76
2858,705,D24HourMean,QuarterlyMean,Mean,14.93
2851,728,D24HourMean,QuarterlyMean,Mean,18.01
2820,756,D24HourMean,QuarterlyMean,Mean,20.97
2819,745,D24HourMean,QuarterlyMean,Mean,20.86
2871,722,D24HourMean,QuarterlyMean,Mean,15.16
2827,761,D24HourMean,QuarterlyMean,Mean,21.23
2815,742,D24HourMean,QuarterlyMean,Mean,21.39
2830,755,D24HourMean,QuarterlyMean,Mean,18.03
2807,758,D24HourMean,QuarterlyMean,Mean,19.58
2844,760,D24HourMean,QuarterlyMean,Mean,19.20
2825,740,D24HourMean,QuarterlyMean,Mean,21.38
2816,750,D24HourMean,QuarterlyMean,Mean,20.63
2827,742,D24HourMean,QuarterlyMean,Mean,22.28
2849,733,D24HourMean,QuarterlyMean,Mean,18.36
2859,718,D24HourMean,QuarterlyMean,Mean,17.00
2814,741,D24HourMean,QuarterlyMean,Mean,21.63
2834,744,D24HourMean,QuarterlyMean,Mean,20.08
2867,711,D24HourMean,QuarterlyMean,Mean,14.71
2813,768,D24HourMean,QuarterlyMean,Mean,21.03
2830,762,D24HourMean,QuarterlyMean,Mean,20.15
2860,721,D24HourMean,QuarterlyMean,Mean,17.85
2857,719,D24HourMean,QuarterlyMean,Mean,17.08
2836,749,D24HourMean,QuarterlyMean,Mean,18.50
2844,766,D24HourMean,QuarterlyMean,Mean,21.57
2816,742,D24HourMean,QuarterlyMean,Mean,20.92
2845,742,D24HourMean,QuarterlyMean,Mean,17.68
2868,708,D24HourMean,QuarterlyMean,Mean,15.18
2843,766,D24HourMean,QuarterlyMean,Mean,21.36
2863,711,D24HourMean,QuarterlyMean,Mean,12.50
2874,710,D24HourMean,QuarterlyMean,Mean,14.75
2875,709,D24HourMean,QuarterlyMean,Mean,13.62
2810,759,D24HourMean,QuarterlyMean,Mean,20.11
2828,762,D24HourMean,QuarterlyMean,Mean,20.86
2829,772,D24HourMean,QuarterlyMean,Mean,22.22
2855,723,D24HourMean,QuarterlyMean,Mean,18.82
2830,754,D24HourMean,QuarterlyMean,Mean,18.44
2807,766,D24HourMean,QuarterlyMean,Mean,19.55
2812,759,D24HourMean,QuarterlyMean,Mean,20.69
2819,757,D24HourMean,QuarterlyMean,Mean,21.96
2851,723,D24HourMean,QuarterlyMean,Mean,18.78
2867,707,D24HourMean,QuarterlyMean,Mean,15.32
2824,750,D24HourMean,QuarterlyMean,Mean,17.08
2823,770,D24HourMean,QuarterlyMean,Mean,21.42
2875,714,D24HourMean,QuarterlyMean,Mean,14.24
2859,714,D24HourMean,QuarterlyMean,Mean,16.16
2812,735,D24HourMean,QuarterlyMean,Mean,18.51
2863,713,D24HourMean,QuarterlyMean,Mean,12.98
2808,762,D24HourMean,QuarterlyMean,Mean,20.24
2845,739,D24HourMean,QuarterlyMean,Mean,17.82
2866,722,D24HourMean,QuarterlyMean,Mean,15.94
2815,744,D24HourMean,QuarterlyMean,Mean,21.43
2830,761,D24HourMean,QuarterlyMean,Mean,19.81
2842,758,D24HourMean,QuarterlyMean,Mean,19.20
2863,731,D24HourMean,QuarterlyMean,Mean,17.01
2873,712,D24HourMean,QuarterlyMean,Mean,14.58
2854,740,D24HourMean,QuarterlyMean,Mean,16.33
2824,778,D24HourMean,QuarterlyMean,Mean,22.48
2838,751,D24HourMean,QuarterlyMean,Mean,16.23
2868,715,D24HourMean,QuarterlyMean,Mean,15.57
2843,761,D24HourMean,QuarterlyMean,Mean,18.96
2861,706,D24HourMean,QuarterlyMean,Mean,14.46
2844,741,D24HourMean,QuarterlyMean,Mean,18.21
2850,724,D24HourMean,QuarterlyMean,Mean,18.21
2843,745,D24HourMean,QuarterlyMean,Mean,18.72
2855,722,D24HourMean,QuarterlyMean,Mean,18.90
2866,720,D24HourMean,QuarterlyMean,Mean,15.44
2873,714,D24HourMean,QuarterlyMean,Mean,13.77
2811,763,D24HourMean,QuarterlyMean,Mean,20.20
2859,706,D24HourMean,QuarterlyMean,Mean,15.32
2824,764,D24HourMean,QuarterlyMean,Mean,22.77
2858,710,D24HourMean,QuarterlyMean,Mean,14.81
2810,766,D24HourMean,QuarterlyMean,Mean,20.26
2831,743,D24HourMean,QuarterlyMean,Mean,20.07
2809,756,D24HourMean,QuarterlyMean,Mean,19.23
2833,759,D24HourMean,QuarterlyMean,Mean,18.86
2827,769,D24HourMean,QuarterlyMean,Mean,22.00
2853,727,D24HourMean,QuarterlyMean,Mean,17.85
2876,710,D24HourMean,QuarterlyMean,Mean,12.82
2814,765,D24HourMean,QuarterlyMean,Mean,21.37
2845,738,D24HourMean,QuarterlyMean,Mean,18.26
2830,766,D24HourMean,QuarterlyMean,Mean,20.52
2859,734,D24HourMean,QuarterlyMean,Mean,17.71
2821,765,D24HourMean,QuarterlyMean,Mean,21.28
2826,743,D24HourMean,QuarterlyMean,Mean,22.47
2856,713,D24HourMean,QuarterlyMean,Mean,15.65
2815,771,D24HourMean,QuarterlyMean,Mean,20.99
2813,747,D24HourMean,QuarterlyMean,Mean,17.50
2835,762,D24HourMean,QuarterlyMean,Mean,18.55
2831,746,D24HourMean,QuarterlyMean,Mean,17.80
2818,750,D24HourMean,QuarterlyMean,Mean,19.60
2824,774,D24HourMean,QuarterlyMean,Mean,21.66
2861,716,D24HourMean,QuarterlyMean,Mean,16.44
2836,750,D24HourMean,QuarterlyMean,Mean,18.14
2873,718,D24HourMean,QuarterlyMean,Mean,13.80
2858,704,D24HourMean,QuarterlyMean,Mean,14.68
2863,728,D24HourMean,QuarterlyMean,Mean,16.61
2821,763,D24HourMean,QuarterlyMean,Mean,22.00
2864,706,D24HourMean,QuarterlyMean,Mean,15.06
2858,707,D24HourMean,QuarterlyMean,Mean,14.98
2862,722,D24HourMean,QuarterlyMean,Mean,16.30
2855,738,D24HourMean,QuarterlyMean,Mean,16.56
2813,764,D24HourMean,QuarterlyMean,Mean,20.89
2843,743,D24HourMean,QuarterlyMean,Mean,17.91
2871,714,D24HourMean,QuarterlyMean,Mean,13.74
2827,764,D24HourMean,QuarterlyMean,Mean,21.31
2848,737,D24HourMean,QuarterlyMean,Mean,16.99
2857,726,D24HourMean,QuarterlyMean,Mean,17.82
2842,741,D24HourMean,QuarterlyMean,Mean,17.67
2834,760,D24HourMean,QuarterlyMean,Mean,18.40
2816,766,D24HourMean,QuarterlyMean,Mean,22.13
2816,767,D24HourMean,QuarterlyMean,Mean,21.82
2835,750,D24HourMean,QuarterlyMean,Mean,18.09
2811,766,D24HourMean,QuarterlyMean,Mean,20.41
2850,742,D24HourMean,QuarterlyMean,Mean,18.38
2840,751,D24HourMean,QuarterlyMean,Mean,17.93
2821,757,D24HourMean,QuarterlyMean,Mean,21.96
2836,754,D24HourMean,QuarterlyMean,Mean,17.73
2839,757,D24HourMean,QuarterlyMean,Mean,21.05
2839,758,D24HourMean,QuarterlyMean,Mean,20.41
2816,749,D24HourMean,QuarterlyMean,Mean,20.90
2859,708,D24HourMean,QuarterlyMean,Mean,13.57
2821,771,D24HourMean,QuarterlyMean,Mean,20.91
2834,752,D24HourMean,QuarterlyMean,Mean,17.82
2838,755,D24HourMean,QuarterlyMean,Mean,19.44
2871,712,D24HourMean,QuarterlyMean,Mean,14.60
2815,761,D24HourMean,QuarterlyMean,Mean,21.66
2824,779,D24HourMean,QuarterlyMean,Mean,22.58
2832,743,D24HourMean,QuarterlyMean,Mean,20.52
2818,761,D24HourMean,QuarterlyMean,Mean,20.96
2827,760,D24HourMean,QuarterlyMean,Mean,21.07
2808,768,D24HourMean,QuarterlyMean,Mean,20.36
2852,738,D24HourMean,QuarterlyMean,Mean,17.13
2814,743,D24HourMean,QuarterlyMean,Mean,21.39
2816,763,D24HourMean,QuarterlyMean,Mean,21.82
2872,706,D24HourMean,QuarterlyMean,Mean,14.58
2825,766,D24HourMean,QuarterlyMean,Mean,22.35
2850,731,D24HourMean,QuarterlyMean,Mean,18.00
2855,740,D24HourMean,QuarterlyMean,Mean,16.66
2849,725,D24HourMean,QuarterlyMean,Mean,18.66
2851,727,D24HourMean,QuarterlyMean,Mean,17.65
2830,740,D24HourMean,QuarterlyMean,Mean,21.59
2844,759,D24HourMean,QuarterlyMean,Mean,18.96
2867,721,D24HourMean,QuarterlyMean,Mean,15.46
2827,759,D24HourMean,QuarterlyMean,Mean,20.43
2861,717,D24HourMean,QuarterlyMean,Mean,16.51
2843,740,D24HourMean,QuarterlyMean,Mean,19.03
2857,738,D24HourMean,QuarterlyMean,Mean,16.94
2857,732,D24HourMean,QuarterlyMean,Mean,17.77
2851,731,D24HourMean,QuarterlyMean,Mean,17.95
2869,716,D24HourMean,QuarterlyMean,Mean,15.23
2854,727,D24HourMean,QuarterlyMean,Mean,17.59
2862,729,D24HourMean,QuarterlyMean,Mean,17.20
2824,740,D24HourMean,QuarterlyMean,Mean,21.10
2834,749,D24HourMean,QuarterlyMean,Mean,17.86
2859,724,D24HourMean,QuarterlyMean,Mean,18.43
2856,725,D24HourMean,QuarterlyMean,Mean,17.28
2831,753,D24HourMean,QuarterlyMean,Mean,17.35
2837,744,D24HourMean,QuarterlyMean,Mean,19.89
2833,747,D24HourMean,QuarterlyMean,Mean,17.03
2816,738,D24HourMean,QuarterlyMean,Mean,20.89
2821,767,D24HourMean,QuarterlyMean,Mean,21.37
2825,749,D24HourMean,QuarterlyMean,Mean,20.34
2833,767,D24HourMean,QuarterlyMean,Mean,19.88
2813,769,D24HourMean,QuarterlyMean,Mean,21.02
2851,722,D24HourMean,QuarterlyMean,Mean,18.43
2840,767,D24HourMean,QuarterlyMean,Mean,21.54
2860,703,D24HourMean,QuarterlyMean,Mean,15.87
2873,715,D24HourMean,QuarterlyMean,Mean,14.35
2870,708,D24HourMean,QuarterlyMean,Mean,15.21
2865,712,D24HourMean,QuarterlyMean,Mean,13.28
2818,751,D24HourMean,QuarterlyMean,Mean,20.31
2839,755,D24HourMean,QuarterlyMean,Mean,20.30
2839,750,D24HourMean,QuarterlyMean,Mean,17.88
2839,754,D24HourMean,QuarterlyMean,Mean,20.50
2858,727,D24HourMean,QuarterlyMean,Mean,17.80
2813,773,D24HourMean,QuarterlyMean,Mean,21.12
2852,728,D24HourMean,QuarterlyMean,Mean,18.27
2809,770,D24HourMean,QuarterlyMean,Mean,19.47
2864,710,D24HourMean,QuarterlyMean,Mean,12.65
2844,746,D24HourMean,QuarterlyMean,Mean,18.90
2859,710,D24HourMean,QuarterlyMean,Mean,14.76
2852,743,D24HourMean,QuarterlyMean,Mean,18.50
2822,772,D24HourMean,QuarterlyMean,Mean,21.32
2827,768,D24HourMean,QuarterlyMean,Mean,21.71
2829,761,D24HourMean,QuarterlyMean,Mean,20.02
2828,758,D24HourMean,QuarterlyMean,Mean,20.35
2823,781,D24HourMean,QuarterlyMean,Mean,22.53
2849,743,D24HourMean,QuarterlyMean,Mean,18.87
2857,712,D24HourMean,QuarterlyMean,Mean,14.73
2858,730,D24HourMean,QuarterlyMean,Mean,17.82
2859,717,D24HourMean,QuarterlyMean,Mean,16.92
2830,747,D24HourMean,QuarterlyMean,Mean,16.33
2811,762,D24HourMean,QuarterlyMean,Mean,20.44
2835,761,D24HourMean,QuarterlyMean,Mean,18.53
2841,742,D24HourMean,QuarterlyMean,Mean,19.05
2847,743,D24HourMean,QuarterlyMean,Mean,18.53
2829,744,D24HourMean,QuarterlyMean,Mean,19.21
2817,757,D24HourMean,QuarterlyMean,Mean,21.32
2842,767,D24HourMean,QuarterlyMean,Mean,21.92
2867,704,D24HourMean,QuarterlyMean,Mean,13.92
2829,740,D24HourMean,QuarterlyMean,Mean,21.72
2869,712,D24HourMean,QuarterlyMean,Mean,15.75
2822,752,D24HourMean,QuarterlyMean,Mean,18.42
2843,749,D24HourMean,QuarterlyMean,Mean,19.05
2861,731,D24HourMean,QuarterlyMean,Mean,16.94
2818,783,D24HourMean,QuarterlyMean,Mean,21.26
2846,766,D24HourMean,QuarterlyMean,Mean,21.44
2835,767,D24HourMean,QuarterlyMean,Mean,19.41
2866,716,D24HourMean,QuarterlyMean,Mean,15.93
2849,730,D24HourMean,QuarterlyMean,Mean,19.72
2831,741,D24HourMean,QuarterlyMean,Mean,21.06
2832,753,D24HourMean,QuarterlyMean,Mean,17.36
2823,750,D24HourMean,QuarterlyMean,Mean,18.19
2854,701,D24HourMean,QuarterlyMean,Mean,16.23
2869,714,D24HourMean,QuarterlyMean,Mean,15.57
2822,750,D24HourMean,QuarterlyMean,Mean,18.25
2859,720,D24HourMean,QuarterlyMean,Mean,17.56
2874,720,D24HourMean,QuarterlyMean,Mean,14.47
2821,768,D24HourMean,QuarterlyMean,Mean,21.37
2835,748,D24HourMean,QuarterlyMean,Mean,18.04
2828,771,D24HourMean,QuarterlyMean,Mean,22.24
2841,755,D24HourMean,QuarterlyMean,Mean,20.38
2854,732,D24HourMean,QuarterlyMean,Mean,18.07
2862,716,D24HourMean,QuarterlyMean,Mean,16.54
2839,761,D24HourMean,QuarterlyMean,Mean,19.98
2844,758,D24HourMean,QuarterlyMean,Mean,19.13
2851,744,D24HourMean,QuarterlyMean,Mean,18.32
2862,724,D24HourMean,QuarterlyMean,Mean,17.77
2819,778,D24HourMean,QuarterlyMean,Mean,21.18
2810,767,D24HourMean,QuarterlyMean,Mean,19.94
2802,764,D24HourMean,QuarterlyMean,Mean,20.31
2827,766,D24HourMean,QuarterlyMean,Mean,21.63
2822,771,D24HourMean,QuarterlyMean,Mean,21.39
2825,774,D24HourMean,QuarterlyMean,Mean,21.58
2836,746,D24HourMean,QuarterlyMean,Mean,18.50
2808,757,D24HourMean,QuarterlyMean,Mean,19.48
2848,761,D24HourMean,QuarterlyMean,Mean,20.30
2828,751,D24HourMean,QuarterlyMean,Mean,16.72
2820,768,D24HourMean,QuarterlyMean,Mean,21.12
2831,748,D24HourMean,QuarterlyMean,Mean,16.10
2865,717,D24HourMean,QuarterlyMean,Mean,16.00
2859,721,D24HourMean,QuarterlyMean,Mean,17.69
2809,772,D24HourMean,QuarterlyMean,Mean,19.37
2865,727,D24HourMean,QuarterlyMean,Mean,16.92
2859,729,D24HourMean,QuarterlyMean,Mean,17.91
2869,711,D24HourMean,QuarterlyMean,Mean,15.69
2822,754,D24HourMean,QuarterlyMean,Mean,19.21
2812,765,D24HourMean,QuarterlyMean,Mean,20.20
2856,738,D24HourMean,QuarterlyMean,Mean,16.99
2872,709,D24HourMean,QuarterlyMean,Mean,15.34
2820,744,D24HourMean,QuarterlyMean,Mean,20.86
2834,753,D24HourMean,QuarterlyMean,Mean,17.33
2871,707,D24HourMean,QuarterlyMean,Mean,14.85
2809,766,D24HourMean,QuarterlyMean,Mean,19.94
2820,747,D24HourMean,QuarterlyMean,Mean,19.90
2858,712,D24HourMean,QuarterlyMean,Mean,14.63
2859,703,D24HourMean,QuarterlyMean,Mean,14.83
2842,742,D24HourMean,QuarterlyMean,Mean,18.85
2809,768,D24HourMean,QuarterlyMean,Mean,19.73
2808,761,D24HourMean,QuarterlyMean,Mean,20.29
2820,781,D24HourMean,QuarterlyMean,Mean,21.41
2819,773,D24HourMean,QuarterlyMean,Mean,20.98
2874,715,D24HourMean,QuarterlyMean,Mean,14.95
2812,761,D24HourMean,QuarterlyMean,Mean,20.68
2858,732,D24HourMean,QuarterlyMean,Mean,17.66
2845,737,D24HourMean,QuarterlyMean,Mean,18.68
2841,756,D24HourMean,QuarterlyMean,Mean,21.49
2820,776,D24HourMean,QuarterlyMean,Mean,20.84
2810,762,D24HourMean,QuarterlyMean,Mean,20.15
2822,745,D24HourMean,QuarterlyMean,Mean,20.71
2834,745,D24HourMean,QuarterlyMean,Mean,18.71
2816,741,D24HourMean,QuarterlyMean,Mean,21.21
2826,755,D24HourMean,QuarterlyMean,Mean,19.88
2827,745,D24HourMean,QuarterlyMean,Mean,20.37
2822,773,D24HourMean,QuarterlyMean,Mean,21.18
2819,755,D24HourMean,QuarterlyMean,Mean,20.95
2864,724,D24HourMean,QuarterlyMean,Mean,17.02
2827,751,D24HourMean,QuarterlyMean,Mean,16.23
2824,741,D24HourMean,QuarterlyMean,Mean,20.77
2868,707,D24HourMean,QuarterlyMean,Mean,15.47
2844,738,D24HourMean,QuarterlyMean,Mean,18.99
2828,741,D24HourMean,QuarterlyMean,Mean,21.75
2813,739,D24HourMean,QuarterlyMean,Mean,19.44
2862,720,D24HourMean,QuarterlyMean,Mean,17.10
2841,768,D24HourMean,QuarterlyMean,Mean,22.13
2822,760,D24HourMean,QuarterlyMean,Mean,23.74
2841,758,D24HourMean,QuarterlyMean,Mean,19.51
2857,717,D24HourMean,QuarterlyMean,Mean,16.72
2821,781,D24HourMean,QuarterlyMean,Mean,21.81
2845,746,D24HourMean,QuarterlyMean,Mean,18.93
2854,725,D24HourMean,QuarterlyMean,Mean,18.17
2818,748,D24HourMean,QuarterlyMean,Mean,19.02
2838,746,D24HourMean,QuarterlyMean,Mean,19.50
2823,741,D24HourMean,QuarterlyMean,Mean,21.03
2827,757,D24HourMean,QuarterlyMean,Mean,20.86
2845,741,D24HourMean,QuarterlyMean,Mean,18.03
2871,708,D24HourMean,QuarterlyMean,Mean,14.78
2825,745,D24HourMean,QuarterlyMean,Mean,21.56
2871,710,D24HourMean,QuarterlyMean,Mean,15.14
2860,729,D24HourMean,QuarterlyMean,Mean,17.43
2836,751,D24HourMean,QuarterlyMean,Mean,17.51
2855,733,D24HourMean,QuarterlyMean,Mean,17.45
2823,742,D24HourMean,QuarterlyMean,Mean,21.24
2819,765,D24HourMean,QuarterlyMean,Mean,21.26
2822,763,D24HourMean,QuarterlyMean,Mean,22.14
2804,765,D24HourMean,QuarterlyMean,Mean,19.29
2829,771,D24HourMean,QuarterlyMean,Mean,22.25
2821,774,D24HourMean,QuarterlyMean,Mean,21.35
2846,744,D24HourMean,QuarterlyMean,Mean,18.30
2817,758,D24HourMean,QuarterlyMean,Mean,21.58
2819,770,D24HourMean,QuarterlyMean,Mean,20.58
2822,779,D24HourMean,QuarterlyMean,Mean,22.19
2807,756,D24HourMean,QuarterlyMean,Mean,19.14
2825,744,D24HourMean,QuarterlyMean,Mean,21.78
2811,770,D24HourMean,QuarterlyMean,Mean,19.39
2846,747,D24HourMean,QuarterlyMean,Mean,19.23
2869,724,D24HourMean,QuarterlyMean,Mean,15.95
2813,746,D24HourMean,QuarterlyMean,Mean,17.62
2826,773,D24HourMean,QuarterlyMean,Mean,21.71
2872,720,D24HourMean,QuarterlyMean,Mean,14.44
2817,750,D24HourMean,QuarterlyMean,Mean,20.32
2824,776,D24HourMean,QuarterlyMean,Mean,22.24
2818,741,D24HourMean,QuarterlyMean,Mean,21.35
2808,759,D24HourMean,QuarterlyMean,Mean,19.90
2823,744,D24HourMean,QuarterlyMean,Mean,21.35
2833,765,D24HourMean,QuarterlyMean,Mean,19.20
2808,760,D24HourMean,QuarterlyMean,Mean,20.07
2836,755,D24HourMean,QuarterlyMean,Mean,19.32
2855,731,D24HourMean,QuarterlyMean,Mean,17.76
2853,739,D24HourMean,QuarterlyMean,Mean,16.07
2866,728,D24HourMean,QuarterlyMean,Mean,16.38
2817,745,D24HourMean,QuarterlyMean,Mean,20.49
2818,757,D24HourMean,QuarterlyMean,Mean,21.42
2866,719,D24HourMean,QuarterlyMean,Mean,15.13
2807,770,D24HourMean,QuarterlyMean,Mean,19.39
2847,760,D24HourMean,QuarterlyMean,Mean,19.91
2838,764,D24HourMean,QuarterlyMean,Mean,18.70
2842,744,D24HourMean,QuarterlyMean,Mean,18.43
2815,762,D24HourMean,QuarterlyMean,Mean,21.50
2851,734,D24HourMean,QuarterlyMean,Mean,17.22
2861,726,D24HourMean,QuarterlyMean,Mean,17.75
2813,771,D24HourMean,QuarterlyMean,Mean,20.05
2857,709,D24HourMean,QuarterlyMean,Mean,15.49
2866,727,D24HourMean,QuarterlyMean,Mean,16.82
2831,754,D24HourMean,QuarterlyMean,Mean,17.88
2806,765,D24HourMean,QuarterlyMean,Mean,19.60
2832,763,D24HourMean,QuarterlyMean,Mean,19.16
2835,753,D24HourMean,QuarterlyMean,Mean,17.03
2812,737,D24HourMean,QuarterlyMean,Mean,18.58
2818,756,D24HourMean,QuarterlyMean,Mean,21.53
2868,716,D24HourMean,QuarterlyMean,Mean,15.49
2832,749,D24HourMean,QuarterlyMean,Mean,15.80
2840,745,D24HourMean,QuarterlyMean,Mean,19.18
2863,716,D24HourMean,QuarterlyMean,Mean,16.43
2856,712,D24HourMean,QuarterlyMean,Mean,15.64
2808,756,D24HourMean,QuarterlyMean,Mean,19.31
2873,711,D24HourMean,QuarterlyMean,Mean,15.33
2826,771,D24HourMean,QuarterlyMean,Mean,22.00
2870,706,D24HourMean,QuarterlyMean,Mean,14.60
2830,768,D24HourMean,QuarterlyMean,Mean,20.92
2807,759,D24HourMean,QuarterlyMean,Mean,19.66
2816,758,D24HourMean,QuarterlyMean,Mean,21.34
2822,756,D24HourMean,QuarterlyMean,Mean,21.02
2864,719,D24HourMean,QuarterlyMean,Mean,16.12
2830,742,D24HourMean,QuarterlyMean,Mean,20.79
2840,756,D24HourMean,QuarterlyMean,Mean,21.82
2837,758,D24HourMean,QuarterlyMean,Mean,17.85
2853,702,D24HourMean,QuarterlyMean,Mean,15.24
2838,758,D24HourMean,QuarterlyMean,Mean,18.24
2862,710,D24HourMean,QuarterlyMean,Mean,13.67
2868,719,D24HourMean,QuarterlyMean,Mean,14.68
2864,708,D24HourMean,QuarterlyMean,Mean,14.61
2853,738,D24HourMean,QuarterlyMean,Mean,16.10
2870,703,D24HourMean,QuarterlyMean,Mean,13.70
2837,747,D24HourMean,QuarterlyMean,Mean,19.42
2832,748,D24HourMean,QuarterlyMean,Mean,15.90
2835,760,D24HourMean,QuarterlyMean,Mean,18.65
2814,749,D24HourMean,QuarterlyMean,Mean,18.27
2826,776,D24HourMean,QuarterlyMean,Mean,22.16
2834,746,D24HourMean,QuarterlyMean,Mean,17.50
2846,745,D24HourMean,QuarterlyMean,Mean,18.41
2870,717,D24HourMean,QuarterlyMean,Mean,15.01
2860,699,D24HourMean,QuarterlyMean,Mean,13.78
2829,752,D24HourMean,QuarterlyMean,Mean,16.97
2825,747,D24HourMean,QuarterlyMean,Mean,20.58
2875,711,D24HourMean,QuarterlyMean,Mean,13.40
2829,751,D24HourMean,QuarterlyMean,Mean,17.56
2857,736,D24HourMean,QuarterlyMean,Mean,16.74
2859,700,D24HourMean,QuarterlyMean,Mean,15.80
2867,714,D24HourMean,QuarterlyMean,Mean,15.82
2827,767,D24HourMean,QuarterlyMean,Mean,21.71
2806,766,D24HourMean,QuarterlyMean,Mean,19.53
2866,726,D24HourMean,QuarterlyMean,Mean,16.89
2823,749,D24HourMean,QuarterlyMean,Mean,19.13
2832,767,D24HourMean,QuarterlyMean,Mean,20.38
2813,762,D24HourMean,QuarterlyMean,Mean,21.31
2821,776,D24HourMean,QuarterlyMean,Mean,20.87
2864,720,D24HourMean,QuarterlyMean,Mean,16.49
2865,722,D24HourMean,QuarterlyMean,Mean,16.40
2818,765,D24HourMean,QuarterlyMean,Mean,21.66
2826,749,D24HourMean,QuarterlyMean,Mean,19.78
2856,705,D24HourMean,QuarterlyMean,Mean,14.93
2872,704,D24HourMean,QuarterlyMean,Mean,13.02
2835,746,D24HourMean,QuarterlyMean,Mean,17.99
2813,759,D24HourMean,QuarterlyMean,Mean,20.53
2818,760,D24HourMean,QuarterlyMean,Mean,21.63
2868,717,D24HourMean,QuarterlyMean,Mean,15.29
2814,762,D24HourMean,QuarterlyMean,Mean,21.36
2816,746,D24HourMean,QuarterlyMean,Mean,19.07
2817,751,D24HourMean,QuarterlyMean,Mean,20.64
2824,754,D24HourMean,QuarterlyMean,Mean,18.40
2843,748,D24HourMean,QuarterlyMean,Mean,18.85
2843,741,D24HourMean,QuarterlyMean,Mean,18.79
2814,759,D24HourMean,QuarterlyMean,Mean,20.57
2821,755,D24HourMean,QuarterlyMean,Mean,19.99
2844,762,D24HourMean,QuarterlyMean,Mean,19.94
2858,722,D24HourMean,QuarterlyMean,Mean,18.03
2837,765,D24HourMean,QuarterlyMean,Mean,19.33
2845,765,D24HourMean,QuarterlyMean,Mean,21.84
2805,765,D24HourMean,QuarterlyMean,Mean,19.18
2812,758,D24HourMean,QuarterlyMean,Mean,20.58
2831,747,D24HourMean,QuarterlyMean,Mean,17.00
2827,754,D24HourMean,QuarterlyMean,Mean,18.78
2828,769,D24HourMean,QuarterlyMean,Mean,21.74
2852,727,D24HourMean,QuarterlyMean,Mean,17.67
2826,764,D24HourMean,QuarterlyMean,Mean,21.85
2833,749,D24HourMean,QuarterlyMean,Mean,17.02
2831,767,D24HourMean,QuarterlyMean,Mean,20.54
2827,743,D24HourMean,QuarterlyMean,Mean,21.86
2834,750,D24HourMean,QuarterlyMean,Mean,17.91
2810,765,D24HourMean,QuarterlyMean,Mean,20.20
2824,745,D24HourMean,QuarterlyMean,Mean,21.62
2826,744,D24HourMean,QuarterlyMean,Mean,21.77
2857,704,D24HourMean,QuarterlyMean,Mean,15.19
2855,703,D24HourMean,QuarterlyMean,Mean,14.88
2852,725,D24HourMean,QuarterlyMean,Mean,19.36
2849,735,D24HourMean,QuarterlyMean,Mean,16.94
2860,707,D24HourMean,QuarterlyMean,Mean,14.33
2855,739,D24HourMean,QuarterlyMean,Mean,16.89
2861,711,D24HourMean,QuarterlyMean,Mean,14.00
2833,744,D24HourMean,QuarterlyMean,Mean,19.98
2859,727,D24HourMean,QuarterlyMean,Mean,17.78
2808,767,D24HourMean,QuarterlyMean,Mean,19.48
2853,726,D24HourMean,QuarterlyMean,Mean,18.56
2850,732,D24HourMean,QuarterlyMean,Mean,17.79
2824,753,D24HourMean,QuarterlyMean,Mean,18.03
2848,738,D24HourMean,QuarterlyMean,Mean,17.82
2854,728,D24HourMean,QuarterlyMean,Mean,17.88
2867,708,D24HourMean,QuarterlyMean,Mean,15.32
2862,723,D24HourMean,QuarterlyMean,Mean,16.08
2817,763,D24HourMean,QuarterlyMean,Mean,21.28
2817,769,D24HourMean,QuarterlyMean,Mean,21.45
2851,737,D24HourMean,QuarterlyMean,Mean,17.46
2845,757,D24HourMean,QuarterlyMean,Mean,19.31
2815,740,D24HourMean,QuarterlyMean,Mean,21.40
2833,761,D24HourMean,QuarterlyMean,Mean,18.52
2811,768,D24HourMean,QuarterlyMean,Mean,19.50
2851,733,D24HourMean,QuarterlyMean,Mean,17.72
2812,769,D24HourMean,QuarterlyMean,Mean,20.20
2850,744,D24HourMean,QuarterlyMean,Mean,18.40
2818,767,D24HourMean,QuarterlyMean,Mean,21.63
2814,768,D24HourMean,QuarterlyMean,Mean,21.45
2865,705,D24HourMean,QuarterlyMean,Mean,16.11
2815,738,D24HourMean,QuarterlyMean,Mean,20.44
2843,765,D24HourMean,QuarterlyMean,Mean,19.94
2860,710,D24HourMean,QuarterlyMean,Mean,14.33
2866,710,D24HourMean,QuarterlyMean,Mean,13.57
2833,752,D24HourMean,QuarterlyMean,Mean,18.06
2836,745,D24HourMean,QuarterlyMean,Mean,19.19
2815,759,D24HourMean,QuarterlyMean,Mean,20.74
2846,748,D24HourMean,QuarterlyMean,Mean,19.23
2834,758,D24HourMean,QuarterlyMean,Mean,18.68
2866,706,D24HourMean,QuarterlyMean,Mean,15.21
2857,714,D24HourMean,QuarterlyMean,Mean,15.72
2818,779,D24HourMean,QuarterlyMean,Mean,21.29
2861,712,D24HourMean,QuarterlyMean,Mean,14.00
2874,707,D24HourMean,QuarterlyMean,Mean,14.30
2865,713,D24HourMean,QuarterlyMean,Mean,14.48
2820,752,D24HourMean,QuarterlyMean,Mean,18.19
2830,760,D24HourMean,QuarterlyMean,Mean,19.31
2839,768,D24HourMean,QuarterlyMean,Mean,21.79
2855,741,D24HourMean,QuarterlyMean,Mean,16.88
2868,706,D24HourMean,QuarterlyMean,Mean,15.27
2860,705,D24HourMean,QuarterlyMean,Mean,13.12
2855,734,D24HourMean,QuarterlyMean,Mean,17.18
2806,758,D24HourMean,QuarterlyMean,Mean,19.58
2820,764,D24HourMean,QuarterlyMean,Mean,21.29
2858,719,D24HourMean,QuarterlyMean,Mean,16.98
2818,743,D24HourMean,QuarterlyMean,Mean,20.66
2827,747,D24HourMean,QuarterlyMean,Mean,19.81
2809,764,D24HourMean,QuarterlyMean,Mean,20.11
2828,750,D24HourMean,QuarterlyMean,Mean,17.05
2855,726,D24HourMean,QuarterlyMean,Mean,16.67
2822,758,D24HourMean,QuarterlyMean,Mean,23.32
2842,750,D24HourMean,QuarterlyMean,Mean,18.22
2828,748,D24HourMean,QuarterlyMean,Mean,18.40
2827,748,D24HourMean,QuarterlyMean,Mean,19.06
2820,778,D24HourMean,QuarterlyMean,Mean,21.50
2820,770,D24HourMean,QuarterlyMean,Mean,20.58
2817,767,D24HourMean,QuarterlyMean,Mean,21.68
2856,722,D24HourMean,QuarterlyMean,Mean,18.78
2809,758,D24HourMean,QuarterlyMean,Mean,19.74
2866,709,D24HourMean,QuarterlyMean,Mean,13.87
2857,721,D24HourMean,QuarterlyMean,Mean,17.70
2822,757,D24HourMean,QuarterlyMean,Mean,21.87
2863,724,D24HourMean,QuarterlyMean,Mean,17.43
2824,771,D24HourMean,QuarterlyMean,Mean,21.63
2855,727,D24HourMean,QuarterlyMean,Mean,17.91
2858,723,D24HourMean,QuarterlyMean,Mean,18.00
2813,752,D24HourMean,QuarterlyMean,Mean,16.28
2875,706,D24HourMean,QuarterlyMean,Mean,14.02
2855,701,D24HourMean,QuarterlyMean,Mean,15.37
2860,701,D24HourMean,QuarterlyMean,Mean,16.21
2808,765,D24HourMean,QuarterlyMean,Mean,19.90
2829,762,D24HourMean,QuarterlyMean,Mean,20.60
2816,770,D24HourMean,QuarterlyMean,Mean,21.11
2811,756,D24HourMean,QuarterlyMean,Mean,19.73
2849,739,D24HourMean,QuarterlyMean,Mean,17.02
2839,759,D24HourMean,QuarterlyMean,Mean,20.41
2821,762,D24HourMean,QuarterlyMean,Mean,22.19
2847,759,D24HourMean,QuarterlyMean,Mean,20.65
2849,734,D24HourMean,QuarterlyMean,Mean,17.56
2838,754,D24HourMean,QuarterlyMean,Mean,19.08
2817,760,D24HourMean,QuarterlyMean,Mean,21.44
2820,779,D24HourMean,QuarterlyMean,Mean,21.71
2853,731,D24HourMean,QuarterlyMean,Mean,17.84
2869,719,D24HourMean,QuarterlyMean,Mean,14.90
2870,716,D24HourMean,QuarterlyMean,Mean,15.04
2836,764,D24HourMean,QuarterlyMean,Mean,19.06
2843,746,D24HourMean,QuarterlyMean,Mean,18.90
2824,781,D24HourMean,QuarterlyMean,Mean,22.56
2835,744,D24HourMean,QuarterlyMean,Mean,19.97
2826,769,D24HourMean,QuarterlyMean,Mean,21.93
2833,766,D24HourMean,QuarterlyMean,Mean,19.39
2814,756,D24HourMean,QuarterlyMean,Mean,20.11
2852,721,D24HourMean,QuarterlyMean,Mean,18.89
2815,752,D24HourMean,QuarterlyMean,Mean,19.47
2860,709,D24HourMean,QuarterlyMean,Mean,13.62
2838,747,D24HourMean,QuarterlyMean,Mean,19.68
2841,765,D24HourMean,QuarterlyMean,Mean,19.77
2834,767,D24HourMean,QuarterlyMean,Mean,19.57
2855,718,D24HourMean,QuarterlyMean,Mean,17.00
2871,713,D24HourMean,QuarterlyMean,Mean,14.62
2871,704,D24HourMean,QuarterlyMean,Mean,12.92
2824,777,D24HourMean,QuarterlyMean,Mean,22.38
2819,742,D24HourMean,QuarterlyMean,Mean,20.71
2828,761,D24HourMean,QuarterlyMean,Mean,20.86
2846,737,D24HourMean,QuarterlyMean,Mean,18.31
2826,779,D24HourMean,QuarterlyMean,Mean,22.10
2809,760,D24HourMean,QuarterlyMean,Mean,20.21
2821,778,D24HourMean,QuarterlyMean,Mean,21.69
2825,752,D24HourMean,QuarterlyMean,Mean,17.85
2831,759,D24HourMean,QuarterlyMean,Mean,19.54
2817,770,D24HourMean,QuarterlyMean,Mean,20.95
2822,765,D24HourMean,QuarterlyMean,Mean,21.28
2854,729,D24HourMean,QuarterlyMean,Mean,18.08
2858,714,D24HourMean,QuarterlyMean,Mean,16.03
2843,742,D24HourMean,QuarterlyMean,Mean,18.48
2816,782,D24HourMean,QuarterlyMean,Mean,20.23
2849,729,D24HourMean,QuarterlyMean,Mean,18.63
2856,729,D24HourMean,QuarterlyMean,Mean,17.33
2826,753,D24HourMean,QuarterlyMean,Mean,17.40
2857,723,D24HourMean,QuarterlyMean,Mean,18.08
2815,760,D24HourMean,QuarterlyMean,Mean,21.48
2827,756,D24HourMean,QuarterlyMean,Mean,20.38
2830,764,D24HourMean,QuarterlyMean,Mean,20.12
2853,722,D24HourMean,QuarterlyMean,Mean,19.71
2822,747,D24HourMean,QuarterlyMean,Mean,20.97
2841,747,D24HourMean,QuarterlyMean,Mean,18.58
2810,771,D24HourMean,QuarterlyMean,Mean,19.11
2852,729,D24HourMean,QuarterlyMean,Mean,18.40
2860,723,D24HourMean,QuarterlyMean,Mean,18.22
2821,784,D24HourMean,QuarterlyMean,Mean,21.36
2826,746,D24HourMean,QuarterlyMean,Mean,21.50
2810,764,D24HourMean,QuarterlyMean,Mean,20.05
2820,777,D24HourMean,QuarterlyMean,Mean,21.03
2815,754,D24HourMean,QuarterlyMean,Mean,19.06
2845,762,D24HourMean,QuarterlyMean,Mean,19.96
2827,775,D24HourMean,QuarterlyMean,Mean,22.26
2822,764,D24HourMean,QuarterlyMean,Mean,21.66
2853,730,D24HourMean,QuarterlyMean,Mean,18.05
2829,743,D24HourMean,QuarterlyMean,Mean,19.84
2863,727,D24HourMean,QuarterlyMean,Mean,17.72
2863,718,D24HourMean,QuarterlyMean,Mean,16.16
2824,762,D24HourMean,QuarterlyMean,Mean,22.75
2858,734,D24HourMean,QuarterlyMean,Mean,17.97
2867,723,D24HourMean,QuarterlyMean,Mean,16.59
2863,706,D24HourMean,QuarterlyMean,Mean,14.71
2849,746,D24HourMean,QuarterlyMean,Mean,18.11
2813,753,D24HourMean,QuarterlyMean,Mean,15.82
2820,772,D24HourMean,QuarterlyMean,Mean,21.18
2860,712,D24HourMean,QuarterlyMean,Mean,15.37
2848,745,D24HourMean,QuarterlyMean,Mean,17.62
2816,744,D24HourMean,QuarterlyMean,Mean,21.37
2823,746,D24HourMean,QuarterlyMean,Mean,21.42
2823,776,D24HourMean,QuarterlyMean,Mean,21.98
2853,721,D24HourMean,QuarterlyMean,Mean,18.84
2819,762,D24HourMean,QuarterlyMean,Mean,21.25
2820,750,D24HourMean,QuarterlyMean,Mean,17.44
2859,707,D24HourMean,QuarterlyMean,Mean,14.98
2856,721,D24HourMean,QuarterlyMean,Mean,18.06
2808,755,D24HourMean,QuarterlyMean,Mean,19.14
2850,740,D24HourMean,QuarterlyMean,Mean,17.06
2825,755,D24HourMean,QuarterlyMean,Mean,19.73
2862,721,D24HourMean,QuarterlyMean,Mean,17.54
2812,762,D24HourMean,QuarterlyMean,Mean,20.94
2832,766,D24HourMean,QuarterlyMean,Mean,19.73
2816,743,D24HourMean,QuarterlyMean,Mean,21.37
2816,747,D24HourMean,QuarterlyMean,Mean,18.90
2855,725,D24HourMean,QuarterlyMean,Mean,18.13
2838,763,D24HourMean,QuarterlyMean,Mean,18.60
2860,704,D24HourMean,QuarterlyMean,Mean,13.07
2858,715,D24HourMean,QuarterlyMean,Mean,16.54
2858,731,D24HourMean,QuarterlyMean,Mean,17.71
2812,766,D24HourMean,QuarterlyMean,Mean,20.37
2872,718,D24HourMean,QuarterlyMean,Mean,13.87
2839,765,D24HourMean,QuarterlyMean,Mean,19.38
2868,712,D24HourMean,QuarterlyMean,Mean,15.74
2863,715,D24HourMean,QuarterlyMean,Mean,15.60
2815,768,D24HourMean,QuarterlyMean,Mean,21.58
2837,750,D24HourMean,QuarterlyMean,Mean,18.01
2840,755,D24HourMean,QuarterlyMean,Mean,20.54
2829,746,D24HourMean,QuarterlyMean,Mean,17.85
2821,754,D24HourMean,QuarterlyMean,Mean,19.47
2872,719,D24HourMean,QuarterlyMean,Mean,14.37
2841,766,D24HourMean,QuarterlyMean,Mean,20.85
2822,781,D24HourMean,QuarterlyMean,Mean,22.29
2842,747,D24HourMean,QuarterlyMean,Mean,18.85
2816,759,D24HourMean,QuarterlyMean,Mean,21.43
2873,709,D24HourMean,QuarterlyMean,Mean,15.23
2810,758,D24HourMean,QuarterlyMean,Mean,19.81
2857,707,D24HourMean,QuarterlyMean,Mean,15.19
2829,742,D24HourMean,QuarterlyMean,Mean,21.05
2827,776,D24HourMean,QuarterlyMean,Mean,22.32
2840,749,D24HourMean,QuarterlyMean,Mean,17.82
2813,767,D24HourMean,QuarterlyMean,Mean,20.82
2814,763,D24HourMean,QuarterlyMean,Mean,21.64
2854,731,D24HourMean,QuarterlyMean,Mean,17.97
2839,744,D24HourMean,QuarterlyMean,Mean,19.58
2867,713,D24HourMean,QuarterlyMean,Mean,15.75
2853,734,D24HourMean,QuarterlyMean,Mean,17.04
2816,765,D24HourMean,QuarterlyMean,Mean,21.47
2837,752,D24HourMean,QuarterlyMean,Mean,17.02
2820,751,D24HourMean,QuarterlyMean,Mean,16.92
2834,747,D24HourMean,QuarterlyMean,Mean,17.57
2855,719,D24HourMean,QuarterlyMean,Mean,17.08
2849,738,D24HourMean,QuarterlyMean,Mean,17.59
2855,702,D24HourMean,QuarterlyMean,Mean,14.94
2811,769,D24HourMean,QuarterlyMean,Mean,19.62
2853,733,D24HourMean,QuarterlyMean,Mean,17.45
2821,764,D24HourMean,QuarterlyMean,Mean,21.57
2826,777,D24HourMean,QuarterlyMean,Mean,22.19
2850,746,D24HourMean,QuarterlyMean,Mean,18.59
2815,743,D24HourMean,QuarterlyMean,Mean,21.55
2831,744,D24HourMean,QuarterlyMean,Mean,19.90
2814,753,D24HourMean,QuarterlyMean,Mean,16.93
2810,773,D24HourMean,QuarterlyMean,Mean,19.50
2828,753,D24HourMean,QuarterlyMean,Mean,18.21
2840,764,D24HourMean,QuarterlyMean,Mean,18.72
2828,742,D24HourMean,QuarterlyMean,Mean,21.37
2819,774,D24HourMean,QuarterlyMean,Mean,21.39
2873,716,D24HourMean,QuarterlyMean,Mean,14.09
2873,719,D24HourMean,QuarterlyMean,Mean,14.40
2839,745,D24HourMean,QuarterlyMean,Mean,19.47
2874,711,D24HourMean,QuarterlyMean,Mean,14.77
2820,759,D24HourMean,QuarterlyMean,Mean,22.73
2843,757,D24HourMean,QuarterlyMean,Mean,20.62
2860,728,D24HourMean,QuarterlyMean,Mean,17.65
2849,727,D24HourMean,QuarterlyMean,Mean,17.93
2812,738,D24HourMean,QuarterlyMean,Mean,18.95
2837,753,D24HourMean,QuarterlyMean,Mean,17.57
2803,765,D24HourMean,QuarterlyMean,Mean,19.42
2809,765,D24HourMean,QuarterlyMean,Mean,20.07
2810,772,D24HourMean,QuarterlyMean,Mean,19.16
2804,767,D24HourMean,QuarterlyMean,Mean,19.55
2844,757,D24HourMean,QuarterlyMean,Mean,20.20
2816,760,D24HourMean,QuarterlyMean,Mean,21.66
2818,744,D24HourMean,QuarterlyMean,Mean,20.82
2839,767,D24HourMean,QuarterlyMean,Mean,21.27
2844,743,D24HourMean,QuarterlyMean,Mean,17.72
2850,737,D24HourMean,QuarterlyMean,Mean,17.20
2818,755,D24HourMean,QuarterlyMean,Mean,20.90
2825,758,D24HourMean,QuarterlyMean,Mean,21.49
2818,784,D24HourMean,QuarterlyMean,Mean,21.46
2856,707,D24HourMean,QuarterlyMean,Mean,15.54
2822,774,D24HourMean,QuarterlyMean,Mean,21.03
2847,740,D24HourMean,QuarterlyMean,Mean,16.79
2840,765,D24HourMean,QuarterlyMean,Mean,19.20
2868,711,D24HourMean,QuarterlyMean,Mean,15.60
2854,737,D24HourMean,QuarterlyMean,Mean,17.36
2814,751,D24HourMean,QuarterlyMean,Mean,17.57
2827,755,D24HourMean,QuarterlyMean,Mean,19.17
2860,720,D24HourMean,QuarterlyMean,Mean,17.10
2807,757,D24HourMean,QuarterlyMean,Mean,19.31
2825,741,D24HourMean,QuarterlyMean,Mean,21.27
2818,747,D24HourMean,QuarterlyMean,Mean,20.32
2819,777,D24HourMean,QuarterlyMean,Mean,20.92
2833,762,D24HourMean,QuarterlyMean,Mean,18.34
2868,704,D24HourMean,QuarterlyMean,Mean,13.62
2868,705,D24HourMean,QuarterlyMean,Mean,14.35
2820,769,D24HourMean,QuarterlyMean,Mean,21.11
2861,714,D24HourMean,QuarterlyMean,Mean,16.84
2868,709,D24HourMean,QuarterlyMean,Mean,14.73
2872,715,D24HourMean,QuarterlyMean,Mean,13.29
2865,726,D24HourMean,QuarterlyMean,Mean,16.67
2818,746,D24HourMean,QuarterlyMean,Mean,20.23
2810,770,D24HourMean,QuarterlyMean,Mean,19.45
2875,708,D24HourMean,QuarterlyMean,Mean,13.92
2831,751,D24HourMean,QuarterlyMean,Mean,16.74
2819,749,D24HourMean,QuarterlyMean,Mean,19.71
2870,710,D24HourMean,QuarterlyMean,Mean,15.41
2864,713,D24HourMean,QuarterlyMean,Mean,13.87
2832,750,D24HourMean,QuarterlyMean,Mean,16.76
2836,747,D24HourMean,QuarterlyMean,Mean,18.37
2834,756,D24HourMean,QuarterlyMean,Mean,17.75
2827,741,D24HourMean,QuarterlyMean,Mean,22.36
2866,725,D24HourMean,QuarterlyMean,Mean,17.26
2814,742,D24HourMean,QuarterlyMean,Mean,21.48
2862,712,D24HourMean,QuarterlyMean,Mean,13.07
2858,702,D24HourMean,QuarterlyMean,Mean,14.93
2840,759,D24HourMean,QuarterlyMean,Mean,20.17
2854,724,D24HourMean,QuarterlyMean,Mean,18.55
2859,704,D24HourMean,QuarterlyMean,Mean,12.92
2842,759,D24HourMean,QuarterlyMean,Mean,18.31
2859,719,D24HourMean,QuarterlyMean,Mean,16.84
2848,725,D24HourMean,QuarterlyMean,Mean,19.21
2857,729,D24HourMean,QuarterlyMean,Mean,17.67
2859,735,D24HourMean,QuarterlyMean,Mean,17.59
2819,740,D24HourMean,QuarterlyMean,Mean,21.74
2836,765,D24HourMean,QuarterlyMean,Mean,19.41
2848,740,D24HourMean,QuarterlyMean,Mean,17.08
2829,758,D24HourMean,QuarterlyMean,Mean,20.49
2869,720,D24HourMean,QuarterlyMean,Mean,14.47
2819,780,D24HourMean,QuarterlyMean,Mean,21.82
2851,732,D24HourMean,QuarterlyMean,Mean,17.79
2854,702,D24HourMean,QuarterlyMean,Mean,15.54
2860,718,D24HourMean,QuarterlyMean,Mean,16.54
2844,744,D24HourMean,QuarterlyMean,Mean,18.46
2821,782,D24HourMean,QuarterlyMean,Mean,21.30
2822,748,D24HourMean,QuarterlyMean,Mean,19.57
2826,745,D24HourMean,QuarterlyMean,Mean,21.91
2827,771,D24HourMean,QuarterlyMean,Mean,22.13
2861,713,D24HourMean,QuarterlyMean,Mean,14.47
2819,750,D24HourMean,QuarterlyMean,Mean,17.94
2861,718,D24HourMean,QuarterlyMean,Mean,15.46
2828,774,D24HourMean,QuarterlyMean,Mean,21.62
2824,748,D24HourMean,QuarterlyMean,Mean,19.78
2841,750,D24HourMean,QuarterlyMean,Mean,17.54
2848,760,D24HourMean,QuarterlyMean,Mean,20.09
2827,752,D24HourMean,QuarterlyMean,Mean,16.69
2845,740,D24HourMean,QuarterlyMean,Mean,17.82
2806,759,D24HourMean,QuarterlyMean,Mean,19.50
2849,741,D24HourMean,QuarterlyMean,Mean,17.44
2858,721,D24HourMean,QuarterlyMean,Mean,17.83
2815,753,D24HourMean,QuarterlyMean,Mean,19.06
2833,756,D24HourMean,QuarterlyMean,Mean,17.54
2865,714,D24HourMean,QuarterlyMean,Mean,15.06
2809,759,D24HourMean,QuarterlyMean,Mean,19.94
2821,748,D24HourMean,QuarterlyMean,Mean,19.57
2858,718,D24HourMean,QuarterlyMean,Mean,17.24
2862,719,D24HourMean,QuarterlyMean,Mean,16.46
2831,740,D24HourMean,QuarterlyMean,Mean,21.43
2814,740,D24HourMean,QuarterlyMean,Mean,21.35
2825,750,D24HourMean,QuarterlyMean,Mean,17.34
2830,763,D24HourMean,QuarterlyMean,Mean,20.28
2825,748,D24HourMean,QuarterlyMean,Mean,21.00
2826,756,D24HourMean,QuarterlyMean,Mean,20.69
2810,768,D24HourMean,QuarterlyMean,Mean,19.57
2841,748,D24HourMean,QuarterlyMean,Mean,17.52
2815,769,D24HourMean,QuarterlyMean,Mean,21.58
2823,748,D24HourMean,QuarterlyMean,Mean,19.50
2826,747,D24HourMean,QuarterlyMean,Mean,20.95
2826,766,D24HourMean,QuarterlyMean,Mean,22.22
2869,708,D24HourMean,QuarterlyMean,Mean,15.39
2860,708,D24HourMean,QuarterlyMean,Mean,13.57
2845,766,D24HourMean,QuarterlyMean,Mean,21.76
2861,723,D24HourMean,QuarterlyMean,Mean,18.08
2857,703,D24HourMean,QuarterlyMean,Mean,15.08
2849,745,D24HourMean,QuarterlyMean,Mean,17.80
2822,775,D24HourMean,QuarterlyMean,Mean,21.37
2818,758,D24HourMean,QuarterlyMean,Mean,21.55
2828,765,D24HourMean,QuarterlyMean,Mean,21.08
2858,701,D24HourMean,QuarterlyMean,Mean,15.16
2867,715,D24HourMean,QuarterlyMean,Mean,15.67
2862,714,D24HourMean,QuarterlyMean,Mean,16.43
2843,750,D24HourMean,QuarterlyMean,Mean,18.92
2843,762,D24HourMean,QuarterlyMean,Mean,19.02
2830,752,D24HourMean,QuarterlyMean,Mean,16.43
2845,760,D24HourMean,QuarterlyMean,Mean,19.51
2805,766,D24HourMean,QuarterlyMean,Mean,19.05
2828,764,D24HourMean,QuarterlyMean,Mean,20.79
2812,743,D24HourMean,QuarterlyMean,Mean,19.06
2839,752,D24HourMean,QuarterlyMean,Mean,19.36
2812,736,D24HourMean,QuarterlyMean,Mean,18.22
2850,734,D24HourMean,QuarterlyMean,Mean,17.30
2816,753,D24HourMean,QuarterlyMean,Mean,20.26
2826,740,D24HourMean,QuarterlyMean,Mean,23.09
2852,723,D24HourMean,QuarterlyMean,Mean,19.11
2817,761,D24HourMean,QuarterlyMean,Mean,20.94
2812,760,D24HourMean,QuarterlyMean,Mean,20.50
2812,771,D24HourMean,QuarterlyMean,Mean,19.90
2847,741,D24HourMean,QuarterlyMean,Mean,17.83
2859,725,D24HourMean,QuarterlyMean,Mean,18.06
2815,745,D24HourMean,QuarterlyMean,Mean,21.06
2837,766,D24HourMean,QuarterlyMean,Mean,19.35
2816,761,D24HourMean,QuarterlyMean,Mean,21.58
2815,741,D24HourMean,QuarterlyMean,Mean,21.35
2844,740,D24HourMean,QuarterlyMean,Mean,18.56
2821,775,D24HourMean,QuarterlyMean,Mean,21.27
2838,743,D24HourMean,QuarterlyMean,Mean,19.95
2850,727,D24HourMean,QuarterlyMean,Mean,17.77
2850,735,D24HourMean,QuarterlyMean,Mean,16.94
2861,709,D24HourMean,QuarterlyMean,Mean,14.93
2815,766,D24HourMean,QuarterlyMean,Mean,22.09
2819,760,D24HourMean,QuarterlyMean,Mean,22.19
2835,745,D24HourMean,QuarterlyMean,Mean,18.95
2867,710,D24HourMean,QuarterlyMean,Mean,13.98
2826,760,D24HourMean,QuarterlyMean,Mean,21.78
2841,764,D24HourMean,QuarterlyMean,Mean,19.49
2812,770,D24HourMean,QuarterlyMean,Mean,19.47
2845,747,D24HourMean,QuarterlyMean,Mean,19.50
2860,717,D24HourMean,QuarterlyMean,Mean,16.66
2868,720,D24HourMean,QuarterlyMean,Mean,14.72
2821,747,D24HourMean,QuarterlyMean,Mean,20.61
2823,775,D24HourMean,QuarterlyMean,Mean,21.63
2848,743,D24HourMean,QuarterlyMean,Mean,18.77
2871,721,D24HourMean,QuarterlyMean,Mean,14.73
2872,711,D24HourMean,QuarterlyMean,Mean,15.10
2822,753,D24HourMean,QuarterlyMean,Mean,18.29
2857,720,D24HourMean,QuarterlyMean,Mean,17.57
2821,777,D24HourMean,QuarterlyMean,Mean,21.45
2824,775,D24HourMean,QuarterlyMean,Mean,21.95
2827,770,D24HourMean,QuarterlyMean,Mean,22.30
2874,713,D24HourMean,QuarterlyMean,Mean,14.57
2839,746,D24HourMean,QuarterlyMean,Mean,19.53
2807,763,D24HourMean,QuarterlyMean,Mean,20.42
2822,746,D24HourMean,QuarterlyMean,Mean,21.18
2840,744,D24HourMean,QuarterlyMean,Mean,19.37
2821,750,D24HourMean,QuarterlyMean,Mean,18.04
2842,746,D24HourMean,QuarterlyMean,Mean,18.93
2857,706,D24HourMean,QuarterlyMean,Mean,15.34
2824,769,D24HourMean,QuarterlyMean,Mean,21.29
2852,746,D24HourMean,QuarterlyMean,Mean,20.65
2829,773,D24HourMean,QuarterlyMean,Mean,22.46
2848,741,D24HourMean,QuarterlyMean,Mean,17.55
2868,718,D24HourMean,QuarterlyMean,Mean,14.96
2828,775,D24HourMean,QuarterlyMean,Mean,21.84
2806,769,D24HourMean,QuarterlyMean,Mean,20.47
2821,749,D24HourMean,QuarterlyMean,Mean,19.29
2823,768,D24HourMean,QuarterlyMean,Mean,21.23
2820,782,D24HourMean,QuarterlyMean,Mean,20.78
2826,778,D24HourMean,QuarterlyMean,Mean,22.00
2872,710,D24HourMean,QuarterlyMean,Mean,15.10
2831,757,D24HourMean,QuarterlyMean,Mean,19.33
2827,750,D24HourMean,QuarterlyMean,Mean,16.61
2822,770,D24HourMean,QuarterlyMean,Mean,21.20
2859,712,D24HourMean,QuarterlyMean,Mean,15.47
2828,757,D24HourMean,QuarterlyMean,Mean,20.51
2874,714,D24HourMean,QuarterlyMean,Mean,14.72
2820,754,D24HourMean,QuarterlyMean,Mean,20.00
2867,705,D24HourMean,QuarterlyMean,Mean,14.66
2851,738,D24HourMean,QuarterlyMean,Mean,17.65
2829,747,D24HourMean,QuarterlyMean,Mean,16.95
2837,746,D24HourMean,QuarterlyMean,Mean,19.56
2866,717,D24HourMean,QuarterlyMean,Mean,15.95
2816,745,D24HourMean,QuarterlyMean,Mean,20.90
2805,762,D24HourMean,QuarterlyMean,Mean,21.11
2825,767,D24HourMean,QuarterlyMean,Mean,21.90
2844,750,D24HourMean,QuarterlyMean,Mean,19.13
2820,755,D24HourMean,QuarterlyMean,Mean,20.56
2820,742,D24HourMean,QuarterlyMean,Mean,21.02
2837,751,D24HourMean,QuarterlyMean,Mean,16.54
2856,706,D24HourMean,QuarterlyMean,Mean,15.39
2838,756,D24HourMean,QuarterlyMean,Mean,20.21
2865,725,D24HourMean,QuarterlyMean,Mean,17.10
2863,705,D24HourMean,QuarterlyMean,Mean,14.81
2832,746,D24HourMean,QuarterlyMean,Mean,17.57
2820,780,D24HourMean,QuarterlyMean,Mean,21.87
2849,742,D24HourMean,QuarterlyMean,Mean,18.12
2838,765,D24HourMean,QuarterlyMean,Mean,19.23
2820,767,D24HourMean,QuarterlyMean,Mean,21.68
2835,749,D24HourMean,QuarterlyMean,Mean,18.25
2859,732,D24HourMean,QuarterlyMean,Mean,16.92
2819,754,D24HourMean,QuarterlyMean,Mean,20.66
2866,707,D24HourMean,QuarterlyMean,Mean,15.01
2831,750,D24HourMean,QuarterlyMean,Mean,16.30
2855,721,D24HourMean,QuarterlyMean,Mean,18.09
2814,771,D24HourMean,QuarterlyMean,Mean,20.94
2845,744,D24HourMean,QuarterlyMean,Mean,18.69
2810,769,D24HourMean,QuarterlyMean,Mean,19.66
2832,762,D24HourMean,QuarterlyMean,Mean,19.03
2854,723,D24HourMean,QuarterlyMean,Mean,19.54
2852,739,D24HourMean,QuarterlyMean,Mean,17.05
2857,731,D24HourMean,QuarterlyMean,Mean,17.49
2831,758,D24HourMean,QuarterlyMean,Mean,19.55
2821,772,D24HourMean,QuarterlyMean,Mean,21.26
2853,737,D24HourMean,QuarterlyMean,Mean,17.51
2816,755,D24HourMean,QuarterlyMean,Mean,19.79
2818,764,D24HourMean,QuarterlyMean,Mean,21.58
2856,717,D24HourMean,QuarterlyMean,Mean,16.38
2818,766,D24HourMean,QuarterlyMean,Mean,21.69
2847,747,D24HourMean,QuarterlyMean,Mean,18.30
2834,754,D24HourMean,QuarterlyMean,Mean,17.59
2836,762,D24HourMean,QuarterlyMean,Mean,18.75
2813,758,D24HourMean,QuarterlyMean,Mean,20.55
2847,737,D24HourMean,QuarterlyMean,Mean,17.69
2861,727,D24HourMean,QuarterlyMean,Mean,17.82
2873,713,D24HourMean,QuarterlyMean,Mean,13.89
2827,762,D24HourMean,QuarterlyMean,Mean,21.13
2818,742,D24HourMean,QuarterlyMean,Mean,20.81
2842,765,D24HourMean,QuarterlyMean,Mean,20.11
2837,749,D24HourMean,QuarterlyMean,Mean,19.14
2865,724,D24HourMean,QuarterlyMean,Mean,16.87
2845,748,D24HourMean,QuarterlyMean,Mean,18.92
2869,721,D24HourMean,QuarterlyMean,Mean,15.06
2844,765,D24HourMean,QuarterlyMean,Mean,20.73
2875,712,D24HourMean,QuarterlyMean,Mean,13.92
2830,750,D24HourMean,QuarterlyMean,Mean,17.36
2840,763,D24HourMean,QuarterlyMean,Mean,18.25
2822,780,D24HourMean,QuarterlyMean,Mean,22.38
2850,738,D24HourMean,QuarterlyMean,Mean,17.59
2861,724,D24HourMean,QuarterlyMean,Mean,18.27
2863,710,D24HourMean,QuarterlyMean,Mean,12.90
2826,763,D24HourMean,QuarterlyMean,Mean,21.76
2856,731,D24HourMean,QuarterlyMean,Mean,17.54
2837,761,D24HourMean,QuarterlyMean,Mean,19.60
2824,763,D24HourMean,QuarterlyMean,Mean,22.86
2831,763,D24HourMean,QuarterlyMean,Mean,19.50
2848,734,D24HourMean,QuarterlyMean,Mean,18.10
2840,757,D24HourMean,QuarterlyMean,Mean,21.39
2812,756,D24HourMean,QuarterlyMean,Mean,19.77
2824,755,D24HourMean,QuarterlyMean,Mean,19.23
2855,720,D24HourMean,QuarterlyMean,Mean,17.62
2831,764,D24HourMean,QuarterlyMean,Mean,19.67
2807,761,D24HourMean,QuarterlyMean,Mean,20.19
2821,756,D24HourMean,QuarterlyMean,Mean,20.76
2828,743,D24HourMean,QuarterlyMean,Mean,20.65
2823,743,D24HourMean,QuarterlyMean,Mean,21.27
2869,713,D24HourMean,QuarterlyMean,Mean,15.67
2807,768,D24HourMean,QuarterlyMean,Mean,20.37
2850,739,D24HourMean,QuarterlyMean,Mean,17.34
2843,760,D24HourMean,QuarterlyMean,Mean,18.96
2809,767,D24HourMean,QuarterlyMean,Mean,19.68
2815,764,D24HourMean,QuarterlyMean,Mean,21.76
2813,736,D24HourMean,QuarterlyMean,Mean,19.24
2851,721,D24HourMean,QuarterlyMean,Mean,18.22
2825,780,D24HourMean,QuarterlyMean,Mean,22.43
2833,764,D24HourMean,QuarterlyMean,Mean,19.08
2839,748,D24HourMean,QuarterlyMean,Mean,18.55
2848,736,D24HourMean,QuarterlyMean,Mean,17.30
2829,768,D24HourMean,QuarterlyMean,Mean,21.12
2840,750,D24HourMean,QuarterlyMean,Mean,17.88
2863,712,D24HourMean,QuarterlyMean,Mean,12.45
2858,716,D24HourMean,QuarterlyMean,Mean,16.59
2831,760,D24HourMean,QuarterlyMean,Mean,19.41
2865,729,D24HourMean,QuarterlyMean,Mean,16.26
2843,758,D24HourMean,QuarterlyMean,Mean,19.13
2829,775,D24HourMean,QuarterlyMean,Mean,21.94
2864,723,D24HourMean,QuarterlyMean,Mean,17.21
2861,725,D24HourMean,QuarterlyMean,Mean,18.16
2819,759,D24HourMean,QuarterlyMean,Mean,22.19
2828,772,D24HourMean,QuarterlyMean,Mean,22.17
2872,716,D24HourMean,QuarterlyMean,Mean,13.47
2868,714,D24HourMean,QuarterlyMean,Mean,15.72
2818,745,D24HourMean,QuarterlyMean,Mean,20.76
2828,739,D24HourMean,QuarterlyMean,Mean,25.28
2842,757,D24HourMean,QuarterlyMean,Mean,20.78
2827,753,D24HourMean,QuarterlyMean,Mean,17.85
2854,720,D24HourMean,QuarterlyMean,Mean,17.62
2826,774,D24HourMean,QuarterlyMean,Mean,21.74
2870,711,D24HourMean,QuarterlyMean,Mean,15.37
2842,749,D24HourMean,QuarterlyMean,Mean,18.76
2830,751,D24HourMean,QuarterlyMean,Mean,17.23
2826,759,D24HourMean,QuarterlyMean,Mean,21.09
2828,744,D24HourMean,QuarterlyMean,Mean,18.37
2873,705,D24HourMean,QuarterlyMean,Mean,13.15
2816,764,D24HourMean,QuarterlyMean,Mean,21.49
2846,743,D24HourMean,QuarterlyMean,Mean,18.38
2823,754,D24HourMean,QuarterlyMean,Mean,18.47
2820,763,D24HourMean,QuarterlyMean,Mean,21.71
2824,757,D24HourMean,QuarterlyMean,Mean,21.73
2864,705,D24HourMean,QuarterlyMean,Mean,14.81
2828,749,D24HourMean,QuarterlyMean,Mean,18.34
2811,765,D24HourMean,QuarterlyMean,Mean,20.21
2852,741,D24HourMean,QuarterlyMean,Mean,17.76
2811,764,D24HourMean,QuarterlyMean,Mean,19.95
2858,724,D24HourMean,QuarterlyMean,Mean,18.09
2848,742,D24HourMean,QuarterlyMean,Mean,18.19
2823,752,D24HourMean,QuarterlyMean,Mean,18.71
2817,746,D24HourMean,QuarterlyMean,Mean,20.02
2824,756,D24HourMean,QuarterlyMean,Mean,20.64
2823,774,D24HourMean,QuarterlyMean,Mean,21.40
2870,707,D24HourMean,QuarterlyMean,Mean,15.01
2822,742,D24HourMean,QuarterlyMean,Mean,20.95
2817,740,D24HourMean,QuarterlyMean,Mean,21.79
2874,709,D24HourMean,QuarterlyMean,Mean,14.86
2852,732,D24HourMean,QuarterlyMean,Mean,17.66
2855,736,D24HourMean,QuarterlyMean,Mean,16.91
2857,722,D24HourMean,QuarterlyMean,Mean,18.08
2846,738,D24HourMean,QuarterlyMean,Mean,17.48
2828,754,D24HourMean,QuarterlyMean,Mean,18.71
2850,725,D24HourMean,QuarterlyMean,Mean,18.30
2821,760,D24HourMean,QuarterlyMean,Mean,23.31
2839,747,D24HourMean,QuarterlyMean,Mean,19.62
2853,741,D24HourMean,QuarterlyMean,Mean,16.69
2817,780,D24HourMean,QuarterlyMean,Mean,20.87
2847,738,D24HourMean,QuarterlyMean,Mean,17.88
2864,726,D24HourMean,QuarterlyMean,Mean,17.54
2811,735,D24HourMean,QuarterlyMean,Mean,18.12
2831,755,D24HourMean,QuarterlyMean,Mean,17.92
2860,724,D24HourMean,QuarterlyMean,Mean,18.71
2847,748,D24HourMean,QuarterlyMean,Mean,19.10
2854,730,D24HourMean,QuarterlyMean,Mean,18.02
2871,715,D24HourMean,QuarterlyMean,Mean,13.64
2837,756,D24HourMean,QuarterlyMean,Mean,20.60
2857,713,D24HourMean,QuarterlyMean,Mean,14.80
2841,762,D24HourMean,QuarterlyMean,Mean,18.68
2871,709,D24HourMean,QuarterlyMean,Mean,15.29
2821,751,D24HourMean,QuarterlyMean,Mean,17.75
2872,713,D24HourMean,QuarterlyMean,Mean,13.84
2833,750,D24HourMean,QuarterlyMean,Mean,17.57
2862,708,D24HourMean,QuarterlyMean,Mean,14.22
2821,743,D24HourMean,QuarterlyMean,Mean,20.55
2839,762,D24HourMean,QuarterlyMean,Mean,18.67
2821,746,D24HourMean,QuarterlyMean,Mean,21.00
2818,762,D24HourMean,QuarterlyMean,Mean,20.92
2870,704,D24HourMean,QuarterlyMean,Mean,12.82
2867,719,D24HourMean,QuarterlyMean,Mean,14.71
2861,720,D24HourMean,QuarterlyMean,Mean,16.95
2829,745,D24HourMean,QuarterlyMean,Mean,19.16
2834,751,D24HourMean,QuarterlyMean,Mean,17.82
2852,742,D24HourMean,QuarterlyMean,Mean,17.39
2868,723,D24HourMean,QuarterlyMean,Mean,16.26
2845,763,D24HourMean,QuarterlyMean,Mean,19.65
2839,763,D24HourMean,QuarterlyMean,Mean,18.46
2829,774,D24HourMean,QuarterlyMean,Mean,22.08
2811,771,D24HourMean,QuarterlyMean,Mean,19.48
2814,761,D24HourMean,QuarterlyMean,Mean,21.37
2821,753,D24HourMean,QuarterlyMean,Mean,17.83
2872,721,D24HourMean,QuarterlyMean,Mean,14.92
2867,712,D24HourMean,QuarterlyMean,Mean,15.65
2859,715,D24HourMean,QuarterlyMean,Mean,16.48
2857,737,D24HourMean,QuarterlyMean,Mean,16.55
2863,721,D24HourMean,QuarterlyMean,Mean,17.34
2814,757,D24HourMean,QuarterlyMean,Mean,20.89
2819,772,D24HourMean,QuarterlyMean,Mean,20.79
2838,759,D24HourMean,QuarterlyMean,Mean,18.78
2822,751,D24HourMean,QuarterlyMean,Mean,18.58
2820,741,D24HourMean,QuarterlyMean,Mean,21.40
2853,740,D24HourMean,QuarterlyMean,Mean,16.21
2814,769,D24HourMean,QuarterlyMean,Mean,21.53
2828,763,D24HourMean,QuarterlyMean,Mean,20.83
2863,720,D24HourMean,QuarterlyMean,Mean,16.69
2861,719,D24HourMean,QuarterlyMean,Mean,16.41
2853,724,D24HourMean,QuarterlyMean,Mean,19.03
2862,717,D24HourMean,QuarterlyMean,Mean,16.70
2836,763,D24HourMean,QuarterlyMean,Mean,18.81
2867,722,D24HourMean,QuarterlyMean,Mean,15.72
2867,720,D24HourMean,QuarterlyMean,Mean,14.98
2854,721,D24HourMean,QuarterlyMean,Mean,19.05
2860,716,D24HourMean,QuarterlyMean,Mean,16.44
2863,717,D24HourMean,QuarterlyMean,Mean,16.49
2830,757,D24HourMean,QuarterlyMean,Mean,19.51
2871,706,D24HourMean,QuarterlyMean,Mean,14.85
2849,747,D24HourMean,QuarterlyMean,Mean,18.76
2853,720,D24HourMean,QuarterlyMean,Mean,18.06
2832,761,D24HourMean,QuarterlyMean,Mean,19.23
2835,754,D24HourMean,QuarterlyMean,Mean,17.56
2824,747,D24HourMean,QuarterlyMean,Mean,21.14
2824,746,D24HourMean,QuarterlyMean,Mean,21.61
2835,764,D24HourMean,QuarterlyMean,Mean,18.86
2841,751,D24HourMean,QuarterlyMean,Mean,17.29
2851,741,D24HourMean,QuarterlyMean,Mean,18.01
2819,771,D24HourMean,QuarterlyMean,Mean,20.66
2822,761,D24HourMean,QuarterlyMean,Mean,23.18
2870,722,D24HourMean,QuarterlyMean,Mean,15.59
2869,706,D24HourMean,QuarterlyMean,Mean,15.08
2820,773,D24HourMean,QuarterlyMean,Mean,21.53
2856,724,D24HourMean,QuarterlyMean,Mean,18.09
2846,740,D24HourMean,QuarterlyMean,Mean,17.18
2866,714,D24HourMean,QuarterlyMean,Mean,15.51
2838,745,D24HourMean,QuarterlyMean,Mean,19.29
2825,754,D24HourMean,QuarterlyMean,Mean,18.53
2861,722,D24HourMean,QuarterlyMean,Mean,17.80
2825,756,D24HourMean,QuarterlyMean,Mean,20.49
2863,725,D24HourMean,QuarterlyMean,Mean,17.46
2813,740,D24HourMean,QuarterlyMean,Mean,20.23
2826,741,D24HourMean,QuarterlyMean,Mean,22.31
2861,733,D24HourMean,QuarterlyMean,Mean,17.04
2862,700,D24HourMean,QuarterlyMean,Mean,15.59
2829,756,D24HourMean,QuarterlyMean,Mean,18.60
2824,751,D24HourMean,QuarterlyMean,Mean,17.98
2830,770,D24HourMean,QuarterlyMean,Mean,21.69
2850,743,D24HourMean,QuarterlyMean,Mean,19.24
2874,712,D24HourMean,QuarterlyMean,Mean,14.62
2823,766,D24HourMean,QuarterlyMean,Mean,21.50
2830,769,D24HourMean,QuarterlyMean,Mean,20.92
2871,720,D24HourMean,QuarterlyMean,Mean,14.52
2824,772,D24HourMean,QuarterlyMean,Mean,21.64
2846,756,D24HourMean,QuarterlyMean,Mean,19.73
2813,742,D24HourMean,QuarterlyMean,Mean,20.63
2871,719,D24HourMean,QuarterlyMean,Mean,14.29
2857,711,D24HourMean,QuarterlyMean,Mean,18.27
2853,728,D24HourMean,QuarterlyMean,Mean,18.13
2818,781,D24HourMean,QuarterlyMean,Mean,20.96
2824,742,D24HourMean,QuarterlyMean,Mean,21.27
2828,756,D24HourMean,QuarterlyMean,Mean,19.49
2833,755,D24HourMean,QuarterlyMean,Mean,17.75
2818,780,D24HourMean,QuarterlyMean,Mean,21.52
2835,757,D24HourMean,QuarterlyMean,Mean,18.61
2808,769,D24HourMean,QuarterlyMean,Mean,20.31
2835,756,D24HourMean,QuarterlyMean,Mean,18.56
2824,767,D24HourMean,QuarterlyMean,Mean,21.66
2826,765,D24HourMean,QuarterlyMean,Mean,22.24
2817,741,D24HourMean,QuarterlyMean,Mean,21.45
2835,763,D24HourMean,QuarterlyMean,Mean,18.37
2851,739,D24HourMean,QuarterlyMean,Mean,17.11
2829,765,D24HourMean,QuarterlyMean,Mean,20.76
2864,711,D24HourMean,QuarterlyMean,Mean,12.30
2856,704,D24HourMean,QuarterlyMean,Mean,14.99
2868,722,D24HourMean,QuarterlyMean,Mean,15.69
2875,713,D24HourMean,QuarterlyMean,Mean,14.07
2817,764,D24HourMean,QuarterlyMean,Mean,21.65
2812,767,D24HourMean,QuarterlyMean,Mean,20.53
2847,746,D24HourMean,QuarterlyMean,Mean,17.47
2874,706,D24HourMean,QuarterlyMean,Mean,14.05
2825,763,D24HourMean,QuarterlyMean,Mean,22.58
2817,762,D24HourMean,QuarterlyMean,Mean,21.13
2866,718,D24HourMean,QuarterlyMean,Mean,15.57
2820,743,D24HourMean,QuarterlyMean,Mean,20.92
2856,734,D24HourMean,QuarterlyMean,Mean,17.66
2849,744,D24HourMean,QuarterlyMean,Mean,18.17
2830,758,D24HourMean,QuarterlyMean,Mean,19.99
2823,751,D24HourMean,QuarterlyMean,Mean,18.81
2848,729,D24HourMean,QuarterlyMean,Mean,20.39
2843,759,D24HourMean,QuarterlyMean,Mean,18.83
2841,749,D24HourMean,QuarterlyMean,Mean,17.28
2846,741,D24HourMean,QuarterlyMean,Mean,17.85
2863,726,D24HourMean,QuarterlyMean,Mean,17.78
2870,715,D24HourMean,QuarterlyMean,Mean,15.00
2829,776,D24HourMean,QuarterlyMean,Mean,22.30
2852,731,D24HourMean,QuarterlyMean,Mean,17.87
2875,710,D24HourMean,QuarterlyMean,Mean,13.24
2857,733,D24HourMean,QuarterlyMean,Mean,17.92
2821,780,D24HourMean,QuarterlyMean,Mean,22.08
2831,762,D24HourMean,QuarterlyMean,Mean,19.41
2859,722,D24HourMean,QuarterlyMean,Mean,16.92
2820,771,D24HourMean,QuarterlyMean,Mean,20.55
2833,745,D24HourMean,QuarterlyMean,Mean,18.53
2822,782,D24HourMean,QuarterlyMean,Mean,21.79
2834,762,D24HourMean,QuarterlyMean,Mean,17.92
2827,758,D24HourMean,QuarterlyMean,Mean,20.72
2851,736,D24HourMean,QuarterlyMean,Mean,17.31
2832,764,D24HourMean,QuarterlyMean,Mean,19.20
2802,762,D24HourMean,QuarterlyMean,Mean,21.27
2861,732,D24HourMean,QuarterlyMean,Mean,17.04
2816,771,D24HourMean,QuarterlyMean,Mean,21.03
2826,742,D24HourMean,QuarterlyMean,Mean,22.60
2813,756,D24HourMean,QuarterlyMean,Mean,20.05
2825,768,D24HourMean,QuarterlyMean,Mean,21.56
2829,754,D24HourMean,QuarterlyMean,Mean,18.79
2817,766,D24HourMean,QuarterlyMean,Mean,21.69
2865,715,D24HourMean,QuarterlyMean,Mean,15.97
2856,735,D24HourMean,QuarterlyMean,Mean,17.66
2819,761,D24HourMean,QuarterlyMean,Mean,21.57
2859,723,D24HourMean,QuarterlyMean,Mean,18.19
2828,759,D24HourMean,QuarterlyMean,Mean,20.10
2856,733,D24HourMean,QuarterlyMean,Mean,17.98
2824,758,D24HourMean,QuarterlyMean,Mean,21.92
2829,749,D24HourMean,QuarterlyMean,Mean,17.98
2823,762,D24HourMean,QuarterlyMean,Mean,22.74
2861,700,D24HourMean,QuarterlyMean,Mean,15.04
2869,718,D24HourMean,QuarterlyMean,Mean,14.96
2847,757,D24HourMean,QuarterlyMean,Mean,19.59
2825,765,D24HourMean,QuarterlyMean,Mean,22.64
2824,766,D24HourMean,QuarterlyMean,Mean,22.30
2820,748,D24HourMean,QuarterlyMean,Mean,19.65
2842,762,D24HourMean,QuarterlyMean,Mean,19.02
2819,751,D24HourMean,QuarterlyMean,Mean,17.93
2847,736,D24HourMean,QuarterlyMean,Mean,18.05
2821,783,D24HourMean,QuarterlyMean,Mean,21.15
2837,763,D24HourMean,QuarterlyMean,Mean,18.86
2823,760,D24HourMean,QuarterlyMean,Mean,23.99
2859,726,D24HourMean,QuarterlyMean,Mean,17.70
2812,739,D24HourMean,QuarterlyMean,Mean,19.02
2820,766,D24HourMean,QuarterlyMean,Mean,21.69
2841,760,D24HourMean,QuarterlyMean,Mean,18.83
2823,758,D24HourMean,QuarterlyMean,Mean,22.73
2871,717,D24HourMean,QuarterlyMean,Mean,14.02
2819,781,D24HourMean,QuarterlyMean,Mean,21.31
2832,744,D24HourMean,QuarterlyMean,Mean,19.74
2827,739,D24HourMean,QuarterlyMean,Mean,25.63
2831,756,D24HourMean,QuarterlyMean,Mean,18.73
2864,717,D24HourMean,QuarterlyMean,Mean,16.30
2864,707,D24HourMean,QuarterlyMean,Mean,15.87
2811,759,D24HourMean,QuarterlyMean,Mean,20.44
2859,702,D24HourMean,QuarterlyMean,Mean,15.03
2813,745,D24HourMean,QuarterlyMean,Mean,17.73
2818,753,D24HourMean,QuarterlyMean,Mean,20.79
2864,722,D24HourMean,QuarterlyMean,Mean,16.81
2817,771,D24HourMean,QuarterlyMean,Mean,20.92
2818,773,D24HourMean,QuarterlyMean,Mean,20.94
2859,730,D24HourMean,QuarterlyMean,Mean,17.90
2817,747,D24HourMean,QuarterlyMean,Mean,20.07
2849,728,D24HourMean,QuarterlyMean,Mean,18.04
2841,744,D24HourMean,QuarterlyMean,Mean,18.82
2815,765,D24HourMean,QuarterlyMean,Mean,21.81
2830,776,D24HourMean,QuarterlyMean,Mean,22.50
2832,757,D24HourMean,QuarterlyMean,Mean,18.76
2857,702,D24HourMean,QuarterlyMean,Mean,15.13
2811,758,D24HourMean,QuarterlyMean,Mean,20.55
2835,752,D24HourMean,QuarterlyMean,Mean,17.43
2846,760,D24HourMean,QuarterlyMean,Mean,19.60
2850,741,D24HourMean,QuarterlyMean,Mean,17.80
2828,767,D24HourMean,QuarterlyMean,Mean,21.50
2817,748,D24HourMean,QuarterlyMean,Mean,18.98
2846,742,D24HourMean,QuarterlyMean,Mean,18.29
2817,753,D24HourMean,QuarterlyMean,Mean,20.92
2859,711,D24HourMean,QuarterlyMean,Mean,15.18
2858,720,D24HourMean,QuarterlyMean,Mean,17.52
2838,760,D24HourMean,QuarterlyMean,Mean,19.65
2826,767,D24HourMean,QuarterlyMean,Mean,21.88
2838,757,D24HourMean,QuarterlyMean,Mean,19.34
2808,772,D24HourMean,QuarterlyMean,Mean,19.29
2818,763,D24HourMean,QuarterlyMean,Mean,21.25
2832,756,D24HourMean,QuarterlyMean,Mean,18.21
2860,725,D24HourMean,QuarterlyMean,Mean,18.27
2870,718,D24HourMean,QuarterlyMean,Mean,15.10
2815,746,D24HourMean,QuarterlyMean,Mean,19.11
2813,741,D24HourMean,QuarterlyMean,Mean,20.63
2815,739,D24HourMean,QuarterlyMean,Mean,20.42
2850,745,D24HourMean,QuarterlyMean,Mean,18.15
2819,768,D24HourMean,QuarterlyMean,Mean,21.07
2833,757,D24HourMean,QuarterlyMean,Mean,18.19
2856,740,D24HourMean,QuarterlyMean,Mean,17.44
2811,773,D24HourMean,QuarterlyMean,Mean,19.92
2854,703,D24HourMean,QuarterlyMean,Mean,15.03
2860,700,D24HourMean,QuarterlyMean,Mean,15.14
2829,741,D24HourMean,QuarterlyMean,Mean,21.53
2824,773,D24HourMean,QuarterlyMean,Mean,21.68
2819,782,D24HourMean,QuarterlyMean,Mean,20.85
2806,762,D24HourMean,QuarterlyMean,Mean,20.79
2829,755,D24HourMean,QuarterlyMean,Mean,18.50
2862,718,D24HourMean,QuarterlyMean,Mean,16.28
2858,735,D24HourMean,QuarterlyMean,Mean,18.18
2875,705,D24HourMean,QuarterlyMean,Mean,13.35
2815,770,D24HourMean,QuarterlyMean,Mean,21.13
2827,749,D24HourMean,QuarterlyMean,Mean,18.51
2865,707,D24HourMean,QuarterlyMean,Mean,15.16
2858,736,D24HourMean,QuarterlyMean,Mean,17.05
2828,766,D24HourMean,QuarterlyMean,Mean,21.39
2849,724,D24HourMean,QuarterlyMean,Mean,18.66
2849,759,D24HourMean,QuarterlyMean,Mean,20.46
2849,736,D24HourMean,QuarterlyMean,Mean,16.82
2813,754,D24HourMean,QuarterlyMean,Mean,16.80
2842,766,D24HourMean,QuarterlyMean,Mean,21.22
2827,773,D24HourMean,QuarterlyMean,Mean,21.68
2870,713,D24HourMean,QuarterlyMean,Mean,15.28
2844,763,D24HourMean,QuarterlyMean,Mean,19.80
2848,746,D24HourMean,QuarterlyMean,Mean,17.72
2808,766,D24HourMean,QuarterlyMean,Mean,19.58
2821,769,D24HourMean,QuarterlyMean,Mean,21.18
2820,765,D24HourMean,QuarterlyMean,Mean,21.17
2837,757,D24HourMean,QuarterlyMean,Mean,19.63
2860,727,D24HourMean,QuarterlyMean,Mean,17.73
2842,760,D24HourMean,QuarterlyMean,Mean,18.73
2876,708,D24HourMean,QuarterlyMean,Mean,13.69
2828,773,D24HourMean,QuarterlyMean,Mean,21.84
2814,738,D24HourMean,QuarterlyMean,Mean,20.71
2819,767,D24HourMean,QuarterlyMean,Mean,21.42
2835,759,D24HourMean,QuarterlyMean,Mean,18.64
2829,759,D24HourMean,QuarterlyMean,Mean,20.02
2813,760,D24HourMean,QuarterlyMean,Mean,21.06
2815,748,D24HourMean,QuarterlyMean,Mean,19.60
2819,776,D24HourMean,QuarterlyMean,Mean,20.70
2824,749,D24HourMean,QuarterlyMean,Mean,19.32
2815,756,D24HourMean,QuarterlyMean,Mean,19.60
2851,746,D24HourMean,QuarterlyMean,Mean,19.69
2817,781,D24HourMean,QuarterlyMean,Mean,20.46
2838,744,D24HourMean,QuarterlyMean,Mean,19.63
2862,706,D24HourMean,QuarterlyMean,Mean,14.81
2823,778,D24HourMean,QuarterlyMean,Mean,22.38
2848,758,D24HourMean,QuarterlyMean,Mean,21.37
2813,744,D24HourMean,QuarterlyMean,Mean,18.04
2807,769,D24HourMean,QuarterlyMean,Mean,20.55
2850,723,D24HourMean,QuarterlyMean,Mean,18.50
2832,760,D24HourMean,QuarterlyMean,Mean,19.02
2847,744,D24HourMean,QuarterlyMean,Mean,17.50
2821,779,D24HourMean,QuarterlyMean,Mean,21.87
2850,726,D24HourMean,QuarterlyMean,Mean,18.29
2851,726,D24HourMean,QuarterlyMean,Mean,18.08
2864,716,D24HourMean,QuarterlyMean,Mean,16.28
2816,754,D24HourMean,QuarterlyMean,Mean,19.82
2817,749,D24HourMean,QuarterlyMean,Mean,19.66
2857,718,D24HourMean,QuarterlyMean,Mean,17.16
2816,757,D24HourMean,QuarterlyMean,Mean,20.58
2806,763,D24HourMean,QuarterlyMean,Mean,20.56
2837,748,D24HourMean,QuarterlyMean,Mean,19.14
2846,757,D24HourMean,QuarterlyMean,Mean,19.36
2831,749,D24HourMean,QuarterlyMean,Mean,16.13
2850,729,D24HourMean,QuarterlyMean,Mean,18.08
2822,776,D24HourMean,QuarterlyMean,Mean,21.21
2818,778,D24HourMean,QuarterlyMean,Mean,21.15
2870,714,D24HourMean,QuarterlyMean,Mean,15.09
2861,715,D24HourMean,QuarterlyMean,Mean,16.33
2864,718,D24HourMean,QuarterlyMean,Mean,16.33
2861,728,D24HourMean,QuarterlyMean,Mean,17.62
2872,722,D24HourMean,QuarterlyMean,Mean,15.06
2850,730,D24HourMean,QuarterlyMean,Mean,18.02
2857,734,D24HourMean,QuarterlyMean,Mean,17.97
2862,730,D24HourMean,QuarterlyMean,Mean,16.47
2806,764,D24HourMean,QuarterlyMean,Mean,20.00
2847,758,D24HourMean,QuarterlyMean,Mean,21.10
2858,703,D24HourMean,QuarterlyMean,Mean,14.78
2861,705,D24HourMean,QuarterlyMean,Mean,13.72
2822,759,D24HourMean,QuarterlyMean,Mean,23.77
2825,779,D24HourMean,QuarterlyMean,Mean,22.40
2807,760,D24HourMean,QuarterlyMean,Mean,19.82
2868,721,D24HourMean,QuarterlyMean,Mean,15.61
2851,742,D24HourMean,QuarterlyMean,Mean,17.62
2834,761,D24HourMean,QuarterlyMean,Mean,18.40
2828,768,D24HourMean,QuarterlyMean,Mean,21.47
2809,771,D24HourMean,QuarterlyMean,Mean,19.18
2845,767,D24HourMean,QuarterlyMean,Mean,21.13
2870,712,D24HourMean,QuarterlyMean,Mean,15.49
2804,766,D24HourMean,QuarterlyMean,Mean,19.13
2852,733,D24HourMean,QuarterlyMean,Mean,17.56
2842,748,D24HourMean,QuarterlyMean,Mean,18.30
2873,708,D24HourMean,QuarterlyMean,Mean,15.03
2817,765,D24HourMean,QuarterlyMean,Mean,21.65
2850,760,D24HourMean,QuarterlyMean,Mean,20.42
2837,760,D24HourMean,QuarterlyMean,Mean,19.36
2856,730,D24HourMean,QuarterlyMean,Mean,17.28
2834,763,D24HourMean,QuarterlyMean,Mean,18.13
2814,760,D24HourMean,QuarterlyMean,Mean,21.40
2826,772,D24HourMean,QuarterlyMean,Mean,21.87
2844,761,D24HourMean,QuarterlyMean,Mean,19.39
2814,766,D24HourMean,QuarterlyMean,Mean,21.15
2860,732,D24HourMean,QuarterlyMean,Mean,16.94
2855,730,D24HourMean,QuarterlyMean,Mean,17.45
2811,767,D24HourMean,QuarterlyMean,Mean,20.29
2831,745,D24HourMean,QuarterlyMean,Mean,18.90
2834,757,D24HourMean,QuarterlyMean,Mean,18.22
2861,704,D24HourMean,QuarterlyMean,Mean,14.08
2817,755,D24HourMean,QuarterlyMean,Mean,20.27
2841,759,D24HourMean,QuarterlyMean,Mean,18.50
2866,711,D24HourMean,QuarterlyMean,Mean,13.63
2829,769,D24HourMean,QuarterlyMean,Mean,21.40
2821,745,D24HourMean,QuarterlyMean,Mean,20.52
2832,765,D24HourMean,QuarterlyMean,Mean,19.18
2872,712,D24HourMean,QuarterlyMean,Mean,14.33
2832,747,D24HourMean,QuarterlyMean,Mean,17.19
2862,705,D24HourMean,QuarterlyMean,Mean,13.70
2814,754,D24HourMean,QuarterlyMean,Mean,17.57
2807,762,D24HourMean,QuarterlyMean,Mean,20.36
2825,757,D24HourMean,QuarterlyMean,Mean,21.38
2869,717,D24HourMean,QuarterlyMean,Mean,15.09
2830,775,D24HourMean,QuarterlyMean,Mean,22.29
2836,756,D24HourMean,QuarterlyMean,Mean,20.04
2854,738,D24HourMean,QuarterlyMean,Mean,16.18
2845,745,D24HourMean,QuarterlyMean,Mean,18.90
2852,734,D24HourMean,QuarterlyMean,Mean,17.12
2837,745,D24HourMean,QuarterlyMean,Mean,19.39
2829,757,D24HourMean,QuarterlyMean,Mean,19.73
2830,744,D24HourMean,QuarterlyMean,Mean,19.71
2869,704,D24HourMean,QuarterlyMean,Mean,13.00
2807,765,D24HourMean,QuarterlyMean,Mean,19.76
2814,752,D24HourMean,QuarterlyMean,Mean,17.34
2826,762,D24HourMean,QuarterlyMean,Mean,21.39
2819,779,D24HourMean,QuarterlyMean,Mean,21.61
2810,761,D24HourMean,QuarterlyMean,Mean,20.37
2836,757,D24HourMean,QuarterlyMean,Mean,19.39
2857,715,D24HourMean,QuarterlyMean,Mean,16.23
2806,756,D24HourMean,QuarterlyMean,Mean,19.11
2822,777,D24HourMean,QuarterlyMean,Mean,21.71
2864,714,D24HourMean,QuarterlyMean,Mean,14.70
2865,709,D24HourMean,QuarterlyMean,Mean,14.71
2856,702,D24HourMean,QuarterlyMean,Mean,14.78
2823,747,D24HourMean,QuarterlyMean,Mean,21.01
2825,761,D24HourMean,QuarterlyMean,Mean,22.03
2803,766,D24HourMean,QuarterlyMean,Mean,19.34
2860,714,D24HourMean,QuarterlyMean,Mean,16.28
2840,743,D24HourMean,QuarterlyMean,Mean,19.36
2817,739,D24HourMean,QuarterlyMean,Mean,21.99
2848,759,D24HourMean,QuarterlyMean,Mean,21.02
2843,767,D24HourMean,QuarterlyMean,Mean,21.97
2850,733,D24HourMean,QuarterlyMean,Mean,17.84
2861,699,D24HourMean,QuarterlyMean,Mean,15.27
2819,743,D24HourMean,QuarterlyMean,Mean,20.78
2819,756,D24HourMean,QuarterlyMean,Mean,21.53
2841,745,D24HourMean,QuarterlyMean,Mean,18.79
2864,715,D24HourMean,QuarterlyMean,Mean,15.36
2824,744,D24HourMean,QuarterlyMean,Mean,21.80
2820,762,D24HourMean,QuarterlyMean,Mean,21.74
2821,761,D24HourMean,QuarterlyMean,Mean,22.80
2825,753,D24HourMean,QuarterlyMean,Mean,17.69
2830,746,D24HourMean,QuarterlyMean,Mean,17.41
2832,768,D24HourMean,QuarterlyMean,Mean,20.52
2840,761,D24HourMean,QuarterlyMean,Mean,19.53
2858,726,D24HourMean,QuarterlyMean,Mean,17.67
2826,757,D24HourMean,QuarterlyMean,Mean,21.14
2851,745,D24HourMean,QuarterlyMean,Mean,18.97
2821,742,D24HourMean,QuarterlyMean,Mean,20.81
2814,744,D24HourMean,QuarterlyMean,Mean,19.28
2862,709,D24HourMean,QuarterlyMean,Mean,14.33
2825,776,D24HourMean,QuarterlyMean,Mean,22.06
2819,763,D24HourMean,QuarterlyMean,Mean,21.39
2820,745,D24HourMean,QuarterlyMean,Mean,20.79
2814,755,D24HourMean,QuarterlyMean,Mean,18.93
2813,765,D24HourMean,QuarterlyMean,Mean,20.70
2861,701,D24HourMean,QuarterlyMean,Mean,16.11
2847,742,D24HourMean,QuarterlyMean,Mean,18.37
2809,763,D24HourMean,QuarterlyMean,Mean,20.42
2819,753,D24HourMean,QuarterlyMean,Mean,19.89
2858,733,D24HourMean,QuarterlyMean,Mean,18.23
2814,770,D24HourMean,QuarterlyMean,Mean,21.13
2807,767,D24HourMean,QuarterlyMean,Mean,19.55
2811,761,D24HourMean,QuarterlyMean,Mean,20.41
2820,761,D24HourMean,QuarterlyMean,Mean,22.08
2808,771,D24HourMean,QuarterlyMean,Mean,19.34
2814,737,D24HourMean,QuarterlyMean,Mean,20.65
2865,728,D24HourMean,QuarterlyMean,Mean,16.53
2863,707,D24HourMean,QuarterlyMean,Mean,14.61
2813,757,D24HourMean,QuarterlyMean,Mean,20.63
2823,745,D24HourMean,QuarterlyMean,Mean,21.35
2833,746,D24HourMean,QuarterlyMean,Mean,16.49
2813,761,D24HourMean,QuarterlyMean,Mean,20.95
2813,770,D24HourMean,QuarterlyMean,Mean,19.92
2852,726,D24HourMean,QuarterlyMean,Mean,18.04
2823,759,D24HourMean,QuarterlyMean,Mean,23.50
2841,767,D24HourMean,QuarterlyMean,Mean,21.71
2870,709,D24HourMean,QuarterlyMean,Mean,15.27
2872,708,D24HourMean,QuarterlyMean,Mean,15.03
2843,768,D24HourMean,QuarterlyMean,Mean,21.31
2849,740,D24HourMean,QuarterlyMean,Mean,16.95
2823,773,D24HourMean,QuarterlyMean,Mean,21.28
2827,746,D24HourMean,QuarterlyMean,Mean,20.89
2870,721,D24HourMean,QuarterlyMean,Mean,14.82
2827,772,D24HourMean,QuarterlyMean,Mean,21.74
2844,745,D24HourMean,QuarterlyMean,Mean,18.82
2863,719,D24HourMean,QuarterlyMean,Mean,15.08
2864,712,D24HourMean,QuarterlyMean,Mean,12.25
2862,704,D24HourMean,QuarterlyMean,Mean,13.67
2831,761,D24HourMean,QuarterlyMean,Mean,19.55
2816,740,D24HourMean,QuarterlyMean,Mean,21.54
2858,711,D24HourMean,QuarterlyMean,Mean,18.03
2831,752,D24HourMean,QuarterlyMean,Mean,16.97
2845,758,D24HourMean,QuarterlyMean,Mean,19.13
2840,746,D24HourMean,QuarterlyMean,Mean,19.47
2863,714,D24HourMean,QuarterlyMean,Mean,15.92
2842,764,D24HourMean,QuarterlyMean,Mean,20.07
2860,733,D24HourMean,QuarterlyMean,Mean,17.30
2864,728,D24HourMean,QuarterlyMean,Mean,16.58
2844,747,D24HourMean,QuarterlyMean,Mean,19.24
2810,763,D24HourMean,QuarterlyMean,Mean,20.26
2836,753,D24HourMean,QuarterlyMean,Mean,17.33
2856,723,D24HourMean,QuarterlyMean,Mean,18.65
2819,766,D24HourMean,QuarterlyMean,Mean,21.63
2812,768,D24HourMean,QuarterlyMean,Mean,20.21
2858,706,D24HourMean,QuarterlyMean,Mean,14.84
2832,755,D24HourMean,QuarterlyMean,Mean,18.03
2820,774,D24HourMean,QuarterlyMean,Mean,21.63
2828,747,D24HourMean,QuarterlyMean,Mean,17.46
2841,746,D24HourMean,QuarterlyMean,Mean,18.92
2811,760,D24HourMean,QuarterlyMean,Mean,20.16
2863,722,D24HourMean,QuarterlyMean,Mean,17.05
2846,761,D24HourMean,QuarterlyMean,Mean,19.93
2865,708,D24HourMean,QuarterlyMean,Mean,14.66
2869,715,D24HourMean,QuarterlyMean,Mean,15.44
2836,758,D24HourMean,QuarterlyMean,Mean,18.30
2839,764,D24HourMean,QuarterlyMean,Mean,18.73
2860,706,D24HourMean,QuarterlyMean,Mean,14.12
2817,743,D24HourMean,QuarterlyMean,Mean,20.87
2813,763,D24HourMean,QuarterlyMean,Mean,21.29
2816,768,D24HourMean,QuarterlyMean,Mean,21.39
2837,755,D24HourMean,QuarterlyMean,Mean,19.78
2826,770,D24HourMean,QuarterlyMean,Mean,22.19
2834,759,D24HourMean,QuarterlyMean,Mean,18.74
2860,722,D24HourMean,QuarterlyMean,Mean,16.69
2823,777,D24HourMean,QuarterlyMean,Mean,22.22
2861,703,D24HourMean,QuarterlyMean,Mean,14.96
2814,764,D24HourMean,QuarterlyMean,Mean,21.47
2853,725,D24HourMean,QuarterlyMean,Mean,19.23
2867,718,D24HourMean,QuarterlyMean,Mean,15.00
2819,764,D24HourMean,QuarterlyMean,Mean,21.13
2840,754,D24HourMean,QuarterlyMean,Mean,20.84
2822,749,D24HourMean,QuarterlyMean,Mean,19.16
2839,756,D24HourMean,QuarterlyMean,Mean,21.13
2810,757,D24HourMean,QuarterlyMean,Mean,19.37
2831,766,D24HourMean,QuarterlyMean,Mean,20.10
2806,755,D24HourMean,QuarterlyMean,Mean,18.38
2805,764,D24HourMean,QuarterlyMean,Mean,19.69
2820,749,D24HourMean,QuarterlyMean,Mean,19.27
2854,741,D24HourMean,QuarterlyMean,Mean,16.44
2863,709,D24HourMean,QuarterlyMean,Mean,13.82
2825,751,D24HourMean,QuarterlyMean,Mean,17.72
2814,758,D24HourMean,QuarterlyMean,Mean,20.60
2830,748,D24HourMean,QuarterlyMean,Mean,17.29
2833,758,D24HourMean,QuarterlyMean,Mean,18.87
2852,724,D24HourMean,QuarterlyMean,Mean,19.11
2873,710,D24HourMean,QuarterlyMean,Mean,15.03
2821,744,D24HourMean,QuarterlyMean,Mean,20.44
2810,756,D24HourMean,QuarterlyMean,Mean,19.16
2859,705,D24HourMean,QuarterlyMean,Mean,13.12
2862,727,D24HourMean,QuarterlyMean,Mean,17.69
2822,768,D24HourMean,QuarterlyMean,Mean,21.37
2853,732,D24HourMean,QuarterlyMean,Mean,17.92
2864,704,D24HourMean,QuarterlyMean,Mean,14.91
2830,753,D24HourMean,QuarterlyMean,Mean,17.49
2857,705,D24HourMean,QuarterlyMean,Mean,14.93
2838,753,D24HourMean,QuarterlyMean,Mean,18.56
2846,763,D24HourMean,QuarterlyMean,Mean,20.39
2824,780,D24HourMean,QuarterlyMean,Mean,22.93
2825,742,D24HourMean,QuarterlyMean,Mean,22.15
2857,735,D24HourMean,QuarterlyMean,Mean,18.02
2859,701,D24HourMean,QuarterlyMean,Mean,15.46
2826,758,D24HourMean,QuarterlyMean,Mean,20.93
2864,727,D24HourMean,QuarterlyMean,Mean,17.49
2861,707,D24HourMean,QuarterlyMean,Mean,14.93
2818,754,D24HourMean,QuarterlyMean,Mean,20.37
2836,759,D24HourMean,QuarterlyMean,Mean,18.30
2823,769,D24HourMean,QuarterlyMean,Mean,20.89
2827,774,D24HourMean,QuarterlyMean,Mean,21.71
2823,753,D24HourMean,QuarterlyMean,Mean,18.58
2824,743,D24HourMean,QuarterlyMean,Mean,21.80
2828,776,D24HourMean,QuarterlyMean,Mean,22.43
2863,723,D24HourMean,QuarterlyMean,Mean,17.46
2822,767,D24HourMean,QuarterlyMean,Mean,21.49
2839,743,D24HourMean,QuarterlyMean,Mean,19.47
2805,767,D24HourMean,QuarterlyMean,Mean,19.48
2813,743,D24HourMean,QuarterlyMean,Mean,20.36
2821,758,D24HourMean,QuarterlyMean,Mean,23.34
2827,777,D24HourMean,QuarterlyMean,Mean,22.24
2830,759,D24HourMean,QuarterlyMean,Mean,19.81
2862,707,D24HourMean,QuarterlyMean,Mean,14.98
2863,730,D24HourMean,QuarterlyMean,Mean,16.43
2822,755,D24HourMean,QuarterlyMean,Mean,19.83
2866,712,D24HourMean,QuarterlyMean,Mean,14.68
2845,759,D24HourMean,QuarterlyMean,Mean,19.38
2867,724,D24HourMean,QuarterlyMean,Mean,16.81
2806,767,D24HourMean,QuarterlyMean,Mean,19.86
2836,761,D24HourMean,QuarterlyMean,Mean,18.84
2842,761,D24HourMean,QuarterlyMean,Mean,18.83
2858,709,D24HourMean,QuarterlyMean,Mean,15.65
2842,745,D24HourMean,QuarterlyMean,Mean,18.64
2816,739,D24HourMean,QuarterlyMean,Mean,20.95
2860,711,D24HourMean,QuarterlyMean,Mean,14.25
2829,763,D24HourMean,QuarterlyMean,Mean,20.78
2834,755,D24HourMean,QuarterlyMean,Mean,17.98
2839,760,D24HourMean,QuarterlyMean,Mean,20.43
2825,743,D24HourMean,QuarterlyMean,Mean,22.47
2841,761,D24HourMean,QuarterlyMean,Mean,18.73
2855,737,D24HourMean,QuarterlyMean,Mean,16.40
2841,763,D24HourMean,QuarterlyMean,Mean,18.38
2864,725,D24HourMean,QuarterlyMean,Mean,17.26
2823,771,D24HourMean,QuarterlyMean,Mean,21.61
2873,707,D24HourMean,QuarterlyMean,Mean,14.58
2834,765,D24HourMean,QuarterlyMean,Mean,19.15
2867,717,D24HourMean,QuarterlyMean,Mean,15.56
2820,757,D24HourMean,QuarterlyMean,Mean,22.07
2865,721,D24HourMean,QuarterlyMean,Mean,16.13
2838,766,D24HourMean,QuarterlyMean,Mean,19.49
2873,706,D24HourMean,QuarterlyMean,Mean,14.12
2811,772,D24HourMean,QuarterlyMean,Mean,19.68
2869,723,D24HourMean,QuarterlyMean,Mean,16.10
2825,769,D24HourMean,QuarterlyMean,Mean,21.63
2846,759,D24HourMean,QuarterlyMean,Mean,19.89
2864,709,D24HourMean,QuarterlyMean,Mean,13.95
2819,746,D24HourMean,QuarterlyMean,Mean,20.23
2859,731,D24HourMean,QuarterlyMean,Mean,17.54
2812,763,D24HourMean,QuarterlyMean,Mean,20.81
2833,751,D24HourMean,QuarterlyMean,Mean,17.74
2864,729,D24HourMean,QuarterlyMean,Mean,16.26
2825,762,D24HourMean,QuarterlyMean,Mean,22.06
2820,760,D24HourMean,QuarterlyMean,Mean,22.48
2815,750,D24HourMean,QuarterlyMean,Mean,20.28
2837,759,D24HourMean,QuarterlyMean,Mean,18.42
2866,708,D24HourMean,QuarterlyMean,Mean,14.15
2842,743,D24HourMean,QuarterlyMean,Mean,18.61
2868,710,D24HourMean,QuarterlyMean,Mean,14.78
2823,779,D24HourMean,QuarterlyMean,Mean,22.48
2829,750,D24HourMean,QuarterlyMean,Mean,17.59
2809,769,D24HourMean,QuarterlyMean,Mean,19.79
2817,752,D24HourMean,QuarterlyMean,Mean,21.32
2826,751,D24HourMean,QuarterlyMean,Mean,17.18
2841,743,D24HourMean,QuarterlyMean,Mean,19.44
2852,737,D24HourMean,QuarterlyMean,Mean,17.48
2854,735,D24HourMean,QuarterlyMean,Mean,17.64
2828,740,D24HourMean,QuarterlyMean,Mean,22.41
2852,722,D24HourMean,QuarterlyMean,Mean,18.45
2852,740,D24HourMean,QuarterlyMean,Mean,17.03
2844,767,D24HourMean,QuarterlyMean,Mean,21.24
2815,747,D24HourMean,QuarterlyMean,Mean,18.66
2816,748,D24HourMean,QuarterlyMean,Mean,20.10
2854,739,D24HourMean,QuarterlyMean,Mean,16.20
2835,747,D24HourMean,QuarterlyMean,Mean,18.12
2806,757,D24HourMean,QuarterlyMean,Mean,19.26
2819,752,D24HourMean,QuarterlyMean,Mean,19.27
2851,729,D24HourMean,QuarterlyMean,Mean,17.98
2837,762,D24HourMean,QuarterlyMean,Mean,18.68
2865,723,D24HourMean,QuarterlyMean,Mean,16.76
2865,720,D24HourMean,QuarterlyMean,Mean,15.67
2847,745,D24HourMean,QuarterlyMean,Mean,17.26
2828,746,D24HourMean,QuarterlyMean,Mean,19.32
2816,751,D24HourMean,QuarterlyMean,Mean,20.71
2809,761,D24HourMean,QuarterlyMean,Mean,20.44
2831,765,D24HourMean,QuarterlyMean,Mean,19.86
2835,751,D24HourMean,QuarterlyMean,Mean,17.85
2840,747,D24HourMean,QuarterlyMean,Mean,19.37
2857,724,D24HourMean,QuarterlyMean,Mean,18.40
2821,773,D24HourMean,QuarterlyMean,Mean,21.40
2826,775,D24HourMean,QuarterlyMean,Mean,21.92
2840,766,D24HourMean,QuarterlyMean,Mean,20.80
2851,730,D24HourMean,QuarterlyMean,Mean,17.90
2865,706,D24HourMean,QuarterlyMean,Mean,16.16
2824,770,D24HourMean,QuarterlyMean,Mean,21.63
2829,764,D24HourMean,QuarterlyMean,Mean,20.54
2840,768,D24HourMean,QuarterlyMean,Mean,22.15
2832,752,D24HourMean,QuarterlyMean,Mean,17.79
2865,716,D24HourMean,QuarterlyMean,Mean,16.23
2848,744,D24HourMean,QuarterlyMean,Mean,17.86
2818,770,D24HourMean,QuarterlyMean,Mean,20.84
2854,734,D24HourMean,QuarterlyMean,Mean,17.17
2842,763,D24HourMean,QuarterlyMean,Mean,19.14
2846,736,D24HourMean,QuarterlyMean,Mean,18.68
2871,711,D24HourMean,QuarterlyMean,Mean,14.68
2821,766,D24HourMean,QuarterlyMean,Mean,21.37
2836,766,D24HourMean,QuarterlyMean,Mean,19.28
2836,752,D24HourMean,QuarterlyMean,Mean,16.92
2851,735,D24HourMean,QuarterlyMean,Mean,17.15
2815,737,D24HourMean,QuarterlyMean,Mean,21.01
2856,718,D24HourMean,QuarterlyMean,Mean,16.74
2842,751,D24HourMean,QuarterlyMean,Mean,17.44
2866,721,D24HourMean,QuarterlyMean,Mean,15.75
2861,730,D24HourMean,QuarterlyMean,Mean,16.89
2859,728,D24HourMean,QuarterlyMean,Mean,17.91
2859,716,D24HourMean,QuarterlyMean,Mean,16.80
2817,768,D24HourMean,QuarterlyMean,Mean,21.64
2825,777,D24HourMean,QuarterlyMean,Mean,22.26
2870,705,D24HourMean,QuarterlyMean,Mean,13.38
2844,749,D24HourMean,QuarterlyMean,Mean,19.24
2856,728,D24HourMean,QuarterlyMean,Mean,17.65
2860,730,D24HourMean,QuarterlyMean,Mean,17.71
2851,724,D24HourMean,QuarterlyMean,Mean,18.47
2863,729,D24HourMean,QuarterlyMean,Mean,16.10
2825,778,D24HourMean,QuarterlyMean,Mean,22.31
2855,735,D24HourMean,QuarterlyMean,Mean,17.59
2812,757,D24HourMean,QuarterlyMean,Mean,20.23
2814,748,D24HourMean,QuarterlyMean,Mean,18.14
2834,748,D24HourMean,QuarterlyMean,Mean,17.59
2835,765,D24HourMean,QuarterlyMean,Mean,19.20
2864,721,D24HourMean,QuarterlyMean,Mean,16.74
2840,762,D24HourMean,QuarterlyMean,Mean,18.46
2822,766,D24HourMean,QuarterlyMean,Mean,21.33
2872,707,D24HourMean,QuarterlyMean,Mean,14.73
2843,764,D24HourMean,QuarterlyMean,Mean,19.56
2826,750,D24HourMean,QuarterlyMean,Mean,17.57
2829,770,D24HourMean,QuarterlyMean,Mean,22.13
2831,769,D24HourMean,QuarterlyMean,Mean,20.55
2871,716,D24HourMean,QuarterlyMean,Mean,14.20
2828,755,D24HourMean,QuarterlyMean,Mean,18.75
2827,765,D24HourMean,QuarterlyMean,Mean,21.53
2815,751,D24HourMean,QuarterlyMean,Mean,19.84
2840,748,D24HourMean,QuarterlyMean,Mean,18.21
2867,725,D24HourMean,QuarterlyMean,Mean,17.21
2823,756,D24HourMean,QuarterlyMean,Mean,20.86
2829,748,D24HourMean,QuarterlyMean,Mean,17.94
2861,721,D24HourMean,QuarterlyMean,Mean,17.64
2823,761,D24HourMean,QuarterlyMean,Mean,23.33
2862,726,D24HourMean,QuarterlyMean,Mean,17.78
2817,754,D24HourMean,QuarterlyMean,Mean,20.03
2817,742,D24HourMean,QuarterlyMean,Mean,20.57
2862,713,D24HourMean,QuarterlyMean,Mean,13.80
2866,723,D24HourMean,QuarterlyMean,Mean,16.56
2838,748,D24HourMean,QuarterlyMean,Mean,19.32
2855,729,D24HourMean,QuarterlyMean,Mean,17.43
2865,711,D24HourMean,QuarterlyMean,Mean,12.82
2827,738,D24HourMean,QuarterlyMean,Mean,26.12
2869,709,D24HourMean,QuarterlyMean,Mean,14.99
2816,756,D24HourMean,QuarterlyMean,Mean,20.00
