Column,Row,Metric,Seasonal Metric,Annual Metric,Values
1639,709,D24HourMean,QuarterlyMean,Mean,35.66
1644,714,D24HourMean,QuarterlyMean,Mean,37.30
1644,698,D24HourMean,QuarterlyMean,Mean,31.74
1661,698,D24HourMean,QuarterlyMean,Mean,32.96
1649,695,D24HourMean,QuarterlyMean,Mean,30.37
1644,711,D24HourMean,QuarterlyMean,Mean,35.43
1642,712,D24HourMean,QuarterlyMean,Mean,34.78
1671,712,D24HourMean,QuarterlyMean,Mean,37.70
1675,684,D24HourMean,QuarterlyMean,Mean,26.59
1648,693,D24HourMean,QuarterlyMean,Mean,29.70
1652,706,D24HourMean,QuarterlyMean,Mean,33.64
1676,695,D24HourMean,QuarterlyMean,Mean,30.70
1654,716,D24HourMean,QuarterlyMean,Mean,39.57
1683,685,D24HourMean,QuarterlyMean,Mean,25.07
1668,692,D24HourMean,QuarterlyMean,Mean,28.17
1674,710,D24HourMean,QuarterlyMean,Mean,36.95
1649,716,D24HourMean,QuarterlyMean,Mean,40.60
1678,706,D24HourMean,QuarterlyMean,Mean,37.59
1645,696,D24HourMean,QuarterlyMean,Mean,30.19
1651,718,D24HourMean,QuarterlyMean,Mean,41.59
1653,712,D24HourMean,QuarterlyMean,Mean,35.94
1656,715,D24HourMean,QuarterlyMean,Mean,38.05
1632,706,D24HourMean,QuarterlyMean,Mean,38.39
1637,699,D24HourMean,QuarterlyMean,Mean,35.95
1646,724,D24HourMean,QuarterlyMean,Mean,44.75
1682,685,D24HourMean,QuarterlyMean,Mean,24.55
1674,693,D24HourMean,QuarterlyMean,Mean,29.78
1673,688,D24HourMean,QuarterlyMean,Mean,29.36
1674,706,D24HourMean,QuarterlyMean,Mean,36.41
1653,691,D24HourMean,QuarterlyMean,Mean,28.14
1653,698,D24HourMean,QuarterlyMean,Mean,31.83
1655,689,D24HourMean,QuarterlyMean,Mean,32.19
1644,708,D24HourMean,QuarterlyMean,Mean,35.86
1639,718,D24HourMean,QuarterlyMean,Mean,40.68
1661,710,D24HourMean,QuarterlyMean,Mean,35.49
1678,698,D24HourMean,QuarterlyMean,Mean,32.22
1675,702,D24HourMean,QuarterlyMean,Mean,34.07
1667,689,D24HourMean,QuarterlyMean,Mean,27.01
1641,712,D24HourMean,QuarterlyMean,Mean,34.57
1674,701,D24HourMean,QuarterlyMean,Mean,34.23
1679,684,D24HourMean,QuarterlyMean,Mean,25.77
1680,684,D24HourMean,QuarterlyMean,Mean,24.71
1680,688,D24HourMean,QuarterlyMean,Mean,28.44
1636,691,D24HourMean,QuarterlyMean,Mean,30.95
1644,715,D24HourMean,QuarterlyMean,Mean,37.71
1645,709,D24HourMean,QuarterlyMean,Mean,36.18
1662,692,D24HourMean,QuarterlyMean,Mean,30.51
1663,700,D24HourMean,QuarterlyMean,Mean,34.70
1635,684,D24HourMean,QuarterlyMean,Mean,29.89
1650,701,D24HourMean,QuarterlyMean,Mean,31.71
1669,710,D24HourMean,QuarterlyMean,Mean,36.29
1635,697,D24HourMean,QuarterlyMean,Mean,32.95
1640,697,D24HourMean,QuarterlyMean,Mean,31.86
1642,714,D24HourMean,QuarterlyMean,Mean,36.76
1671,695,D24HourMean,QuarterlyMean,Mean,31.26
1680,685,D24HourMean,QuarterlyMean,Mean,25.89
1677,700,D24HourMean,QuarterlyMean,Mean,33.09
1649,713,D24HourMean,QuarterlyMean,Mean,36.95
1663,690,D24HourMean,QuarterlyMean,Mean,29.95
1638,686,D24HourMean,QuarterlyMean,Mean,28.91
1630,705,D24HourMean,QuarterlyMean,Mean,36.85
1639,690,D24HourMean,QuarterlyMean,Mean,29.16
1680,686,D24HourMean,QuarterlyMean,Mean,26.85
1667,699,D24HourMean,QuarterlyMean,Mean,34.97
1671,688,D24HourMean,QuarterlyMean,Mean,28.99
1648,723,D24HourMean,QuarterlyMean,Mean,44.21
1637,707,D24HourMean,QuarterlyMean,Mean,35.93
1657,710,D24HourMean,QuarterlyMean,Mean,35.06
1643,706,D24HourMean,QuarterlyMean,Mean,37.57
1645,718,D24HourMean,QuarterlyMean,Mean,41.22
1641,717,D24HourMean,QuarterlyMean,Mean,39.99
1664,705,D24HourMean,QuarterlyMean,Mean,34.52
1646,717,D24HourMean,QuarterlyMean,Mean,41.41
1638,711,D24HourMean,QuarterlyMean,Mean,35.89
1664,712,D24HourMean,QuarterlyMean,Mean,36.98
1659,711,D24HourMean,QuarterlyMean,Mean,36.95
1675,706,D24HourMean,QuarterlyMean,Mean,36.16
1650,713,D24HourMean,QuarterlyMean,Mean,37.15
1667,705,D24HourMean,QuarterlyMean,Mean,34.06
1639,720,D24HourMean,QuarterlyMean,Mean,41.39
1666,709,D24HourMean,QuarterlyMean,Mean,36.69
1664,691,D24HourMean,QuarterlyMean,Mean,29.31
1677,689,D24HourMean,QuarterlyMean,Mean,27.98
1634,710,D24HourMean,QuarterlyMean,Mean,37.98
1637,711,D24HourMean,QuarterlyMean,Mean,36.91
1673,684,D24HourMean,QuarterlyMean,Mean,26.89
1637,705,D24HourMean,QuarterlyMean,Mean,35.75
1658,698,D24HourMean,QuarterlyMean,Mean,33.32
1669,712,D24HourMean,QuarterlyMean,Mean,37.59
1647,722,D24HourMean,QuarterlyMean,Mean,42.40
1654,701,D24HourMean,QuarterlyMean,Mean,32.34
1677,706,D24HourMean,QuarterlyMean,Mean,37.14
1655,718,D24HourMean,QuarterlyMean,Mean,40.47
1633,686,D24HourMean,QuarterlyMean,Mean,32.08
1643,698,D24HourMean,QuarterlyMean,Mean,30.19
1643,691,D24HourMean,QuarterlyMean,Mean,29.14
1662,691,D24HourMean,QuarterlyMean,Mean,29.98
1634,705,D24HourMean,QuarterlyMean,Mean,35.87
1663,693,D24HourMean,QuarterlyMean,Mean,31.46
1632,708,D24HourMean,QuarterlyMean,Mean,37.98
1660,720,D24HourMean,QuarterlyMean,Mean,41.47
1641,690,D24HourMean,QuarterlyMean,Mean,28.67
1662,716,D24HourMean,QuarterlyMean,Mean,40.70
1633,709,D24HourMean,QuarterlyMean,Mean,38.87
1654,690,D24HourMean,QuarterlyMean,Mean,28.44
1656,716,D24HourMean,QuarterlyMean,Mean,38.95
1661,699,D24HourMean,QuarterlyMean,Mean,34.30
1672,710,D24HourMean,QuarterlyMean,Mean,36.90
1644,719,D24HourMean,QuarterlyMean,Mean,40.89
1646,701,D24HourMean,QuarterlyMean,Mean,31.48
1659,717,D24HourMean,QuarterlyMean,Mean,40.33
1649,703,D24HourMean,QuarterlyMean,Mean,33.59
1641,716,D24HourMean,QuarterlyMean,Mean,39.14
1678,690,D24HourMean,QuarterlyMean,Mean,29.25
1654,689,D24HourMean,QuarterlyMean,Mean,29.24
1639,711,D24HourMean,QuarterlyMean,Mean,34.92
1650,711,D24HourMean,QuarterlyMean,Mean,36.01
1640,724,D24HourMean,QuarterlyMean,Mean,44.07
1638,701,D24HourMean,QuarterlyMean,Mean,30.76
1652,710,D24HourMean,QuarterlyMean,Mean,35.84
1673,694,D24HourMean,QuarterlyMean,Mean,31.32
1652,713,D24HourMean,QuarterlyMean,Mean,36.84
1647,704,D24HourMean,QuarterlyMean,Mean,34.26
1665,692,D24HourMean,QuarterlyMean,Mean,29.27
1655,720,D24HourMean,QuarterlyMean,Mean,42.61
1664,688,D24HourMean,QuarterlyMean,Mean,28.56
1638,720,D24HourMean,QuarterlyMean,Mean,42.47
1637,701,D24HourMean,QuarterlyMean,Mean,33.63
1662,705,D24HourMean,QuarterlyMean,Mean,35.12
1652,702,D24HourMean,QuarterlyMean,Mean,32.45
1653,696,D24HourMean,QuarterlyMean,Mean,31.65
1659,702,D24HourMean,QuarterlyMean,Mean,33.58
1651,693,D24HourMean,QuarterlyMean,Mean,29.05
1671,700,D24HourMean,QuarterlyMean,Mean,33.24
1646,719,D24HourMean,QuarterlyMean,Mean,41.91
1670,693,D24HourMean,QuarterlyMean,Mean,29.45
1660,723,D24HourMean,QuarterlyMean,Mean,43.67
1636,711,D24HourMean,QuarterlyMean,Mean,37.24
1653,687,D24HourMean,QuarterlyMean,Mean,27.83
1653,715,D24HourMean,QuarterlyMean,Mean,39.08
1653,688,D24HourMean,QuarterlyMean,Mean,28.42
1656,699,D24HourMean,QuarterlyMean,Mean,33.30
1656,723,D24HourMean,QuarterlyMean,Mean,45.18
1655,711,D24HourMean,QuarterlyMean,Mean,35.46
1668,686,D24HourMean,QuarterlyMean,Mean,16.26
1653,707,D24HourMean,QuarterlyMean,Mean,35.12
1673,700,D24HourMean,QuarterlyMean,Mean,34.13
1663,712,D24HourMean,QuarterlyMean,Mean,36.22
1665,702,D24HourMean,QuarterlyMean,Mean,33.58
1659,695,D24HourMean,QuarterlyMean,Mean,32.28
1669,700,D24HourMean,QuarterlyMean,Mean,33.07
1657,715,D24HourMean,QuarterlyMean,Mean,37.73
1639,707,D24HourMean,QuarterlyMean,Mean,34.30
1639,714,D24HourMean,QuarterlyMean,Mean,37.48
1641,689,D24HourMean,QuarterlyMean,Mean,28.38
1670,710,D24HourMean,QuarterlyMean,Mean,36.66
1643,686,D24HourMean,QuarterlyMean,Mean,25.37
1649,722,D24HourMean,QuarterlyMean,Mean,44.68
1652,690,D24HourMean,QuarterlyMean,Mean,27.53
1680,701,D24HourMean,QuarterlyMean,Mean,32.99
1674,686,D24HourMean,QuarterlyMean,Mean,28.30
1640,698,D24HourMean,QuarterlyMean,Mean,33.87
1669,705,D24HourMean,QuarterlyMean,Mean,35.43
1651,688,D24HourMean,QuarterlyMean,Mean,28.50
1657,690,D24HourMean,QuarterlyMean,Mean,31.89
1644,713,D24HourMean,QuarterlyMean,Mean,36.90
1662,714,D24HourMean,QuarterlyMean,Mean,38.26
1667,698,D24HourMean,QuarterlyMean,Mean,33.86
1670,712,D24HourMean,QuarterlyMean,Mean,38.27
1656,697,D24HourMean,QuarterlyMean,Mean,32.03
1666,692,D24HourMean,QuarterlyMean,Mean,28.91
1646,691,D24HourMean,QuarterlyMean,Mean,28.36
1666,713,D24HourMean,QuarterlyMean,Mean,37.70
1646,715,D24HourMean,QuarterlyMean,Mean,38.21
1663,694,D24HourMean,QuarterlyMean,Mean,31.54
1648,715,D24HourMean,QuarterlyMean,Mean,39.75
1664,687,D24HourMean,QuarterlyMean,Mean,26.07
1654,709,D24HourMean,QuarterlyMean,Mean,36.38
1656,705,D24HourMean,QuarterlyMean,Mean,34.04
1658,708,D24HourMean,QuarterlyMean,Mean,36.32
1655,717,D24HourMean,QuarterlyMean,Mean,39.66
1677,688,D24HourMean,QuarterlyMean,Mean,27.75
1665,719,D24HourMean,QuarterlyMean,Mean,43.50
1680,700,D24HourMean,QuarterlyMean,Mean,32.79
1654,699,D24HourMean,QuarterlyMean,Mean,31.83
1674,699,D24HourMean,QuarterlyMean,Mean,32.78
1672,695,D24HourMean,QuarterlyMean,Mean,30.96
1637,690,D24HourMean,QuarterlyMean,Mean,30.05
1636,720,D24HourMean,QuarterlyMean,Mean,44.55
1647,724,D24HourMean,QuarterlyMean,Mean,44.86
1660,692,D24HourMean,QuarterlyMean,Mean,31.01
1646,688,D24HourMean,QuarterlyMean,Mean,28.78
1666,717,D24HourMean,QuarterlyMean,Mean,41.77
1635,688,D24HourMean,QuarterlyMean,Mean,29.58
1668,696,D24HourMean,QuarterlyMean,Mean,31.55
1634,687,D24HourMean,QuarterlyMean,Mean,31.11
1650,712,D24HourMean,QuarterlyMean,Mean,36.29
1636,698,D24HourMean,QuarterlyMean,Mean,32.47
1637,709,D24HourMean,QuarterlyMean,Mean,36.70
1650,714,D24HourMean,QuarterlyMean,Mean,38.00
1673,707,D24HourMean,QuarterlyMean,Mean,36.67
1643,701,D24HourMean,QuarterlyMean,Mean,31.17
1667,692,D24HourMean,QuarterlyMean,Mean,28.19
1670,714,D24HourMean,QuarterlyMean,Mean,39.01
1673,686,D24HourMean,QuarterlyMean,Mean,27.87
1660,704,D24HourMean,QuarterlyMean,Mean,34.77
1644,697,D24HourMean,QuarterlyMean,Mean,30.68
1634,688,D24HourMean,QuarterlyMean,Mean,31.34
1647,702,D24HourMean,QuarterlyMean,Mean,31.93
1654,710,D24HourMean,QuarterlyMean,Mean,35.17
1665,687,D24HourMean,QuarterlyMean,Mean,16.82
1662,690,D24HourMean,QuarterlyMean,Mean,29.91
1651,714,D24HourMean,QuarterlyMean,Mean,39.94
1680,697,D24HourMean,QuarterlyMean,Mean,31.65
1679,702,D24HourMean,QuarterlyMean,Mean,33.15
1685,684,D24HourMean,QuarterlyMean,Mean,27.83
1669,694,D24HourMean,QuarterlyMean,Mean,28.69
1647,703,D24HourMean,QuarterlyMean,Mean,32.44
1671,709,D24HourMean,QuarterlyMean,Mean,36.41
1666,705,D24HourMean,QuarterlyMean,Mean,34.21
1651,706,D24HourMean,QuarterlyMean,Mean,33.96
1673,703,D24HourMean,QuarterlyMean,Mean,34.90
1650,698,D24HourMean,QuarterlyMean,Mean,32.61
1662,703,D24HourMean,QuarterlyMean,Mean,35.32
1667,690,D24HourMean,QuarterlyMean,Mean,27.67
1677,704,D24HourMean,QuarterlyMean,Mean,35.27
1666,693,D24HourMean,QuarterlyMean,Mean,30.19
1633,712,D24HourMean,QuarterlyMean,Mean,40.69
1665,717,D24HourMean,QuarterlyMean,Mean,40.35
1657,707,D24HourMean,QuarterlyMean,Mean,35.06
1671,704,D24HourMean,QuarterlyMean,Mean,34.10
1669,709,D24HourMean,QuarterlyMean,Mean,36.20
1657,711,D24HourMean,QuarterlyMean,Mean,36.38
1653,716,D24HourMean,QuarterlyMean,Mean,39.31
1657,721,D24HourMean,QuarterlyMean,Mean,42.26
1659,722,D24HourMean,QuarterlyMean,Mean,42.86
1649,724,D24HourMean,QuarterlyMean,Mean,43.92
1682,689,D24HourMean,QuarterlyMean,Mean,26.98
1664,710,D24HourMean,QuarterlyMean,Mean,35.60
1638,705,D24HourMean,QuarterlyMean,Mean,35.49
1646,697,D24HourMean,QuarterlyMean,Mean,30.31
1665,688,D24HourMean,QuarterlyMean,Mean,28.25
1642,724,D24HourMean,QuarterlyMean,Mean,43.44
1658,702,D24HourMean,QuarterlyMean,Mean,33.53
1652,707,D24HourMean,QuarterlyMean,Mean,34.84
1675,686,D24HourMean,QuarterlyMean,Mean,28.16
1672,708,D24HourMean,QuarterlyMean,Mean,36.39
1634,689,D24HourMean,QuarterlyMean,Mean,31.43
1666,720,D24HourMean,QuarterlyMean,Mean,43.86
1636,687,D24HourMean,QuarterlyMean,Mean,28.83
1667,697,D24HourMean,QuarterlyMean,Mean,32.73
1645,707,D24HourMean,QuarterlyMean,Mean,35.12
1672,705,D24HourMean,QuarterlyMean,Mean,34.67
1648,692,D24HourMean,QuarterlyMean,Mean,28.25
1656,698,D24HourMean,QuarterlyMean,Mean,32.51
1659,698,D24HourMean,QuarterlyMean,Mean,33.10
1685,688,D24HourMean,QuarterlyMean,Mean,25.71
1644,689,D24HourMean,QuarterlyMean,Mean,28.22
1648,705,D24HourMean,QuarterlyMean,Mean,35.29
1674,696,D24HourMean,QuarterlyMean,Mean,31.79
1677,705,D24HourMean,QuarterlyMean,Mean,36.61
1640,700,D24HourMean,QuarterlyMean,Mean,31.69
1657,701,D24HourMean,QuarterlyMean,Mean,31.77
1653,690,D24HourMean,QuarterlyMean,Mean,27.86
1640,707,D24HourMean,QuarterlyMean,Mean,34.43
1665,697,D24HourMean,QuarterlyMean,Mean,31.80
1674,685,D24HourMean,QuarterlyMean,Mean,27.59
1676,696,D24HourMean,QuarterlyMean,Mean,31.85
1642,713,D24HourMean,QuarterlyMean,Mean,36.32
1645,704,D24HourMean,QuarterlyMean,Mean,33.80
1655,707,D24HourMean,QuarterlyMean,Mean,34.78
1645,688,D24HourMean,QuarterlyMean,Mean,28.13
1664,698,D24HourMean,QuarterlyMean,Mean,32.44
1633,708,D24HourMean,QuarterlyMean,Mean,38.30
1645,685,D24HourMean,QuarterlyMean,Mean,27.61
1663,718,D24HourMean,QuarterlyMean,Mean,41.40
1641,709,D24HourMean,QuarterlyMean,Mean,37.54
1660,705,D24HourMean,QuarterlyMean,Mean,35.01
1668,714,D24HourMean,QuarterlyMean,Mean,38.59
1636,702,D24HourMean,QuarterlyMean,Mean,34.93
1661,704,D24HourMean,QuarterlyMean,Mean,36.02
1634,709,D24HourMean,QuarterlyMean,Mean,38.87
1644,702,D24HourMean,QuarterlyMean,Mean,30.30
1667,707,D24HourMean,QuarterlyMean,Mean,35.46
1639,685,D24HourMean,QuarterlyMean,Mean,26.90
1639,715,D24HourMean,QuarterlyMean,Mean,40.03
1668,700,D24HourMean,QuarterlyMean,Mean,32.95
1668,711,D24HourMean,QuarterlyMean,Mean,36.46
1676,692,D24HourMean,QuarterlyMean,Mean,29.67
1664,697,D24HourMean,QuarterlyMean,Mean,31.97
1655,706,D24HourMean,QuarterlyMean,Mean,33.69
1642,699,D24HourMean,QuarterlyMean,Mean,31.15
1665,698,D24HourMean,QuarterlyMean,Mean,32.22
1655,719,D24HourMean,QuarterlyMean,Mean,41.08
1660,709,D24HourMean,QuarterlyMean,Mean,37.51
1666,706,D24HourMean,QuarterlyMean,Mean,35.03
1673,696,D24HourMean,QuarterlyMean,Mean,31.94
1666,702,D24HourMean,QuarterlyMean,Mean,33.50
1659,703,D24HourMean,QuarterlyMean,Mean,34.80
1659,700,D24HourMean,QuarterlyMean,Mean,33.53
1654,726,D24HourMean,QuarterlyMean,Mean,48.50
1666,698,D24HourMean,QuarterlyMean,Mean,33.12
1640,716,D24HourMean,QuarterlyMean,Mean,40.27
1642,722,D24HourMean,QuarterlyMean,Mean,40.82
1679,699,D24HourMean,QuarterlyMean,Mean,32.82
1642,702,D24HourMean,QuarterlyMean,Mean,32.50
1660,698,D24HourMean,QuarterlyMean,Mean,33.49
1679,687,D24HourMean,QuarterlyMean,Mean,27.20
1640,696,D24HourMean,QuarterlyMean,Mean,28.80
1651,707,D24HourMean,QuarterlyMean,Mean,34.83
1641,706,D24HourMean,QuarterlyMean,Mean,35.33
1631,709,D24HourMean,QuarterlyMean,Mean,40.45
1683,684,D24HourMean,QuarterlyMean,Mean,25.36
1639,721,D24HourMean,QuarterlyMean,Mean,42.57
1672,701,D24HourMean,QuarterlyMean,Mean,34.21
1663,709,D24HourMean,QuarterlyMean,Mean,36.52
1670,698,D24HourMean,QuarterlyMean,Mean,32.81
1638,717,D24HourMean,QuarterlyMean,Mean,40.28
1648,691,D24HourMean,QuarterlyMean,Mean,28.25
1638,704,D24HourMean,QuarterlyMean,Mean,34.66
1637,702,D24HourMean,QuarterlyMean,Mean,34.73
1659,719,D24HourMean,QuarterlyMean,Mean,40.79
1637,721,D24HourMean,QuarterlyMean,Mean,43.55
1659,715,D24HourMean,QuarterlyMean,Mean,39.53
1651,690,D24HourMean,QuarterlyMean,Mean,29.34
1655,704,D24HourMean,QuarterlyMean,Mean,34.06
1673,692,D24HourMean,QuarterlyMean,Mean,28.89
1661,718,D24HourMean,QuarterlyMean,Mean,40.47
1641,698,D24HourMean,QuarterlyMean,Mean,33.59
1676,688,D24HourMean,QuarterlyMean,Mean,28.14
1631,708,D24HourMean,QuarterlyMean,Mean,37.57
1669,704,D24HourMean,QuarterlyMean,Mean,34.87
1673,702,D24HourMean,QuarterlyMean,Mean,35.44
1677,707,D24HourMean,QuarterlyMean,Mean,37.13
1639,700,D24HourMean,QuarterlyMean,Mean,32.33
1652,723,D24HourMean,QuarterlyMean,Mean,44.09
1666,700,D24HourMean,QuarterlyMean,Mean,33.66
1666,716,D24HourMean,QuarterlyMean,Mean,40.03
1663,691,D24HourMean,QuarterlyMean,Mean,29.80
1648,725,D24HourMean,QuarterlyMean,Mean,46.24
1670,694,D24HourMean,QuarterlyMean,Mean,29.56
1644,712,D24HourMean,QuarterlyMean,Mean,35.67
1661,706,D24HourMean,QuarterlyMean,Mean,36.13
1648,703,D24HourMean,QuarterlyMean,Mean,33.49
1656,717,D24HourMean,QuarterlyMean,Mean,40.03
1649,693,D24HourMean,QuarterlyMean,Mean,28.83
1644,684,D24HourMean,QuarterlyMean,Mean,27.50
1662,695,D24HourMean,QuarterlyMean,Mean,33.39
1632,711,D24HourMean,QuarterlyMean,Mean,41.01
1649,689,D24HourMean,QuarterlyMean,Mean,29.95
1659,724,D24HourMean,QuarterlyMean,Mean,44.48
1656,689,D24HourMean,QuarterlyMean,Mean,31.60
1642,707,D24HourMean,QuarterlyMean,Mean,34.43
1671,686,D24HourMean,QuarterlyMean,Mean,29.55
1657,709,D24HourMean,QuarterlyMean,Mean,35.10
1643,688,D24HourMean,QuarterlyMean,Mean,27.34
1653,692,D24HourMean,QuarterlyMean,Mean,29.11
1676,693,D24HourMean,QuarterlyMean,Mean,29.38
1649,720,D24HourMean,QuarterlyMean,Mean,42.24
1666,714,D24HourMean,QuarterlyMean,Mean,38.66
1672,693,D24HourMean,QuarterlyMean,Mean,29.38
1642,689,D24HourMean,QuarterlyMean,Mean,28.11
1679,703,D24HourMean,QuarterlyMean,Mean,34.00
1663,697,D24HourMean,QuarterlyMean,Mean,32.45
1657,699,D24HourMean,QuarterlyMean,Mean,32.37
1658,700,D24HourMean,QuarterlyMean,Mean,32.87
1645,706,D24HourMean,QuarterlyMean,Mean,37.46
1667,709,D24HourMean,QuarterlyMean,Mean,36.15
1647,706,D24HourMean,QuarterlyMean,Mean,35.33
1650,723,D24HourMean,QuarterlyMean,Mean,45.64
1655,703,D24HourMean,QuarterlyMean,Mean,33.81
1668,706,D24HourMean,QuarterlyMean,Mean,35.52
1673,695,D24HourMean,QuarterlyMean,Mean,32.16
1645,693,D24HourMean,QuarterlyMean,Mean,30.03
1665,713,D24HourMean,QuarterlyMean,Mean,37.72
1646,714,D24HourMean,QuarterlyMean,Mean,37.54
1654,703,D24HourMean,QuarterlyMean,Mean,33.87
1681,685,D24HourMean,QuarterlyMean,Mean,24.95
1654,700,D24HourMean,QuarterlyMean,Mean,32.20
1669,701,D24HourMean,QuarterlyMean,Mean,33.46
1657,696,D24HourMean,QuarterlyMean,Mean,31.85
1650,721,D24HourMean,QuarterlyMean,Mean,43.65
1655,687,D24HourMean,QuarterlyMean,Mean,29.70
1648,707,D24HourMean,QuarterlyMean,Mean,36.13
1662,689,D24HourMean,QuarterlyMean,Mean,29.94
1635,711,D24HourMean,QuarterlyMean,Mean,37.92
1666,701,D24HourMean,QuarterlyMean,Mean,33.04
1661,711,D24HourMean,QuarterlyMean,Mean,36.04
1675,707,D24HourMean,QuarterlyMean,Mean,36.84
1661,720,D24HourMean,QuarterlyMean,Mean,42.17
1665,695,D24HourMean,QuarterlyMean,Mean,32.87
1665,718,D24HourMean,QuarterlyMean,Mean,41.77
1640,701,D24HourMean,QuarterlyMean,Mean,32.05
1651,691,D24HourMean,QuarterlyMean,Mean,29.61
1675,708,D24HourMean,QuarterlyMean,Mean,37.89
1636,713,D24HourMean,QuarterlyMean,Mean,38.15
1638,696,D24HourMean,QuarterlyMean,Mean,31.30
1663,704,D24HourMean,QuarterlyMean,Mean,35.12
1677,693,D24HourMean,QuarterlyMean,Mean,29.24
1661,715,D24HourMean,QuarterlyMean,Mean,39.91
1678,687,D24HourMean,QuarterlyMean,Mean,27.97
1674,690,D24HourMean,QuarterlyMean,Mean,29.67
1652,719,D24HourMean,QuarterlyMean,Mean,41.27
1649,707,D24HourMean,QuarterlyMean,Mean,35.79
1641,720,D24HourMean,QuarterlyMean,Mean,41.77
1636,697,D24HourMean,QuarterlyMean,Mean,32.62
1681,691,D24HourMean,QuarterlyMean,Mean,28.35
1658,712,D24HourMean,QuarterlyMean,Mean,39.13
1638,724,D24HourMean,QuarterlyMean,Mean,43.40
1661,707,D24HourMean,QuarterlyMean,Mean,36.24
1665,704,D24HourMean,QuarterlyMean,Mean,34.07
1663,708,D24HourMean,QuarterlyMean,Mean,37.17
1664,699,D24HourMean,QuarterlyMean,Mean,33.32
1660,706,D24HourMean,QuarterlyMean,Mean,35.59
1650,687,D24HourMean,QuarterlyMean,Mean,27.48
1656,702,D24HourMean,QuarterlyMean,Mean,33.42
1630,708,D24HourMean,QuarterlyMean,Mean,39.02
1659,723,D24HourMean,QuarterlyMean,Mean,43.19
1651,701,D24HourMean,QuarterlyMean,Mean,32.14
1654,688,D24HourMean,QuarterlyMean,Mean,29.77
1677,697,D24HourMean,QuarterlyMean,Mean,32.19
1676,700,D24HourMean,QuarterlyMean,Mean,32.92
1657,688,D24HourMean,QuarterlyMean,Mean,30.03
1654,687,D24HourMean,QuarterlyMean,Mean,29.78
1642,697,D24HourMean,QuarterlyMean,Mean,31.37
1658,721,D24HourMean,QuarterlyMean,Mean,41.99
1668,701,D24HourMean,QuarterlyMean,Mean,32.93
1682,688,D24HourMean,QuarterlyMean,Mean,26.63
1641,691,D24HourMean,QuarterlyMean,Mean,27.78
1648,709,D24HourMean,QuarterlyMean,Mean,37.20
1659,718,D24HourMean,QuarterlyMean,Mean,39.94
1658,707,D24HourMean,QuarterlyMean,Mean,35.50
1629,708,D24HourMean,QuarterlyMean,Mean,39.14
1663,719,D24HourMean,QuarterlyMean,Mean,43.86
1637,691,D24HourMean,QuarterlyMean,Mean,30.84
1653,709,D24HourMean,QuarterlyMean,Mean,36.58
1641,700,D24HourMean,QuarterlyMean,Mean,30.90
1663,716,D24HourMean,QuarterlyMean,Mean,40.30
1639,723,D24HourMean,QuarterlyMean,Mean,42.38
1664,689,D24HourMean,QuarterlyMean,Mean,30.48
1656,692,D24HourMean,QuarterlyMean,Mean,30.25
1639,697,D24HourMean,QuarterlyMean,Mean,32.10
1670,692,D24HourMean,QuarterlyMean,Mean,29.08
1674,700,D24HourMean,QuarterlyMean,Mean,33.56
1636,696,D24HourMean,QuarterlyMean,Mean,32.51
1646,723,D24HourMean,QuarterlyMean,Mean,42.68
1669,687,D24HourMean,QuarterlyMean,Mean,28.72
1668,712,D24HourMean,QuarterlyMean,Mean,37.41
1660,713,D24HourMean,QuarterlyMean,Mean,37.50
1677,694,D24HourMean,QuarterlyMean,Mean,29.55
1683,686,D24HourMean,QuarterlyMean,Mean,25.56
1637,722,D24HourMean,QuarterlyMean,Mean,43.30
1653,718,D24HourMean,QuarterlyMean,Mean,40.44
1638,716,D24HourMean,QuarterlyMean,Mean,40.15
1679,688,D24HourMean,QuarterlyMean,Mean,28.50
1639,689,D24HourMean,QuarterlyMean,Mean,27.83
1643,692,D24HourMean,QuarterlyMean,Mean,30.23
1665,720,D24HourMean,QuarterlyMean,Mean,44.53
1643,720,D24HourMean,QuarterlyMean,Mean,41.00
1652,712,D24HourMean,QuarterlyMean,Mean,35.08
1660,690,D24HourMean,QuarterlyMean,Mean,28.84
1639,688,D24HourMean,QuarterlyMean,Mean,24.49
1676,705,D24HourMean,QuarterlyMean,Mean,35.73
1655,701,D24HourMean,QuarterlyMean,Mean,32.61
1661,687,D24HourMean,QuarterlyMean,Mean,28.95
1676,689,D24HourMean,QuarterlyMean,Mean,28.13
1670,697,D24HourMean,QuarterlyMean,Mean,31.91
1680,691,D24HourMean,QuarterlyMean,Mean,28.41
1642,717,D24HourMean,QuarterlyMean,Mean,39.07
1647,713,D24HourMean,QuarterlyMean,Mean,36.17
1649,723,D24HourMean,QuarterlyMean,Mean,45.55
1643,714,D24HourMean,QuarterlyMean,Mean,36.00
1658,710,D24HourMean,QuarterlyMean,Mean,34.84
1641,704,D24HourMean,QuarterlyMean,Mean,34.30
1683,693,D24HourMean,QuarterlyMean,Mean,28.89
1636,689,D24HourMean,QuarterlyMean,Mean,30.23
1671,692,D24HourMean,QuarterlyMean,Mean,28.50
1670,688,D24HourMean,QuarterlyMean,Mean,16.74
1636,707,D24HourMean,QuarterlyMean,Mean,37.63
1683,688,D24HourMean,QuarterlyMean,Mean,25.96
1633,689,D24HourMean,QuarterlyMean,Mean,19.87
1650,693,D24HourMean,QuarterlyMean,Mean,28.81
1651,709,D24HourMean,QuarterlyMean,Mean,36.38
1652,688,D24HourMean,QuarterlyMean,Mean,28.55
1684,691,D24HourMean,QuarterlyMean,Mean,27.03
1645,710,D24HourMean,QuarterlyMean,Mean,35.12
1677,696,D24HourMean,QuarterlyMean,Mean,31.83
1650,700,D24HourMean,QuarterlyMean,Mean,31.46
1649,691,D24HourMean,QuarterlyMean,Mean,29.77
1645,716,D24HourMean,QuarterlyMean,Mean,39.39
1657,712,D24HourMean,QuarterlyMean,Mean,36.40
1633,705,D24HourMean,QuarterlyMean,Mean,36.35
1678,691,D24HourMean,QuarterlyMean,Mean,27.94
1657,714,D24HourMean,QuarterlyMean,Mean,37.48
1665,701,D24HourMean,QuarterlyMean,Mean,33.02
1643,699,D24HourMean,QuarterlyMean,Mean,30.28
1637,719,D24HourMean,QuarterlyMean,Mean,43.91
1639,722,D24HourMean,QuarterlyMean,Mean,41.68
1642,715,D24HourMean,QuarterlyMean,Mean,36.58
1635,689,D24HourMean,QuarterlyMean,Mean,30.96
1658,696,D24HourMean,QuarterlyMean,Mean,32.14
1656,714,D24HourMean,QuarterlyMean,Mean,37.27
1653,700,D24HourMean,QuarterlyMean,Mean,31.80
1655,698,D24HourMean,QuarterlyMean,Mean,32.02
1654,704,D24HourMean,QuarterlyMean,Mean,34.00
1678,705,D24HourMean,QuarterlyMean,Mean,37.05
1643,684,D24HourMean,QuarterlyMean,Mean,27.61
1671,703,D24HourMean,QuarterlyMean,Mean,35.29
1647,686,D24HourMean,QuarterlyMean,Mean,27.37
1647,710,D24HourMean,QuarterlyMean,Mean,35.26
1681,690,D24HourMean,QuarterlyMean,Mean,29.03
1674,709,D24HourMean,QuarterlyMean,Mean,37.02
1644,692,D24HourMean,QuarterlyMean,Mean,29.17
1671,701,D24HourMean,QuarterlyMean,Mean,35.03
1663,713,D24HourMean,QuarterlyMean,Mean,36.95
1653,717,D24HourMean,QuarterlyMean,Mean,39.71
1673,708,D24HourMean,QuarterlyMean,Mean,36.59
1648,716,D24HourMean,QuarterlyMean,Mean,40.04
1653,689,D24HourMean,QuarterlyMean,Mean,28.42
1652,698,D24HourMean,QuarterlyMean,Mean,32.62
1659,706,D24HourMean,QuarterlyMean,Mean,35.15
1650,709,D24HourMean,QuarterlyMean,Mean,36.25
1671,693,D24HourMean,QuarterlyMean,Mean,28.95
1664,706,D24HourMean,QuarterlyMean,Mean,35.00
1667,693,D24HourMean,QuarterlyMean,Mean,28.42
1639,699,D24HourMean,QuarterlyMean,Mean,33.30
1642,716,D24HourMean,QuarterlyMean,Mean,38.29
1643,687,D24HourMean,QuarterlyMean,Mean,25.20
1641,703,D24HourMean,QuarterlyMean,Mean,32.50
1651,698,D24HourMean,QuarterlyMean,Mean,32.33
1659,699,D24HourMean,QuarterlyMean,Mean,33.87
1660,715,D24HourMean,QuarterlyMean,Mean,40.21
1684,693,D24HourMean,QuarterlyMean,Mean,28.83
1661,702,D24HourMean,QuarterlyMean,Mean,34.69
1670,709,D24HourMean,QuarterlyMean,Mean,36.62
1675,694,D24HourMean,QuarterlyMean,Mean,30.64
1655,697,D24HourMean,QuarterlyMean,Mean,32.54
1665,691,D24HourMean,QuarterlyMean,Mean,28.86
1648,701,D24HourMean,QuarterlyMean,Mean,32.84
1684,684,D24HourMean,QuarterlyMean,Mean,25.41
1636,704,D24HourMean,QuarterlyMean,Mean,36.32
1646,699,D24HourMean,QuarterlyMean,Mean,32.95
1643,703,D24HourMean,QuarterlyMean,Mean,32.33
1669,695,D24HourMean,QuarterlyMean,Mean,30.20
1677,695,D24HourMean,QuarterlyMean,Mean,30.48
1682,684,D24HourMean,QuarterlyMean,Mean,24.76
1647,715,D24HourMean,QuarterlyMean,Mean,38.49
1643,722,D24HourMean,QuarterlyMean,Mean,41.28
1635,705,D24HourMean,QuarterlyMean,Mean,35.06
1641,715,D24HourMean,QuarterlyMean,Mean,38.55
1669,697,D24HourMean,QuarterlyMean,Mean,32.03
1634,701,D24HourMean,QuarterlyMean,Mean,35.99
1666,699,D24HourMean,QuarterlyMean,Mean,33.64
1636,715,D24HourMean,QuarterlyMean,Mean,40.66
1659,688,D24HourMean,QuarterlyMean,Mean,28.92
1662,709,D24HourMean,QuarterlyMean,Mean,36.93
1656,687,D24HourMean,QuarterlyMean,Mean,29.41
1678,694,D24HourMean,QuarterlyMean,Mean,29.53
1656,712,D24HourMean,QuarterlyMean,Mean,35.40
1671,696,D24HourMean,QuarterlyMean,Mean,31.55
1686,690,D24HourMean,QuarterlyMean,Mean,27.44
1640,706,D24HourMean,QuarterlyMean,Mean,35.21
1669,696,D24HourMean,QuarterlyMean,Mean,31.77
1673,693,D24HourMean,QuarterlyMean,Mean,29.88
1662,717,D24HourMean,QuarterlyMean,Mean,41.51
1667,700,D24HourMean,QuarterlyMean,Mean,34.20
1644,707,D24HourMean,QuarterlyMean,Mean,34.55
1669,698,D24HourMean,QuarterlyMean,Mean,31.94
1670,706,D24HourMean,QuarterlyMean,Mean,35.84
1646,709,D24HourMean,QuarterlyMean,Mean,37.08
1679,693,D24HourMean,QuarterlyMean,Mean,29.45
1649,700,D24HourMean,QuarterlyMean,Mean,31.27
1669,689,D24HourMean,QuarterlyMean,Mean,28.17
1660,702,D24HourMean,QuarterlyMean,Mean,33.72
1678,686,D24HourMean,QuarterlyMean,Mean,28.13
1639,701,D24HourMean,QuarterlyMean,Mean,30.92
1660,703,D24HourMean,QuarterlyMean,Mean,35.01
1646,725,D24HourMean,QuarterlyMean,Mean,44.33
1639,702,D24HourMean,QuarterlyMean,Mean,33.67
1672,706,D24HourMean,QuarterlyMean,Mean,35.66
1652,725,D24HourMean,QuarterlyMean,Mean,45.99
1638,690,D24HourMean,QuarterlyMean,Mean,28.92
1642,684,D24HourMean,QuarterlyMean,Mean,27.65
1674,689,D24HourMean,QuarterlyMean,Mean,29.84
1651,708,D24HourMean,QuarterlyMean,Mean,36.19
1652,721,D24HourMean,QuarterlyMean,Mean,42.00
1668,698,D24HourMean,QuarterlyMean,Mean,33.78
1637,689,D24HourMean,QuarterlyMean,Mean,29.13
1626,707,D24HourMean,QuarterlyMean,Mean,38.18
1652,703,D24HourMean,QuarterlyMean,Mean,32.17
1670,705,D24HourMean,QuarterlyMean,Mean,35.38
1648,717,D24HourMean,QuarterlyMean,Mean,39.81
1679,701,D24HourMean,QuarterlyMean,Mean,33.47
1672,685,D24HourMean,QuarterlyMean,Mean,28.74
1630,709,D24HourMean,QuarterlyMean,Mean,42.22
1668,708,D24HourMean,QuarterlyMean,Mean,35.98
1673,701,D24HourMean,QuarterlyMean,Mean,34.54
1651,722,D24HourMean,QuarterlyMean,Mean,44.15
1666,704,D24HourMean,QuarterlyMean,Mean,33.49
1647,712,D24HourMean,QuarterlyMean,Mean,36.27
1654,705,D24HourMean,QuarterlyMean,Mean,34.72
1661,705,D24HourMean,QuarterlyMean,Mean,35.52
1638,721,D24HourMean,QuarterlyMean,Mean,43.13
1651,700,D24HourMean,QuarterlyMean,Mean,31.34
1656,720,D24HourMean,QuarterlyMean,Mean,41.31
1637,698,D24HourMean,QuarterlyMean,Mean,31.77
1637,715,D24HourMean,QuarterlyMean,Mean,39.51
1638,722,D24HourMean,QuarterlyMean,Mean,42.23
1647,707,D24HourMean,QuarterlyMean,Mean,35.93
1650,708,D24HourMean,QuarterlyMean,Mean,35.83
1660,712,D24HourMean,QuarterlyMean,Mean,37.45
1666,715,D24HourMean,QuarterlyMean,Mean,39.09
1640,721,D24HourMean,QuarterlyMean,Mean,41.91
1654,698,D24HourMean,QuarterlyMean,Mean,31.94
1633,701,D24HourMean,QuarterlyMean,Mean,36.61
1679,685,D24HourMean,QuarterlyMean,Mean,26.56
1650,715,D24HourMean,QuarterlyMean,Mean,40.18
1644,699,D24HourMean,QuarterlyMean,Mean,32.22
1677,691,D24HourMean,QuarterlyMean,Mean,28.53
1652,691,D24HourMean,QuarterlyMean,Mean,27.80
1657,691,D24HourMean,QuarterlyMean,Mean,31.40
1685,692,D24HourMean,QuarterlyMean,Mean,28.02
1686,687,D24HourMean,QuarterlyMean,Mean,27.15
1680,702,D24HourMean,QuarterlyMean,Mean,33.16
1669,693,D24HourMean,QuarterlyMean,Mean,28.33
1645,711,D24HourMean,QuarterlyMean,Mean,35.61
1665,709,D24HourMean,QuarterlyMean,Mean,37.42
1675,691,D24HourMean,QuarterlyMean,Mean,29.67
1654,725,D24HourMean,QuarterlyMean,Mean,46.96
1652,705,D24HourMean,QuarterlyMean,Mean,33.09
1657,723,D24HourMean,QuarterlyMean,Mean,44.00
1653,702,D24HourMean,QuarterlyMean,Mean,32.90
1634,686,D24HourMean,QuarterlyMean,Mean,31.49
1681,692,D24HourMean,QuarterlyMean,Mean,28.31
1631,707,D24HourMean,QuarterlyMean,Mean,39.46
1636,718,D24HourMean,QuarterlyMean,Mean,43.17
1663,714,D24HourMean,QuarterlyMean,Mean,37.88
1681,687,D24HourMean,QuarterlyMean,Mean,26.62
1639,686,D24HourMean,QuarterlyMean,Mean,28.61
1634,700,D24HourMean,QuarterlyMean,Mean,35.49
1642,709,D24HourMean,QuarterlyMean,Mean,36.62
1669,686,D24HourMean,QuarterlyMean,Mean,28.72
1658,711,D24HourMean,QuarterlyMean,Mean,37.18
1668,709,D24HourMean,QuarterlyMean,Mean,36.29
1654,708,D24HourMean,QuarterlyMean,Mean,36.44
1649,721,D24HourMean,QuarterlyMean,Mean,43.63
1663,699,D24HourMean,QuarterlyMean,Mean,33.19
1670,695,D24HourMean,QuarterlyMean,Mean,30.90
1667,711,D24HourMean,QuarterlyMean,Mean,35.95
1655,699,D24HourMean,QuarterlyMean,Mean,32.79
1648,706,D24HourMean,QuarterlyMean,Mean,36.50
1664,713,D24HourMean,QuarterlyMean,Mean,37.07
1679,691,D24HourMean,QuarterlyMean,Mean,28.64
1656,725,D24HourMean,QuarterlyMean,Mean,46.74
1671,690,D24HourMean,QuarterlyMean,Mean,16.87
1646,713,D24HourMean,QuarterlyMean,Mean,36.44
1657,720,D24HourMean,QuarterlyMean,Mean,41.88
1637,696,D24HourMean,QuarterlyMean,Mean,32.05
1661,709,D24HourMean,QuarterlyMean,Mean,37.53
1639,710,D24HourMean,QuarterlyMean,Mean,35.18
1643,717,D24HourMean,QuarterlyMean,Mean,39.95
1686,688,D24HourMean,QuarterlyMean,Mean,26.13
1653,714,D24HourMean,QuarterlyMean,Mean,37.59
1639,703,D24HourMean,QuarterlyMean,Mean,34.00
1649,715,D24HourMean,QuarterlyMean,Mean,39.51
1655,714,D24HourMean,QuarterlyMean,Mean,36.76
1644,721,D24HourMean,QuarterlyMean,Mean,41.58
1659,721,D24HourMean,QuarterlyMean,Mean,42.57
1668,693,D24HourMean,QuarterlyMean,Mean,28.27
1650,718,D24HourMean,QuarterlyMean,Mean,42.51
1662,718,D24HourMean,QuarterlyMean,Mean,41.30
1646,700,D24HourMean,QuarterlyMean,Mean,32.68
1661,689,D24HourMean,QuarterlyMean,Mean,29.08
1659,689,D24HourMean,QuarterlyMean,Mean,29.44
1644,693,D24HourMean,QuarterlyMean,Mean,29.50
1653,721,D24HourMean,QuarterlyMean,Mean,42.96
1674,697,D24HourMean,QuarterlyMean,Mean,32.20
1678,699,D24HourMean,QuarterlyMean,Mean,33.30
1636,699,D24HourMean,QuarterlyMean,Mean,34.52
1647,699,D24HourMean,QuarterlyMean,Mean,32.53
1664,704,D24HourMean,QuarterlyMean,Mean,33.80
1681,694,D24HourMean,QuarterlyMean,Mean,30.31
1677,698,D24HourMean,QuarterlyMean,Mean,32.70
1649,712,D24HourMean,QuarterlyMean,Mean,36.23
1641,714,D24HourMean,QuarterlyMean,Mean,37.25
1672,697,D24HourMean,QuarterlyMean,Mean,32.73
1666,688,D24HourMean,QuarterlyMean,Mean,26.95
1646,708,D24HourMean,QuarterlyMean,Mean,36.01
1684,690,D24HourMean,QuarterlyMean,Mean,27.17
1637,684,D24HourMean,QuarterlyMean,Mean,29.08
1682,690,D24HourMean,QuarterlyMean,Mean,27.19
1657,689,D24HourMean,QuarterlyMean,Mean,31.38
1642,696,D24HourMean,QuarterlyMean,Mean,30.50
1657,708,D24HourMean,QuarterlyMean,Mean,35.69
1656,696,D24HourMean,QuarterlyMean,Mean,31.44
1648,712,D24HourMean,QuarterlyMean,Mean,36.30
1648,698,D24HourMean,QuarterlyMean,Mean,32.71
1648,702,D24HourMean,QuarterlyMean,Mean,32.54
1651,725,D24HourMean,QuarterlyMean,Mean,46.75
1665,699,D24HourMean,QuarterlyMean,Mean,33.42
1642,719,D24HourMean,QuarterlyMean,Mean,40.71
1640,688,D24HourMean,QuarterlyMean,Mean,23.20
1652,714,D24HourMean,QuarterlyMean,Mean,40.77
1644,709,D24HourMean,QuarterlyMean,Mean,35.81
1662,696,D24HourMean,QuarterlyMean,Mean,32.33
1678,685,D24HourMean,QuarterlyMean,Mean,26.52
1636,706,D24HourMean,QuarterlyMean,Mean,36.87
1652,704,D24HourMean,QuarterlyMean,Mean,32.92
1634,706,D24HourMean,QuarterlyMean,Mean,37.48
1640,702,D24HourMean,QuarterlyMean,Mean,33.44
1652,711,D24HourMean,QuarterlyMean,Mean,35.40
1669,714,D24HourMean,QuarterlyMean,Mean,38.94
1649,690,D24HourMean,QuarterlyMean,Mean,29.31
1647,690,D24HourMean,QuarterlyMean,Mean,28.17
1656,701,D24HourMean,QuarterlyMean,Mean,32.45
1664,714,D24HourMean,QuarterlyMean,Mean,37.23
1644,701,D24HourMean,QuarterlyMean,Mean,30.51
1665,690,D24HourMean,QuarterlyMean,Mean,29.31
1675,690,D24HourMean,QuarterlyMean,Mean,28.92
1668,713,D24HourMean,QuarterlyMean,Mean,37.81
1657,700,D24HourMean,QuarterlyMean,Mean,32.03
1682,687,D24HourMean,QuarterlyMean,Mean,26.13
1679,689,D24HourMean,QuarterlyMean,Mean,28.81
1632,704,D24HourMean,QuarterlyMean,Mean,36.44
1633,688,D24HourMean,QuarterlyMean,Mean,32.24
1640,710,D24HourMean,QuarterlyMean,Mean,34.74
1644,686,D24HourMean,QuarterlyMean,Mean,25.39
1651,703,D24HourMean,QuarterlyMean,Mean,33.16
1636,708,D24HourMean,QuarterlyMean,Mean,36.38
1685,691,D24HourMean,QuarterlyMean,Mean,27.11
1652,689,D24HourMean,QuarterlyMean,Mean,28.31
1642,686,D24HourMean,QuarterlyMean,Mean,27.86
1649,698,D24HourMean,QuarterlyMean,Mean,32.03
1655,692,D24HourMean,QuarterlyMean,Mean,29.81
1682,692,D24HourMean,QuarterlyMean,Mean,28.56
1681,698,D24HourMean,QuarterlyMean,Mean,31.54
1649,694,D24HourMean,QuarterlyMean,Mean,29.89
1633,702,D24HourMean,QuarterlyMean,Mean,36.58
1642,706,D24HourMean,QuarterlyMean,Mean,35.99
1669,707,D24HourMean,QuarterlyMean,Mean,35.70
1637,708,D24HourMean,QuarterlyMean,Mean,36.67
1663,717,D24HourMean,QuarterlyMean,Mean,41.24
1666,712,D24HourMean,QuarterlyMean,Mean,36.92
1639,713,D24HourMean,QuarterlyMean,Mean,36.52
1678,707,D24HourMean,QuarterlyMean,Mean,37.50
1639,716,D24HourMean,QuarterlyMean,Mean,40.80
1654,724,D24HourMean,QuarterlyMean,Mean,45.49
1658,718,D24HourMean,QuarterlyMean,Mean,40.54
1659,720,D24HourMean,QuarterlyMean,Mean,40.76
1661,696,D24HourMean,QuarterlyMean,Mean,32.27
1672,703,D24HourMean,QuarterlyMean,Mean,34.55
1663,710,D24HourMean,QuarterlyMean,Mean,35.48
1662,711,D24HourMean,QuarterlyMean,Mean,35.72
1667,710,D24HourMean,QuarterlyMean,Mean,36.11
1641,687,D24HourMean,QuarterlyMean,Mean,24.72
1674,692,D24HourMean,QuarterlyMean,Mean,31.01
1679,690,D24HourMean,QuarterlyMean,Mean,29.30
1671,689,D24HourMean,QuarterlyMean,Mean,29.11
1649,717,D24HourMean,QuarterlyMean,Mean,40.69
1676,690,D24HourMean,QuarterlyMean,Mean,28.88
1674,695,D24HourMean,QuarterlyMean,Mean,30.93
1680,690,D24HourMean,QuarterlyMean,Mean,28.91
1638,689,D24HourMean,QuarterlyMean,Mean,28.12
1634,698,D24HourMean,QuarterlyMean,Mean,34.26
1650,702,D24HourMean,QuarterlyMean,Mean,32.61
1668,702,D24HourMean,QuarterlyMean,Mean,33.63
1673,709,D24HourMean,QuarterlyMean,Mean,37.04
1650,692,D24HourMean,QuarterlyMean,Mean,28.42
1644,691,D24HourMean,QuarterlyMean,Mean,29.17
1646,711,D24HourMean,QuarterlyMean,Mean,35.29
1680,698,D24HourMean,QuarterlyMean,Mean,32.64
1674,707,D24HourMean,QuarterlyMean,Mean,36.47
1680,696,D24HourMean,QuarterlyMean,Mean,31.09
1658,714,D24HourMean,QuarterlyMean,Mean,38.38
1677,690,D24HourMean,QuarterlyMean,Mean,28.02
1663,701,D24HourMean,QuarterlyMean,Mean,33.53
1654,717,D24HourMean,QuarterlyMean,Mean,40.18
1641,710,D24HourMean,QuarterlyMean,Mean,36.88
1634,702,D24HourMean,QuarterlyMean,Mean,37.37
1662,688,D24HourMean,QuarterlyMean,Mean,30.26
1685,686,D24HourMean,QuarterlyMean,Mean,24.96
1637,688,D24HourMean,QuarterlyMean,Mean,28.23
1656,700,D24HourMean,QuarterlyMean,Mean,32.58
1665,689,D24HourMean,QuarterlyMean,Mean,29.19
1680,695,D24HourMean,QuarterlyMean,Mean,31.51
1668,689,D24HourMean,QuarterlyMean,Mean,27.37
1647,692,D24HourMean,QuarterlyMean,Mean,29.13
1656,688,D24HourMean,QuarterlyMean,Mean,29.08
1643,704,D24HourMean,QuarterlyMean,Mean,33.10
1644,706,D24HourMean,QuarterlyMean,Mean,37.80
1652,722,D24HourMean,QuarterlyMean,Mean,43.35
1655,723,D24HourMean,QuarterlyMean,Mean,45.06
1660,700,D24HourMean,QuarterlyMean,Mean,34.38
1667,708,D24HourMean,QuarterlyMean,Mean,35.32
1681,689,D24HourMean,QuarterlyMean,Mean,28.55
1665,696,D24HourMean,QuarterlyMean,Mean,32.56
1644,696,D24HourMean,QuarterlyMean,Mean,30.37
1658,722,D24HourMean,QuarterlyMean,Mean,42.79
1634,713,D24HourMean,QuarterlyMean,Mean,39.92
1660,717,D24HourMean,QuarterlyMean,Mean,40.60
1660,697,D24HourMean,QuarterlyMean,Mean,32.79
1663,688,D24HourMean,QuarterlyMean,Mean,29.47
1669,691,D24HourMean,QuarterlyMean,Mean,28.14
1643,721,D24HourMean,QuarterlyMean,Mean,41.55
1651,713,D24HourMean,QuarterlyMean,Mean,36.26
1665,714,D24HourMean,QuarterlyMean,Mean,37.82
1654,718,D24HourMean,QuarterlyMean,Mean,40.76
1645,720,D24HourMean,QuarterlyMean,Mean,40.92
1663,706,D24HourMean,QuarterlyMean,Mean,35.43
1647,717,D24HourMean,QuarterlyMean,Mean,39.65
1669,711,D24HourMean,QuarterlyMean,Mean,37.26
1675,709,D24HourMean,QuarterlyMean,Mean,37.82
1644,705,D24HourMean,QuarterlyMean,Mean,36.81
1640,708,D24HourMean,QuarterlyMean,Mean,35.12
1650,724,D24HourMean,QuarterlyMean,Mean,44.96
1651,702,D24HourMean,QuarterlyMean,Mean,32.87
1644,723,D24HourMean,QuarterlyMean,Mean,41.82
1665,711,D24HourMean,QuarterlyMean,Mean,36.41
1646,706,D24HourMean,QuarterlyMean,Mean,35.18
1659,704,D24HourMean,QuarterlyMean,Mean,34.93
1666,711,D24HourMean,QuarterlyMean,Mean,36.63
1664,708,D24HourMean,QuarterlyMean,Mean,36.35
1637,703,D24HourMean,QuarterlyMean,Mean,35.87
1643,710,D24HourMean,QuarterlyMean,Mean,36.03
1636,717,D24HourMean,QuarterlyMean,Mean,42.09
1655,705,D24HourMean,QuarterlyMean,Mean,34.78
1657,719,D24HourMean,QuarterlyMean,Mean,40.95
1668,699,D24HourMean,QuarterlyMean,Mean,34.47
1658,709,D24HourMean,QuarterlyMean,Mean,36.06
1668,707,D24HourMean,QuarterlyMean,Mean,35.78
1658,724,D24HourMean,QuarterlyMean,Mean,45.30
1671,699,D24HourMean,QuarterlyMean,Mean,32.90
1656,713,D24HourMean,QuarterlyMean,Mean,36.92
1649,711,D24HourMean,QuarterlyMean,Mean,35.34
1647,723,D24HourMean,QuarterlyMean,Mean,42.61
1661,708,D24HourMean,QuarterlyMean,Mean,37.05
1652,708,D24HourMean,QuarterlyMean,Mean,36.24
1640,712,D24HourMean,QuarterlyMean,Mean,34.51
1635,687,D24HourMean,QuarterlyMean,Mean,29.97
1667,696,D24HourMean,QuarterlyMean,Mean,32.28
1644,688,D24HourMean,QuarterlyMean,Mean,27.89
1654,691,D24HourMean,QuarterlyMean,Mean,29.09
1662,704,D24HourMean,QuarterlyMean,Mean,36.09
1641,701,D24HourMean,QuarterlyMean,Mean,30.93
1644,724,D24HourMean,QuarterlyMean,Mean,43.08
1650,719,D24HourMean,QuarterlyMean,Mean,42.80
1641,697,D24HourMean,QuarterlyMean,Mean,31.68
1640,704,D24HourMean,QuarterlyMean,Mean,32.64
1648,699,D24HourMean,QuarterlyMean,Mean,33.15
1642,700,D24HourMean,QuarterlyMean,Mean,30.79
1651,699,D24HourMean,QuarterlyMean,Mean,32.76
1673,704,D24HourMean,QuarterlyMean,Mean,34.29
1666,718,D24HourMean,QuarterlyMean,Mean,42.23
1655,709,D24HourMean,QuarterlyMean,Mean,35.90
1664,711,D24HourMean,QuarterlyMean,Mean,36.28
1650,716,D24HourMean,QuarterlyMean,Mean,41.71
1678,702,D24HourMean,QuarterlyMean,Mean,33.67
1661,692,D24HourMean,QuarterlyMean,Mean,30.65
1651,705,D24HourMean,QuarterlyMean,Mean,33.27
1666,690,D24HourMean,QuarterlyMean,Mean,27.58
1635,691,D24HourMean,QuarterlyMean,Mean,31.97
1643,696,D24HourMean,QuarterlyMean,Mean,30.37
1663,698,D24HourMean,QuarterlyMean,Mean,32.59
1635,704,D24HourMean,QuarterlyMean,Mean,35.55
1644,700,D24HourMean,QuarterlyMean,Mean,31.30
1673,705,D24HourMean,QuarterlyMean,Mean,35.21
1677,699,D24HourMean,QuarterlyMean,Mean,33.18
1656,690,D24HourMean,QuarterlyMean,Mean,31.68
1664,715,D24HourMean,QuarterlyMean,Mean,38.66
1648,711,D24HourMean,QuarterlyMean,Mean,35.31
1647,720,D24HourMean,QuarterlyMean,Mean,41.86
1668,697,D24HourMean,QuarterlyMean,Mean,33.30
1670,707,D24HourMean,QuarterlyMean,Mean,35.30
1638,708,D24HourMean,QuarterlyMean,Mean,36.32
1642,691,D24HourMean,QuarterlyMean,Mean,28.00
1669,688,D24HourMean,QuarterlyMean,Mean,27.95
1673,698,D24HourMean,QuarterlyMean,Mean,32.61
1645,700,D24HourMean,QuarterlyMean,Mean,30.96
1677,692,D24HourMean,QuarterlyMean,Mean,29.33
1672,686,D24HourMean,QuarterlyMean,Mean,29.13
1659,710,D24HourMean,QuarterlyMean,Mean,35.00
1635,707,D24HourMean,QuarterlyMean,Mean,38.53
1660,688,D24HourMean,QuarterlyMean,Mean,28.78
1648,687,D24HourMean,QuarterlyMean,Mean,24.82
1667,704,D24HourMean,QuarterlyMean,Mean,34.06
1659,691,D24HourMean,QuarterlyMean,Mean,29.25
1666,710,D24HourMean,QuarterlyMean,Mean,36.04
1646,689,D24HourMean,QuarterlyMean,Mean,28.30
1636,700,D24HourMean,QuarterlyMean,Mean,36.61
1676,691,D24HourMean,QuarterlyMean,Mean,29.44
1667,688,D24HourMean,QuarterlyMean,Mean,27.03
1651,726,D24HourMean,QuarterlyMean,Mean,49.31
1655,691,D24HourMean,QuarterlyMean,Mean,30.31
1635,715,D24HourMean,QuarterlyMean,Mean,41.53
1658,720,D24HourMean,QuarterlyMean,Mean,42.06
1646,692,D24HourMean,QuarterlyMean,Mean,29.75
1668,694,D24HourMean,QuarterlyMean,Mean,29.41
1642,723,D24HourMean,QuarterlyMean,Mean,40.70
1649,725,D24HourMean,QuarterlyMean,Mean,46.07
1640,713,D24HourMean,QuarterlyMean,Mean,35.97
1670,689,D24HourMean,QuarterlyMean,Mean,28.41
1642,720,D24HourMean,QuarterlyMean,Mean,40.86
1671,697,D24HourMean,QuarterlyMean,Mean,32.13
1671,710,D24HourMean,QuarterlyMean,Mean,37.18
1653,710,D24HourMean,QuarterlyMean,Mean,35.83
1645,717,D24HourMean,QuarterlyMean,Mean,41.59
1651,694,D24HourMean,QuarterlyMean,Mean,30.44
1669,715,D24HourMean,QuarterlyMean,Mean,39.47
1685,690,D24HourMean,QuarterlyMean,Mean,27.25
1676,703,D24HourMean,QuarterlyMean,Mean,34.37
1674,705,D24HourMean,QuarterlyMean,Mean,35.76
1645,721,D24HourMean,QuarterlyMean,Mean,41.64
1662,698,D24HourMean,QuarterlyMean,Mean,32.82
1661,701,D24HourMean,QuarterlyMean,Mean,34.78
1656,718,D24HourMean,QuarterlyMean,Mean,40.68
1657,703,D24HourMean,QuarterlyMean,Mean,34.07
1660,701,D24HourMean,QuarterlyMean,Mean,33.89
1645,699,D24HourMean,QuarterlyMean,Mean,31.99
1639,704,D24HourMean,QuarterlyMean,Mean,32.67
1650,694,D24HourMean,QuarterlyMean,Mean,29.27
1658,691,D24HourMean,QuarterlyMean,Mean,29.86
1671,702,D24HourMean,QuarterlyMean,Mean,35.95
1643,719,D24HourMean,QuarterlyMean,Mean,40.36
1636,684,D24HourMean,QuarterlyMean,Mean,29.81
1636,685,D24HourMean,QuarterlyMean,Mean,30.34
1643,697,D24HourMean,QuarterlyMean,Mean,30.08
1679,696,D24HourMean,QuarterlyMean,Mean,31.44
1654,692,D24HourMean,QuarterlyMean,Mean,29.34
1635,699,D24HourMean,QuarterlyMean,Mean,34.52
1637,718,D24HourMean,QuarterlyMean,Mean,43.46
1651,723,D24HourMean,QuarterlyMean,Mean,45.34
1640,699,D24HourMean,QuarterlyMean,Mean,33.38
1637,713,D24HourMean,QuarterlyMean,Mean,38.11
1634,714,D24HourMean,QuarterlyMean,Mean,39.90
1633,706,D24HourMean,QuarterlyMean,Mean,38.73
1649,701,D24HourMean,QuarterlyMean,Mean,31.97
1667,713,D24HourMean,QuarterlyMean,Mean,37.55
1637,686,D24HourMean,QuarterlyMean,Mean,28.72
1678,683,D24HourMean,QuarterlyMean,Mean,25.39
1638,698,D24HourMean,QuarterlyMean,Mean,31.92
1638,699,D24HourMean,QuarterlyMean,Mean,34.52
1675,688,D24HourMean,QuarterlyMean,Mean,28.19
1647,714,D24HourMean,QuarterlyMean,Mean,37.39
1628,708,D24HourMean,QuarterlyMean,Mean,35.13
1670,701,D24HourMean,QuarterlyMean,Mean,35.38
1660,689,D24HourMean,QuarterlyMean,Mean,29.17
1656,709,D24HourMean,QuarterlyMean,Mean,35.86
1665,707,D24HourMean,QuarterlyMean,Mean,36.04
1647,691,D24HourMean,QuarterlyMean,Mean,28.16
1637,697,D24HourMean,QuarterlyMean,Mean,31.65
1645,722,D24HourMean,QuarterlyMean,Mean,42.14
1684,687,D24HourMean,QuarterlyMean,Mean,24.93
1636,688,D24HourMean,QuarterlyMean,Mean,28.95
1646,702,D24HourMean,QuarterlyMean,Mean,31.38
1654,707,D24HourMean,QuarterlyMean,Mean,35.09
1644,718,D24HourMean,QuarterlyMean,Mean,40.65
1667,717,D24HourMean,QuarterlyMean,Mean,41.71
1639,724,D24HourMean,QuarterlyMean,Mean,44.04
1640,705,D24HourMean,QuarterlyMean,Mean,34.55
1665,693,D24HourMean,QuarterlyMean,Mean,30.73
1642,711,D24HourMean,QuarterlyMean,Mean,36.15
1635,716,D24HourMean,QuarterlyMean,Mean,43.21
1674,691,D24HourMean,QuarterlyMean,Mean,30.90
1652,717,D24HourMean,QuarterlyMean,Mean,40.30
1661,688,D24HourMean,QuarterlyMean,Mean,29.31
1665,715,D24HourMean,QuarterlyMean,Mean,39.12
1677,683,D24HourMean,QuarterlyMean,Mean,25.06
1649,708,D24HourMean,QuarterlyMean,Mean,36.15
1634,712,D24HourMean,QuarterlyMean,Mean,39.72
1664,716,D24HourMean,QuarterlyMean,Mean,39.69
1668,705,D24HourMean,QuarterlyMean,Mean,34.58
1661,717,D24HourMean,QuarterlyMean,Mean,40.27
1674,703,D24HourMean,QuarterlyMean,Mean,34.77
1646,722,D24HourMean,QuarterlyMean,Mean,41.72
1645,691,D24HourMean,QuarterlyMean,Mean,28.50
1664,693,D24HourMean,QuarterlyMean,Mean,30.90
1638,702,D24HourMean,QuarterlyMean,Mean,34.16
1642,698,D24HourMean,QuarterlyMean,Mean,31.07
1642,705,D24HourMean,QuarterlyMean,Mean,36.07
1643,715,D24HourMean,QuarterlyMean,Mean,36.16
1664,694,D24HourMean,QuarterlyMean,Mean,31.29
1654,715,D24HourMean,QuarterlyMean,Mean,38.47
1673,690,D24HourMean,QuarterlyMean,Mean,29.14
1640,720,D24HourMean,QuarterlyMean,Mean,40.88
1641,707,D24HourMean,QuarterlyMean,Mean,34.60
1660,687,D24HourMean,QuarterlyMean,Mean,28.33
1641,713,D24HourMean,QuarterlyMean,Mean,35.70
1657,706,D24HourMean,QuarterlyMean,Mean,34.92
1639,712,D24HourMean,QuarterlyMean,Mean,35.47
1658,689,D24HourMean,QuarterlyMean,Mean,30.54
1666,687,D24HourMean,QuarterlyMean,Mean,26.89
1658,703,D24HourMean,QuarterlyMean,Mean,34.93
1658,723,D24HourMean,QuarterlyMean,Mean,43.81
1684,692,D24HourMean,QuarterlyMean,Mean,27.80
1670,699,D24HourMean,QuarterlyMean,Mean,33.12
1676,697,D24HourMean,QuarterlyMean,Mean,32.75
1633,713,D24HourMean,QuarterlyMean,Mean,39.74
1683,690,D24HourMean,QuarterlyMean,Mean,27.12
1653,703,D24HourMean,QuarterlyMean,Mean,32.76
1686,684,D24HourMean,QuarterlyMean,Mean,28.89
1639,696,D24HourMean,QuarterlyMean,Mean,29.52
1635,713,D24HourMean,QuarterlyMean,Mean,39.95
1654,706,D24HourMean,QuarterlyMean,Mean,33.76
1653,725,D24HourMean,QuarterlyMean,Mean,46.75
1654,697,D24HourMean,QuarterlyMean,Mean,32.78
1678,701,D24HourMean,QuarterlyMean,Mean,32.62
1641,688,D24HourMean,QuarterlyMean,Mean,24.33
1652,720,D24HourMean,QuarterlyMean,Mean,41.56
1632,703,D24HourMean,QuarterlyMean,Mean,35.72
1660,707,D24HourMean,QuarterlyMean,Mean,36.04
1660,696,D24HourMean,QuarterlyMean,Mean,32.22
1662,713,D24HourMean,QuarterlyMean,Mean,36.98
1665,716,D24HourMean,QuarterlyMean,Mean,39.47
1630,707,D24HourMean,QuarterlyMean,Mean,41.65
1655,702,D24HourMean,QuarterlyMean,Mean,33.10
1659,690,D24HourMean,QuarterlyMean,Mean,28.99
1650,717,D24HourMean,QuarterlyMean,Mean,40.72
1632,712,D24HourMean,QuarterlyMean,Mean,38.29
1641,708,D24HourMean,QuarterlyMean,Mean,34.81
1655,722,D24HourMean,QuarterlyMean,Mean,43.11
1653,713,D24HourMean,QuarterlyMean,Mean,37.45
1641,722,D24HourMean,QuarterlyMean,Mean,41.23
1643,713,D24HourMean,QuarterlyMean,Mean,35.89
1664,719,D24HourMean,QuarterlyMean,Mean,42.76
1679,686,D24HourMean,QuarterlyMean,Mean,27.14
1634,711,D24HourMean,QuarterlyMean,Mean,38.05
1635,696,D24HourMean,QuarterlyMean,Mean,31.60
1671,706,D24HourMean,QuarterlyMean,Mean,35.84
1672,702,D24HourMean,QuarterlyMean,Mean,35.23
1658,687,D24HourMean,QuarterlyMean,Mean,28.36
1651,717,D24HourMean,QuarterlyMean,Mean,40.10
1685,689,D24HourMean,QuarterlyMean,Mean,26.48
1641,702,D24HourMean,QuarterlyMean,Mean,32.17
1653,693,D24HourMean,QuarterlyMean,Mean,29.97
1642,703,D24HourMean,QuarterlyMean,Mean,32.39
1645,698,D24HourMean,QuarterlyMean,Mean,31.20
1652,700,D24HourMean,QuarterlyMean,Mean,31.34
1672,692,D24HourMean,QuarterlyMean,Mean,28.06
1674,708,D24HourMean,QuarterlyMean,Mean,37.05
1657,704,D24HourMean,QuarterlyMean,Mean,33.79
1660,708,D24HourMean,QuarterlyMean,Mean,36.81
1648,720,D24HourMean,QuarterlyMean,Mean,42.17
1644,690,D24HourMean,QuarterlyMean,Mean,27.97
1670,711,D24HourMean,QuarterlyMean,Mean,36.95
1659,707,D24HourMean,QuarterlyMean,Mean,35.41
1642,701,D24HourMean,QuarterlyMean,Mean,31.24
1645,701,D24HourMean,QuarterlyMean,Mean,30.42
1662,700,D24HourMean,QuarterlyMean,Mean,34.64
1674,694,D24HourMean,QuarterlyMean,Mean,30.70
1629,707,D24HourMean,QuarterlyMean,Mean,38.61
1655,710,D24HourMean,QuarterlyMean,Mean,35.26
1661,690,D24HourMean,QuarterlyMean,Mean,29.28
1637,717,D24HourMean,QuarterlyMean,Mean,41.47
1653,719,D24HourMean,QuarterlyMean,Mean,40.88
1651,724,D24HourMean,QuarterlyMean,Mean,45.31
1654,711,D24HourMean,QuarterlyMean,Mean,35.06
1667,694,D24HourMean,QuarterlyMean,Mean,30.00
1658,697,D24HourMean,QuarterlyMean,Mean,32.61
1632,710,D24HourMean,QuarterlyMean,Mean,40.16
1676,707,D24HourMean,QuarterlyMean,Mean,37.40
1646,685,D24HourMean,QuarterlyMean,Mean,27.91
1653,704,D24HourMean,QuarterlyMean,Mean,33.44
1667,718,D24HourMean,QuarterlyMean,Mean,42.32
1679,697,D24HourMean,QuarterlyMean,Mean,31.57
1670,704,D24HourMean,QuarterlyMean,Mean,34.15
1671,685,D24HourMean,QuarterlyMean,Mean,28.94
1678,696,D24HourMean,QuarterlyMean,Mean,31.83
1661,691,D24HourMean,QuarterlyMean,Mean,29.66
1630,706,D24HourMean,QuarterlyMean,Mean,41.24
1679,698,D24HourMean,QuarterlyMean,Mean,31.97
1686,686,D24HourMean,QuarterlyMean,Mean,25.58
1646,686,D24HourMean,QuarterlyMean,Mean,27.78
1636,686,D24HourMean,QuarterlyMean,Mean,29.67
1661,703,D24HourMean,QuarterlyMean,Mean,35.93
1658,704,D24HourMean,QuarterlyMean,Mean,34.80
1638,712,D24HourMean,QuarterlyMean,Mean,36.21
1651,704,D24HourMean,QuarterlyMean,Mean,33.16
1628,707,D24HourMean,QuarterlyMean,Mean,38.20
1632,709,D24HourMean,QuarterlyMean,Mean,40.15
1659,713,D24HourMean,QuarterlyMean,Mean,37.35
1640,722,D24HourMean,QuarterlyMean,Mean,41.68
1675,689,D24HourMean,QuarterlyMean,Mean,28.42
1663,692,D24HourMean,QuarterlyMean,Mean,30.05
1642,685,D24HourMean,QuarterlyMean,Mean,28.27
1648,713,D24HourMean,QuarterlyMean,Mean,36.36
1652,692,D24HourMean,QuarterlyMean,Mean,29.09
1637,700,D24HourMean,QuarterlyMean,Mean,35.38
1673,687,D24HourMean,QuarterlyMean,Mean,27.51
1645,692,D24HourMean,QuarterlyMean,Mean,29.47
1636,690,D24HourMean,QuarterlyMean,Mean,30.00
1671,711,D24HourMean,QuarterlyMean,Mean,37.00
1676,706,D24HourMean,QuarterlyMean,Mean,36.50
1681,684,D24HourMean,QuarterlyMean,Mean,23.98
1674,688,D24HourMean,QuarterlyMean,Mean,29.25
1647,709,D24HourMean,QuarterlyMean,Mean,36.67
1646,705,D24HourMean,QuarterlyMean,Mean,34.15
1664,700,D24HourMean,QuarterlyMean,Mean,33.70
1641,711,D24HourMean,QuarterlyMean,Mean,36.23
1669,702,D24HourMean,QuarterlyMean,Mean,35.12
1672,687,D24HourMean,QuarterlyMean,Mean,28.47
1642,690,D24HourMean,QuarterlyMean,Mean,28.72
1657,697,D24HourMean,QuarterlyMean,Mean,32.54
1682,691,D24HourMean,QuarterlyMean,Mean,27.44
1634,708,D24HourMean,QuarterlyMean,Mean,38.52
1675,685,D24HourMean,QuarterlyMean,Mean,27.44
1638,697,D24HourMean,QuarterlyMean,Mean,33.35
1643,685,D24HourMean,QuarterlyMean,Mean,27.94
1648,724,D24HourMean,QuarterlyMean,Mean,44.36
1650,707,D24HourMean,QuarterlyMean,Mean,35.49
1649,699,D24HourMean,QuarterlyMean,Mean,32.68
1645,714,D24HourMean,QuarterlyMean,Mean,38.14
1645,703,D24HourMean,QuarterlyMean,Mean,31.18
1651,720,D24HourMean,QuarterlyMean,Mean,41.97
1637,712,D24HourMean,QuarterlyMean,Mean,37.16
1649,687,D24HourMean,QuarterlyMean,Mean,27.25
1648,708,D24HourMean,QuarterlyMean,Mean,36.78
1648,704,D24HourMean,QuarterlyMean,Mean,34.37
1646,690,D24HourMean,QuarterlyMean,Mean,28.22
1657,718,D24HourMean,QuarterlyMean,Mean,39.84
1686,689,D24HourMean,QuarterlyMean,Mean,27.20
1664,717,D24HourMean,QuarterlyMean,Mean,40.47
1668,690,D24HourMean,QuarterlyMean,Mean,27.75
1633,700,D24HourMean,QuarterlyMean,Mean,36.06
1670,686,D24HourMean,QuarterlyMean,Mean,29.14
1658,716,D24HourMean,QuarterlyMean,Mean,40.47
1663,720,D24HourMean,QuarterlyMean,Mean,43.53
1643,690,D24HourMean,QuarterlyMean,Mean,28.28
1646,721,D24HourMean,QuarterlyMean,Mean,42.08
1638,684,D24HourMean,QuarterlyMean,Mean,27.61
1676,698,D24HourMean,QuarterlyMean,Mean,32.96
1651,715,D24HourMean,QuarterlyMean,Mean,40.88
1644,687,D24HourMean,QuarterlyMean,Mean,25.36
1652,718,D24HourMean,QuarterlyMean,Mean,41.29
1649,714,D24HourMean,QuarterlyMean,Mean,38.58
1671,691,D24HourMean,QuarterlyMean,Mean,27.83
1664,690,D24HourMean,QuarterlyMean,Mean,29.66
1673,699,D24HourMean,QuarterlyMean,Mean,33.92
1641,724,D24HourMean,QuarterlyMean,Mean,43.62
1655,715,D24HourMean,QuarterlyMean,Mean,37.64
1669,692,D24HourMean,QuarterlyMean,Mean,28.66
1638,719,D24HourMean,QuarterlyMean,Mean,41.78
1662,715,D24HourMean,QuarterlyMean,Mean,40.48
1641,718,D24HourMean,QuarterlyMean,Mean,40.30
1664,696,D24HourMean,QuarterlyMean,Mean,31.79
1672,709,D24HourMean,QuarterlyMean,Mean,37.15
1675,705,D24HourMean,QuarterlyMean,Mean,35.50
1662,697,D24HourMean,QuarterlyMean,Mean,32.68
1635,717,D24HourMean,QuarterlyMean,Mean,43.33
1665,708,D24HourMean,QuarterlyMean,Mean,36.12
1676,699,D24HourMean,QuarterlyMean,Mean,32.99
1648,700,D24HourMean,QuarterlyMean,Mean,32.61
1662,707,D24HourMean,QuarterlyMean,Mean,36.48
1664,692,D24HourMean,QuarterlyMean,Mean,29.89
1635,702,D24HourMean,QuarterlyMean,Mean,36.32
1640,711,D24HourMean,QuarterlyMean,Mean,34.24
1676,685,D24HourMean,QuarterlyMean,Mean,27.62
1671,687,D24HourMean,QuarterlyMean,Mean,29.38
1666,689,D24HourMean,QuarterlyMean,Mean,27.23
1680,699,D24HourMean,QuarterlyMean,Mean,32.50
1637,720,D24HourMean,QuarterlyMean,Mean,44.46
1659,716,D24HourMean,QuarterlyMean,Mean,40.62
1673,691,D24HourMean,QuarterlyMean,Mean,28.60
1640,691,D24HourMean,QuarterlyMean,Mean,27.97
1645,708,D24HourMean,QuarterlyMean,Mean,35.73
1651,711,D24HourMean,QuarterlyMean,Mean,34.92
1658,713,D24HourMean,QuarterlyMean,Mean,36.96
1676,694,D24HourMean,QuarterlyMean,Mean,29.92
1648,688,D24HourMean,QuarterlyMean,Mean,28.11
1667,687,D24HourMean,QuarterlyMean,Mean,16.64
1674,684,D24HourMean,QuarterlyMean,Mean,26.63
1659,712,D24HourMean,QuarterlyMean,Mean,38.31
1680,694,D24HourMean,QuarterlyMean,Mean,30.28
1648,718,D24HourMean,QuarterlyMean,Mean,40.33
1648,690,D24HourMean,QuarterlyMean,Mean,28.11
1670,703,D24HourMean,QuarterlyMean,Mean,35.17
1663,689,D24HourMean,QuarterlyMean,Mean,30.65
1647,721,D24HourMean,QuarterlyMean,Mean,41.53
1679,692,D24HourMean,QuarterlyMean,Mean,28.83
1678,688,D24HourMean,QuarterlyMean,Mean,27.80
1638,687,D24HourMean,QuarterlyMean,Mean,28.67
1670,708,D24HourMean,QuarterlyMean,Mean,35.70
1656,722,D24HourMean,QuarterlyMean,Mean,43.55
1639,691,D24HourMean,QuarterlyMean,Mean,29.55
1648,714,D24HourMean,QuarterlyMean,Mean,38.20
1666,691,D24HourMean,QuarterlyMean,Mean,28.09
1642,708,D24HourMean,QuarterlyMean,Mean,34.90
1650,720,D24HourMean,QuarterlyMean,Mean,42.49
1637,710,D24HourMean,QuarterlyMean,Mean,37.08
1665,712,D24HourMean,QuarterlyMean,Mean,37.06
1653,723,D24HourMean,QuarterlyMean,Mean,44.18
1661,721,D24HourMean,QuarterlyMean,Mean,42.84
1670,696,D24HourMean,QuarterlyMean,Mean,31.66
1661,719,D24HourMean,QuarterlyMean,Mean,41.71
1657,713,D24HourMean,QuarterlyMean,Mean,37.10
1668,687,D24HourMean,QuarterlyMean,Mean,16.57
1638,713,D24HourMean,QuarterlyMean,Mean,37.04
1655,724,D24HourMean,QuarterlyMean,Mean,46.80
1631,704,D24HourMean,QuarterlyMean,Mean,36.71
1658,705,D24HourMean,QuarterlyMean,Mean,34.61
1675,699,D24HourMean,QuarterlyMean,Mean,33.33
1633,704,D24HourMean,QuarterlyMean,Mean,36.74
1667,706,D24HourMean,QuarterlyMean,Mean,35.04
1653,699,D24HourMean,QuarterlyMean,Mean,31.75
1641,705,D24HourMean,QuarterlyMean,Mean,35.75
1653,720,D24HourMean,QuarterlyMean,Mean,42.47
1672,707,D24HourMean,QuarterlyMean,Mean,36.49
1643,711,D24HourMean,QuarterlyMean,Mean,36.27
1630,704,D24HourMean,QuarterlyMean,Mean,36.52
1647,687,D24HourMean,QuarterlyMean,Mean,24.98
1647,698,D24HourMean,QuarterlyMean,Mean,32.71
1668,688,D24HourMean,QuarterlyMean,Mean,27.36
1634,703,D24HourMean,QuarterlyMean,Mean,36.67
1671,705,D24HourMean,QuarterlyMean,Mean,35.17
1677,687,D24HourMean,QuarterlyMean,Mean,27.95
1640,703,D24HourMean,QuarterlyMean,Mean,33.52
1645,719,D24HourMean,QuarterlyMean,Mean,41.56
1643,723,D24HourMean,QuarterlyMean,Mean,40.75
1660,722,D24HourMean,QuarterlyMean,Mean,42.39
1646,718,D24HourMean,QuarterlyMean,Mean,40.56
1683,692,D24HourMean,QuarterlyMean,Mean,28.47
1676,702,D24HourMean,QuarterlyMean,Mean,33.47
1652,709,D24HourMean,QuarterlyMean,Mean,35.40
1657,695,D24HourMean,QuarterlyMean,Mean,31.01
1649,719,D24HourMean,QuarterlyMean,Mean,41.94
1649,709,D24HourMean,QuarterlyMean,Mean,36.56
1685,685,D24HourMean,QuarterlyMean,Mean,29.58
1636,709,D24HourMean,QuarterlyMean,Mean,37.77
1675,693,D24HourMean,QuarterlyMean,Mean,29.91
1640,717,D24HourMean,QuarterlyMean,Mean,40.01
1648,710,D24HourMean,QuarterlyMean,Mean,35.15
1635,709,D24HourMean,QuarterlyMean,Mean,38.43
1684,686,D24HourMean,QuarterlyMean,Mean,24.39
1680,687,D24HourMean,QuarterlyMean,Mean,26.71
1651,687,D24HourMean,QuarterlyMean,Mean,28.19
1656,691,D24HourMean,QuarterlyMean,Mean,31.18
1650,704,D24HourMean,QuarterlyMean,Mean,33.49
1647,711,D24HourMean,QuarterlyMean,Mean,35.34
1638,723,D24HourMean,QuarterlyMean,Mean,42.20
1674,702,D24HourMean,QuarterlyMean,Mean,34.74
1645,705,D24HourMean,QuarterlyMean,Mean,36.62
1665,700,D24HourMean,QuarterlyMean,Mean,33.46
1677,684,D24HourMean,QuarterlyMean,Mean,26.52
1677,703,D24HourMean,QuarterlyMean,Mean,34.98
1631,705,D24HourMean,QuarterlyMean,Mean,36.91
1661,716,D24HourMean,QuarterlyMean,Mean,39.83
1663,687,D24HourMean,QuarterlyMean,Mean,28.41
1647,689,D24HourMean,QuarterlyMean,Mean,28.39
1675,697,D24HourMean,QuarterlyMean,Mean,31.91
1658,688,D24HourMean,QuarterlyMean,Mean,29.52
1668,695,D24HourMean,QuarterlyMean,Mean,30.09
1653,697,D24HourMean,QuarterlyMean,Mean,32.50
1645,723,D24HourMean,QuarterlyMean,Mean,42.16
1657,722,D24HourMean,QuarterlyMean,Mean,42.94
1632,705,D24HourMean,QuarterlyMean,Mean,36.82
1645,715,D24HourMean,QuarterlyMean,Mean,38.35
1651,710,D24HourMean,QuarterlyMean,Mean,36.09
1667,701,D24HourMean,QuarterlyMean,Mean,33.89
1663,715,D24HourMean,QuarterlyMean,Mean,39.57
1672,704,D24HourMean,QuarterlyMean,Mean,33.75
1660,718,D24HourMean,QuarterlyMean,Mean,40.48
1634,691,D24HourMean,QuarterlyMean,Mean,32.44
1659,708,D24HourMean,QuarterlyMean,Mean,36.22
1677,685,D24HourMean,QuarterlyMean,Mean,26.71
1651,721,D24HourMean,QuarterlyMean,Mean,42.43
1683,687,D24HourMean,QuarterlyMean,Mean,25.85
1643,700,D24HourMean,QuarterlyMean,Mean,30.28
1667,716,D24HourMean,QuarterlyMean,Mean,40.51
1644,716,D24HourMean,QuarterlyMean,Mean,39.31
1648,721,D24HourMean,QuarterlyMean,Mean,42.44
1657,717,D24HourMean,QuarterlyMean,Mean,40.45
1643,712,D24HourMean,QuarterlyMean,Mean,35.64
1678,704,D24HourMean,QuarterlyMean,Mean,35.35
1642,718,D24HourMean,QuarterlyMean,Mean,40.41
1685,687,D24HourMean,QuarterlyMean,Mean,25.69
1644,717,D24HourMean,QuarterlyMean,Mean,40.24
1636,712,D24HourMean,QuarterlyMean,Mean,37.13
1652,716,D24HourMean,QuarterlyMean,Mean,40.85
1669,708,D24HourMean,QuarterlyMean,Mean,36.16
1665,703,D24HourMean,QuarterlyMean,Mean,34.20
1648,722,D24HourMean,QuarterlyMean,Mean,43.27
1663,707,D24HourMean,QuarterlyMean,Mean,36.35
1638,707,D24HourMean,QuarterlyMean,Mean,36.02
1652,724,D24HourMean,QuarterlyMean,Mean,44.99
1655,713,D24HourMean,QuarterlyMean,Mean,36.24
1643,702,D24HourMean,QuarterlyMean,Mean,30.87
1647,716,D24HourMean,QuarterlyMean,Mean,39.01
1658,699,D24HourMean,QuarterlyMean,Mean,33.35
1664,703,D24HourMean,QuarterlyMean,Mean,33.63
1678,693,D24HourMean,QuarterlyMean,Mean,29.08
1647,725,D24HourMean,QuarterlyMean,Mean,44.43
1656,704,D24HourMean,QuarterlyMean,Mean,32.85
1660,710,D24HourMean,QuarterlyMean,Mean,35.83
1643,707,D24HourMean,QuarterlyMean,Mean,35.07
1674,687,D24HourMean,QuarterlyMean,Mean,27.61
1629,706,D24HourMean,QuarterlyMean,Mean,38.58
1665,694,D24HourMean,QuarterlyMean,Mean,32.48
1633,703,D24HourMean,QuarterlyMean,Mean,36.78
1675,698,D24HourMean,QuarterlyMean,Mean,32.61
1647,705,D24HourMean,QuarterlyMean,Mean,34.35
1649,702,D24HourMean,QuarterlyMean,Mean,32.47
1678,700,D24HourMean,QuarterlyMean,Mean,32.37
1638,714,D24HourMean,QuarterlyMean,Mean,38.18
1657,705,D24HourMean,QuarterlyMean,Mean,33.96
1679,694,D24HourMean,QuarterlyMean,Mean,29.94
1661,714,D24HourMean,QuarterlyMean,Mean,38.75
1637,714,D24HourMean,QuarterlyMean,Mean,38.88
1657,725,D24HourMean,QuarterlyMean,Mean,46.45
1661,700,D24HourMean,QuarterlyMean,Mean,34.47
1636,705,D24HourMean,QuarterlyMean,Mean,35.41
1649,706,D24HourMean,QuarterlyMean,Mean,35.64
1662,699,D24HourMean,QuarterlyMean,Mean,34.01
1642,721,D24HourMean,QuarterlyMean,Mean,41.23
1657,698,D24HourMean,QuarterlyMean,Mean,32.98
1678,684,D24HourMean,QuarterlyMean,Mean,25.23
1666,696,D24HourMean,QuarterlyMean,Mean,32.30
1637,716,D24HourMean,QuarterlyMean,Mean,40.89
1660,721,D24HourMean,QuarterlyMean,Mean,42.51
1661,713,D24HourMean,QuarterlyMean,Mean,37.18
1656,721,D24HourMean,QuarterlyMean,Mean,41.93
1667,712,D24HourMean,QuarterlyMean,Mean,36.91
1638,718,D24HourMean,QuarterlyMean,Mean,41.78
1635,701,D24HourMean,QuarterlyMean,Mean,36.07
1634,684,D24HourMean,QuarterlyMean,Mean,30.08
1673,697,D24HourMean,QuarterlyMean,Mean,32.85
1672,700,D24HourMean,QuarterlyMean,Mean,33.93
1675,695,D24HourMean,QuarterlyMean,Mean,30.79
1638,715,D24HourMean,QuarterlyMean,Mean,39.22
1640,709,D24HourMean,QuarterlyMean,Mean,36.59
1655,716,D24HourMean,QuarterlyMean,Mean,39.02
1663,695,D24HourMean,QuarterlyMean,Mean,32.39
1656,695,D24HourMean,QuarterlyMean,Mean,30.84
1643,709,D24HourMean,QuarterlyMean,Mean,36.85
1671,707,D24HourMean,QuarterlyMean,Mean,35.67
1673,706,D24HourMean,QuarterlyMean,Mean,36.55
1662,706,D24HourMean,QuarterlyMean,Mean,35.78
1662,687,D24HourMean,QuarterlyMean,Mean,28.86
1645,690,D24HourMean,QuarterlyMean,Mean,28.13
1646,712,D24HourMean,QuarterlyMean,Mean,35.92
1672,689,D24HourMean,QuarterlyMean,Mean,28.77
1655,690,D24HourMean,QuarterlyMean,Mean,31.18
1663,711,D24HourMean,QuarterlyMean,Mean,35.62
1644,710,D24HourMean,QuarterlyMean,Mean,34.66
1666,719,D24HourMean,QuarterlyMean,Mean,43.20
1636,719,D24HourMean,QuarterlyMean,Mean,43.81
1637,704,D24HourMean,QuarterlyMean,Mean,36.22
1638,703,D24HourMean,QuarterlyMean,Mean,36.35
1646,693,D24HourMean,QuarterlyMean,Mean,30.31
1650,722,D24HourMean,QuarterlyMean,Mean,44.25
1627,707,D24HourMean,QuarterlyMean,Mean,39.54
1636,721,D24HourMean,QuarterlyMean,Mean,44.02
1645,686,D24HourMean,QuarterlyMean,Mean,27.76
1675,701,D24HourMean,QuarterlyMean,Mean,33.24
1642,710,D24HourMean,QuarterlyMean,Mean,37.14
1658,695,D24HourMean,QuarterlyMean,Mean,31.96
1680,693,D24HourMean,QuarterlyMean,Mean,29.47
1642,688,D24HourMean,QuarterlyMean,Mean,24.11
1666,694,D24HourMean,QuarterlyMean,Mean,31.34
1664,695,D24HourMean,QuarterlyMean,Mean,31.96
1664,702,D24HourMean,QuarterlyMean,Mean,33.92
1641,721,D24HourMean,QuarterlyMean,Mean,42.41
1653,701,D24HourMean,QuarterlyMean,Mean,31.32
1644,703,D24HourMean,QuarterlyMean,Mean,32.00
1677,702,D24HourMean,QuarterlyMean,Mean,34.06
1641,685,D24HourMean,QuarterlyMean,Mean,27.97
1683,689,D24HourMean,QuarterlyMean,Mean,26.07
1650,710,D24HourMean,QuarterlyMean,Mean,35.87
1678,703,D24HourMean,QuarterlyMean,Mean,34.67
1635,708,D24HourMean,QuarterlyMean,Mean,37.62
1675,687,D24HourMean,QuarterlyMean,Mean,28.34
1652,715,D24HourMean,QuarterlyMean,Mean,41.48
1645,697,D24HourMean,QuarterlyMean,Mean,30.06
1640,715,D24HourMean,QuarterlyMean,Mean,39.14
1684,685,D24HourMean,QuarterlyMean,Mean,25.25
1648,689,D24HourMean,QuarterlyMean,Mean,28.38
1666,695,D24HourMean,QuarterlyMean,Mean,31.77
1671,708,D24HourMean,QuarterlyMean,Mean,35.49
1677,686,D24HourMean,QuarterlyMean,Mean,27.91
1655,688,D24HourMean,QuarterlyMean,Mean,29.06
1661,712,D24HourMean,QuarterlyMean,Mean,36.09
1681,693,D24HourMean,QuarterlyMean,Mean,29.33
1672,690,D24HourMean,QuarterlyMean,Mean,27.03
1658,701,D24HourMean,QuarterlyMean,Mean,32.37
1660,719,D24HourMean,QuarterlyMean,Mean,41.17
1671,694,D24HourMean,QuarterlyMean,Mean,29.59
1635,706,D24HourMean,QuarterlyMean,Mean,37.52
1653,705,D24HourMean,QuarterlyMean,Mean,34.33
1664,701,D24HourMean,QuarterlyMean,Mean,33.46
1657,724,D24HourMean,QuarterlyMean,Mean,44.89
1659,687,D24HourMean,QuarterlyMean,Mean,28.77
1636,703,D24HourMean,QuarterlyMean,Mean,34.93
1644,704,D24HourMean,QuarterlyMean,Mean,33.38
1650,691,D24HourMean,QuarterlyMean,Mean,30.00
1676,704,D24HourMean,QuarterlyMean,Mean,34.94
1643,716,D24HourMean,QuarterlyMean,Mean,38.82
1656,719,D24HourMean,QuarterlyMean,Mean,41.03
1641,686,D24HourMean,QuarterlyMean,Mean,27.37
1673,685,D24HourMean,QuarterlyMean,Mean,27.37
1639,687,D24HourMean,QuarterlyMean,Mean,25.63
1654,722,D24HourMean,QuarterlyMean,Mean,43.25
1681,686,D24HourMean,QuarterlyMean,Mean,26.62
1641,719,D24HourMean,QuarterlyMean,Mean,40.89
1647,719,D24HourMean,QuarterlyMean,Mean,41.82
1640,687,D24HourMean,QuarterlyMean,Mean,25.48
1672,699,D24HourMean,QuarterlyMean,Mean,34.17
1674,698,D24HourMean,QuarterlyMean,Mean,32.68
1664,707,D24HourMean,QuarterlyMean,Mean,35.99
1678,697,D24HourMean,QuarterlyMean,Mean,31.94
1663,702,D24HourMean,QuarterlyMean,Mean,34.12
1635,710,D24HourMean,QuarterlyMean,Mean,37.49
1658,715,D24HourMean,QuarterlyMean,Mean,39.48
1638,685,D24HourMean,QuarterlyMean,Mean,27.55
1639,717,D24HourMean,QuarterlyMean,Mean,40.27
1666,708,D24HourMean,QuarterlyMean,Mean,35.75
1644,720,D24HourMean,QuarterlyMean,Mean,41.23
1647,708,D24HourMean,QuarterlyMean,Mean,36.29
1667,702,D24HourMean,QuarterlyMean,Mean,33.24
1669,690,D24HourMean,QuarterlyMean,Mean,27.78
1667,714,D24HourMean,QuarterlyMean,Mean,38.86
1643,689,D24HourMean,QuarterlyMean,Mean,27.37
1675,696,D24HourMean,QuarterlyMean,Mean,31.62
1640,690,D24HourMean,QuarterlyMean,Mean,28.27
1634,690,D24HourMean,QuarterlyMean,Mean,32.02
1656,706,D24HourMean,QuarterlyMean,Mean,34.49
1638,700,D24HourMean,QuarterlyMean,Mean,34.47
1660,716,D24HourMean,QuarterlyMean,Mean,40.97
1641,723,D24HourMean,QuarterlyMean,Mean,41.43
1651,712,D24HourMean,QuarterlyMean,Mean,35.32
1652,701,D24HourMean,QuarterlyMean,Mean,31.88
1634,707,D24HourMean,QuarterlyMean,Mean,38.75
1647,701,D24HourMean,QuarterlyMean,Mean,31.93
1655,712,D24HourMean,QuarterlyMean,Mean,34.85
1641,699,D24HourMean,QuarterlyMean,Mean,34.26
1668,703,D24HourMean,QuarterlyMean,Mean,34.01
1631,706,D24HourMean,QuarterlyMean,Mean,38.79
1655,696,D24HourMean,QuarterlyMean,Mean,31.69
1666,703,D24HourMean,QuarterlyMean,Mean,33.90
1646,687,D24HourMean,QuarterlyMean,Mean,24.76
1642,704,D24HourMean,QuarterlyMean,Mean,34.81
1679,695,D24HourMean,QuarterlyMean,Mean,31.24
1653,706,D24HourMean,QuarterlyMean,Mean,33.18
1633,684,D24HourMean,QuarterlyMean,Mean,30.30
1656,711,D24HourMean,QuarterlyMean,Mean,35.44
1662,710,D24HourMean,QuarterlyMean,Mean,35.63
1669,703,D24HourMean,QuarterlyMean,Mean,35.57
1635,690,D24HourMean,QuarterlyMean,Mean,31.13
1637,687,D24HourMean,QuarterlyMean,Mean,28.53
1654,696,D24HourMean,QuarterlyMean,Mean,31.06
1670,702,D24HourMean,QuarterlyMean,Mean,35.92
1680,689,D24HourMean,QuarterlyMean,Mean,29.00
1675,700,D24HourMean,QuarterlyMean,Mean,32.95
1670,691,D24HourMean,QuarterlyMean,Mean,28.55
1675,692,D24HourMean,QuarterlyMean,Mean,30.34
1638,691,D24HourMean,QuarterlyMean,Mean,29.77
1635,685,D24HourMean,QuarterlyMean,Mean,30.51
1639,706,D24HourMean,QuarterlyMean,Mean,34.30
1652,699,D24HourMean,QuarterlyMean,Mean,32.36
1665,705,D24HourMean,QuarterlyMean,Mean,34.60
1643,724,D24HourMean,QuarterlyMean,Mean,42.52
1650,705,D24HourMean,QuarterlyMean,Mean,34.81
1666,707,D24HourMean,QuarterlyMean,Mean,35.56
1649,705,D24HourMean,QuarterlyMean,Mean,34.93
1639,698,D24HourMean,QuarterlyMean,Mean,32.31
1646,703,D24HourMean,QuarterlyMean,Mean,31.80
1633,710,D24HourMean,QuarterlyMean,Mean,40.02
1640,685,D24HourMean,QuarterlyMean,Mean,27.73
1638,688,D24HourMean,QuarterlyMean,Mean,28.94
1639,705,D24HourMean,QuarterlyMean,Mean,33.93
1668,691,D24HourMean,QuarterlyMean,Mean,28.34
1672,691,D24HourMean,QuarterlyMean,Mean,17.00
1660,691,D24HourMean,QuarterlyMean,Mean,29.08
1673,710,D24HourMean,QuarterlyMean,Mean,36.55
1649,704,D24HourMean,QuarterlyMean,Mean,34.61
1635,712,D24HourMean,QuarterlyMean,Mean,38.96
1639,719,D24HourMean,QuarterlyMean,Mean,40.85
1647,718,D24HourMean,QuarterlyMean,Mean,40.16
1640,719,D24HourMean,QuarterlyMean,Mean,41.06
1660,711,D24HourMean,QuarterlyMean,Mean,35.83
1670,685,D24HourMean,QuarterlyMean,Mean,28.47
1654,702,D24HourMean,QuarterlyMean,Mean,33.02
1654,712,D24HourMean,QuarterlyMean,Mean,35.37
1682,686,D24HourMean,QuarterlyMean,Mean,25.33
1646,698,D24HourMean,QuarterlyMean,Mean,32.75
1648,719,D24HourMean,QuarterlyMean,Mean,41.21
1647,700,D24HourMean,QuarterlyMean,Mean,32.54
1678,689,D24HourMean,QuarterlyMean,Mean,28.02
1635,700,D24HourMean,QuarterlyMean,Mean,35.18
1650,690,D24HourMean,QuarterlyMean,Mean,29.77
1656,710,D24HourMean,QuarterlyMean,Mean,35.29
1640,689,D24HourMean,QuarterlyMean,Mean,28.48
1640,714,D24HourMean,QuarterlyMean,Mean,37.16
1638,706,D24HourMean,QuarterlyMean,Mean,34.63
1634,704,D24HourMean,QuarterlyMean,Mean,36.15
1653,708,D24HourMean,QuarterlyMean,Mean,36.02
1676,684,D24HourMean,QuarterlyMean,Mean,26.48
1665,706,D24HourMean,QuarterlyMean,Mean,35.41
1654,719,D24HourMean,QuarterlyMean,Mean,41.02
1661,697,D24HourMean,QuarterlyMean,Mean,32.73
1640,718,D24HourMean,QuarterlyMean,Mean,40.37
1658,690,D24HourMean,QuarterlyMean,Mean,30.73
1651,716,D24HourMean,QuarterlyMean,Mean,41.19
1659,697,D24HourMean,QuarterlyMean,Mean,32.76
1671,713,D24HourMean,QuarterlyMean,Mean,38.83
1634,685,D24HourMean,QuarterlyMean,Mean,31.11
1650,688,D24HourMean,QuarterlyMean,Mean,28.41
1657,687,D24HourMean,QuarterlyMean,Mean,28.99
1667,695,D24HourMean,QuarterlyMean,Mean,30.76
1665,710,D24HourMean,QuarterlyMean,Mean,36.27
1657,716,D24HourMean,QuarterlyMean,Mean,39.34
1646,707,D24HourMean,QuarterlyMean,Mean,35.84
1637,685,D24HourMean,QuarterlyMean,Mean,29.13
1647,688,D24HourMean,QuarterlyMean,Mean,27.86
1649,710,D24HourMean,QuarterlyMean,Mean,34.87
1672,694,D24HourMean,QuarterlyMean,Mean,29.92
1675,704,D24HourMean,QuarterlyMean,Mean,34.89
1641,696,D24HourMean,QuarterlyMean,Mean,30.67
1645,713,D24HourMean,QuarterlyMean,Mean,37.37
1670,690,D24HourMean,QuarterlyMean,Mean,16.93
1654,720,D24HourMean,QuarterlyMean,Mean,43.06
1666,697,D24HourMean,QuarterlyMean,Mean,32.14
1669,706,D24HourMean,QuarterlyMean,Mean,36.18
1684,689,D24HourMean,QuarterlyMean,Mean,26.02
1656,707,D24HourMean,QuarterlyMean,Mean,34.83
1631,710,D24HourMean,QuarterlyMean,Mean,39.75
1649,718,D24HourMean,QuarterlyMean,Mean,41.74
1662,712,D24HourMean,QuarterlyMean,Mean,35.88
1662,708,D24HourMean,QuarterlyMean,Mean,36.85
1656,708,D24HourMean,QuarterlyMean,Mean,36.12
1653,722,D24HourMean,QuarterlyMean,Mean,43.08
1676,686,D24HourMean,QuarterlyMean,Mean,28.33
1643,705,D24HourMean,QuarterlyMean,Mean,36.58
1677,701,D24HourMean,QuarterlyMean,Mean,33.15
1660,699,D24HourMean,QuarterlyMean,Mean,34.16
1667,691,D24HourMean,QuarterlyMean,Mean,28.22
1650,699,D24HourMean,QuarterlyMean,Mean,31.63
1672,711,D24HourMean,QuarterlyMean,Mean,36.71
1632,702,D24HourMean,QuarterlyMean,Mean,37.11
1650,703,D24HourMean,QuarterlyMean,Mean,33.47
1655,721,D24HourMean,QuarterlyMean,Mean,43.52
1639,708,D24HourMean,QuarterlyMean,Mean,34.24
1652,693,D24HourMean,QuarterlyMean,Mean,29.61
1662,701,D24HourMean,QuarterlyMean,Mean,35.09
1636,716,D24HourMean,QuarterlyMean,Mean,42.59
1643,708,D24HourMean,QuarterlyMean,Mean,35.95
1636,710,D24HourMean,QuarterlyMean,Mean,37.77
1670,713,D24HourMean,QuarterlyMean,Mean,40.05
1659,709,D24HourMean,QuarterlyMean,Mean,36.45
1632,707,D24HourMean,QuarterlyMean,Mean,39.16
1645,702,D24HourMean,QuarterlyMean,Mean,30.14
1655,708,D24HourMean,QuarterlyMean,Mean,36.02
1651,692,D24HourMean,QuarterlyMean,Mean,28.52
1683,691,D24HourMean,QuarterlyMean,Mean,27.53
1652,687,D24HourMean,QuarterlyMean,Mean,28.19
1668,715,D24HourMean,QuarterlyMean,Mean,39.74
1659,696,D24HourMean,QuarterlyMean,Mean,32.36
1658,717,D24HourMean,QuarterlyMean,Mean,40.38
1678,692,D24HourMean,QuarterlyMean,Mean,28.52
1676,687,D24HourMean,QuarterlyMean,Mean,28.44
1673,689,D24HourMean,QuarterlyMean,Mean,29.86
1680,692,D24HourMean,QuarterlyMean,Mean,28.36
1654,714,D24HourMean,QuarterlyMean,Mean,36.58
1684,688,D24HourMean,QuarterlyMean,Mean,24.80
1644,722,D24HourMean,QuarterlyMean,Mean,41.29
1676,701,D24HourMean,QuarterlyMean,Mean,32.55
1654,723,D24HourMean,QuarterlyMean,Mean,44.12
1679,700,D24HourMean,QuarterlyMean,Mean,33.43
1646,716,D24HourMean,QuarterlyMean,Mean,39.49
1654,721,D24HourMean,QuarterlyMean,Mean,44.65
1634,699,D24HourMean,QuarterlyMean,Mean,35.34
1649,692,D24HourMean,QuarterlyMean,Mean,28.49
1678,695,D24HourMean,QuarterlyMean,Mean,30.62
1651,719,D24HourMean,QuarterlyMean,Mean,42.20
1655,700,D24HourMean,QuarterlyMean,Mean,33.02
1668,704,D24HourMean,QuarterlyMean,Mean,34.26
1653,711,D24HourMean,QuarterlyMean,Mean,35.29
1668,710,D24HourMean,QuarterlyMean,Mean,36.24
1659,705,D24HourMean,QuarterlyMean,Mean,35.13
1672,696,D24HourMean,QuarterlyMean,Mean,31.82
1660,714,D24HourMean,QuarterlyMean,Mean,38.38
1645,689,D24HourMean,QuarterlyMean,Mean,28.49
1633,711,D24HourMean,QuarterlyMean,Mean,40.65
1642,687,D24HourMean,QuarterlyMean,Mean,25.47
1654,713,D24HourMean,QuarterlyMean,Mean,36.61
1640,723,D24HourMean,QuarterlyMean,Mean,41.59
1681,688,D24HourMean,QuarterlyMean,Mean,28.49
1634,715,D24HourMean,QuarterlyMean,Mean,40.28
1659,701,D24HourMean,QuarterlyMean,Mean,33.10
1667,715,D24HourMean,QuarterlyMean,Mean,39.70
1635,714,D24HourMean,QuarterlyMean,Mean,40.13
1650,725,D24HourMean,QuarterlyMean,Mean,46.24
1664,720,D24HourMean,QuarterlyMean,Mean,42.70
1676,708,D24HourMean,QuarterlyMean,Mean,37.95
1649,688,D24HourMean,QuarterlyMean,Mean,27.61
1646,704,D24HourMean,QuarterlyMean,Mean,33.86
1650,689,D24HourMean,QuarterlyMean,Mean,30.08
1675,703,D24HourMean,QuarterlyMean,Mean,34.71
1658,719,D24HourMean,QuarterlyMean,Mean,41.02
1662,720,D24HourMean,QuarterlyMean,Mean,43.06
1646,720,D24HourMean,QuarterlyMean,Mean,42.51
1660,695,D24HourMean,QuarterlyMean,Mean,32.50
1664,709,D24HourMean,QuarterlyMean,Mean,37.43
1638,709,D24HourMean,QuarterlyMean,Mean,36.29
1672,698,D24HourMean,QuarterlyMean,Mean,33.22
1633,687,D24HourMean,QuarterlyMean,Mean,31.85
1664,718,D24HourMean,QuarterlyMean,Mean,41.21
1656,703,D24HourMean,QuarterlyMean,Mean,33.25
1637,706,D24HourMean,QuarterlyMean,Mean,35.67
1663,696,D24HourMean,QuarterlyMean,Mean,32.22
1656,724,D24HourMean,QuarterlyMean,Mean,45.72
1662,702,D24HourMean,QuarterlyMean,Mean,34.67
1657,702,D24HourMean,QuarterlyMean,Mean,33.32
1670,700,D24HourMean,QuarterlyMean,Mean,32.79
1663,705,D24HourMean,QuarterlyMean,Mean,35.09
1669,713,D24HourMean,QuarterlyMean,Mean,38.92
1671,698,D24HourMean,QuarterlyMean,Mean,33.19
1672,688,D24HourMean,QuarterlyMean,Mean,28.31
1670,687,D24HourMean,QuarterlyMean,Mean,29.72
1659,714,D24HourMean,QuarterlyMean,Mean,38.06
1645,712,D24HourMean,QuarterlyMean,Mean,35.86
1651,689,D24HourMean,QuarterlyMean,Mean,30.54
1674,704,D24HourMean,QuarterlyMean,Mean,34.87
1655,725,D24HourMean,QuarterlyMean,Mean,47.26
1633,707,D24HourMean,QuarterlyMean,Mean,39.57
1662,719,D24HourMean,QuarterlyMean,Mean,42.79
1650,706,D24HourMean,QuarterlyMean,Mean,35.23
1653,724,D24HourMean,QuarterlyMean,Mean,45.48
1667,703,D24HourMean,QuarterlyMean,Mean,33.13
1669,699,D24HourMean,QuarterlyMean,Mean,32.45
1635,703,D24HourMean,QuarterlyMean,Mean,35.73
1658,706,D24HourMean,QuarterlyMean,Mean,35.33
1663,703,D24HourMean,QuarterlyMean,Mean,34.10
1636,714,D24HourMean,QuarterlyMean,Mean,39.87
1645,724,D24HourMean,QuarterlyMean,Mean,44.22
1638,710,D24HourMean,QuarterlyMean,Mean,35.90
1641,684,D24HourMean,QuarterlyMean,Mean,27.75
1643,718,D24HourMean,QuarterlyMean,Mean,40.51
1646,710,D24HourMean,QuarterlyMean,Mean,35.96
