Column,Row,Year,Population,Race,Ethnicity,Gender,AgeRange
1690,828,2010,136.31,ALL,ALL,ALL,0TO99
1654,788,2010,57.11,ALL,ALL,ALL,0TO99
1667,781,2010,57.40,ALL,ALL,ALL,0TO99
1637,785,2010,155.93,ALL,ALL,ALL,0TO99
1642,786,2010,197.92,ALL,ALL,ALL,0TO99
1668,825,2010,1262.77,ALL,ALL,ALL,0TO99
1703,835,2010,291.09,ALL,ALL,ALL,0TO99
1664,789,2010,116.89,ALL,ALL,ALL,0TO99
1664,802,2010,195.68,ALL,ALL,ALL,0TO99
1691,836,2010,151.10,ALL,ALL,ALL,0TO99
1645,778,2010,57.52,ALL,ALL,ALL,0TO99
1648,793,2010,196.89,ALL,ALL,ALL,0TO99
1673,830,2010,1257.21,ALL,ALL,ALL,0TO99
1642,795,2010,185.60,ALL,ALL,ALL,0TO99
1656,780,2010,57.44,ALL,ALL,ALL,0TO99
1644,790,2010,197.33,ALL,ALL,ALL,0TO99
1671,830,2010,1257.21,ALL,ALL,ALL,0TO99
1679,812,2010,137.40,ALL,ALL,ALL,0TO99
1671,793,2010,196.46,ALL,ALL,ALL,0TO99
1673,814,2010,137.18,ALL,ALL,ALL,0TO99
1644,795,2010,196.59,ALL,ALL,ALL,0TO99
1682,831,2010,151.79,ALL,ALL,ALL,0TO99
1666,792,2010,197.04,ALL,ALL,ALL,0TO99
1667,773,2010,99.95,ALL,ALL,ALL,0TO99
1674,818,2010,136.71,ALL,ALL,ALL,0TO99
1696,831,2010,135.44,ALL,ALL,ALL,0TO99
1655,804,2010,153.11,ALL,ALL,ALL,0TO99
1695,831,2010,140.85,ALL,ALL,ALL,0TO99
1694,825,2010,152.59,ALL,ALL,ALL,0TO99
1659,774,2010,57.68,ALL,ALL,ALL,0TO99
1665,784,2010,57.27,ALL,ALL,ALL,0TO99
1654,814,2010,137.18,ALL,ALL,ALL,0TO99
1633,778,2010,57.52,ALL,ALL,ALL,0TO99
1666,791,2010,197.18,ALL,ALL,ALL,0TO99
1694,823,2010,152.86,ALL,ALL,ALL,0TO99
1644,794,2010,196.74,ALL,ALL,ALL,0TO99
1665,817,2010,136.83,ALL,ALL,ALL,0TO99
1677,829,2010,1258.38,ALL,ALL,ALL,0TO99
1643,782,2010,139.34,ALL,ALL,ALL,0TO99
1672,801,2010,196.24,ALL,ALL,ALL,0TO99
1702,830,2010,151.92,ALL,ALL,ALL,0TO99
1659,804,2010,187.26,ALL,ALL,ALL,0TO99
1686,823,2010,121.55,ALL,ALL,ALL,0TO99
1649,781,2010,57.40,ALL,ALL,ALL,0TO99
1668,796,2010,196.44,ALL,ALL,ALL,0TO99
1674,814,2010,137.18,ALL,ALL,ALL,0TO99
1683,830,2010,151.92,ALL,ALL,ALL,0TO99
1656,806,2010,138.07,ALL,ALL,ALL,0TO99
1662,804,2010,150.28,ALL,ALL,ALL,0TO99
1694,826,2010,152.46,ALL,ALL,ALL,0TO99
1664,780,2010,57.44,ALL,ALL,ALL,0TO99
1666,777,2010,57.56,ALL,ALL,ALL,0TO99
1670,808,2010,137.85,ALL,ALL,ALL,0TO99
1659,809,2010,137.74,ALL,ALL,ALL,0TO99
1680,814,2010,131.78,ALL,ALL,ALL,0TO99
1680,819,2010,131.20,ALL,ALL,ALL,0TO99
1650,789,2010,57.06,ALL,ALL,ALL,0TO99
1639,781,2010,183.37,ALL,ALL,ALL,0TO99
1680,809,2010,130.01,ALL,ALL,ALL,0TO99
1698,834,2010,151.38,ALL,ALL,ALL,0TO99
1660,795,2010,196.59,ALL,ALL,ALL,0TO99
1664,793,2010,196.89,ALL,ALL,ALL,0TO99
1667,829,2010,1258.38,ALL,ALL,ALL,0TO99
1680,825,2010,152.59,ALL,ALL,ALL,0TO99
1650,785,2010,57.23,ALL,ALL,ALL,0TO99
1665,808,2010,137.85,ALL,ALL,ALL,0TO99
1695,823,2010,152.86,ALL,ALL,ALL,0TO99
1667,776,2010,57.60,ALL,ALL,ALL,0TO99
1703,825,2010,152.59,ALL,ALL,ALL,0TO99
1652,776,2010,57.60,ALL,ALL,ALL,0TO99
1684,821,2010,152.78,ALL,ALL,ALL,0TO99
1694,831,2010,132.30,ALL,ALL,ALL,0TO99
1653,775,2010,57.64,ALL,ALL,ALL,0TO99
1647,778,2010,57.52,ALL,ALL,ALL,0TO99
1665,812,2010,137.40,ALL,ALL,ALL,0TO99
1704,833,2010,163.12,ALL,ALL,ALL,0TO99
1657,779,2010,57.48,ALL,ALL,ALL,0TO99
1704,827,2010,152.33,ALL,ALL,ALL,0TO99
1661,811,2010,137.52,ALL,ALL,ALL,0TO99
1645,781,2010,68.41,ALL,ALL,ALL,0TO99
1703,834,2010,179.16,ALL,ALL,ALL,0TO99
1713,829,2010,289.44,ALL,ALL,ALL,0TO99
1649,796,2010,196.44,ALL,ALL,ALL,0TO99
1653,794,2010,196.74,ALL,ALL,ALL,0TO99
1667,802,2010,195.68,ALL,ALL,ALL,0TO99
1660,793,2010,196.89,ALL,ALL,ALL,0TO99
1710,821,2010,153.12,ALL,ALL,ALL,0TO99
1674,819,2010,136.60,ALL,ALL,ALL,0TO99
1657,799,2010,195.99,ALL,ALL,ALL,0TO99
1676,831,2010,1256.12,ALL,ALL,ALL,0TO99
1669,817,2010,136.83,ALL,ALL,ALL,0TO99
1676,817,2010,136.83,ALL,ALL,ALL,0TO99
1654,806,2010,135.73,ALL,ALL,ALL,0TO99
1713,826,2010,150.80,ALL,ALL,ALL,0TO99
1643,780,2010,57.44,ALL,ALL,ALL,0TO99
1656,790,2010,57.02,ALL,ALL,ALL,0TO99
1665,815,2010,137.06,ALL,ALL,ALL,0TO99
1671,820,2010,136.48,ALL,ALL,ALL,0TO99
1711,830,2010,253.71,ALL,ALL,ALL,0TO99
1668,831,2010,1256.12,ALL,ALL,ALL,0TO99
1639,787,2010,197.77,ALL,ALL,ALL,0TO99
1675,835,2010,1251.56,ALL,ALL,ALL,0TO99
1666,800,2010,195.83,ALL,ALL,ALL,0TO99
1656,811,2010,137.52,ALL,ALL,ALL,0TO99
1691,835,2010,151.24,ALL,ALL,ALL,0TO99
1710,829,2010,152.06,ALL,ALL,ALL,0TO99
1642,785,2010,198.06,ALL,ALL,ALL,0TO99
1698,833,2010,151.51,ALL,ALL,ALL,0TO99
1710,833,2010,308.71,ALL,ALL,ALL,0TO99
1686,825,2010,152.44,ALL,ALL,ALL,0TO99
1654,786,2010,57.19,ALL,ALL,ALL,0TO99
1668,816,2010,136.95,ALL,ALL,ALL,0TO99
1663,780,2010,57.44,ALL,ALL,ALL,0TO99
1641,789,2010,197.48,ALL,ALL,ALL,0TO99
1661,808,2010,137.85,ALL,ALL,ALL,0TO99
1679,807,2010,137.96,ALL,ALL,ALL,0TO99
1641,783,2010,198.34,ALL,ALL,ALL,0TO99
1652,792,2010,125.26,ALL,ALL,ALL,0TO99
1670,817,2010,136.83,ALL,ALL,ALL,0TO99
1661,805,2010,138.18,ALL,ALL,ALL,0TO99
1699,833,2010,151.51,ALL,ALL,ALL,0TO99
1636,777,2010,57.56,ALL,ALL,ALL,0TO99
1643,784,2010,198.20,ALL,ALL,ALL,0TO99
1658,797,2010,196.29,ALL,ALL,ALL,0TO99
1679,814,2010,137.18,ALL,ALL,ALL,0TO99
1678,833,2010,1253.85,ALL,ALL,ALL,0TO99
1642,781,2010,58.18,ALL,ALL,ALL,0TO99
1680,835,2010,1251.56,ALL,ALL,ALL,0TO99
1649,797,2010,196.29,ALL,ALL,ALL,0TO99
1666,799,2010,195.99,ALL,ALL,ALL,0TO99
1706,821,2010,153.12,ALL,ALL,ALL,0TO99
1666,807,2010,137.96,ALL,ALL,ALL,0TO99
1712,821,2010,153.12,ALL,ALL,ALL,0TO99
1700,824,2010,152.73,ALL,ALL,ALL,0TO99
1638,777,2010,57.56,ALL,ALL,ALL,0TO99
1656,805,2010,138.18,ALL,ALL,ALL,0TO99
1706,836,2010,307.87,ALL,ALL,ALL,0TO99
1699,826,2010,152.46,ALL,ALL,ALL,0TO99
1656,796,2010,196.44,ALL,ALL,ALL,0TO99
1697,820,2010,153.25,ALL,ALL,ALL,0TO99
1678,831,2010,1256.12,ALL,ALL,ALL,0TO99
1658,789,2010,57.06,ALL,ALL,ALL,0TO99
1659,789,2010,57.06,ALL,ALL,ALL,0TO99
1650,792,2010,70.56,ALL,ALL,ALL,0TO99
1658,811,2010,137.52,ALL,ALL,ALL,0TO99
1667,821,2010,136.37,ALL,ALL,ALL,0TO99
1687,826,2010,120.37,ALL,ALL,ALL,0TO99
1657,818,2010,136.71,ALL,ALL,ALL,0TO99
1663,818,2010,136.71,ALL,ALL,ALL,0TO99
1663,799,2010,195.99,ALL,ALL,ALL,0TO99
1661,810,2010,137.62,ALL,ALL,ALL,0TO99
1663,793,2010,196.89,ALL,ALL,ALL,0TO99
1649,789,2010,150.17,ALL,ALL,ALL,0TO99
1646,773,2010,251.85,ALL,ALL,ALL,0TO99
1657,798,2010,196.14,ALL,ALL,ALL,0TO99
1661,812,2010,137.40,ALL,ALL,ALL,0TO99
1675,836,2010,1250.45,ALL,ALL,ALL,0TO99
1703,836,2010,307.87,ALL,ALL,ALL,0TO99
1653,784,2010,57.27,ALL,ALL,ALL,0TO99
1675,820,2010,1205.58,ALL,ALL,ALL,0TO99
1672,806,2010,137.66,ALL,ALL,ALL,0TO99
1698,824,2010,152.73,ALL,ALL,ALL,0TO99
1665,793,2010,196.89,ALL,ALL,ALL,0TO99
1633,774,2010,57.68,ALL,ALL,ALL,0TO99
1658,785,2010,57.23,ALL,ALL,ALL,0TO99
1668,811,2010,137.52,ALL,ALL,ALL,0TO99
1657,812,2010,137.40,ALL,ALL,ALL,0TO99
1643,787,2010,197.77,ALL,ALL,ALL,0TO99
1679,804,2010,171.38,ALL,ALL,ALL,0TO99
1680,795,2010,196.59,ALL,ALL,ALL,0TO99
1679,811,2010,137.52,ALL,ALL,ALL,0TO99
1664,808,2010,137.85,ALL,ALL,ALL,0TO99
1692,833,2010,151.51,ALL,ALL,ALL,0TO99
1643,788,2010,197.62,ALL,ALL,ALL,0TO99
1702,820,2010,153.25,ALL,ALL,ALL,0TO99
1661,784,2010,57.27,ALL,ALL,ALL,0TO99
1652,774,2010,57.68,ALL,ALL,ALL,0TO99
1652,805,2010,161.35,ALL,ALL,ALL,0TO99
1640,792,2010,170.11,ALL,ALL,ALL,0TO99
1661,793,2010,196.89,ALL,ALL,ALL,0TO99
1676,796,2010,196.44,ALL,ALL,ALL,0TO99
1691,825,2010,152.59,ALL,ALL,ALL,0TO99
1655,777,2010,57.56,ALL,ALL,ALL,0TO99
1705,827,2010,152.33,ALL,ALL,ALL,0TO99
1682,824,2010,152.73,ALL,ALL,ALL,0TO99
1650,776,2010,57.60,ALL,ALL,ALL,0TO99
1652,803,2010,195.39,ALL,ALL,ALL,0TO99
1658,787,2010,57.15,ALL,ALL,ALL,0TO99
1673,806,2010,138.07,ALL,ALL,ALL,0TO99
1669,774,2010,57.68,ALL,ALL,ALL,0TO99
1660,780,2010,57.44,ALL,ALL,ALL,0TO99
1669,819,2010,136.60,ALL,ALL,ALL,0TO99
1645,773,2010,250.40,ALL,ALL,ALL,0TO99
1679,818,2010,136.71,ALL,ALL,ALL,0TO99
1709,826,2010,152.46,ALL,ALL,ALL,0TO99
1637,777,2010,57.56,ALL,ALL,ALL,0TO99
1656,804,2010,162.69,ALL,ALL,ALL,0TO99
1660,818,2010,136.71,ALL,ALL,ALL,0TO99
1663,796,2010,196.44,ALL,ALL,ALL,0TO99
1691,823,2010,152.86,ALL,ALL,ALL,0TO99
1677,822,2010,152.99,ALL,ALL,ALL,0TO99
1701,834,2010,151.38,ALL,ALL,ALL,0TO99
1668,830,2010,1257.21,ALL,ALL,ALL,0TO99
1679,809,2010,137.74,ALL,ALL,ALL,0TO99
1705,821,2010,153.12,ALL,ALL,ALL,0TO99
1674,796,2010,196.44,ALL,ALL,ALL,0TO99
1651,777,2010,57.56,ALL,ALL,ALL,0TO99
1676,818,2010,136.71,ALL,ALL,ALL,0TO99
1660,782,2010,57.36,ALL,ALL,ALL,0TO99
1659,808,2010,137.85,ALL,ALL,ALL,0TO99
1667,791,2010,197.18,ALL,ALL,ALL,0TO99
1634,782,2010,46.14,ALL,ALL,ALL,0TO99
1665,776,2010,57.60,ALL,ALL,ALL,0TO99
1671,824,2010,1263.91,ALL,ALL,ALL,0TO99
1642,779,2010,57.48,ALL,ALL,ALL,0TO99
1644,782,2010,165.26,ALL,ALL,ALL,0TO99
1702,831,2010,151.79,ALL,ALL,ALL,0TO99
1644,775,2010,57.64,ALL,ALL,ALL,0TO99
1647,791,2010,197.18,ALL,ALL,ALL,0TO99
1671,808,2010,137.85,ALL,ALL,ALL,0TO99
1700,831,2010,151.79,ALL,ALL,ALL,0TO99
1666,783,2010,57.31,ALL,ALL,ALL,0TO99
1668,819,2010,136.60,ALL,ALL,ALL,0TO99
1679,832,2010,1181.85,ALL,ALL,ALL,0TO99
1645,774,2010,57.68,ALL,ALL,ALL,0TO99
1655,792,2010,194.34,ALL,ALL,ALL,0TO99
1671,799,2010,195.99,ALL,ALL,ALL,0TO99
1684,828,2010,92.96,ALL,ALL,ALL,0TO99
1712,822,2010,152.99,ALL,ALL,ALL,0TO99
1662,809,2010,137.74,ALL,ALL,ALL,0TO99
1644,773,2010,248.79,ALL,ALL,ALL,0TO99
1656,774,2010,57.68,ALL,ALL,ALL,0TO99
1631,778,2010,21.18,ALL,ALL,ALL,0TO99
1712,823,2010,152.86,ALL,ALL,ALL,0TO99
1656,815,2010,137.06,ALL,ALL,ALL,0TO99
1650,787,2010,57.15,ALL,ALL,ALL,0TO99
1657,785,2010,57.23,ALL,ALL,ALL,0TO99
1667,819,2010,136.60,ALL,ALL,ALL,0TO99
1662,810,2010,137.62,ALL,ALL,ALL,0TO99
1657,816,2010,136.95,ALL,ALL,ALL,0TO99
1687,823,2010,152.86,ALL,ALL,ALL,0TO99
1683,825,2010,141.24,ALL,ALL,ALL,0TO99
1674,802,2010,183.62,ALL,ALL,ALL,0TO99
1679,798,2010,196.14,ALL,ALL,ALL,0TO99
1647,777,2010,57.56,ALL,ALL,ALL,0TO99
1684,824,2010,152.15,ALL,ALL,ALL,0TO99
1694,830,2010,150.20,ALL,ALL,ALL,0TO99
1663,800,2010,195.83,ALL,ALL,ALL,0TO99
1700,820,2010,153.25,ALL,ALL,ALL,0TO99
1702,835,2010,198.89,ALL,ALL,ALL,0TO99
1664,824,2010,136.02,ALL,ALL,ALL,0TO99
1635,774,2010,57.68,ALL,ALL,ALL,0TO99
1651,783,2010,57.31,ALL,ALL,ALL,0TO99
1670,777,2010,32.10,ALL,ALL,ALL,0TO99
1646,799,2010,195.99,ALL,ALL,ALL,0TO99
1667,798,2010,196.14,ALL,ALL,ALL,0TO99
1666,797,2010,196.29,ALL,ALL,ALL,0TO99
1681,829,2010,152.06,ALL,ALL,ALL,0TO99
1666,812,2010,137.40,ALL,ALL,ALL,0TO99
1659,813,2010,137.29,ALL,ALL,ALL,0TO99
1655,818,2010,94.33,ALL,ALL,ALL,0TO99
1669,809,2010,137.74,ALL,ALL,ALL,0TO99
1682,833,2010,151.51,ALL,ALL,ALL,0TO99
1695,834,2010,151.38,ALL,ALL,ALL,0TO99
1661,789,2010,57.06,ALL,ALL,ALL,0TO99
1699,829,2010,137.13,ALL,ALL,ALL,0TO99
1660,792,2010,197.04,ALL,ALL,ALL,0TO99
1636,775,2010,57.64,ALL,ALL,ALL,0TO99
1674,807,2010,121.16,ALL,ALL,ALL,0TO99
1661,799,2010,195.99,ALL,ALL,ALL,0TO99
1676,810,2010,133.02,ALL,ALL,ALL,0TO99
1648,794,2010,196.74,ALL,ALL,ALL,0TO99
1664,807,2010,137.96,ALL,ALL,ALL,0TO99
1678,808,2010,137.85,ALL,ALL,ALL,0TO99
1638,778,2010,57.52,ALL,ALL,ALL,0TO99
1665,819,2010,136.60,ALL,ALL,ALL,0TO99
1670,792,2010,197.04,ALL,ALL,ALL,0TO99
1669,831,2010,1256.12,ALL,ALL,ALL,0TO99
1673,831,2010,1256.12,ALL,ALL,ALL,0TO99
1708,829,2010,152.06,ALL,ALL,ALL,0TO99
1666,780,2010,57.44,ALL,ALL,ALL,0TO99
1671,816,2010,136.95,ALL,ALL,ALL,0TO99
1655,807,2010,137.96,ALL,ALL,ALL,0TO99
1647,792,2010,197.04,ALL,ALL,ALL,0TO99
1637,781,2010,57.40,ALL,ALL,ALL,0TO99
1662,824,2010,136.02,ALL,ALL,ALL,0TO99
1699,836,2010,184.63,ALL,ALL,ALL,0TO99
1665,804,2010,159.84,ALL,ALL,ALL,0TO99
1656,785,2010,57.23,ALL,ALL,ALL,0TO99
1662,801,2010,196.24,ALL,ALL,ALL,0TO99
1655,808,2010,137.85,ALL,ALL,ALL,0TO99
1663,778,2010,57.52,ALL,ALL,ALL,0TO99
1664,819,2010,136.60,ALL,ALL,ALL,0TO99
1678,823,2010,152.86,ALL,ALL,ALL,0TO99
1655,773,2010,251.36,ALL,ALL,ALL,0TO99
1654,795,2010,196.59,ALL,ALL,ALL,0TO99
1687,833,2010,151.51,ALL,ALL,ALL,0TO99
1666,774,2010,57.68,ALL,ALL,ALL,0TO99
1688,831,2010,151.79,ALL,ALL,ALL,0TO99
1658,818,2010,136.71,ALL,ALL,ALL,0TO99
1650,803,2010,195.39,ALL,ALL,ALL,0TO99
1644,776,2010,57.60,ALL,ALL,ALL,0TO99
1651,786,2010,57.19,ALL,ALL,ALL,0TO99
1682,834,2010,151.38,ALL,ALL,ALL,0TO99
1659,791,2010,131.78,ALL,ALL,ALL,0TO99
1663,774,2010,57.68,ALL,ALL,ALL,0TO99
1645,798,2010,196.14,ALL,ALL,ALL,0TO99
1698,827,2010,152.33,ALL,ALL,ALL,0TO99
1650,775,2010,57.64,ALL,ALL,ALL,0TO99
1691,826,2010,152.46,ALL,ALL,ALL,0TO99
1697,826,2010,152.46,ALL,ALL,ALL,0TO99
1639,784,2010,198.20,ALL,ALL,ALL,0TO99
1687,824,2010,133.64,ALL,ALL,ALL,0TO99
1669,793,2010,196.89,ALL,ALL,ALL,0TO99
1676,822,2010,152.99,ALL,ALL,ALL,0TO99
1649,795,2010,196.59,ALL,ALL,ALL,0TO99
1651,784,2010,57.27,ALL,ALL,ALL,0TO99
1652,784,2010,57.27,ALL,ALL,ALL,0TO99
1693,836,2010,151.10,ALL,ALL,ALL,0TO99
1654,801,2010,196.24,ALL,ALL,ALL,0TO99
1676,797,2010,196.29,ALL,ALL,ALL,0TO99
1703,831,2010,151.79,ALL,ALL,ALL,0TO99
1659,820,2010,136.48,ALL,ALL,ALL,0TO99
1653,793,2010,196.89,ALL,ALL,ALL,0TO99
1650,800,2010,195.83,ALL,ALL,ALL,0TO99
1681,836,2010,1229.56,ALL,ALL,ALL,0TO99
1657,774,2010,57.68,ALL,ALL,ALL,0TO99
1667,793,2010,196.89,ALL,ALL,ALL,0TO99
1656,799,2010,195.99,ALL,ALL,ALL,0TO99
1700,827,2010,152.33,ALL,ALL,ALL,0TO99
1703,827,2010,152.33,ALL,ALL,ALL,0TO99
1698,826,2010,152.46,ALL,ALL,ALL,0TO99
1710,824,2010,152.73,ALL,ALL,ALL,0TO99
1665,813,2010,137.29,ALL,ALL,ALL,0TO99
1668,783,2010,57.31,ALL,ALL,ALL,0TO99
1657,792,2010,188.17,ALL,ALL,ALL,0TO99
1650,793,2010,179.19,ALL,ALL,ALL,0TO99
1677,813,2010,137.29,ALL,ALL,ALL,0TO99
1654,793,2010,196.89,ALL,ALL,ALL,0TO99
1686,835,2010,151.24,ALL,ALL,ALL,0TO99
1680,820,2010,149.78,ALL,ALL,ALL,0TO99
1650,783,2010,57.31,ALL,ALL,ALL,0TO99
1669,835,2010,1224.63,ALL,ALL,ALL,0TO99
1670,793,2010,196.89,ALL,ALL,ALL,0TO99
1683,836,2010,294.64,ALL,ALL,ALL,0TO99
1669,811,2010,137.52,ALL,ALL,ALL,0TO99
1682,827,2010,150.42,ALL,ALL,ALL,0TO99
1690,833,2010,151.51,ALL,ALL,ALL,0TO99
1705,829,2010,152.06,ALL,ALL,ALL,0TO99
1666,785,2010,57.23,ALL,ALL,ALL,0TO99
1649,783,2010,57.31,ALL,ALL,ALL,0TO99
1664,776,2010,57.60,ALL,ALL,ALL,0TO99
1686,824,2010,128.97,ALL,ALL,ALL,0TO99
1671,806,2010,136.13,ALL,ALL,ALL,0TO99
1670,814,2010,137.18,ALL,ALL,ALL,0TO99
1666,793,2010,196.89,ALL,ALL,ALL,0TO99
1678,805,2010,138.18,ALL,ALL,ALL,0TO99
1658,813,2010,137.29,ALL,ALL,ALL,0TO99
1703,832,2010,151.65,ALL,ALL,ALL,0TO99
1670,774,2010,74.63,ALL,ALL,ALL,0TO99
1645,792,2010,197.04,ALL,ALL,ALL,0TO99
1657,811,2010,137.52,ALL,ALL,ALL,0TO99
1662,792,2010,197.04,ALL,ALL,ALL,0TO99
1641,786,2010,197.92,ALL,ALL,ALL,0TO99
1674,824,2010,1263.91,ALL,ALL,ALL,0TO99
1657,817,2010,136.83,ALL,ALL,ALL,0TO99
1695,820,2010,153.25,ALL,ALL,ALL,0TO99
1682,823,2010,152.86,ALL,ALL,ALL,0TO99
1665,787,2010,57.15,ALL,ALL,ALL,0TO99
1691,820,2010,153.25,ALL,ALL,ALL,0TO99
1697,822,2010,152.99,ALL,ALL,ALL,0TO99
1646,783,2010,198.34,ALL,ALL,ALL,0TO99
1650,782,2010,57.36,ALL,ALL,ALL,0TO99
1655,774,2010,57.68,ALL,ALL,ALL,0TO99
1702,836,2010,307.87,ALL,ALL,ALL,0TO99
1661,821,2010,95.26,ALL,ALL,ALL,0TO99
1675,814,2010,137.18,ALL,ALL,ALL,0TO99
1630,770,2010,133.42,ALL,ALL,ALL,0TO99
1675,798,2010,196.14,ALL,ALL,ALL,0TO99
1659,823,2010,133.97,ALL,ALL,ALL,0TO99
1706,822,2010,152.99,ALL,ALL,ALL,0TO99
1675,821,2010,1184.50,ALL,ALL,ALL,0TO99
1701,824,2010,152.73,ALL,ALL,ALL,0TO99
1683,828,2010,99.55,ALL,ALL,ALL,0TO99
1646,779,2010,57.48,ALL,ALL,ALL,0TO99
1664,792,2010,197.04,ALL,ALL,ALL,0TO99
1671,792,2010,138.43,ALL,ALL,ALL,0TO99
1640,790,2010,197.33,ALL,ALL,ALL,0TO99
1668,817,2010,136.83,ALL,ALL,ALL,0TO99
1653,808,2010,130.73,ALL,ALL,ALL,0TO99
1658,807,2010,137.96,ALL,ALL,ALL,0TO99
1650,797,2010,196.29,ALL,ALL,ALL,0TO99
1690,820,2010,153.25,ALL,ALL,ALL,0TO99
1649,777,2010,57.56,ALL,ALL,ALL,0TO99
1669,833,2010,1253.85,ALL,ALL,ALL,0TO99
1646,778,2010,57.52,ALL,ALL,ALL,0TO99
1672,827,2010,1260.58,ALL,ALL,ALL,0TO99
1655,785,2010,57.23,ALL,ALL,ALL,0TO99
1665,781,2010,57.40,ALL,ALL,ALL,0TO99
1650,790,2010,57.02,ALL,ALL,ALL,0TO99
1689,824,2010,152.73,ALL,ALL,ALL,0TO99
1649,773,2010,254.51,ALL,ALL,ALL,0TO99
1657,822,2010,102.05,ALL,ALL,ALL,0TO99
1666,802,2010,195.68,ALL,ALL,ALL,0TO99
1661,778,2010,57.52,ALL,ALL,ALL,0TO99
1642,793,2010,196.89,ALL,ALL,ALL,0TO99
1640,773,2010,236.97,ALL,ALL,ALL,0TO99
1665,818,2010,136.71,ALL,ALL,ALL,0TO99
1663,812,2010,137.40,ALL,ALL,ALL,0TO99
1656,776,2010,57.60,ALL,ALL,ALL,0TO99
1663,821,2010,136.37,ALL,ALL,ALL,0TO99
1680,800,2010,191.79,ALL,ALL,ALL,0TO99
1659,796,2010,196.44,ALL,ALL,ALL,0TO99
1671,811,2010,137.52,ALL,ALL,ALL,0TO99
1645,783,2010,198.34,ALL,ALL,ALL,0TO99
1679,813,2010,137.29,ALL,ALL,ALL,0TO99
1651,779,2010,57.48,ALL,ALL,ALL,0TO99
1648,803,2010,167.73,ALL,ALL,ALL,0TO99
1712,830,2010,309.54,ALL,ALL,ALL,0TO99
1656,820,2010,117.23,ALL,ALL,ALL,0TO99
1655,805,2010,138.18,ALL,ALL,ALL,0TO99
1646,774,2010,57.68,ALL,ALL,ALL,0TO99
1646,776,2010,57.60,ALL,ALL,ALL,0TO99
1644,799,2010,186.37,ALL,ALL,ALL,0TO99
1692,821,2010,153.12,ALL,ALL,ALL,0TO99
1646,797,2010,196.29,ALL,ALL,ALL,0TO99
1662,786,2010,57.19,ALL,ALL,ALL,0TO99
1635,782,2010,49.52,ALL,ALL,ALL,0TO99
1638,787,2010,195.38,ALL,ALL,ALL,0TO99
1655,780,2010,57.44,ALL,ALL,ALL,0TO99
1667,823,2010,139.09,ALL,ALL,ALL,0TO99
1691,824,2010,152.73,ALL,ALL,ALL,0TO99
1679,801,2010,196.24,ALL,ALL,ALL,0TO99
1654,796,2010,196.44,ALL,ALL,ALL,0TO99
1665,821,2010,136.37,ALL,ALL,ALL,0TO99
1665,797,2010,196.29,ALL,ALL,ALL,0TO99
1677,825,2010,152.59,ALL,ALL,ALL,0TO99
1650,778,2010,57.52,ALL,ALL,ALL,0TO99
1662,818,2010,136.71,ALL,ALL,ALL,0TO99
1695,829,2010,152.06,ALL,ALL,ALL,0TO99
1677,799,2010,195.99,ALL,ALL,ALL,0TO99
1669,800,2010,195.83,ALL,ALL,ALL,0TO99
1692,835,2010,151.24,ALL,ALL,ALL,0TO99
1700,822,2010,152.99,ALL,ALL,ALL,0TO99
1652,781,2010,57.40,ALL,ALL,ALL,0TO99
1708,833,2010,171.78,ALL,ALL,ALL,0TO99
1673,795,2010,196.59,ALL,ALL,ALL,0TO99
1665,802,2010,195.68,ALL,ALL,ALL,0TO99
1686,821,2010,153.12,ALL,ALL,ALL,0TO99
1667,794,2010,196.74,ALL,ALL,ALL,0TO99
1680,818,2010,130.75,ALL,ALL,ALL,0TO99
1697,827,2010,152.33,ALL,ALL,ALL,0TO99
1678,810,2010,137.62,ALL,ALL,ALL,0TO99
1662,799,2010,195.99,ALL,ALL,ALL,0TO99
1656,777,2010,57.56,ALL,ALL,ALL,0TO99
1664,823,2010,136.13,ALL,ALL,ALL,0TO99
1654,803,2010,190.11,ALL,ALL,ALL,0TO99
1670,799,2010,195.99,ALL,ALL,ALL,0TO99
1704,831,2010,151.79,ALL,ALL,ALL,0TO99
1669,799,2010,195.99,ALL,ALL,ALL,0TO99
1644,787,2010,197.77,ALL,ALL,ALL,0TO99
1706,830,2010,151.92,ALL,ALL,ALL,0TO99
1669,802,2010,195.68,ALL,ALL,ALL,0TO99
1638,774,2010,57.68,ALL,ALL,ALL,0TO99
1666,824,2010,442.70,ALL,ALL,ALL,0TO99
1638,785,2010,198.06,ALL,ALL,ALL,0TO99
1689,836,2010,151.10,ALL,ALL,ALL,0TO99
1675,826,2010,1247.05,ALL,ALL,ALL,0TO99
1677,809,2010,133.04,ALL,ALL,ALL,0TO99
1707,827,2010,152.33,ALL,ALL,ALL,0TO99
1666,779,2010,57.48,ALL,ALL,ALL,0TO99
1712,834,2010,308.44,ALL,ALL,ALL,0TO99
1680,836,2010,1250.45,ALL,ALL,ALL,0TO99
1690,826,2010,152.46,ALL,ALL,ALL,0TO99
1641,792,2010,197.04,ALL,ALL,ALL,0TO99
1657,777,2010,57.56,ALL,ALL,ALL,0TO99
1658,795,2010,196.59,ALL,ALL,ALL,0TO99
1654,804,2010,144.27,ALL,ALL,ALL,0TO99
1652,779,2010,57.48,ALL,ALL,ALL,0TO99
1670,795,2010,196.59,ALL,ALL,ALL,0TO99
1660,784,2010,57.27,ALL,ALL,ALL,0TO99
1655,791,2010,92.90,ALL,ALL,ALL,0TO99
1713,835,2010,305.28,ALL,ALL,ALL,0TO99
1656,800,2010,195.83,ALL,ALL,ALL,0TO99
1665,807,2010,137.96,ALL,ALL,ALL,0TO99
1667,796,2010,196.44,ALL,ALL,ALL,0TO99
1674,823,2010,1264.98,ALL,ALL,ALL,0TO99
1651,785,2010,57.23,ALL,ALL,ALL,0TO99
1677,820,2010,153.25,ALL,ALL,ALL,0TO99
1667,786,2010,57.19,ALL,ALL,ALL,0TO99
1659,817,2010,136.83,ALL,ALL,ALL,0TO99
1658,782,2010,57.36,ALL,ALL,ALL,0TO99
1675,801,2010,196.24,ALL,ALL,ALL,0TO99
1659,780,2010,57.44,ALL,ALL,ALL,0TO99
1654,780,2010,57.44,ALL,ALL,ALL,0TO99
1654,776,2010,57.60,ALL,ALL,ALL,0TO99
1642,787,2010,197.77,ALL,ALL,ALL,0TO99
1676,812,2010,137.40,ALL,ALL,ALL,0TO99
1653,788,2010,57.11,ALL,ALL,ALL,0TO99
1631,776,2010,43.90,ALL,ALL,ALL,0TO99
1638,784,2010,198.20,ALL,ALL,ALL,0TO99
1647,789,2010,197.48,ALL,ALL,ALL,0TO99
1710,826,2010,152.46,ALL,ALL,ALL,0TO99
1678,822,2010,152.99,ALL,ALL,ALL,0TO99
1635,775,2010,57.64,ALL,ALL,ALL,0TO99
1654,779,2010,57.48,ALL,ALL,ALL,0TO99
1656,788,2010,57.11,ALL,ALL,ALL,0TO99
1664,785,2010,57.23,ALL,ALL,ALL,0TO99
1678,814,2010,137.18,ALL,ALL,ALL,0TO99
1673,818,2010,136.71,ALL,ALL,ALL,0TO99
1682,821,2010,153.12,ALL,ALL,ALL,0TO99
1664,800,2010,195.83,ALL,ALL,ALL,0TO99
1643,779,2010,57.48,ALL,ALL,ALL,0TO99
1646,795,2010,196.59,ALL,ALL,ALL,0TO99
1662,821,2010,136.37,ALL,ALL,ALL,0TO99
1637,775,2010,57.64,ALL,ALL,ALL,0TO99
1659,793,2010,196.89,ALL,ALL,ALL,0TO99
1670,822,2010,369.38,ALL,ALL,ALL,0TO99
1705,832,2010,151.65,ALL,ALL,ALL,0TO99
1683,831,2010,151.79,ALL,ALL,ALL,0TO99
1670,807,2010,137.96,ALL,ALL,ALL,0TO99
1698,828,2010,152.19,ALL,ALL,ALL,0TO99
1712,832,2010,308.99,ALL,ALL,ALL,0TO99
1657,786,2010,57.19,ALL,ALL,ALL,0TO99
1686,829,2010,96.88,ALL,ALL,ALL,0TO99
1686,828,2010,127.50,ALL,ALL,ALL,0TO99
1648,789,2010,197.48,ALL,ALL,ALL,0TO99
1678,828,2010,318.83,ALL,ALL,ALL,0TO99
1657,807,2010,137.96,ALL,ALL,ALL,0TO99
1666,827,2010,1260.58,ALL,ALL,ALL,0TO99
1668,814,2010,137.18,ALL,ALL,ALL,0TO99
1686,826,2010,147.01,ALL,ALL,ALL,0TO99
1664,803,2010,191.14,ALL,ALL,ALL,0TO99
1666,810,2010,137.62,ALL,ALL,ALL,0TO99
1646,781,2010,82.29,ALL,ALL,ALL,0TO99
1676,819,2010,597.56,ALL,ALL,ALL,0TO99
1667,805,2010,140.08,ALL,ALL,ALL,0TO99
1676,806,2010,138.07,ALL,ALL,ALL,0TO99
1670,800,2010,195.83,ALL,ALL,ALL,0TO99
1653,799,2010,195.99,ALL,ALL,ALL,0TO99
1642,792,2010,197.04,ALL,ALL,ALL,0TO99
1648,777,2010,57.56,ALL,ALL,ALL,0TO99
1678,813,2010,137.29,ALL,ALL,ALL,0TO99
1649,799,2010,195.99,ALL,ALL,ALL,0TO99
1647,800,2010,195.83,ALL,ALL,ALL,0TO99
1688,829,2010,149.58,ALL,ALL,ALL,0TO99
1676,829,2010,1258.38,ALL,ALL,ALL,0TO99
1646,775,2010,57.64,ALL,ALL,ALL,0TO99
1656,797,2010,196.29,ALL,ALL,ALL,0TO99
1669,808,2010,137.85,ALL,ALL,ALL,0TO99
1640,784,2010,198.20,ALL,ALL,ALL,0TO99
1663,815,2010,137.06,ALL,ALL,ALL,0TO99
1658,814,2010,137.18,ALL,ALL,ALL,0TO99
1701,823,2010,152.86,ALL,ALL,ALL,0TO99
1651,791,2010,56.98,ALL,ALL,ALL,0TO99
1655,794,2010,196.74,ALL,ALL,ALL,0TO99
1713,827,2010,150.63,ALL,ALL,ALL,0TO99
1678,816,2010,136.95,ALL,ALL,ALL,0TO99
1679,806,2010,138.07,ALL,ALL,ALL,0TO99
1640,779,2010,59.30,ALL,ALL,ALL,0TO99
1709,832,2010,185.07,ALL,ALL,ALL,0TO99
1664,825,2010,276.78,ALL,ALL,ALL,0TO99
1673,796,2010,196.44,ALL,ALL,ALL,0TO99
1640,783,2010,198.34,ALL,ALL,ALL,0TO99
1711,820,2010,153.25,ALL,ALL,ALL,0TO99
1697,832,2010,151.65,ALL,ALL,ALL,0TO99
1655,788,2010,57.11,ALL,ALL,ALL,0TO99
1690,836,2010,151.10,ALL,ALL,ALL,0TO99
1654,799,2010,195.99,ALL,ALL,ALL,0TO99
1673,803,2010,104.23,ALL,ALL,ALL,0TO99
1655,790,2010,57.02,ALL,ALL,ALL,0TO99
1649,801,2010,196.24,ALL,ALL,ALL,0TO99
1672,812,2010,137.40,ALL,ALL,ALL,0TO99
1659,776,2010,57.60,ALL,ALL,ALL,0TO99
1664,788,2010,57.11,ALL,ALL,ALL,0TO99
1683,826,2010,129.93,ALL,ALL,ALL,0TO99
1651,801,2010,196.24,ALL,ALL,ALL,0TO99
1674,835,2010,1251.56,ALL,ALL,ALL,0TO99
1669,821,2010,136.37,ALL,ALL,ALL,0TO99
1641,797,2010,45.05,ALL,ALL,ALL,0TO99
1668,808,2010,137.85,ALL,ALL,ALL,0TO99
1701,821,2010,153.12,ALL,ALL,ALL,0TO99
1662,823,2010,136.13,ALL,ALL,ALL,0TO99
1672,830,2010,1257.21,ALL,ALL,ALL,0TO99
1647,786,2010,197.92,ALL,ALL,ALL,0TO99
1675,827,2010,1260.58,ALL,ALL,ALL,0TO99
1706,826,2010,152.46,ALL,ALL,ALL,0TO99
1674,808,2010,123.68,ALL,ALL,ALL,0TO99
1677,831,2010,1256.12,ALL,ALL,ALL,0TO99
1667,792,2010,197.04,ALL,ALL,ALL,0TO99
1704,823,2010,152.86,ALL,ALL,ALL,0TO99
1672,805,2010,138.18,ALL,ALL,ALL,0TO99
1676,828,2010,1259.46,ALL,ALL,ALL,0TO99
1671,829,2010,1258.38,ALL,ALL,ALL,0TO99
1709,823,2010,152.86,ALL,ALL,ALL,0TO99
1649,793,2010,196.46,ALL,ALL,ALL,0TO99
1680,804,2010,162.46,ALL,ALL,ALL,0TO99
1651,774,2010,57.68,ALL,ALL,ALL,0TO99
1680,808,2010,129.71,ALL,ALL,ALL,0TO99
1679,826,2010,152.46,ALL,ALL,ALL,0TO99
1706,835,2010,308.15,ALL,ALL,ALL,0TO99
1655,801,2010,196.24,ALL,ALL,ALL,0TO99
1699,834,2010,151.38,ALL,ALL,ALL,0TO99
1674,794,2010,178.00,ALL,ALL,ALL,0TO99
1674,806,2010,138.07,ALL,ALL,ALL,0TO99
1681,827,2010,152.33,ALL,ALL,ALL,0TO99
1657,797,2010,196.29,ALL,ALL,ALL,0TO99
1670,813,2010,137.29,ALL,ALL,ALL,0TO99
1669,804,2010,195.24,ALL,ALL,ALL,0TO99
1682,830,2010,151.92,ALL,ALL,ALL,0TO99
1660,823,2010,136.13,ALL,ALL,ALL,0TO99
1690,829,2010,145.05,ALL,ALL,ALL,0TO99
1675,809,2010,124.72,ALL,ALL,ALL,0TO99
1701,827,2010,152.33,ALL,ALL,ALL,0TO99
1664,811,2010,137.52,ALL,ALL,ALL,0TO99
1710,828,2010,152.19,ALL,ALL,ALL,0TO99
1671,834,2010,1252.75,ALL,ALL,ALL,0TO99
1650,801,2010,196.24,ALL,ALL,ALL,0TO99
1669,796,2010,196.44,ALL,ALL,ALL,0TO99
1696,824,2010,152.73,ALL,ALL,ALL,0TO99
1672,809,2010,137.74,ALL,ALL,ALL,0TO99
1657,794,2010,196.74,ALL,ALL,ALL,0TO99
1654,797,2010,196.29,ALL,ALL,ALL,0TO99
1673,833,2010,1253.85,ALL,ALL,ALL,0TO99
1679,797,2010,196.29,ALL,ALL,ALL,0TO99
1651,775,2010,57.64,ALL,ALL,ALL,0TO99
1666,773,2010,101.27,ALL,ALL,ALL,0TO99
1653,778,2010,57.52,ALL,ALL,ALL,0TO99
1711,836,2010,307.87,ALL,ALL,ALL,0TO99
1647,793,2010,196.89,ALL,ALL,ALL,0TO99
1671,819,2010,136.60,ALL,ALL,ALL,0TO99
1671,798,2010,196.14,ALL,ALL,ALL,0TO99
1673,828,2010,1259.46,ALL,ALL,ALL,0TO99
1681,834,2010,184.78,ALL,ALL,ALL,0TO99
1706,828,2010,152.19,ALL,ALL,ALL,0TO99
1661,788,2010,57.11,ALL,ALL,ALL,0TO99
1632,773,2010,198.53,ALL,ALL,ALL,0TO99
1704,822,2010,152.99,ALL,ALL,ALL,0TO99
1649,786,2010,65.62,ALL,ALL,ALL,0TO99
1679,796,2010,196.44,ALL,ALL,ALL,0TO99
1663,775,2010,57.64,ALL,ALL,ALL,0TO99
1646,788,2010,197.62,ALL,ALL,ALL,0TO99
1654,777,2010,57.56,ALL,ALL,ALL,0TO99
1660,789,2010,57.06,ALL,ALL,ALL,0TO99
1688,826,2010,106.86,ALL,ALL,ALL,0TO99
1654,798,2010,196.14,ALL,ALL,ALL,0TO99
1685,832,2010,151.65,ALL,ALL,ALL,0TO99
1686,820,2010,153.25,ALL,ALL,ALL,0TO99
1671,794,2010,196.74,ALL,ALL,ALL,0TO99
1676,805,2010,138.18,ALL,ALL,ALL,0TO99
1677,821,2010,153.12,ALL,ALL,ALL,0TO99
1639,775,2010,57.64,ALL,ALL,ALL,0TO99
1649,775,2010,57.64,ALL,ALL,ALL,0TO99
1661,792,2010,197.04,ALL,ALL,ALL,0TO99
1698,823,2010,152.86,ALL,ALL,ALL,0TO99
1654,773,2010,251.56,ALL,ALL,ALL,0TO99
1665,805,2010,138.18,ALL,ALL,ALL,0TO99
1666,778,2010,57.52,ALL,ALL,ALL,0TO99
1695,832,2010,151.65,ALL,ALL,ALL,0TO99
1632,779,2010,47.34,ALL,ALL,ALL,0TO99
1666,801,2010,196.24,ALL,ALL,ALL,0TO99
1653,779,2010,57.48,ALL,ALL,ALL,0TO99
1658,786,2010,57.19,ALL,ALL,ALL,0TO99
1679,802,2010,195.68,ALL,ALL,ALL,0TO99
1709,827,2010,152.33,ALL,ALL,ALL,0TO99
1644,786,2010,197.92,ALL,ALL,ALL,0TO99
1672,795,2010,196.59,ALL,ALL,ALL,0TO99
1655,789,2010,57.06,ALL,ALL,ALL,0TO99
1660,779,2010,57.48,ALL,ALL,ALL,0TO99
1643,799,2010,90.36,ALL,ALL,ALL,0TO99
1651,804,2010,195.24,ALL,ALL,ALL,0TO99
1661,822,2010,108.13,ALL,ALL,ALL,0TO99
1645,799,2010,195.99,ALL,ALL,ALL,0TO99
1655,797,2010,196.29,ALL,ALL,ALL,0TO99
1647,796,2010,196.44,ALL,ALL,ALL,0TO99
1648,780,2010,57.44,ALL,ALL,ALL,0TO99
1698,835,2010,151.24,ALL,ALL,ALL,0TO99
1657,782,2010,57.36,ALL,ALL,ALL,0TO99
1644,788,2010,197.62,ALL,ALL,ALL,0TO99
1636,780,2010,57.44,ALL,ALL,ALL,0TO99
1642,794,2010,196.74,ALL,ALL,ALL,0TO99
1653,796,2010,196.44,ALL,ALL,ALL,0TO99
1661,781,2010,57.40,ALL,ALL,ALL,0TO99
1653,781,2010,57.40,ALL,ALL,ALL,0TO99
1698,832,2010,151.65,ALL,ALL,ALL,0TO99
1708,830,2010,151.92,ALL,ALL,ALL,0TO99
1667,783,2010,57.31,ALL,ALL,ALL,0TO99
1665,826,2010,1246.58,ALL,ALL,ALL,0TO99
1666,796,2010,196.44,ALL,ALL,ALL,0TO99
1674,797,2010,196.29,ALL,ALL,ALL,0TO99
1688,834,2010,151.38,ALL,ALL,ALL,0TO99
1657,809,2010,137.74,ALL,ALL,ALL,0TO99
1701,828,2010,152.19,ALL,ALL,ALL,0TO99
1635,773,2010,212.31,ALL,ALL,ALL,0TO99
1642,790,2010,197.33,ALL,ALL,ALL,0TO99
1677,832,2010,1254.99,ALL,ALL,ALL,0TO99
1632,780,2010,28.16,ALL,ALL,ALL,0TO99
1654,811,2010,135.84,ALL,ALL,ALL,0TO99
1646,780,2010,57.44,ALL,ALL,ALL,0TO99
1650,794,2010,196.74,ALL,ALL,ALL,0TO99
1661,787,2010,57.15,ALL,ALL,ALL,0TO99
1661,785,2010,57.23,ALL,ALL,ALL,0TO99
1671,818,2010,136.71,ALL,ALL,ALL,0TO99
1684,831,2010,151.79,ALL,ALL,ALL,0TO99
1673,800,2010,195.83,ALL,ALL,ALL,0TO99
1666,786,2010,57.19,ALL,ALL,ALL,0TO99
1678,809,2010,137.74,ALL,ALL,ALL,0TO99
1678,811,2010,137.52,ALL,ALL,ALL,0TO99
1702,822,2010,152.99,ALL,ALL,ALL,0TO99
1657,800,2010,195.83,ALL,ALL,ALL,0TO99
1634,773,2010,207.17,ALL,ALL,ALL,0TO99
1677,828,2010,1144.48,ALL,ALL,ALL,0TO99
1639,788,2010,197.62,ALL,ALL,ALL,0TO99
1668,809,2010,137.74,ALL,ALL,ALL,0TO99
1696,835,2010,151.24,ALL,ALL,ALL,0TO99
1643,776,2010,57.60,ALL,ALL,ALL,0TO99
1676,813,2010,137.29,ALL,ALL,ALL,0TO99
1633,775,2010,57.64,ALL,ALL,ALL,0TO99
1669,783,2010,49.49,ALL,ALL,ALL,0TO99
1648,797,2010,196.29,ALL,ALL,ALL,0TO99
1688,823,2010,152.86,ALL,ALL,ALL,0TO99
1672,823,2010,1264.98,ALL,ALL,ALL,0TO99
1668,777,2010,57.56,ALL,ALL,ALL,0TO99
1657,803,2010,195.39,ALL,ALL,ALL,0TO99
1664,810,2010,137.62,ALL,ALL,ALL,0TO99
1701,825,2010,152.59,ALL,ALL,ALL,0TO99
1704,821,2010,153.12,ALL,ALL,ALL,0TO99
1676,815,2010,137.06,ALL,ALL,ALL,0TO99
1708,828,2010,152.19,ALL,ALL,ALL,0TO99
1707,821,2010,153.12,ALL,ALL,ALL,0TO99
1707,832,2010,151.65,ALL,ALL,ALL,0TO99
1646,784,2010,198.20,ALL,ALL,ALL,0TO99
1650,786,2010,57.19,ALL,ALL,ALL,0TO99
1684,827,2010,130.86,ALL,ALL,ALL,0TO99
1658,788,2010,57.11,ALL,ALL,ALL,0TO99
1653,802,2010,195.68,ALL,ALL,ALL,0TO99
1660,778,2010,57.52,ALL,ALL,ALL,0TO99
1647,784,2010,188.98,ALL,ALL,ALL,0TO99
1691,828,2010,106.73,ALL,ALL,ALL,0TO99
1674,834,2010,1252.75,ALL,ALL,ALL,0TO99
1710,823,2010,152.86,ALL,ALL,ALL,0TO99
1696,833,2010,151.51,ALL,ALL,ALL,0TO99
1679,794,2010,118.59,ALL,ALL,ALL,0TO99
1642,777,2010,57.56,ALL,ALL,ALL,0TO99
1662,798,2010,196.14,ALL,ALL,ALL,0TO99
1670,828,2010,1259.46,ALL,ALL,ALL,0TO99
1660,817,2010,136.83,ALL,ALL,ALL,0TO99
1680,826,2010,152.46,ALL,ALL,ALL,0TO99
1710,822,2010,152.99,ALL,ALL,ALL,0TO99
1689,832,2010,151.65,ALL,ALL,ALL,0TO99
1681,820,2010,153.25,ALL,ALL,ALL,0TO99
1696,829,2010,152.06,ALL,ALL,ALL,0TO99
1673,804,2010,161.57,ALL,ALL,ALL,0TO99
1693,821,2010,153.12,ALL,ALL,ALL,0TO99
1651,793,2010,184.54,ALL,ALL,ALL,0TO99
1656,810,2010,137.62,ALL,ALL,ALL,0TO99
1669,814,2010,137.18,ALL,ALL,ALL,0TO99
1671,828,2010,1259.46,ALL,ALL,ALL,0TO99
1699,825,2010,152.59,ALL,ALL,ALL,0TO99
1658,773,2010,129.23,ALL,ALL,ALL,0TO99
1675,816,2010,136.95,ALL,ALL,ALL,0TO99
1664,784,2010,57.27,ALL,ALL,ALL,0TO99
1671,810,2010,137.62,ALL,ALL,ALL,0TO99
1675,823,2010,703.26,ALL,ALL,ALL,0TO99
1709,835,2010,308.15,ALL,ALL,ALL,0TO99
1685,827,2010,142.43,ALL,ALL,ALL,0TO99
1698,825,2010,152.59,ALL,ALL,ALL,0TO99
1712,827,2010,152.33,ALL,ALL,ALL,0TO99
1644,792,2010,197.04,ALL,ALL,ALL,0TO99
1651,803,2010,195.39,ALL,ALL,ALL,0TO99
1696,834,2010,151.38,ALL,ALL,ALL,0TO99
1653,805,2010,121.22,ALL,ALL,ALL,0TO99
1656,813,2010,137.29,ALL,ALL,ALL,0TO99
1663,788,2010,57.11,ALL,ALL,ALL,0TO99
1677,816,2010,136.95,ALL,ALL,ALL,0TO99
1704,826,2010,152.46,ALL,ALL,ALL,0TO99
1665,827,2010,788.41,ALL,ALL,ALL,0TO99
1668,803,2010,195.39,ALL,ALL,ALL,0TO99
1663,792,2010,197.04,ALL,ALL,ALL,0TO99
1673,817,2010,136.83,ALL,ALL,ALL,0TO99
1692,836,2010,151.10,ALL,ALL,ALL,0TO99
1678,795,2010,196.59,ALL,ALL,ALL,0TO99
1712,820,2010,153.25,ALL,ALL,ALL,0TO99
1700,821,2010,153.12,ALL,ALL,ALL,0TO99
1664,820,2010,136.48,ALL,ALL,ALL,0TO99
1663,802,2010,195.68,ALL,ALL,ALL,0TO99
1673,821,2010,984.64,ALL,ALL,ALL,0TO99
1638,788,2010,170.58,ALL,ALL,ALL,0TO99
1672,829,2010,1258.38,ALL,ALL,ALL,0TO99
1693,824,2010,152.73,ALL,ALL,ALL,0TO99
1651,788,2010,57.11,ALL,ALL,ALL,0TO99
1660,791,2010,170.48,ALL,ALL,ALL,0TO99
1671,796,2010,196.44,ALL,ALL,ALL,0TO99
1655,796,2010,196.44,ALL,ALL,ALL,0TO99
1664,805,2010,138.18,ALL,ALL,ALL,0TO99
1662,782,2010,57.36,ALL,ALL,ALL,0TO99
1689,829,2010,143.58,ALL,ALL,ALL,0TO99
1684,832,2010,151.65,ALL,ALL,ALL,0TO99
1663,817,2010,136.83,ALL,ALL,ALL,0TO99
1694,833,2010,151.51,ALL,ALL,ALL,0TO99
1667,827,2010,1260.58,ALL,ALL,ALL,0TO99
1702,829,2010,152.06,ALL,ALL,ALL,0TO99
1650,788,2010,57.11,ALL,ALL,ALL,0TO99
1662,819,2010,136.60,ALL,ALL,ALL,0TO99
1677,835,2010,1251.56,ALL,ALL,ALL,0TO99
1669,829,2010,1258.38,ALL,ALL,ALL,0TO99
1646,794,2010,196.74,ALL,ALL,ALL,0TO99
1659,781,2010,57.40,ALL,ALL,ALL,0TO99
1677,798,2010,196.14,ALL,ALL,ALL,0TO99
1672,834,2010,1252.75,ALL,ALL,ALL,0TO99
1650,799,2010,195.99,ALL,ALL,ALL,0TO99
1656,798,2010,196.14,ALL,ALL,ALL,0TO99
1676,834,2010,1252.75,ALL,ALL,ALL,0TO99
1703,828,2010,152.19,ALL,ALL,ALL,0TO99
1662,774,2010,57.68,ALL,ALL,ALL,0TO99
1673,797,2010,196.29,ALL,ALL,ALL,0TO99
1633,776,2010,57.60,ALL,ALL,ALL,0TO99
1713,822,2010,151.35,ALL,ALL,ALL,0TO99
1664,798,2010,196.14,ALL,ALL,ALL,0TO99
1691,831,2010,150.38,ALL,ALL,ALL,0TO99
1697,831,2010,141.63,ALL,ALL,ALL,0TO99
1675,828,2010,1259.46,ALL,ALL,ALL,0TO99
1662,793,2010,196.89,ALL,ALL,ALL,0TO99
1663,814,2010,137.18,ALL,ALL,ALL,0TO99
1676,794,2010,164.07,ALL,ALL,ALL,0TO99
1693,830,2010,151.92,ALL,ALL,ALL,0TO99
1663,776,2010,57.60,ALL,ALL,ALL,0TO99
1664,804,2010,145.23,ALL,ALL,ALL,0TO99
1683,829,2010,152.06,ALL,ALL,ALL,0TO99
1641,787,2010,197.77,ALL,ALL,ALL,0TO99
1667,801,2010,196.24,ALL,ALL,ALL,0TO99
1642,774,2010,57.68,ALL,ALL,ALL,0TO99
1652,777,2010,57.56,ALL,ALL,ALL,0TO99
1631,774,2010,56.73,ALL,ALL,ALL,0TO99
1690,832,2010,151.65,ALL,ALL,ALL,0TO99
1658,822,2010,133.59,ALL,ALL,ALL,0TO99
1648,792,2010,197.04,ALL,ALL,ALL,0TO99
1670,823,2010,1233.57,ALL,ALL,ALL,0TO99
1679,815,2010,137.06,ALL,ALL,ALL,0TO99
1669,789,2010,181.47,ALL,ALL,ALL,0TO99
1680,832,2010,296.19,ALL,ALL,ALL,0TO99
1685,822,2010,118.20,ALL,ALL,ALL,0TO99
1707,836,2010,307.87,ALL,ALL,ALL,0TO99
1651,794,2010,196.74,ALL,ALL,ALL,0TO99
1686,830,2010,147.98,ALL,ALL,ALL,0TO99
1666,794,2010,196.74,ALL,ALL,ALL,0TO99
1692,820,2010,153.25,ALL,ALL,ALL,0TO99
1659,799,2010,195.99,ALL,ALL,ALL,0TO99
1701,833,2010,151.51,ALL,ALL,ALL,0TO99
1654,805,2010,138.18,ALL,ALL,ALL,0TO99
1711,823,2010,152.86,ALL,ALL,ALL,0TO99
1642,796,2010,92.88,ALL,ALL,ALL,0TO99
1647,776,2010,57.60,ALL,ALL,ALL,0TO99
1648,796,2010,196.44,ALL,ALL,ALL,0TO99
1662,822,2010,136.25,ALL,ALL,ALL,0TO99
1654,792,2010,191.69,ALL,ALL,ALL,0TO99
1678,836,2010,1250.45,ALL,ALL,ALL,0TO99
1639,791,2010,111.89,ALL,ALL,ALL,0TO99
1650,777,2010,57.56,ALL,ALL,ALL,0TO99
1634,776,2010,57.60,ALL,ALL,ALL,0TO99
1678,804,2010,172.52,ALL,ALL,ALL,0TO99
1650,804,2010,195.24,ALL,ALL,ALL,0TO99
1642,798,2010,43.36,ALL,ALL,ALL,0TO99
1667,832,2010,646.31,ALL,ALL,ALL,0TO99
1674,811,2010,137.52,ALL,ALL,ALL,0TO99
1691,829,2010,148.35,ALL,ALL,ALL,0TO99
1656,792,2010,189.85,ALL,ALL,ALL,0TO99
1694,820,2010,153.25,ALL,ALL,ALL,0TO99
1701,831,2010,151.79,ALL,ALL,ALL,0TO99
1655,810,2010,133.56,ALL,ALL,ALL,0TO99
1662,813,2010,137.29,ALL,ALL,ALL,0TO99
1643,791,2010,197.18,ALL,ALL,ALL,0TO99
1678,812,2010,137.40,ALL,ALL,ALL,0TO99
1687,834,2010,151.38,ALL,ALL,ALL,0TO99
1690,824,2010,152.73,ALL,ALL,ALL,0TO99
1695,828,2010,152.19,ALL,ALL,ALL,0TO99
1653,787,2010,57.15,ALL,ALL,ALL,0TO99
1662,811,2010,137.52,ALL,ALL,ALL,0TO99
1681,825,2010,152.59,ALL,ALL,ALL,0TO99
1649,798,2010,196.14,ALL,ALL,ALL,0TO99
1641,776,2010,57.60,ALL,ALL,ALL,0TO99
1708,824,2010,152.73,ALL,ALL,ALL,0TO99
1657,789,2010,57.06,ALL,ALL,ALL,0TO99
1679,810,2010,137.62,ALL,ALL,ALL,0TO99
1648,802,2010,195.49,ALL,ALL,ALL,0TO99
1656,807,2010,137.96,ALL,ALL,ALL,0TO99
1684,822,2010,152.99,ALL,ALL,ALL,0TO99
1697,828,2010,152.19,ALL,ALL,ALL,0TO99
1703,833,2010,151.51,ALL,ALL,ALL,0TO99
1711,833,2010,308.71,ALL,ALL,ALL,0TO99
1652,791,2010,56.98,ALL,ALL,ALL,0TO99
1660,820,2010,136.48,ALL,ALL,ALL,0TO99
1677,824,2010,152.73,ALL,ALL,ALL,0TO99
1680,834,2010,1097.89,ALL,ALL,ALL,0TO99
1685,820,2010,152.01,ALL,ALL,ALL,0TO99
1665,822,2010,136.25,ALL,ALL,ALL,0TO99
1680,802,2010,189.29,ALL,ALL,ALL,0TO99
1648,790,2010,197.33,ALL,ALL,ALL,0TO99
1671,802,2010,195.68,ALL,ALL,ALL,0TO99
1641,788,2010,197.62,ALL,ALL,ALL,0TO99
1670,830,2010,1257.21,ALL,ALL,ALL,0TO99
1703,821,2010,153.12,ALL,ALL,ALL,0TO99
1645,794,2010,196.74,ALL,ALL,ALL,0TO99
1660,798,2010,196.14,ALL,ALL,ALL,0TO99
1653,809,2010,131.42,ALL,ALL,ALL,0TO99
1667,826,2010,1261.69,ALL,ALL,ALL,0TO99
1652,795,2010,196.59,ALL,ALL,ALL,0TO99
1703,830,2010,151.92,ALL,ALL,ALL,0TO99
1662,817,2010,136.83,ALL,ALL,ALL,0TO99
1661,819,2010,136.60,ALL,ALL,ALL,0TO99
1673,819,2010,136.60,ALL,ALL,ALL,0TO99
1657,776,2010,57.60,ALL,ALL,ALL,0TO99
1661,780,2010,57.44,ALL,ALL,ALL,0TO99
1684,833,2010,151.51,ALL,ALL,ALL,0TO99
1708,831,2010,151.79,ALL,ALL,ALL,0TO99
1672,802,2010,175.70,ALL,ALL,ALL,0TO99
1706,829,2010,152.06,ALL,ALL,ALL,0TO99
1654,774,2010,57.68,ALL,ALL,ALL,0TO99
1650,773,2010,254.89,ALL,ALL,ALL,0TO99
1632,774,2010,57.68,ALL,ALL,ALL,0TO99
1660,790,2010,63.94,ALL,ALL,ALL,0TO99
1651,799,2010,195.99,ALL,ALL,ALL,0TO99
1675,805,2010,138.18,ALL,ALL,ALL,0TO99
1637,773,2010,222.98,ALL,ALL,ALL,0TO99
1666,817,2010,136.83,ALL,ALL,ALL,0TO99
1708,836,2010,307.87,ALL,ALL,ALL,0TO99
1643,789,2010,197.48,ALL,ALL,ALL,0TO99
1669,830,2010,1257.21,ALL,ALL,ALL,0TO99
1695,827,2010,152.33,ALL,ALL,ALL,0TO99
1710,827,2010,152.33,ALL,ALL,ALL,0TO99
1655,806,2010,138.07,ALL,ALL,ALL,0TO99
1707,824,2010,152.73,ALL,ALL,ALL,0TO99
1632,778,2010,56.12,ALL,ALL,ALL,0TO99
1673,807,2010,120.40,ALL,ALL,ALL,0TO99
1653,806,2010,86.84,ALL,ALL,ALL,0TO99
1696,828,2010,152.19,ALL,ALL,ALL,0TO99
1658,798,2010,196.14,ALL,ALL,ALL,0TO99
1675,822,2010,974.68,ALL,ALL,ALL,0TO99
1661,801,2010,196.24,ALL,ALL,ALL,0TO99
1685,826,2010,144.62,ALL,ALL,ALL,0TO99
1640,777,2010,57.56,ALL,ALL,ALL,0TO99
1660,801,2010,196.24,ALL,ALL,ALL,0TO99
1662,796,2010,196.44,ALL,ALL,ALL,0TO99
1651,789,2010,57.06,ALL,ALL,ALL,0TO99
1677,800,2010,195.83,ALL,ALL,ALL,0TO99
1654,781,2010,57.40,ALL,ALL,ALL,0TO99
1669,807,2010,137.96,ALL,ALL,ALL,0TO99
1670,824,2010,1263.91,ALL,ALL,ALL,0TO99
1665,786,2010,57.19,ALL,ALL,ALL,0TO99
1657,813,2010,137.29,ALL,ALL,ALL,0TO99
1696,821,2010,153.12,ALL,ALL,ALL,0TO99
1694,829,2010,152.06,ALL,ALL,ALL,0TO99
1658,812,2010,137.40,ALL,ALL,ALL,0TO99
1692,824,2010,152.73,ALL,ALL,ALL,0TO99
1706,831,2010,151.79,ALL,ALL,ALL,0TO99
1648,775,2010,57.64,ALL,ALL,ALL,0TO99
1658,815,2010,137.06,ALL,ALL,ALL,0TO99
1655,800,2010,195.83,ALL,ALL,ALL,0TO99
1690,825,2010,152.59,ALL,ALL,ALL,0TO99
1669,786,2010,37.14,ALL,ALL,ALL,0TO99
1662,803,2010,195.20,ALL,ALL,ALL,0TO99
1668,791,2010,197.18,ALL,ALL,ALL,0TO99
1679,800,2010,195.83,ALL,ALL,ALL,0TO99
1708,821,2010,153.12,ALL,ALL,ALL,0TO99
1669,812,2010,137.40,ALL,ALL,ALL,0TO99
1661,804,2010,159.74,ALL,ALL,ALL,0TO99
1665,778,2010,57.52,ALL,ALL,ALL,0TO99
1672,831,2010,1256.12,ALL,ALL,ALL,0TO99
1649,784,2010,57.27,ALL,ALL,ALL,0TO99
1657,820,2010,136.48,ALL,ALL,ALL,0TO99
1637,784,2010,198.20,ALL,ALL,ALL,0TO99
1655,814,2010,137.18,ALL,ALL,ALL,0TO99
1664,794,2010,196.74,ALL,ALL,ALL,0TO99
1704,836,2010,307.87,ALL,ALL,ALL,0TO99
1709,831,2010,151.79,ALL,ALL,ALL,0TO99
1656,778,2010,57.52,ALL,ALL,ALL,0TO99
1663,785,2010,57.23,ALL,ALL,ALL,0TO99
1672,804,2010,154.47,ALL,ALL,ALL,0TO99
1670,818,2010,136.71,ALL,ALL,ALL,0TO99
1654,783,2010,57.31,ALL,ALL,ALL,0TO99
1636,776,2010,57.60,ALL,ALL,ALL,0TO99
1657,787,2010,57.15,ALL,ALL,ALL,0TO99
1647,779,2010,57.48,ALL,ALL,ALL,0TO99
1649,779,2010,57.48,ALL,ALL,ALL,0TO99
1661,783,2010,57.31,ALL,ALL,ALL,0TO99
1663,797,2010,196.29,ALL,ALL,ALL,0TO99
1661,791,2010,196.55,ALL,ALL,ALL,0TO99
1670,821,2010,136.37,ALL,ALL,ALL,0TO99
1684,835,2010,151.24,ALL,ALL,ALL,0TO99
1685,828,2010,116.82,ALL,ALL,ALL,0TO99
1678,806,2010,138.07,ALL,ALL,ALL,0TO99
1651,773,2010,255.03,ALL,ALL,ALL,0TO99
1686,836,2010,151.10,ALL,ALL,ALL,0TO99
1644,797,2010,196.29,ALL,ALL,ALL,0TO99
1673,805,2010,138.18,ALL,ALL,ALL,0TO99
1634,774,2010,57.68,ALL,ALL,ALL,0TO99
1662,806,2010,138.07,ALL,ALL,ALL,0TO99
1665,794,2010,196.74,ALL,ALL,ALL,0TO99
1695,822,2010,152.99,ALL,ALL,ALL,0TO99
1679,821,2010,153.12,ALL,ALL,ALL,0TO99
1692,830,2010,151.92,ALL,ALL,ALL,0TO99
1661,800,2010,195.83,ALL,ALL,ALL,0TO99
1704,825,2010,152.59,ALL,ALL,ALL,0TO99
1669,784,2010,46.28,ALL,ALL,ALL,0TO99
1684,829,2010,147.45,ALL,ALL,ALL,0TO99
1708,826,2010,152.46,ALL,ALL,ALL,0TO99
1648,800,2010,195.83,ALL,ALL,ALL,0TO99
1656,779,2010,57.48,ALL,ALL,ALL,0TO99
1667,777,2010,57.56,ALL,ALL,ALL,0TO99
1652,790,2010,57.02,ALL,ALL,ALL,0TO99
1713,831,2010,306.08,ALL,ALL,ALL,0TO99
1667,806,2010,138.07,ALL,ALL,ALL,0TO99
1678,797,2010,196.29,ALL,ALL,ALL,0TO99
1659,818,2010,136.71,ALL,ALL,ALL,0TO99
1673,810,2010,137.62,ALL,ALL,ALL,0TO99
1638,781,2010,92.14,ALL,ALL,ALL,0TO99
1676,816,2010,136.95,ALL,ALL,ALL,0TO99
1675,833,2010,1253.85,ALL,ALL,ALL,0TO99
1654,785,2010,57.23,ALL,ALL,ALL,0TO99
1680,824,2010,152.73,ALL,ALL,ALL,0TO99
1704,828,2010,152.19,ALL,ALL,ALL,0TO99
1666,775,2010,57.64,ALL,ALL,ALL,0TO99
1711,834,2010,308.44,ALL,ALL,ALL,0TO99
1683,820,2010,153.25,ALL,ALL,ALL,0TO99
1653,795,2010,196.59,ALL,ALL,ALL,0TO99
1654,778,2010,57.52,ALL,ALL,ALL,0TO99
1698,831,2010,151.79,ALL,ALL,ALL,0TO99
1677,827,2010,348.58,ALL,ALL,ALL,0TO99
1693,832,2010,133.08,ALL,ALL,ALL,0TO99
1663,779,2010,57.48,ALL,ALL,ALL,0TO99
1653,777,2010,57.56,ALL,ALL,ALL,0TO99
1697,834,2010,151.38,ALL,ALL,ALL,0TO99
1705,820,2010,153.25,ALL,ALL,ALL,0TO99
1706,820,2010,153.25,ALL,ALL,ALL,0TO99
1690,821,2010,153.12,ALL,ALL,ALL,0TO99
1662,789,2010,57.06,ALL,ALL,ALL,0TO99
1673,815,2010,137.06,ALL,ALL,ALL,0TO99
1705,822,2010,152.99,ALL,ALL,ALL,0TO99
1648,773,2010,253.84,ALL,ALL,ALL,0TO99
1668,805,2010,143.41,ALL,ALL,ALL,0TO99
1676,795,2010,196.59,ALL,ALL,ALL,0TO99
1640,786,2010,197.92,ALL,ALL,ALL,0TO99
1712,826,2010,152.46,ALL,ALL,ALL,0TO99
1666,818,2010,136.71,ALL,ALL,ALL,0TO99
1642,773,2010,244.63,ALL,ALL,ALL,0TO99
1646,786,2010,197.92,ALL,ALL,ALL,0TO99
1664,791,2010,197.18,ALL,ALL,ALL,0TO99
1671,826,2010,1261.69,ALL,ALL,ALL,0TO99
1643,798,2010,67.51,ALL,ALL,ALL,0TO99
1631,775,2010,48.55,ALL,ALL,ALL,0TO99
1652,782,2010,57.36,ALL,ALL,ALL,0TO99
1667,774,2010,57.68,ALL,ALL,ALL,0TO99
1680,807,2010,130.19,ALL,ALL,ALL,0TO99
1670,797,2010,196.29,ALL,ALL,ALL,0TO99
1677,817,2010,136.83,ALL,ALL,ALL,0TO99
1678,830,2010,1253.43,ALL,ALL,ALL,0TO99
1685,833,2010,151.51,ALL,ALL,ALL,0TO99
1663,804,2010,145.00,ALL,ALL,ALL,0TO99
1659,815,2010,137.06,ALL,ALL,ALL,0TO99
1677,812,2010,137.40,ALL,ALL,ALL,0TO99
1669,778,2010,57.52,ALL,ALL,ALL,0TO99
1639,786,2010,197.92,ALL,ALL,ALL,0TO99
1668,802,2010,195.68,ALL,ALL,ALL,0TO99
1670,829,2010,1258.38,ALL,ALL,ALL,0TO99
1647,794,2010,196.74,ALL,ALL,ALL,0TO99
1649,800,2010,195.83,ALL,ALL,ALL,0TO99
1658,800,2010,195.83,ALL,ALL,ALL,0TO99
1646,798,2010,196.14,ALL,ALL,ALL,0TO99
1652,797,2010,196.29,ALL,ALL,ALL,0TO99
1666,820,2010,136.48,ALL,ALL,ALL,0TO99
1653,810,2010,134.98,ALL,ALL,ALL,0TO99
1701,822,2010,152.99,ALL,ALL,ALL,0TO99
1711,829,2010,158.59,ALL,ALL,ALL,0TO99
1664,826,2010,662.70,ALL,ALL,ALL,0TO99
1669,827,2010,1260.58,ALL,ALL,ALL,0TO99
1667,830,2010,1255.65,ALL,ALL,ALL,0TO99
1679,836,2010,1250.45,ALL,ALL,ALL,0TO99
1642,775,2010,57.64,ALL,ALL,ALL,0TO99
1660,808,2010,137.85,ALL,ALL,ALL,0TO99
1680,812,2010,131.22,ALL,ALL,ALL,0TO99
1686,831,2010,151.79,ALL,ALL,ALL,0TO99
1631,777,2010,36.57,ALL,ALL,ALL,0TO99
1660,776,2010,57.60,ALL,ALL,ALL,0TO99
1667,804,2010,194.45,ALL,ALL,ALL,0TO99
1680,794,2010,104.94,ALL,ALL,ALL,0TO99
1663,782,2010,57.36,ALL,ALL,ALL,0TO99
1675,800,2010,195.83,ALL,ALL,ALL,0TO99
1685,821,2010,123.63,ALL,ALL,ALL,0TO99
1663,801,2010,196.24,ALL,ALL,ALL,0TO99
1671,821,2010,150.03,ALL,ALL,ALL,0TO99
1639,783,2010,198.34,ALL,ALL,ALL,0TO99
1662,783,2010,57.31,ALL,ALL,ALL,0TO99
1670,791,2010,175.93,ALL,ALL,ALL,0TO99
1657,796,2010,196.44,ALL,ALL,ALL,0TO99
1657,808,2010,137.85,ALL,ALL,ALL,0TO99
1666,806,2010,138.07,ALL,ALL,ALL,0TO99
1680,799,2010,195.99,ALL,ALL,ALL,0TO99
1658,790,2010,57.02,ALL,ALL,ALL,0TO99
1672,835,2010,1251.56,ALL,ALL,ALL,0TO99
1662,780,2010,57.44,ALL,ALL,ALL,0TO99
1663,787,2010,57.15,ALL,ALL,ALL,0TO99
1668,790,2010,197.33,ALL,ALL,ALL,0TO99
1655,793,2010,196.89,ALL,ALL,ALL,0TO99
1689,828,2010,138.18,ALL,ALL,ALL,0TO99
1674,801,2010,196.24,ALL,ALL,ALL,0TO99
1689,833,2010,151.51,ALL,ALL,ALL,0TO99
1676,801,2010,196.24,ALL,ALL,ALL,0TO99
1678,818,2010,136.71,ALL,ALL,ALL,0TO99
1672,814,2010,137.18,ALL,ALL,ALL,0TO99
1693,822,2010,152.99,ALL,ALL,ALL,0TO99
1666,828,2010,1228.31,ALL,ALL,ALL,0TO99
1643,790,2010,197.33,ALL,ALL,ALL,0TO99
1656,793,2010,196.89,ALL,ALL,ALL,0TO99
1664,786,2010,57.19,ALL,ALL,ALL,0TO99
1707,826,2010,152.46,ALL,ALL,ALL,0TO99
1701,826,2010,152.46,ALL,ALL,ALL,0TO99
1655,815,2010,137.06,ALL,ALL,ALL,0TO99
1683,835,2010,151.24,ALL,ALL,ALL,0TO99
1674,810,2010,137.62,ALL,ALL,ALL,0TO99
1645,793,2010,196.89,ALL,ALL,ALL,0TO99
1672,822,2010,1237.35,ALL,ALL,ALL,0TO99
1695,833,2010,151.51,ALL,ALL,ALL,0TO99
1681,831,2010,151.79,ALL,ALL,ALL,0TO99
1704,835,2010,308.15,ALL,ALL,ALL,0TO99
1647,774,2010,57.68,ALL,ALL,ALL,0TO99
1645,780,2010,57.44,ALL,ALL,ALL,0TO99
1648,781,2010,62.39,ALL,ALL,ALL,0TO99
1649,776,2010,57.60,ALL,ALL,ALL,0TO99
1657,783,2010,57.31,ALL,ALL,ALL,0TO99
1688,832,2010,151.65,ALL,ALL,ALL,0TO99
1689,834,2010,151.38,ALL,ALL,ALL,0TO99
1649,774,2010,57.68,ALL,ALL,ALL,0TO99
1674,805,2010,138.18,ALL,ALL,ALL,0TO99
1668,833,2010,1103.99,ALL,ALL,ALL,0TO99
1659,798,2010,196.14,ALL,ALL,ALL,0TO99
1656,791,2010,74.94,ALL,ALL,ALL,0TO99
1678,800,2010,195.83,ALL,ALL,ALL,0TO99
1648,795,2010,196.59,ALL,ALL,ALL,0TO99
1667,812,2010,137.40,ALL,ALL,ALL,0TO99
1656,816,2010,136.95,ALL,ALL,ALL,0TO99
1688,827,2010,106.05,ALL,ALL,ALL,0TO99
1658,777,2010,57.56,ALL,ALL,ALL,0TO99
1672,817,2010,136.83,ALL,ALL,ALL,0TO99
1674,800,2010,195.83,ALL,ALL,ALL,0TO99
1688,835,2010,151.24,ALL,ALL,ALL,0TO99
1692,829,2010,151.31,ALL,ALL,ALL,0TO99
1679,831,2010,971.50,ALL,ALL,ALL,0TO99
1648,783,2010,83.97,ALL,ALL,ALL,0TO99
1659,777,2010,57.56,ALL,ALL,ALL,0TO99
1667,790,2010,197.33,ALL,ALL,ALL,0TO99
1655,812,2010,122.02,ALL,ALL,ALL,0TO99
1682,828,2010,143.70,ALL,ALL,ALL,0TO99
1661,797,2010,196.29,ALL,ALL,ALL,0TO99
1640,785,2010,198.06,ALL,ALL,ALL,0TO99
1672,808,2010,137.85,ALL,ALL,ALL,0TO99
1668,780,2010,57.44,ALL,ALL,ALL,0TO99
1674,815,2010,137.06,ALL,ALL,ALL,0TO99
1675,794,2010,171.51,ALL,ALL,ALL,0TO99
1677,815,2010,137.06,ALL,ALL,ALL,0TO99
1669,810,2010,137.62,ALL,ALL,ALL,0TO99
1669,813,2010,137.29,ALL,ALL,ALL,0TO99
1706,824,2010,152.73,ALL,ALL,ALL,0TO99
1682,829,2010,152.06,ALL,ALL,ALL,0TO99
1634,780,2010,57.44,ALL,ALL,ALL,0TO99
1638,775,2010,57.64,ALL,ALL,ALL,0TO99
1642,776,2010,57.60,ALL,ALL,ALL,0TO99
1641,782,2010,193.84,ALL,ALL,ALL,0TO99
1652,793,2010,196.89,ALL,ALL,ALL,0TO99
1652,794,2010,196.74,ALL,ALL,ALL,0TO99
1641,791,2010,197.18,ALL,ALL,ALL,0TO99
1676,803,2010,195.39,ALL,ALL,ALL,0TO99
1678,834,2010,1252.75,ALL,ALL,ALL,0TO99
1685,829,2010,91.27,ALL,ALL,ALL,0TO99
1691,834,2010,151.38,ALL,ALL,ALL,0TO99
1669,781,2010,56.18,ALL,ALL,ALL,0TO99
1680,822,2010,152.99,ALL,ALL,ALL,0TO99
1708,834,2010,293.52,ALL,ALL,ALL,0TO99
1668,806,2010,138.07,ALL,ALL,ALL,0TO99
1668,815,2010,137.06,ALL,ALL,ALL,0TO99
1638,776,2010,57.60,ALL,ALL,ALL,0TO99
1673,834,2010,1252.75,ALL,ALL,ALL,0TO99
1659,790,2010,57.02,ALL,ALL,ALL,0TO99
1664,781,2010,57.40,ALL,ALL,ALL,0TO99
1672,794,2010,196.74,ALL,ALL,ALL,0TO99
1692,834,2010,151.38,ALL,ALL,ALL,0TO99
1709,820,2010,153.25,ALL,ALL,ALL,0TO99
1671,797,2010,196.29,ALL,ALL,ALL,0TO99
1659,792,2010,197.04,ALL,ALL,ALL,0TO99
1672,799,2010,195.99,ALL,ALL,ALL,0TO99
1675,824,2010,581.16,ALL,ALL,ALL,0TO99
1666,790,2010,197.33,ALL,ALL,ALL,0TO99
1641,779,2010,57.48,ALL,ALL,ALL,0TO99
1652,796,2010,196.44,ALL,ALL,ALL,0TO99
1665,806,2010,138.07,ALL,ALL,ALL,0TO99
1666,826,2010,1261.69,ALL,ALL,ALL,0TO99
1655,776,2010,57.60,ALL,ALL,ALL,0TO99
1659,805,2010,138.18,ALL,ALL,ALL,0TO99
1644,796,2010,196.44,ALL,ALL,ALL,0TO99
1641,794,2010,134.01,ALL,ALL,ALL,0TO99
1642,783,2010,198.34,ALL,ALL,ALL,0TO99
1663,806,2010,138.07,ALL,ALL,ALL,0TO99
1662,815,2010,137.06,ALL,ALL,ALL,0TO99
1658,817,2010,136.83,ALL,ALL,ALL,0TO99
1675,804,2010,147.42,ALL,ALL,ALL,0TO99
1682,835,2010,177.13,ALL,ALL,ALL,0TO99
1654,782,2010,57.36,ALL,ALL,ALL,0TO99
1649,804,2010,178.22,ALL,ALL,ALL,0TO99
1686,827,2010,127.90,ALL,ALL,ALL,0TO99
1692,825,2010,152.59,ALL,ALL,ALL,0TO99
1668,773,2010,98.42,ALL,ALL,ALL,0TO99
1681,833,2010,151.51,ALL,ALL,ALL,0TO99
1646,782,2010,192.94,ALL,ALL,ALL,0TO99
1659,810,2010,137.62,ALL,ALL,ALL,0TO99
1680,817,2010,132.11,ALL,ALL,ALL,0TO99
1661,823,2010,136.13,ALL,ALL,ALL,0TO99
1653,798,2010,196.14,ALL,ALL,ALL,0TO99
1639,779,2010,59.37,ALL,ALL,ALL,0TO99
1676,808,2010,129.23,ALL,ALL,ALL,0TO99
1710,831,2010,213.88,ALL,ALL,ALL,0TO99
1672,797,2010,196.29,ALL,ALL,ALL,0TO99
1653,791,2010,60.53,ALL,ALL,ALL,0TO99
1653,804,2010,169.36,ALL,ALL,ALL,0TO99
1666,819,2010,136.60,ALL,ALL,ALL,0TO99
1670,776,2010,37.67,ALL,ALL,ALL,0TO99
1684,836,2010,151.10,ALL,ALL,ALL,0TO99
1643,773,2010,246.87,ALL,ALL,ALL,0TO99
1670,775,2010,74.06,ALL,ALL,ALL,0TO99
1660,812,2010,137.40,ALL,ALL,ALL,0TO99
1663,822,2010,136.25,ALL,ALL,ALL,0TO99
1659,794,2010,196.74,ALL,ALL,ALL,0TO99
1663,808,2010,137.85,ALL,ALL,ALL,0TO99
1680,831,2010,173.10,ALL,ALL,ALL,0TO99
1657,821,2010,136.37,ALL,ALL,ALL,0TO99
1664,799,2010,195.99,ALL,ALL,ALL,0TO99
1678,817,2010,136.83,ALL,ALL,ALL,0TO99
1679,828,2010,152.19,ALL,ALL,ALL,0TO99
1669,822,2010,152.94,ALL,ALL,ALL,0TO99
1678,802,2010,195.68,ALL,ALL,ALL,0TO99
1650,791,2010,56.98,ALL,ALL,ALL,0TO99
1708,832,2010,151.68,ALL,ALL,ALL,0TO99
1638,783,2010,198.34,ALL,ALL,ALL,0TO99
1664,814,2010,137.18,ALL,ALL,ALL,0TO99
1678,803,2010,195.39,ALL,ALL,ALL,0TO99
1656,784,2010,57.27,ALL,ALL,ALL,0TO99
1676,825,2010,154.86,ALL,ALL,ALL,0TO99
1650,780,2010,57.44,ALL,ALL,ALL,0TO99
1667,807,2010,137.96,ALL,ALL,ALL,0TO99
1709,824,2010,152.73,ALL,ALL,ALL,0TO99
1709,836,2010,307.87,ALL,ALL,ALL,0TO99
1655,799,2010,195.99,ALL,ALL,ALL,0TO99
1634,777,2010,57.56,ALL,ALL,ALL,0TO99
1693,835,2010,151.24,ALL,ALL,ALL,0TO99
1652,787,2010,57.15,ALL,ALL,ALL,0TO99
1633,773,2010,202.34,ALL,ALL,ALL,0TO99
1659,782,2010,57.36,ALL,ALL,ALL,0TO99
1642,788,2010,197.62,ALL,ALL,ALL,0TO99
1679,822,2010,152.99,ALL,ALL,ALL,0TO99
1651,787,2010,57.15,ALL,ALL,ALL,0TO99
1644,789,2010,197.48,ALL,ALL,ALL,0TO99
1635,779,2010,57.48,ALL,ALL,ALL,0TO99
1669,777,2010,57.56,ALL,ALL,ALL,0TO99
1707,823,2010,152.86,ALL,ALL,ALL,0TO99
1652,800,2010,195.83,ALL,ALL,ALL,0TO99
1671,803,2010,195.39,ALL,ALL,ALL,0TO99
1674,836,2010,1112.19,ALL,ALL,ALL,0TO99
1671,823,2010,1264.98,ALL,ALL,ALL,0TO99
1700,826,2010,152.46,ALL,ALL,ALL,0TO99
1676,807,2010,137.96,ALL,ALL,ALL,0TO99
1650,802,2010,195.68,ALL,ALL,ALL,0TO99
1659,806,2010,138.07,ALL,ALL,ALL,0TO99
1660,810,2010,137.62,ALL,ALL,ALL,0TO99
1675,832,2010,1254.99,ALL,ALL,ALL,0TO99
1657,773,2010,245.90,ALL,ALL,ALL,0TO99
1661,782,2010,57.36,ALL,ALL,ALL,0TO99
1668,828,2010,1259.46,ALL,ALL,ALL,0TO99
1678,821,2010,153.12,ALL,ALL,ALL,0TO99
1705,828,2010,152.19,ALL,ALL,ALL,0TO99
1707,822,2010,152.99,ALL,ALL,ALL,0TO99
1686,832,2010,151.65,ALL,ALL,ALL,0TO99
1669,815,2010,137.06,ALL,ALL,ALL,0TO99
1645,784,2010,198.20,ALL,ALL,ALL,0TO99
1667,816,2010,136.95,ALL,ALL,ALL,0TO99
1687,828,2010,116.76,ALL,ALL,ALL,0TO99
1671,836,2010,1213.90,ALL,ALL,ALL,0TO99
1667,789,2010,197.48,ALL,ALL,ALL,0TO99
1693,831,2010,86.53,ALL,ALL,ALL,0TO99
1661,794,2010,196.74,ALL,ALL,ALL,0TO99
1644,791,2010,197.18,ALL,ALL,ALL,0TO99
1711,826,2010,152.46,ALL,ALL,ALL,0TO99
1675,825,2010,929.47,ALL,ALL,ALL,0TO99
1641,793,2010,192.65,ALL,ALL,ALL,0TO99
1660,781,2010,57.40,ALL,ALL,ALL,0TO99
1693,820,2010,153.25,ALL,ALL,ALL,0TO99
1650,774,2010,57.68,ALL,ALL,ALL,0TO99
1678,825,2010,152.59,ALL,ALL,ALL,0TO99
1709,821,2010,153.12,ALL,ALL,ALL,0TO99
1665,774,2010,57.68,ALL,ALL,ALL,0TO99
1652,783,2010,57.31,ALL,ALL,ALL,0TO99
1662,778,2010,57.52,ALL,ALL,ALL,0TO99
1639,789,2010,146.73,ALL,ALL,ALL,0TO99
1640,788,2010,197.62,ALL,ALL,ALL,0TO99
1692,831,2010,109.81,ALL,ALL,ALL,0TO99
1664,813,2010,137.29,ALL,ALL,ALL,0TO99
1690,827,2010,152.33,ALL,ALL,ALL,0TO99
1672,807,2010,120.34,ALL,ALL,ALL,0TO99
1689,826,2010,151.27,ALL,ALL,ALL,0TO99
1640,780,2010,135.42,ALL,ALL,ALL,0TO99
1673,798,2010,196.14,ALL,ALL,ALL,0TO99
1667,811,2010,137.52,ALL,ALL,ALL,0TO99
1691,833,2010,151.51,ALL,ALL,ALL,0TO99
1650,784,2010,57.27,ALL,ALL,ALL,0TO99
1660,803,2010,195.39,ALL,ALL,ALL,0TO99
1660,785,2010,57.23,ALL,ALL,ALL,0TO99
1672,832,2010,1254.99,ALL,ALL,ALL,0TO99
1656,803,2010,195.39,ALL,ALL,ALL,0TO99
1664,795,2010,196.59,ALL,ALL,ALL,0TO99
1653,774,2010,57.68,ALL,ALL,ALL,0TO99
1654,784,2010,57.27,ALL,ALL,ALL,0TO99
1711,824,2010,152.73,ALL,ALL,ALL,0TO99
1686,822,2010,145.28,ALL,ALL,ALL,0TO99
1662,777,2010,57.56,ALL,ALL,ALL,0TO99
1663,820,2010,136.48,ALL,ALL,ALL,0TO99
1641,790,2010,197.33,ALL,ALL,ALL,0TO99
1662,788,2010,57.11,ALL,ALL,ALL,0TO99
1662,790,2010,151.14,ALL,ALL,ALL,0TO99
1677,810,2010,133.80,ALL,ALL,ALL,0TO99
1670,826,2010,1261.69,ALL,ALL,ALL,0TO99
1699,830,2010,79.19,ALL,ALL,ALL,0TO99
1707,820,2010,153.25,ALL,ALL,ALL,0TO99
1643,786,2010,197.92,ALL,ALL,ALL,0TO99
1657,781,2010,57.40,ALL,ALL,ALL,0TO99
1675,807,2010,132.78,ALL,ALL,ALL,0TO99
1700,830,2010,103.76,ALL,ALL,ALL,0TO99
1639,773,2010,232.65,ALL,ALL,ALL,0TO99
1677,836,2010,1250.45,ALL,ALL,ALL,0TO99
1669,788,2010,151.02,ALL,ALL,ALL,0TO99
1677,802,2010,195.68,ALL,ALL,ALL,0TO99
1647,783,2010,197.18,ALL,ALL,ALL,0TO99
1666,782,2010,57.36,ALL,ALL,ALL,0TO99
1713,823,2010,151.31,ALL,ALL,ALL,0TO99
1670,802,2010,195.68,ALL,ALL,ALL,0TO99
1658,784,2010,57.27,ALL,ALL,ALL,0TO99
1679,824,2010,152.73,ALL,ALL,ALL,0TO99
1709,825,2010,152.59,ALL,ALL,ALL,0TO99
1689,830,2010,106.66,ALL,ALL,ALL,0TO99
1697,833,2010,151.51,ALL,ALL,ALL,0TO99
1709,834,2010,308.43,ALL,ALL,ALL,0TO99
1680,798,2010,196.14,ALL,ALL,ALL,0TO99
1713,825,2010,150.97,ALL,ALL,ALL,0TO99
1651,778,2010,57.52,ALL,ALL,ALL,0TO99
1665,799,2010,195.99,ALL,ALL,ALL,0TO99
1665,803,2010,195.25,ALL,ALL,ALL,0TO99
1678,796,2010,196.44,ALL,ALL,ALL,0TO99
1688,836,2010,151.10,ALL,ALL,ALL,0TO99
1639,780,2010,106.68,ALL,ALL,ALL,0TO99
1663,773,2010,104.31,ALL,ALL,ALL,0TO99
1662,800,2010,195.83,ALL,ALL,ALL,0TO99
1706,825,2010,152.59,ALL,ALL,ALL,0TO99
1689,835,2010,151.24,ALL,ALL,ALL,0TO99
1647,802,2010,166.95,ALL,ALL,ALL,0TO99
1705,824,2010,152.73,ALL,ALL,ALL,0TO99
1670,809,2010,137.74,ALL,ALL,ALL,0TO99
1713,836,2010,305.59,ALL,ALL,ALL,0TO99
1657,791,2010,68.24,ALL,ALL,ALL,0TO99
1666,814,2010,137.18,ALL,ALL,ALL,0TO99
1712,828,2010,152.29,ALL,ALL,ALL,0TO99
1667,784,2010,57.27,ALL,ALL,ALL,0TO99
1673,825,2010,1262.77,ALL,ALL,ALL,0TO99
1641,775,2010,57.64,ALL,ALL,ALL,0TO99
1691,822,2010,152.99,ALL,ALL,ALL,0TO99
1649,785,2010,57.23,ALL,ALL,ALL,0TO99
1665,785,2010,57.23,ALL,ALL,ALL,0TO99
1668,829,2010,1258.38,ALL,ALL,ALL,0TO99
1676,804,2010,155.55,ALL,ALL,ALL,0TO99
1655,803,2010,194.56,ALL,ALL,ALL,0TO99
1675,813,2010,137.29,ALL,ALL,ALL,0TO99
1693,829,2010,151.49,ALL,ALL,ALL,0TO99
1662,816,2010,136.95,ALL,ALL,ALL,0TO99
1667,795,2010,196.59,ALL,ALL,ALL,0TO99
1633,781,2010,52.01,ALL,ALL,ALL,0TO99
1678,801,2010,196.24,ALL,ALL,ALL,0TO99
1641,784,2010,198.20,ALL,ALL,ALL,0TO99
1666,816,2010,136.95,ALL,ALL,ALL,0TO99
1674,822,2010,1266.08,ALL,ALL,ALL,0TO99
1674,798,2010,196.14,ALL,ALL,ALL,0TO99
1674,831,2010,1256.12,ALL,ALL,ALL,0TO99
1676,799,2010,195.99,ALL,ALL,ALL,0TO99
1694,827,2010,152.33,ALL,ALL,ALL,0TO99
1678,820,2010,151.22,ALL,ALL,ALL,0TO99
1674,829,2010,1258.38,ALL,ALL,ALL,0TO99
1650,781,2010,57.40,ALL,ALL,ALL,0TO99
1681,830,2010,151.92,ALL,ALL,ALL,0TO99
1648,782,2010,127.08,ALL,ALL,ALL,0TO99
1654,813,2010,137.29,ALL,ALL,ALL,0TO99
1670,832,2010,1254.99,ALL,ALL,ALL,0TO99
1700,825,2010,152.59,ALL,ALL,ALL,0TO99
1664,817,2010,136.83,ALL,ALL,ALL,0TO99
1689,821,2010,153.12,ALL,ALL,ALL,0TO99
1645,800,2010,169.29,ALL,ALL,ALL,0TO99
1660,822,2010,121.63,ALL,ALL,ALL,0TO99
1651,776,2010,57.60,ALL,ALL,ALL,0TO99
1662,776,2010,57.60,ALL,ALL,ALL,0TO99
1663,803,2010,191.17,ALL,ALL,ALL,0TO99
1687,831,2010,151.79,ALL,ALL,ALL,0TO99
1644,777,2010,57.56,ALL,ALL,ALL,0TO99
1705,833,2010,205.99,ALL,ALL,ALL,0TO99
1699,828,2010,152.19,ALL,ALL,ALL,0TO99
1679,829,2010,210.53,ALL,ALL,ALL,0TO99
1687,827,2010,124.44,ALL,ALL,ALL,0TO99
1679,805,2010,138.18,ALL,ALL,ALL,0TO99
1680,827,2010,152.33,ALL,ALL,ALL,0TO99
1657,775,2010,57.64,ALL,ALL,ALL,0TO99
1632,776,2010,57.60,ALL,ALL,ALL,0TO99
1674,813,2010,137.29,ALL,ALL,ALL,0TO99
1668,795,2010,196.59,ALL,ALL,ALL,0TO99
1674,821,2010,1261.41,ALL,ALL,ALL,0TO99
1700,828,2010,152.19,ALL,ALL,ALL,0TO99
1666,784,2010,57.27,ALL,ALL,ALL,0TO99
1671,835,2010,1251.56,ALL,ALL,ALL,0TO99
1671,804,2010,191.76,ALL,ALL,ALL,0TO99
1659,787,2010,57.15,ALL,ALL,ALL,0TO99
1659,812,2010,137.40,ALL,ALL,ALL,0TO99
1653,782,2010,57.36,ALL,ALL,ALL,0TO99
1671,815,2010,137.06,ALL,ALL,ALL,0TO99
1656,775,2010,57.64,ALL,ALL,ALL,0TO99
1685,830,2010,151.27,ALL,ALL,ALL,0TO99
1637,778,2010,57.52,ALL,ALL,ALL,0TO99
1683,827,2010,131.09,ALL,ALL,ALL,0TO99
1654,812,2010,136.94,ALL,ALL,ALL,0TO99
1660,815,2010,137.06,ALL,ALL,ALL,0TO99
1672,833,2010,1253.85,ALL,ALL,ALL,0TO99
1705,834,2010,307.61,ALL,ALL,ALL,0TO99
1661,818,2010,136.71,ALL,ALL,ALL,0TO99
1684,826,2010,136.10,ALL,ALL,ALL,0TO99
1693,828,2010,136.81,ALL,ALL,ALL,0TO99
1656,787,2010,57.15,ALL,ALL,ALL,0TO99
1669,792,2010,197.04,ALL,ALL,ALL,0TO99
1669,825,2010,1262.77,ALL,ALL,ALL,0TO99
1646,793,2010,196.89,ALL,ALL,ALL,0TO99
1647,788,2010,197.62,ALL,ALL,ALL,0TO99
1689,823,2010,152.86,ALL,ALL,ALL,0TO99
1668,774,2010,57.68,ALL,ALL,ALL,0TO99
1683,821,2010,153.12,ALL,ALL,ALL,0TO99
1691,832,2010,151.65,ALL,ALL,ALL,0TO99
1645,786,2010,197.92,ALL,ALL,ALL,0TO99
1660,805,2010,138.18,ALL,ALL,ALL,0TO99
1680,801,2010,189.40,ALL,ALL,ALL,0TO99
1712,833,2010,308.71,ALL,ALL,ALL,0TO99
1713,830,2010,305.98,ALL,ALL,ALL,0TO99
1659,811,2010,137.52,ALL,ALL,ALL,0TO99
1661,817,2010,136.83,ALL,ALL,ALL,0TO99
1647,775,2010,57.64,ALL,ALL,ALL,0TO99
1670,834,2010,1252.75,ALL,ALL,ALL,0TO99
1675,799,2010,195.99,ALL,ALL,ALL,0TO99
1636,783,2010,82.77,ALL,ALL,ALL,0TO99
1646,777,2010,57.56,ALL,ALL,ALL,0TO99
1702,833,2010,151.51,ALL,ALL,ALL,0TO99
1657,805,2010,138.18,ALL,ALL,ALL,0TO99
1655,795,2010,196.59,ALL,ALL,ALL,0TO99
1665,801,2010,196.24,ALL,ALL,ALL,0TO99
1671,833,2010,1253.85,ALL,ALL,ALL,0TO99
1656,814,2010,137.18,ALL,ALL,ALL,0TO99
1679,834,2010,1252.75,ALL,ALL,ALL,0TO99
1707,833,2010,205.46,ALL,ALL,ALL,0TO99
1701,829,2010,148.47,ALL,ALL,ALL,0TO99
1656,786,2010,57.19,ALL,ALL,ALL,0TO99
1677,823,2010,152.86,ALL,ALL,ALL,0TO99
1674,820,2010,638.94,ALL,ALL,ALL,0TO99
1676,823,2010,152.86,ALL,ALL,ALL,0TO99
1663,805,2010,138.18,ALL,ALL,ALL,0TO99
1672,824,2010,1263.91,ALL,ALL,ALL,0TO99
1682,820,2010,153.25,ALL,ALL,ALL,0TO99
1666,822,2010,136.25,ALL,ALL,ALL,0TO99
1673,811,2010,137.52,ALL,ALL,ALL,0TO99
1696,825,2010,152.59,ALL,ALL,ALL,0TO99
1638,779,2010,57.48,ALL,ALL,ALL,0TO99
1668,822,2010,136.25,ALL,ALL,ALL,0TO99
1670,794,2010,196.74,ALL,ALL,ALL,0TO99
1659,821,2010,136.15,ALL,ALL,ALL,0TO99
1652,804,2010,195.24,ALL,ALL,ALL,0TO99
1655,816,2010,136.95,ALL,ALL,ALL,0TO99
1673,812,2010,137.40,ALL,ALL,ALL,0TO99
1677,814,2010,137.18,ALL,ALL,ALL,0TO99
1668,800,2010,195.83,ALL,ALL,ALL,0TO99
1644,778,2010,57.52,ALL,ALL,ALL,0TO99
1658,775,2010,57.64,ALL,ALL,ALL,0TO99
1704,829,2010,152.06,ALL,ALL,ALL,0TO99
1651,805,2010,174.30,ALL,ALL,ALL,0TO99
1667,803,2010,195.39,ALL,ALL,ALL,0TO99
1653,792,2010,177.38,ALL,ALL,ALL,0TO99
1650,779,2010,57.48,ALL,ALL,ALL,0TO99
1660,807,2010,137.96,ALL,ALL,ALL,0TO99
1655,784,2010,57.27,ALL,ALL,ALL,0TO99
1661,798,2010,196.14,ALL,ALL,ALL,0TO99
1683,834,2010,151.38,ALL,ALL,ALL,0TO99
1685,824,2010,152.73,ALL,ALL,ALL,0TO99
1669,834,2010,1252.75,ALL,ALL,ALL,0TO99
1677,797,2010,196.29,ALL,ALL,ALL,0TO99
1657,778,2010,57.52,ALL,ALL,ALL,0TO99
1670,810,2010,137.62,ALL,ALL,ALL,0TO99
1648,799,2010,195.99,ALL,ALL,ALL,0TO99
1669,828,2010,1259.46,ALL,ALL,ALL,0TO99
1653,780,2010,57.44,ALL,ALL,ALL,0TO99
1632,777,2010,57.56,ALL,ALL,ALL,0TO99
1671,813,2010,137.29,ALL,ALL,ALL,0TO99
1673,801,2010,171.84,ALL,ALL,ALL,0TO99
1713,832,2010,305.25,ALL,ALL,ALL,0TO99
1690,823,2010,152.86,ALL,ALL,ALL,0TO99
1711,835,2010,308.15,ALL,ALL,ALL,0TO99
1676,826,2010,456.91,ALL,ALL,ALL,0TO99
1662,797,2010,196.29,ALL,ALL,ALL,0TO99
1661,807,2010,137.96,ALL,ALL,ALL,0TO99
1710,836,2010,307.87,ALL,ALL,ALL,0TO99
1676,811,2010,137.52,ALL,ALL,ALL,0TO99
1654,802,2010,195.68,ALL,ALL,ALL,0TO99
1669,803,2010,195.39,ALL,ALL,ALL,0TO99
1678,815,2010,137.06,ALL,ALL,ALL,0TO99
1677,803,2010,195.39,ALL,ALL,ALL,0TO99
1647,799,2010,195.99,ALL,ALL,ALL,0TO99
1649,790,2010,145.28,ALL,ALL,ALL,0TO99
1646,792,2010,197.04,ALL,ALL,ALL,0TO99
1669,806,2010,138.07,ALL,ALL,ALL,0TO99
1634,779,2010,57.48,ALL,ALL,ALL,0TO99
1666,787,2010,57.15,ALL,ALL,ALL,0TO99
1655,781,2010,57.40,ALL,ALL,ALL,0TO99
1656,773,2010,250.15,ALL,ALL,ALL,0TO99
1659,773,2010,107.38,ALL,ALL,ALL,0TO99
1672,818,2010,136.71,ALL,ALL,ALL,0TO99
1673,813,2010,137.29,ALL,ALL,ALL,0TO99
1703,826,2010,152.46,ALL,ALL,ALL,0TO99
1658,794,2010,196.74,ALL,ALL,ALL,0TO99
1697,824,2010,152.73,ALL,ALL,ALL,0TO99
1647,801,2010,196.24,ALL,ALL,ALL,0TO99
1655,786,2010,57.19,ALL,ALL,ALL,0TO99
1668,776,2010,57.60,ALL,ALL,ALL,0TO99
1668,789,2010,197.48,ALL,ALL,ALL,0TO99
1668,787,2010,65.29,ALL,ALL,ALL,0TO99
1665,788,2010,59.73,ALL,ALL,ALL,0TO99
1675,795,2010,196.59,ALL,ALL,ALL,0TO99
1646,796,2010,196.44,ALL,ALL,ALL,0TO99
1640,776,2010,57.60,ALL,ALL,ALL,0TO99
1672,811,2010,137.52,ALL,ALL,ALL,0TO99
1643,792,2010,197.04,ALL,ALL,ALL,0TO99
1703,822,2010,152.99,ALL,ALL,ALL,0TO99
1665,810,2010,137.62,ALL,ALL,ALL,0TO99
1673,827,2010,1260.58,ALL,ALL,ALL,0TO99
1641,774,2010,57.68,ALL,ALL,ALL,0TO99
1657,801,2010,196.24,ALL,ALL,ALL,0TO99
1665,795,2010,196.59,ALL,ALL,ALL,0TO99
1661,802,2010,195.68,ALL,ALL,ALL,0TO99
1647,798,2010,196.14,ALL,ALL,ALL,0TO99
1670,820,2010,136.48,ALL,ALL,ALL,0TO99
1655,813,2010,133.87,ALL,ALL,ALL,0TO99
1677,794,2010,150.76,ALL,ALL,ALL,0TO99
1704,820,2010,153.25,ALL,ALL,ALL,0TO99
1654,807,2010,103.02,ALL,ALL,ALL,0TO99
1668,797,2010,196.29,ALL,ALL,ALL,0TO99
1635,777,2010,57.56,ALL,ALL,ALL,0TO99
1663,777,2010,57.56,ALL,ALL,ALL,0TO99
1680,816,2010,132.35,ALL,ALL,ALL,0TO99
1664,779,2010,57.48,ALL,ALL,ALL,0TO99
1667,785,2010,57.23,ALL,ALL,ALL,0TO99
1671,812,2010,137.40,ALL,ALL,ALL,0TO99
1680,803,2010,186.91,ALL,ALL,ALL,0TO99
1685,834,2010,151.38,ALL,ALL,ALL,0TO99
1673,799,2010,195.99,ALL,ALL,ALL,0TO99
1689,822,2010,152.99,ALL,ALL,ALL,0TO99
1670,805,2010,141.12,ALL,ALL,ALL,0TO99
1669,780,2010,57.42,ALL,ALL,ALL,0TO99
1668,793,2010,196.89,ALL,ALL,ALL,0TO99
1659,779,2010,57.48,ALL,ALL,ALL,0TO99
1643,783,2010,198.34,ALL,ALL,ALL,0TO99
1700,829,2010,127.11,ALL,ALL,ALL,0TO99
1645,779,2010,57.48,ALL,ALL,ALL,0TO99
1679,825,2010,152.59,ALL,ALL,ALL,0TO99
1694,835,2010,151.24,ALL,ALL,ALL,0TO99
1658,816,2010,136.95,ALL,ALL,ALL,0TO99
1670,825,2010,1262.77,ALL,ALL,ALL,0TO99
1664,778,2010,57.52,ALL,ALL,ALL,0TO99
1666,821,2010,136.37,ALL,ALL,ALL,0TO99
1669,779,2010,57.48,ALL,ALL,ALL,0TO99
1707,830,2010,151.92,ALL,ALL,ALL,0TO99
1664,783,2010,57.31,ALL,ALL,ALL,0TO99
1665,814,2010,137.18,ALL,ALL,ALL,0TO99
1665,811,2010,137.52,ALL,ALL,ALL,0TO99
1667,818,2010,136.71,ALL,ALL,ALL,0TO99
1656,819,2010,135.87,ALL,ALL,ALL,0TO99
1674,832,2010,1254.99,ALL,ALL,ALL,0TO99
1671,831,2010,1256.12,ALL,ALL,ALL,0TO99
1680,811,2010,130.94,ALL,ALL,ALL,0TO99
1688,821,2010,153.12,ALL,ALL,ALL,0TO99
1704,830,2010,151.92,ALL,ALL,ALL,0TO99
1654,800,2010,195.83,ALL,ALL,ALL,0TO99
1670,812,2010,137.40,ALL,ALL,ALL,0TO99
1648,786,2010,176.30,ALL,ALL,ALL,0TO99
1687,830,2010,131.94,ALL,ALL,ALL,0TO99
1661,803,2010,195.39,ALL,ALL,ALL,0TO99
1663,783,2010,57.31,ALL,ALL,ALL,0TO99
1648,778,2010,57.52,ALL,ALL,ALL,0TO99
1677,830,2010,1257.21,ALL,ALL,ALL,0TO99
1665,789,2010,165.47,ALL,ALL,ALL,0TO99
1707,829,2010,152.06,ALL,ALL,ALL,0TO99
1664,821,2010,136.37,ALL,ALL,ALL,0TO99
1713,820,2010,151.21,ALL,ALL,ALL,0TO99
1647,787,2010,197.77,ALL,ALL,ALL,0TO99
1654,787,2010,57.15,ALL,ALL,ALL,0TO99
1672,836,2010,773.34,ALL,ALL,ALL,0TO99
1711,821,2010,153.12,ALL,ALL,ALL,0TO99
1691,830,2010,129.88,ALL,ALL,ALL,0TO99
1672,816,2010,136.95,ALL,ALL,ALL,0TO99
1635,776,2010,57.60,ALL,ALL,ALL,0TO99
1681,824,2010,152.73,ALL,ALL,ALL,0TO99
1672,796,2010,196.44,ALL,ALL,ALL,0TO99
1651,798,2010,196.14,ALL,ALL,ALL,0TO99
1643,785,2010,198.06,ALL,ALL,ALL,0TO99
1670,798,2010,196.14,ALL,ALL,ALL,0TO99
1676,835,2010,1251.56,ALL,ALL,ALL,0TO99
1664,812,2010,137.40,ALL,ALL,ALL,0TO99
1653,811,2010,137.52,ALL,ALL,ALL,0TO99
1668,794,2010,196.74,ALL,ALL,ALL,0TO99
1684,830,2010,151.92,ALL,ALL,ALL,0TO99
1652,789,2010,57.06,ALL,ALL,ALL,0TO99
1665,790,2010,197.33,ALL,ALL,ALL,0TO99
1700,835,2010,157.23,ALL,ALL,ALL,0TO99
1696,826,2010,152.46,ALL,ALL,ALL,0TO99
1658,820,2010,136.48,ALL,ALL,ALL,0TO99
1663,798,2010,196.14,ALL,ALL,ALL,0TO99
1672,825,2010,1262.77,ALL,ALL,ALL,0TO99
1679,803,2010,195.39,ALL,ALL,ALL,0TO99
1660,796,2010,196.44,ALL,ALL,ALL,0TO99
1670,836,2010,1250.33,ALL,ALL,ALL,0TO99
1651,780,2010,57.44,ALL,ALL,ALL,0TO99
1697,835,2010,151.24,ALL,ALL,ALL,0TO99
1643,797,2010,136.05,ALL,ALL,ALL,0TO99
1647,773,2010,252.95,ALL,ALL,ALL,0TO99
1666,803,2010,195.39,ALL,ALL,ALL,0TO99
1671,817,2010,136.83,ALL,ALL,ALL,0TO99
1677,819,2010,145.38,ALL,ALL,ALL,0TO99
1690,835,2010,151.24,ALL,ALL,ALL,0TO99
1697,825,2010,152.59,ALL,ALL,ALL,0TO99
1653,776,2010,57.60,ALL,ALL,ALL,0TO99
1638,782,2010,186.95,ALL,ALL,ALL,0TO99
1645,776,2010,57.60,ALL,ALL,ALL,0TO99
1653,773,2010,250.64,ALL,ALL,ALL,0TO99
1656,782,2010,57.36,ALL,ALL,ALL,0TO99
1664,782,2010,57.36,ALL,ALL,ALL,0TO99
1678,832,2010,1254.99,ALL,ALL,ALL,0TO99
1663,819,2010,136.60,ALL,ALL,ALL,0TO99
1678,824,2010,152.73,ALL,ALL,ALL,0TO99
1674,809,2010,137.74,ALL,ALL,ALL,0TO99
1648,776,2010,57.60,ALL,ALL,ALL,0TO99
1638,780,2010,57.56,ALL,ALL,ALL,0TO99
1656,781,2010,57.40,ALL,ALL,ALL,0TO99
1668,778,2010,57.52,ALL,ALL,ALL,0TO99
1673,823,2010,1264.98,ALL,ALL,ALL,0TO99
1674,828,2010,1259.46,ALL,ALL,ALL,0TO99
1667,778,2010,57.52,ALL,ALL,ALL,0TO99
1713,824,2010,151.15,ALL,ALL,ALL,0TO99
1669,787,2010,56.76,ALL,ALL,ALL,0TO99
1682,832,2010,151.65,ALL,ALL,ALL,0TO99
1698,829,2010,151.36,ALL,ALL,ALL,0TO99
1652,808,2010,73.01,ALL,ALL,ALL,0TO99
1668,832,2010,1247.09,ALL,ALL,ALL,0TO99
1645,790,2010,197.33,ALL,ALL,ALL,0TO99
1652,775,2010,57.64,ALL,ALL,ALL,0TO99
1705,836,2010,307.87,ALL,ALL,ALL,0TO99
1643,796,2010,194.26,ALL,ALL,ALL,0TO99
1665,809,2010,137.74,ALL,ALL,ALL,0TO99
1650,798,2010,196.14,ALL,ALL,ALL,0TO99
1703,820,2010,153.25,ALL,ALL,ALL,0TO99
1661,824,2010,117.71,ALL,ALL,ALL,0TO99
1676,827,2010,1113.60,ALL,ALL,ALL,0TO99
1688,830,2010,109.30,ALL,ALL,ALL,0TO99
1678,807,2010,137.96,ALL,ALL,ALL,0TO99
1689,827,2010,144.66,ALL,ALL,ALL,0TO99
1698,836,2010,151.14,ALL,ALL,ALL,0TO99
1679,830,2010,632.99,ALL,ALL,ALL,0TO99
1661,776,2010,57.60,ALL,ALL,ALL,0TO99
1668,812,2010,137.40,ALL,ALL,ALL,0TO99
1680,821,2010,153.12,ALL,ALL,ALL,0TO99
1662,791,2010,197.18,ALL,ALL,ALL,0TO99
1677,801,2010,196.24,ALL,ALL,ALL,0TO99
1655,779,2010,57.48,ALL,ALL,ALL,0TO99
1668,813,2010,137.29,ALL,ALL,ALL,0TO99
1669,826,2010,1261.69,ALL,ALL,ALL,0TO99
1658,804,2010,183.56,ALL,ALL,ALL,0TO99
1652,798,2010,196.14,ALL,ALL,ALL,0TO99
1663,823,2010,136.13,ALL,ALL,ALL,0TO99
1664,801,2010,196.24,ALL,ALL,ALL,0TO99
1636,773,2010,217.95,ALL,ALL,ALL,0TO99
1672,810,2010,137.62,ALL,ALL,ALL,0TO99
1690,831,2010,151.00,ALL,ALL,ALL,0TO99
1667,813,2010,137.29,ALL,ALL,ALL,0TO99
1648,791,2010,197.18,ALL,ALL,ALL,0TO99
1678,826,2010,152.46,ALL,ALL,ALL,0TO99
1693,825,2010,152.59,ALL,ALL,ALL,0TO99
1669,836,2010,912.41,ALL,ALL,ALL,0TO99
1702,824,2010,152.73,ALL,ALL,ALL,0TO99
1706,834,2010,308.44,ALL,ALL,ALL,0TO99
1652,780,2010,57.44,ALL,ALL,ALL,0TO99
1672,798,2010,196.14,ALL,ALL,ALL,0TO99
1657,810,2010,137.62,ALL,ALL,ALL,0TO99
1659,816,2010,136.95,ALL,ALL,ALL,0TO99
1683,823,2010,152.86,ALL,ALL,ALL,0TO99
1673,826,2010,1261.69,ALL,ALL,ALL,0TO99
1700,833,2010,151.51,ALL,ALL,ALL,0TO99
1658,791,2010,95.69,ALL,ALL,ALL,0TO99
1692,827,2010,145.99,ALL,ALL,ALL,0TO99
1670,803,2010,195.39,ALL,ALL,ALL,0TO99
1676,809,2010,85.11,ALL,ALL,ALL,0TO99
1667,780,2010,57.44,ALL,ALL,ALL,0TO99
1676,830,2010,1257.21,ALL,ALL,ALL,0TO99
1713,821,2010,151.28,ALL,ALL,ALL,0TO99
1659,802,2010,195.68,ALL,ALL,ALL,0TO99
1669,832,2010,1254.99,ALL,ALL,ALL,0TO99
1645,782,2010,188.94,ALL,ALL,ALL,0TO99
1680,833,2010,601.36,ALL,ALL,ALL,0TO99
1694,822,2010,152.99,ALL,ALL,ALL,0TO99
1664,822,2010,136.25,ALL,ALL,ALL,0TO99
1650,795,2010,196.59,ALL,ALL,ALL,0TO99
1651,796,2010,196.44,ALL,ALL,ALL,0TO99
1661,816,2010,136.95,ALL,ALL,ALL,0TO99
1648,785,2010,104.30,ALL,ALL,ALL,0TO99
1676,820,2010,777.23,ALL,ALL,ALL,0TO99
1659,800,2010,195.83,ALL,ALL,ALL,0TO99
1707,828,2010,152.19,ALL,ALL,ALL,0TO99
1671,807,2010,132.21,ALL,ALL,ALL,0TO99
1663,824,2010,136.02,ALL,ALL,ALL,0TO99
1675,796,2010,196.44,ALL,ALL,ALL,0TO99
1653,797,2010,196.29,ALL,ALL,ALL,0TO99
1667,825,2010,1262.77,ALL,ALL,ALL,0TO99
1677,834,2010,1252.75,ALL,ALL,ALL,0TO99
1671,795,2010,196.59,ALL,ALL,ALL,0TO99
1647,785,2010,198.04,ALL,ALL,ALL,0TO99
1631,773,2010,118.36,ALL,ALL,ALL,0TO99
1658,799,2010,195.99,ALL,ALL,ALL,0TO99
1692,822,2010,152.99,ALL,ALL,ALL,0TO99
1656,794,2010,196.74,ALL,ALL,ALL,0TO99
1645,788,2010,197.62,ALL,ALL,ALL,0TO99
1659,786,2010,57.19,ALL,ALL,ALL,0TO99
1656,812,2010,137.40,ALL,ALL,ALL,0TO99
1660,783,2010,57.31,ALL,ALL,ALL,0TO99
1647,797,2010,196.29,ALL,ALL,ALL,0TO99
1645,795,2010,196.59,ALL,ALL,ALL,0TO99
1660,821,2010,80.39,ALL,ALL,ALL,0TO99
1653,812,2010,136.28,ALL,ALL,ALL,0TO99
1705,825,2010,152.59,ALL,ALL,ALL,0TO99
1662,808,2010,137.85,ALL,ALL,ALL,0TO99
1684,825,2010,141.83,ALL,ALL,ALL,0TO99
1695,826,2010,152.46,ALL,ALL,ALL,0TO99
1677,833,2010,1253.85,ALL,ALL,ALL,0TO99
1677,805,2010,138.18,ALL,ALL,ALL,0TO99
1658,803,2010,195.39,ALL,ALL,ALL,0TO99
1713,833,2010,305.19,ALL,ALL,ALL,0TO99
1664,774,2010,57.68,ALL,ALL,ALL,0TO99
1673,820,2010,186.08,ALL,ALL,ALL,0TO99
1646,789,2010,197.48,ALL,ALL,ALL,0TO99
1668,792,2010,197.04,ALL,ALL,ALL,0TO99
1645,791,2010,197.18,ALL,ALL,ALL,0TO99
1657,806,2010,138.07,ALL,ALL,ALL,0TO99
1674,799,2010,195.99,ALL,ALL,ALL,0TO99
1640,791,2010,196.25,ALL,ALL,ALL,0TO99
1642,780,2010,57.44,ALL,ALL,ALL,0TO99
1655,787,2010,57.15,ALL,ALL,ALL,0TO99
1666,823,2010,136.13,ALL,ALL,ALL,0TO99
1643,774,2010,57.68,ALL,ALL,ALL,0TO99
1692,828,2010,121.72,ALL,ALL,ALL,0TO99
1708,822,2010,152.99,ALL,ALL,ALL,0TO99
1645,777,2010,57.56,ALL,ALL,ALL,0TO99
1675,810,2010,137.62,ALL,ALL,ALL,0TO99
1677,796,2010,196.44,ALL,ALL,ALL,0TO99
1709,830,2010,151.92,ALL,ALL,ALL,0TO99
1655,775,2010,57.64,ALL,ALL,ALL,0TO99
1711,831,2010,308.64,ALL,ALL,ALL,0TO99
1668,788,2010,179.01,ALL,ALL,ALL,0TO99
1701,835,2010,185.83,ALL,ALL,ALL,0TO99
1641,780,2010,57.48,ALL,ALL,ALL,0TO99
1659,778,2010,57.52,ALL,ALL,ALL,0TO99
1678,835,2010,1251.56,ALL,ALL,ALL,0TO99
1666,781,2010,57.40,ALL,ALL,ALL,0TO99
1672,828,2010,1259.46,ALL,ALL,ALL,0TO99
1654,790,2010,57.02,ALL,ALL,ALL,0TO99
1663,816,2010,136.95,ALL,ALL,ALL,0TO99
1684,820,2010,153.07,ALL,ALL,ALL,0TO99
1686,833,2010,151.51,ALL,ALL,ALL,0TO99
1676,802,2010,195.68,ALL,ALL,ALL,0TO99
1671,814,2010,137.18,ALL,ALL,ALL,0TO99
1665,779,2010,57.48,ALL,ALL,ALL,0TO99
1674,803,2010,194.77,ALL,ALL,ALL,0TO99
1710,830,2010,153.79,ALL,ALL,ALL,0TO99
1677,806,2010,138.07,ALL,ALL,ALL,0TO99
1660,813,2010,137.29,ALL,ALL,ALL,0TO99
1667,831,2010,1179.69,ALL,ALL,ALL,0TO99
1706,832,2010,151.65,ALL,ALL,ALL,0TO99
1666,805,2010,138.18,ALL,ALL,ALL,0TO99
1643,793,2010,196.89,ALL,ALL,ALL,0TO99
1663,810,2010,137.62,ALL,ALL,ALL,0TO99
1668,785,2010,57.23,ALL,ALL,ALL,0TO99
1670,804,2010,195.24,ALL,ALL,ALL,0TO99
1676,821,2010,245.35,ALL,ALL,ALL,0TO99
1640,787,2010,197.77,ALL,ALL,ALL,0TO99
1695,836,2010,151.10,ALL,ALL,ALL,0TO99
1698,822,2010,152.99,ALL,ALL,ALL,0TO99
1678,794,2010,136.38,ALL,ALL,ALL,0TO99
1653,803,2010,194.96,ALL,ALL,ALL,0TO99
1687,822,2010,152.99,ALL,ALL,ALL,0TO99
1669,773,2010,96.65,ALL,ALL,ALL,0TO99
1674,795,2010,196.59,ALL,ALL,ALL,0TO99
1702,826,2010,152.46,ALL,ALL,ALL,0TO99
1667,810,2010,137.62,ALL,ALL,ALL,0TO99
1675,831,2010,1256.12,ALL,ALL,ALL,0TO99
1701,820,2010,153.25,ALL,ALL,ALL,0TO99
1673,809,2010,137.74,ALL,ALL,ALL,0TO99
1687,832,2010,151.65,ALL,ALL,ALL,0TO99
1659,785,2010,57.23,ALL,ALL,ALL,0TO99
1653,813,2010,130.03,ALL,ALL,ALL,0TO99
1667,782,2010,57.36,ALL,ALL,ALL,0TO99
1681,828,2010,152.19,ALL,ALL,ALL,0TO99
1652,788,2010,57.11,ALL,ALL,ALL,0TO99
1702,834,2010,151.38,ALL,ALL,ALL,0TO99
1654,791,2010,82.32,ALL,ALL,ALL,0TO99
1671,809,2010,137.74,ALL,ALL,ALL,0TO99
1687,829,2010,127.85,ALL,ALL,ALL,0TO99
1634,775,2010,57.64,ALL,ALL,ALL,0TO99
1662,812,2010,137.40,ALL,ALL,ALL,0TO99
1704,832,2010,151.65,ALL,ALL,ALL,0TO99
1683,833,2010,151.51,ALL,ALL,ALL,0TO99
1666,788,2010,87.81,ALL,ALL,ALL,0TO99
1688,824,2010,152.73,ALL,ALL,ALL,0TO99
1700,832,2010,151.65,ALL,ALL,ALL,0TO99
1687,825,2010,128.96,ALL,ALL,ALL,0TO99
1692,826,2010,152.46,ALL,ALL,ALL,0TO99
1649,778,2010,57.52,ALL,ALL,ALL,0TO99
1693,827,2010,150.58,ALL,ALL,ALL,0TO99
1657,802,2010,195.68,ALL,ALL,ALL,0TO99
1680,796,2010,196.44,ALL,ALL,ALL,0TO99
1660,787,2010,57.15,ALL,ALL,ALL,0TO99
1660,777,2010,57.56,ALL,ALL,ALL,0TO99
1658,779,2010,57.48,ALL,ALL,ALL,0TO99
1712,835,2010,308.15,ALL,ALL,ALL,0TO99
1694,836,2010,151.10,ALL,ALL,ALL,0TO99
1656,809,2010,137.74,ALL,ALL,ALL,0TO99
1630,771,2010,33.13,ALL,ALL,ALL,0TO99
1661,774,2010,57.68,ALL,ALL,ALL,0TO99
1663,791,2010,197.18,ALL,ALL,ALL,0TO99
1668,804,2010,195.24,ALL,ALL,ALL,0TO99
1676,833,2010,1253.85,ALL,ALL,ALL,0TO99
1657,815,2010,137.06,ALL,ALL,ALL,0TO99
1668,801,2010,196.24,ALL,ALL,ALL,0TO99
1696,830,2010,140.85,ALL,ALL,ALL,0TO99
1673,836,2010,944.58,ALL,ALL,ALL,0TO99
1711,825,2010,152.59,ALL,ALL,ALL,0TO99
1697,823,2010,152.86,ALL,ALL,ALL,0TO99
1642,778,2010,57.52,ALL,ALL,ALL,0TO99
1697,829,2010,152.06,ALL,ALL,ALL,0TO99
1707,834,2010,306.19,ALL,ALL,ALL,0TO99
1681,821,2010,153.12,ALL,ALL,ALL,0TO99
1658,776,2010,57.60,ALL,ALL,ALL,0TO99
1673,794,2010,187.73,ALL,ALL,ALL,0TO99
1682,826,2010,152.46,ALL,ALL,ALL,0TO99
1694,832,2010,150.64,ALL,ALL,ALL,0TO99
1657,814,2010,137.18,ALL,ALL,ALL,0TO99
1653,785,2010,57.23,ALL,ALL,ALL,0TO99
1660,786,2010,57.19,ALL,ALL,ALL,0TO99
1666,808,2010,137.85,ALL,ALL,ALL,0TO99
1660,811,2010,137.52,ALL,ALL,ALL,0TO99
1681,826,2010,152.46,ALL,ALL,ALL,0TO99
1656,795,2010,196.59,ALL,ALL,ALL,0TO99
1664,815,2010,137.06,ALL,ALL,ALL,0TO99
1708,835,2010,308.15,ALL,ALL,ALL,0TO99
1651,797,2010,196.29,ALL,ALL,ALL,0TO99
1635,780,2010,57.44,ALL,ALL,ALL,0TO99
1651,790,2010,57.02,ALL,ALL,ALL,0TO99
1663,786,2010,57.19,ALL,ALL,ALL,0TO99
1673,822,2010,1266.08,ALL,ALL,ALL,0TO99
1697,830,2010,147.93,ALL,ALL,ALL,0TO99
1696,836,2010,151.10,ALL,ALL,ALL,0TO99
1661,779,2010,57.48,ALL,ALL,ALL,0TO99
1703,829,2010,152.06,ALL,ALL,ALL,0TO99
1644,779,2010,57.48,ALL,ALL,ALL,0TO99
1710,820,2010,153.25,ALL,ALL,ALL,0TO99
1658,780,2010,57.44,ALL,ALL,ALL,0TO99
1662,775,2010,57.64,ALL,ALL,ALL,0TO99
1663,784,2010,57.27,ALL,ALL,ALL,0TO99
1696,832,2010,151.65,ALL,ALL,ALL,0TO99
1645,797,2010,196.29,ALL,ALL,ALL,0TO99
1675,811,2010,137.52,ALL,ALL,ALL,0TO99
1670,827,2010,1260.58,ALL,ALL,ALL,0TO99
1672,821,2010,442.54,ALL,ALL,ALL,0TO99
1675,808,2010,74.28,ALL,ALL,ALL,0TO99
1664,773,2010,103.37,ALL,ALL,ALL,0TO99
1669,790,2010,197.33,ALL,ALL,ALL,0TO99
1644,798,2010,196.13,ALL,ALL,ALL,0TO99
1647,781,2010,79.21,ALL,ALL,ALL,0TO99
1672,819,2010,136.60,ALL,ALL,ALL,0TO99
1660,809,2010,137.74,ALL,ALL,ALL,0TO99
1662,784,2010,57.27,ALL,ALL,ALL,0TO99
1680,829,2010,152.06,ALL,ALL,ALL,0TO99
1713,834,2010,305.67,ALL,ALL,ALL,0TO99
1662,795,2010,196.59,ALL,ALL,ALL,0TO99
1659,803,2010,195.39,ALL,ALL,ALL,0TO99
1667,809,2010,137.74,ALL,ALL,ALL,0TO99
1649,794,2010,196.74,ALL,ALL,ALL,0TO99
1662,787,2010,57.15,ALL,ALL,ALL,0TO99
1648,788,2010,197.39,ALL,ALL,ALL,0TO99
1667,815,2010,137.06,ALL,ALL,ALL,0TO99
1659,819,2010,136.60,ALL,ALL,ALL,0TO99
1667,797,2010,196.29,ALL,ALL,ALL,0TO99
1672,820,2010,136.48,ALL,ALL,ALL,0TO99
1709,833,2010,278.60,ALL,ALL,ALL,0TO99
1660,794,2010,196.74,ALL,ALL,ALL,0TO99
1685,823,2010,148.13,ALL,ALL,ALL,0TO99
1668,775,2010,57.64,ALL,ALL,ALL,0TO99
1699,835,2010,151.24,ALL,ALL,ALL,0TO99
1712,825,2010,152.59,ALL,ALL,ALL,0TO99
1678,829,2010,967.78,ALL,ALL,ALL,0TO99
1635,778,2010,57.52,ALL,ALL,ALL,0TO99
1680,805,2010,133.51,ALL,ALL,ALL,0TO99
1649,788,2010,119.40,ALL,ALL,ALL,0TO99
1661,775,2010,57.64,ALL,ALL,ALL,0TO99
1675,802,2010,195.68,ALL,ALL,ALL,0TO99
1704,834,2010,280.90,ALL,ALL,ALL,0TO99
1706,827,2010,152.33,ALL,ALL,ALL,0TO99
1665,816,2010,136.95,ALL,ALL,ALL,0TO99
1661,786,2010,57.19,ALL,ALL,ALL,0TO99
1656,817,2010,136.83,ALL,ALL,ALL,0TO99
1679,823,2010,152.86,ALL,ALL,ALL,0TO99
1637,779,2010,57.48,ALL,ALL,ALL,0TO99
1674,812,2010,137.40,ALL,ALL,ALL,0TO99
1643,794,2010,196.74,ALL,ALL,ALL,0TO99
1655,798,2010,196.14,ALL,ALL,ALL,0TO99
1680,813,2010,131.50,ALL,ALL,ALL,0TO99
1633,780,2010,57.38,ALL,ALL,ALL,0TO99
1640,778,2010,57.52,ALL,ALL,ALL,0TO99
1679,820,2010,145.86,ALL,ALL,ALL,0TO99
1665,773,2010,102.40,ALL,ALL,ALL,0TO99
1679,817,2010,136.83,ALL,ALL,ALL,0TO99
1696,820,2010,153.25,ALL,ALL,ALL,0TO99
1696,823,2010,152.86,ALL,ALL,ALL,0TO99
1683,822,2010,152.99,ALL,ALL,ALL,0TO99
1665,798,2010,196.14,ALL,ALL,ALL,0TO99
1699,831,2010,151.77,ALL,ALL,ALL,0TO99
1665,800,2010,195.83,ALL,ALL,ALL,0TO99
1669,824,2010,1263.91,ALL,ALL,ALL,0TO99
1662,802,2010,195.68,ALL,ALL,ALL,0TO99
1702,825,2010,152.59,ALL,ALL,ALL,0TO99
1644,781,2010,57.56,ALL,ALL,ALL,0TO99
1664,775,2010,57.64,ALL,ALL,ALL,0TO99
1644,783,2010,198.34,ALL,ALL,ALL,0TO99
1673,832,2010,1254.99,ALL,ALL,ALL,0TO99
1662,773,2010,105.19,ALL,ALL,ALL,0TO99
1682,825,2010,152.59,ALL,ALL,ALL,0TO99
1638,786,2010,197.92,ALL,ALL,ALL,0TO99
1654,816,2010,96.96,ALL,ALL,ALL,0TO99
1663,813,2010,137.29,ALL,ALL,ALL,0TO99
1668,823,2010,352.06,ALL,ALL,ALL,0TO99
1694,828,2010,152.19,ALL,ALL,ALL,0TO99
1654,810,2010,114.19,ALL,ALL,ALL,0TO99
1657,804,2010,168.16,ALL,ALL,ALL,0TO99
1660,819,2010,136.60,ALL,ALL,ALL,0TO99
1706,823,2010,152.86,ALL,ALL,ALL,0TO99
1634,781,2010,57.40,ALL,ALL,ALL,0TO99
1642,782,2010,158.21,ALL,ALL,ALL,0TO99
1712,824,2010,152.73,ALL,ALL,ALL,0TO99
1661,777,2010,57.56,ALL,ALL,ALL,0TO99
1679,799,2010,195.99,ALL,ALL,ALL,0TO99
1683,824,2010,136.91,ALL,ALL,ALL,0TO99
1680,828,2010,152.19,ALL,ALL,ALL,0TO99
1667,779,2010,57.48,ALL,ALL,ALL,0TO99
1710,832,2010,297.17,ALL,ALL,ALL,0TO99
1680,815,2010,132.08,ALL,ALL,ALL,0TO99
1646,790,2010,197.33,ALL,ALL,ALL,0TO99
1672,793,2010,137.86,ALL,ALL,ALL,0TO99
1667,822,2010,136.25,ALL,ALL,ALL,0TO99
1698,820,2010,153.25,ALL,ALL,ALL,0TO99
1654,775,2010,57.64,ALL,ALL,ALL,0TO99
1674,816,2010,136.95,ALL,ALL,ALL,0TO99
1658,809,2010,137.74,ALL,ALL,ALL,0TO99
1677,795,2010,196.59,ALL,ALL,ALL,0TO99
1660,799,2010,195.99,ALL,ALL,ALL,0TO99
1669,795,2010,196.59,ALL,ALL,ALL,0TO99
1699,827,2010,152.33,ALL,ALL,ALL,0TO99
1702,821,2010,153.12,ALL,ALL,ALL,0TO99
1658,808,2010,137.85,ALL,ALL,ALL,0TO99
1695,821,2010,153.12,ALL,ALL,ALL,0TO99
1669,782,2010,53.06,ALL,ALL,ALL,0TO99
1637,783,2010,187.29,ALL,ALL,ALL,0TO99
1649,792,2010,173.48,ALL,ALL,ALL,0TO99
1703,823,2010,152.86,ALL,ALL,ALL,0TO99
1658,806,2010,138.07,ALL,ALL,ALL,0TO99
1666,776,2010,57.60,ALL,ALL,ALL,0TO99
1692,823,2010,152.86,ALL,ALL,ALL,0TO99
1704,824,2010,152.73,ALL,ALL,ALL,0TO99
1710,835,2010,308.15,ALL,ALL,ALL,0TO99
1659,788,2010,57.11,ALL,ALL,ALL,0TO99
1666,815,2010,137.06,ALL,ALL,ALL,0TO99
1669,823,2010,868.41,ALL,ALL,ALL,0TO99
1671,825,2010,1262.77,ALL,ALL,ALL,0TO99
1669,820,2010,136.48,ALL,ALL,ALL,0TO99
1655,778,2010,57.52,ALL,ALL,ALL,0TO99
1674,826,2010,1261.69,ALL,ALL,ALL,0TO99
1649,787,2010,87.44,ALL,ALL,ALL,0TO99
1675,812,2010,137.40,ALL,ALL,ALL,0TO99
1639,785,2010,198.06,ALL,ALL,ALL,0TO99
1641,785,2010,198.06,ALL,ALL,ALL,0TO99
1657,780,2010,57.44,ALL,ALL,ALL,0TO99
1670,806,2010,138.07,ALL,ALL,ALL,0TO99
1632,775,2010,57.64,ALL,ALL,ALL,0TO99
1699,823,2010,152.86,ALL,ALL,ALL,0TO99
1705,830,2010,151.92,ALL,ALL,ALL,0TO99
1666,825,2010,1262.77,ALL,ALL,ALL,0TO99
1691,827,2010,139.98,ALL,ALL,ALL,0TO99
1666,809,2010,137.74,ALL,ALL,ALL,0TO99
1639,777,2010,57.56,ALL,ALL,ALL,0TO99
1674,825,2010,1262.77,ALL,ALL,ALL,0TO99
1687,820,2010,153.25,ALL,ALL,ALL,0TO99
1675,803,2010,194.54,ALL,ALL,ALL,0TO99
1653,789,2010,57.06,ALL,ALL,ALL,0TO99
1659,822,2010,136.23,ALL,ALL,ALL,0TO99
1673,802,2010,36.89,ALL,ALL,ALL,0TO99
1647,780,2010,57.44,ALL,ALL,ALL,0TO99
1674,827,2010,1260.58,ALL,ALL,ALL,0TO99
1688,820,2010,153.25,ALL,ALL,ALL,0TO99
1680,823,2010,152.86,ALL,ALL,ALL,0TO99
1645,775,2010,57.64,ALL,ALL,ALL,0TO99
1705,835,2010,308.15,ALL,ALL,ALL,0TO99
1652,807,2010,110.65,ALL,ALL,ALL,0TO99
1670,833,2010,1253.85,ALL,ALL,ALL,0TO99
1679,795,2010,196.59,ALL,ALL,ALL,0TO99
1681,832,2010,151.65,ALL,ALL,ALL,0TO99
1648,801,2010,196.24,ALL,ALL,ALL,0TO99
1662,807,2010,137.96,ALL,ALL,ALL,0TO99
1664,818,2010,136.71,ALL,ALL,ALL,0TO99
1636,779,2010,57.48,ALL,ALL,ALL,0TO99
1667,808,2010,137.85,ALL,ALL,ALL,0TO99
1662,779,2010,57.48,ALL,ALL,ALL,0TO99
1662,785,2010,57.23,ALL,ALL,ALL,0TO99
1649,782,2010,57.36,ALL,ALL,ALL,0TO99
1678,799,2010,195.99,ALL,ALL,ALL,0TO99
1656,802,2010,195.68,ALL,ALL,ALL,0TO99
1677,804,2010,166.13,ALL,ALL,ALL,0TO99
1658,793,2010,196.89,ALL,ALL,ALL,0TO99
1676,832,2010,1254.99,ALL,ALL,ALL,0TO99
1682,822,2010,152.99,ALL,ALL,ALL,0TO99
1675,797,2010,196.29,ALL,ALL,ALL,0TO99
1644,784,2010,198.20,ALL,ALL,ALL,0TO99
1670,816,2010,136.95,ALL,ALL,ALL,0TO99
1665,823,2010,136.13,ALL,ALL,ALL,0TO99
1677,807,2010,137.96,ALL,ALL,ALL,0TO99
1689,831,2010,151.79,ALL,ALL,ALL,0TO99
1657,795,2010,196.59,ALL,ALL,ALL,0TO99
1667,800,2010,195.83,ALL,ALL,ALL,0TO99
1674,817,2010,136.83,ALL,ALL,ALL,0TO99
1653,814,2010,94.25,ALL,ALL,ALL,0TO99
1662,781,2010,57.40,ALL,ALL,ALL,0TO99
1668,821,2010,136.37,ALL,ALL,ALL,0TO99
1711,828,2010,152.19,ALL,ALL,ALL,0TO99
1669,775,2010,57.64,ALL,ALL,ALL,0TO99
1642,789,2010,197.48,ALL,ALL,ALL,0TO99
1659,797,2010,196.29,ALL,ALL,ALL,0TO99
1687,821,2010,153.12,ALL,ALL,ALL,0TO99
1674,830,2010,1257.21,ALL,ALL,ALL,0TO99
1679,833,2010,1253.85,ALL,ALL,ALL,0TO99
1688,828,2010,120.91,ALL,ALL,ALL,0TO99
1689,820,2010,153.25,ALL,ALL,ALL,0TO99
1667,799,2010,195.99,ALL,ALL,ALL,0TO99
1708,820,2010,153.25,ALL,ALL,ALL,0TO99
1702,832,2010,151.65,ALL,ALL,ALL,0TO99
1683,832,2010,151.65,ALL,ALL,ALL,0TO99
1669,805,2010,140.71,ALL,ALL,ALL,0TO99
1695,835,2010,151.24,ALL,ALL,ALL,0TO99
1668,784,2010,57.27,ALL,ALL,ALL,0TO99
1671,832,2010,1254.99,ALL,ALL,ALL,0TO99
1693,833,2010,151.51,ALL,ALL,ALL,0TO99
1699,820,2010,153.25,ALL,ALL,ALL,0TO99
1673,829,2010,1258.38,ALL,ALL,ALL,0TO99
1666,804,2010,181.26,ALL,ALL,ALL,0TO99
1647,790,2010,197.33,ALL,ALL,ALL,0TO99
1655,783,2010,57.31,ALL,ALL,ALL,0TO99
1679,827,2010,152.33,ALL,ALL,ALL,0TO99
1665,777,2010,57.56,ALL,ALL,ALL,0TO99
1711,827,2010,152.33,ALL,ALL,ALL,0TO99
1664,806,2010,138.07,ALL,ALL,ALL,0TO99
1656,789,2010,57.06,ALL,ALL,ALL,0TO99
1702,827,2010,152.33,ALL,ALL,ALL,0TO99
1672,803,2010,110.29,ALL,ALL,ALL,0TO99
1679,819,2010,136.60,ALL,ALL,ALL,0TO99
1712,831,2010,309.27,ALL,ALL,ALL,0TO99
1649,791,2010,146.15,ALL,ALL,ALL,0TO99
1655,782,2010,57.36,ALL,ALL,ALL,0TO99
1660,774,2010,57.68,ALL,ALL,ALL,0TO99
1637,782,2010,92.59,ALL,ALL,ALL,0TO99
1663,825,2010,123.90,ALL,ALL,ALL,0TO99
1701,836,2010,306.72,ALL,ALL,ALL,0TO99
1666,795,2010,196.59,ALL,ALL,ALL,0TO99
1677,811,2010,137.52,ALL,ALL,ALL,0TO99
1677,818,2010,136.71,ALL,ALL,ALL,0TO99
1643,795,2010,196.59,ALL,ALL,ALL,0TO99
1667,814,2010,137.18,ALL,ALL,ALL,0TO99
1653,783,2010,57.31,ALL,ALL,ALL,0TO99
1675,817,2010,136.83,ALL,ALL,ALL,0TO99
1670,811,2010,137.52,ALL,ALL,ALL,0TO99
1669,797,2010,196.29,ALL,ALL,ALL,0TO99
1679,808,2010,137.85,ALL,ALL,ALL,0TO99
1700,836,2010,270.03,ALL,ALL,ALL,0TO99
1644,780,2010,57.44,ALL,ALL,ALL,0TO99
1663,811,2010,137.52,ALL,ALL,ALL,0TO99
1671,800,2010,195.83,ALL,ALL,ALL,0TO99
1708,825,2010,152.59,ALL,ALL,ALL,0TO99
1713,828,2010,165.71,ALL,ALL,ALL,0TO99
1695,824,2010,152.73,ALL,ALL,ALL,0TO99
1668,781,2010,57.40,ALL,ALL,ALL,0TO99
1661,790,2010,99.96,ALL,ALL,ALL,0TO99
1669,801,2010,196.24,ALL,ALL,ALL,0TO99
1658,802,2010,195.68,ALL,ALL,ALL,0TO99
1671,801,2010,196.24,ALL,ALL,ALL,0TO99
1675,830,2010,1257.21,ALL,ALL,ALL,0TO99
1646,800,2010,195.83,ALL,ALL,ALL,0TO99
1674,804,2010,151.43,ALL,ALL,ALL,0TO99
1658,781,2010,57.40,ALL,ALL,ALL,0TO99
1688,822,2010,152.99,ALL,ALL,ALL,0TO99
1648,779,2010,57.48,ALL,ALL,ALL,0TO99
1660,804,2010,174.24,ALL,ALL,ALL,0TO99
1670,796,2010,196.44,ALL,ALL,ALL,0TO99
1678,827,2010,154.26,ALL,ALL,ALL,0TO99
1693,826,2010,152.46,ALL,ALL,ALL,0TO99
1665,796,2010,196.44,ALL,ALL,ALL,0TO99
1640,789,2010,197.48,ALL,ALL,ALL,0TO99
1663,790,2010,192.98,ALL,ALL,ALL,0TO99
1666,789,2010,192.27,ALL,ALL,ALL,0TO99
1652,786,2010,57.19,ALL,ALL,ALL,0TO99
1711,822,2010,152.99,ALL,ALL,ALL,0TO99
1636,778,2010,57.52,ALL,ALL,ALL,0TO99
1668,827,2010,1260.58,ALL,ALL,ALL,0TO99
1705,831,2010,151.79,ALL,ALL,ALL,0TO99
1664,796,2010,196.44,ALL,ALL,ALL,0TO99
1687,836,2010,151.10,ALL,ALL,ALL,0TO99
1665,783,2010,57.31,ALL,ALL,ALL,0TO99
1707,831,2010,151.79,ALL,ALL,ALL,0TO99
1649,802,2010,195.68,ALL,ALL,ALL,0TO99
1660,773,2010,106.73,ALL,ALL,ALL,0TO99
1661,815,2010,137.06,ALL,ALL,ALL,0TO99
1665,825,2010,956.76,ALL,ALL,ALL,0TO99
1652,806,2010,132.90,ALL,ALL,ALL,0TO99
1701,832,2010,151.65,ALL,ALL,ALL,0TO99
1699,832,2010,151.65,ALL,ALL,ALL,0TO99
1652,802,2010,195.68,ALL,ALL,ALL,0TO99
1709,822,2010,152.99,ALL,ALL,ALL,0TO99
1656,801,2010,196.24,ALL,ALL,ALL,0TO99
1676,836,2010,1250.45,ALL,ALL,ALL,0TO99
1634,778,2010,57.52,ALL,ALL,ALL,0TO99
1712,836,2010,307.87,ALL,ALL,ALL,0TO99
1672,813,2010,137.29,ALL,ALL,ALL,0TO99
1648,774,2010,57.68,ALL,ALL,ALL,0TO99
1648,784,2010,66.72,ALL,ALL,ALL,0TO99
1681,835,2010,762.21,ALL,ALL,ALL,0TO99
1673,824,2010,1263.91,ALL,ALL,ALL,0TO99
1711,832,2010,308.99,ALL,ALL,ALL,0TO99
1651,782,2010,57.36,ALL,ALL,ALL,0TO99
1672,826,2010,1261.69,ALL,ALL,ALL,0TO99
1680,806,2010,131.88,ALL,ALL,ALL,0TO99
1662,814,2010,137.18,ALL,ALL,ALL,0TO99
1671,822,2010,947.74,ALL,ALL,ALL,0TO99
1675,829,2010,1258.38,ALL,ALL,ALL,0TO99
1669,798,2010,196.14,ALL,ALL,ALL,0TO99
1651,802,2010,195.68,ALL,ALL,ALL,0TO99
1696,822,2010,152.99,ALL,ALL,ALL,0TO99
1639,776,2010,57.60,ALL,ALL,ALL,0TO99
1679,835,2010,1251.56,ALL,ALL,ALL,0TO99
1684,834,2010,151.38,ALL,ALL,ALL,0TO99
1637,780,2010,57.44,ALL,ALL,ALL,0TO99
1661,773,2010,105.96,ALL,ALL,ALL,0TO99
1685,835,2010,151.24,ALL,ALL,ALL,0TO99
1712,829,2010,237.56,ALL,ALL,ALL,0TO99
1645,785,2010,198.06,ALL,ALL,ALL,0TO99
1659,775,2010,57.64,ALL,ALL,ALL,0TO99
1666,829,2010,937.64,ALL,ALL,ALL,0TO99
1670,835,2010,1251.56,ALL,ALL,ALL,0TO99
1655,802,2010,195.68,ALL,ALL,ALL,0TO99
1661,814,2010,137.18,ALL,ALL,ALL,0TO99
1668,779,2010,57.48,ALL,ALL,ALL,0TO99
1644,793,2010,196.89,ALL,ALL,ALL,0TO99
1643,781,2010,57.40,ALL,ALL,ALL,0TO99
1680,810,2010,130.66,ALL,ALL,ALL,0TO99
1654,809,2010,110.36,ALL,ALL,ALL,0TO99
1660,814,2010,137.18,ALL,ALL,ALL,0TO99
1656,818,2010,136.71,ALL,ALL,ALL,0TO99
1655,817,2010,135.56,ALL,ALL,ALL,0TO99
1652,801,2010,196.24,ALL,ALL,ALL,0TO99
1699,824,2010,152.73,ALL,ALL,ALL,0TO99
1646,787,2010,197.77,ALL,ALL,ALL,0TO99
1667,775,2010,57.64,ALL,ALL,ALL,0TO99
1652,799,2010,195.99,ALL,ALL,ALL,0TO99
1661,813,2010,137.29,ALL,ALL,ALL,0TO99
1668,824,2010,1194.91,ALL,ALL,ALL,0TO99
1662,805,2010,138.18,ALL,ALL,ALL,0TO99
1657,793,2010,196.89,ALL,ALL,ALL,0TO99
1686,834,2010,151.38,ALL,ALL,ALL,0TO99
1654,794,2010,196.74,ALL,ALL,ALL,0TO99
1664,777,2010,57.56,ALL,ALL,ALL,0TO99
1637,776,2010,57.60,ALL,ALL,ALL,0TO99
1665,792,2010,197.04,ALL,ALL,ALL,0TO99
1641,778,2010,57.52,ALL,ALL,ALL,0TO99
1670,831,2010,1256.12,ALL,ALL,ALL,0TO99
1678,819,2010,137.49,ALL,ALL,ALL,0TO99
1657,790,2010,57.02,ALL,ALL,ALL,0TO99
1663,781,2010,57.40,ALL,ALL,ALL,0TO99
1655,809,2010,137.74,ALL,ALL,ALL,0TO99
1640,781,2010,195.05,ALL,ALL,ALL,0TO99
1663,809,2010,137.74,ALL,ALL,ALL,0TO99
1667,788,2010,133.53,ALL,ALL,ALL,0TO99
1685,836,2010,151.10,ALL,ALL,ALL,0TO99
1640,782,2010,198.49,ALL,ALL,ALL,0TO99
1643,775,2010,57.64,ALL,ALL,ALL,0TO99
1658,783,2010,57.31,ALL,ALL,ALL,0TO99
1677,826,2010,152.46,ALL,ALL,ALL,0TO99
1703,824,2010,152.73,ALL,ALL,ALL,0TO99
1685,831,2010,151.79,ALL,ALL,ALL,0TO99
1707,835,2010,308.15,ALL,ALL,ALL,0TO99
1672,815,2010,137.06,ALL,ALL,ALL,0TO99
1663,794,2010,196.74,ALL,ALL,ALL,0TO99
1673,835,2010,1251.56,ALL,ALL,ALL,0TO99
1645,787,2010,197.77,ALL,ALL,ALL,0TO99
1644,774,2010,57.68,ALL,ALL,ALL,0TO99
1667,828,2010,1259.46,ALL,ALL,ALL,0TO99
1654,815,2010,126.62,ALL,ALL,ALL,0TO99
1662,794,2010,196.74,ALL,ALL,ALL,0TO99
1650,796,2010,196.44,ALL,ALL,ALL,0TO99
1681,822,2010,152.99,ALL,ALL,ALL,0TO99
1669,776,2010,57.60,ALL,ALL,ALL,0TO99
1669,785,2010,42.31,ALL,ALL,ALL,0TO99
1702,828,2010,152.19,ALL,ALL,ALL,0TO99
1700,823,2010,152.86,ALL,ALL,ALL,0TO99
1651,800,2010,195.83,ALL,ALL,ALL,0TO99
1710,834,2010,308.44,ALL,ALL,ALL,0TO99
1640,775,2010,57.64,ALL,ALL,ALL,0TO99
1680,797,2010,196.29,ALL,ALL,ALL,0TO99
1642,791,2010,197.18,ALL,ALL,ALL,0TO99
1642,784,2010,198.20,ALL,ALL,ALL,0TO99
1673,808,2010,137.72,ALL,ALL,ALL,0TO99
1633,777,2010,57.56,ALL,ALL,ALL,0TO99
1651,792,2010,70.47,ALL,ALL,ALL,0TO99
1646,791,2010,197.18,ALL,ALL,ALL,0TO99
1706,833,2010,232.42,ALL,ALL,ALL,0TO99
1668,799,2010,195.99,ALL,ALL,ALL,0TO99
1636,782,2010,57.68,ALL,ALL,ALL,0TO99
1659,783,2010,57.31,ALL,ALL,ALL,0TO99
1660,800,2010,195.83,ALL,ALL,ALL,0TO99
1661,806,2010,138.07,ALL,ALL,ALL,0TO99
1666,811,2010,137.52,ALL,ALL,ALL,0TO99
1676,798,2010,196.14,ALL,ALL,ALL,0TO99
1639,778,2010,57.52,ALL,ALL,ALL,0TO99
1702,823,2010,152.86,ALL,ALL,ALL,0TO99
1660,806,2010,138.07,ALL,ALL,ALL,0TO99
1659,795,2010,196.59,ALL,ALL,ALL,0TO99
1653,807,2010,120.37,ALL,ALL,ALL,0TO99
1671,805,2010,138.70,ALL,ALL,ALL,0TO99
1648,798,2010,196.14,ALL,ALL,ALL,0TO99
1694,834,2010,151.38,ALL,ALL,ALL,0TO99
1647,795,2010,196.59,ALL,ALL,ALL,0TO99
1672,800,2010,195.83,ALL,ALL,ALL,0TO99
1684,823,2010,152.86,ALL,ALL,ALL,0TO99
1709,829,2010,152.06,ALL,ALL,ALL,0TO99
1639,782,2010,198.49,ALL,ALL,ALL,0TO99
1705,823,2010,152.86,ALL,ALL,ALL,0TO99
1707,825,2010,152.59,ALL,ALL,ALL,0TO99
1676,814,2010,137.18,ALL,ALL,ALL,0TO99
1680,830,2010,151.92,ALL,ALL,ALL,0TO99
1654,808,2010,109.44,ALL,ALL,ALL,0TO99
1665,791,2010,197.18,ALL,ALL,ALL,0TO99
1695,825,2010,152.59,ALL,ALL,ALL,0TO99
1636,781,2010,57.40,ALL,ALL,ALL,0TO99
1663,789,2010,68.22,ALL,ALL,ALL,0TO99
1692,832,2010,137.54,ALL,ALL,ALL,0TO99
1697,821,2010,153.12,ALL,ALL,ALL,0TO99
1665,820,2010,136.48,ALL,ALL,ALL,0TO99
1652,778,2010,57.52,ALL,ALL,ALL,0TO99
1696,827,2010,152.33,ALL,ALL,ALL,0TO99
1636,774,2010,57.68,ALL,ALL,ALL,0TO99
1668,807,2010,137.96,ALL,ALL,ALL,0TO99
1657,819,2010,136.60,ALL,ALL,ALL,0TO99
1643,778,2010,57.52,ALL,ALL,ALL,0TO99
1641,777,2010,57.56,ALL,ALL,ALL,0TO99
1665,782,2010,57.36,ALL,ALL,ALL,0TO99
1658,778,2010,57.52,ALL,ALL,ALL,0TO99
1694,824,2010,152.73,ALL,ALL,ALL,0TO99
1661,809,2010,137.74,ALL,ALL,ALL,0TO99
1668,786,2010,57.19,ALL,ALL,ALL,0TO99
1695,830,2010,144.89,ALL,ALL,ALL,0TO99
1669,794,2010,196.74,ALL,ALL,ALL,0TO99
1671,827,2010,1260.58,ALL,ALL,ALL,0TO99
1673,816,2010,136.95,ALL,ALL,ALL,0TO99
1656,808,2010,137.85,ALL,ALL,ALL,0TO99
1658,796,2010,196.44,ALL,ALL,ALL,0TO99
1653,786,2010,57.19,ALL,ALL,ALL,0TO99
1668,820,2010,136.48,ALL,ALL,ALL,0TO99
1658,821,2010,136.37,ALL,ALL,ALL,0TO99
1658,801,2010,196.24,ALL,ALL,ALL,0TO99
1669,818,2010,136.71,ALL,ALL,ALL,0TO99
1685,825,2010,152.59,ALL,ALL,ALL,0TO99
1698,821,2010,153.12,ALL,ALL,ALL,0TO99
1676,800,2010,195.83,ALL,ALL,ALL,0TO99
1659,807,2010,137.96,ALL,ALL,ALL,0TO99
1668,826,2010,1261.69,ALL,ALL,ALL,0TO99
1640,774,2010,57.68,ALL,ALL,ALL,0TO99
1649,780,2010,57.44,ALL,ALL,ALL,0TO99
1653,801,2010,196.24,ALL,ALL,ALL,0TO99
1693,823,2010,152.86,ALL,ALL,ALL,0TO99
1647,782,2010,192.17,ALL,ALL,ALL,0TO99
1664,809,2010,137.74,ALL,ALL,ALL,0TO99
1708,827,2010,152.33,ALL,ALL,ALL,0TO99
1646,801,2010,180.18,ALL,ALL,ALL,0TO99
1663,807,2010,137.96,ALL,ALL,ALL,0TO99
1658,805,2010,138.18,ALL,ALL,ALL,0TO99
1660,797,2010,196.29,ALL,ALL,ALL,0TO99
1652,785,2010,57.23,ALL,ALL,ALL,0TO99
1641,773,2010,241.30,ALL,ALL,ALL,0TO99
1662,820,2010,136.48,ALL,ALL,ALL,0TO99
1668,810,2010,137.62,ALL,ALL,ALL,0TO99
1657,784,2010,57.27,ALL,ALL,ALL,0TO99
1639,774,2010,57.68,ALL,ALL,ALL,0TO99
1688,833,2010,151.51,ALL,ALL,ALL,0TO99
1705,826,2010,152.46,ALL,ALL,ALL,0TO99
1667,787,2010,57.45,ALL,ALL,ALL,0TO99
1658,774,2010,57.68,ALL,ALL,ALL,0TO99
1660,802,2010,195.68,ALL,ALL,ALL,0TO99
1661,796,2010,196.44,ALL,ALL,ALL,0TO99
1668,782,2010,57.36,ALL,ALL,ALL,0TO99
1694,821,2010,153.12,ALL,ALL,ALL,0TO99
1635,781,2010,57.40,ALL,ALL,ALL,0TO99
1663,795,2010,196.59,ALL,ALL,ALL,0TO99
1656,783,2010,57.31,ALL,ALL,ALL,0TO99
1699,822,2010,152.99,ALL,ALL,ALL,0TO99
1675,818,2010,136.71,ALL,ALL,ALL,0TO99
1664,787,2010,57.15,ALL,ALL,ALL,0TO99
1659,801,2010,196.24,ALL,ALL,ALL,0TO99
1674,833,2010,1253.85,ALL,ALL,ALL,0TO99
1653,790,2010,57.02,ALL,ALL,ALL,0TO99
1660,816,2010,136.95,ALL,ALL,ALL,0TO99
1668,798,2010,196.14,ALL,ALL,ALL,0TO99
1675,815,2010,137.06,ALL,ALL,ALL,0TO99
1665,775,2010,57.64,ALL,ALL,ALL,0TO99
1661,795,2010,196.59,ALL,ALL,ALL,0TO99
1641,781,2010,100.68,ALL,ALL,ALL,0TO99
1681,823,2010,152.86,ALL,ALL,ALL,0TO99
1646,785,2010,198.06,ALL,ALL,ALL,0TO99
1688,825,2010,149.98,ALL,ALL,ALL,0TO99
1667,817,2010,136.83,ALL,ALL,ALL,0TO99
1667,820,2010,136.48,ALL,ALL,ALL,0TO99
1652,773,2010,254.49,ALL,ALL,ALL,0TO99
1658,792,2010,194.67,ALL,ALL,ALL,0TO99
1656,821,2010,108.28,ALL,ALL,ALL,0TO99
1675,819,2010,299.59,ALL,ALL,ALL,0TO99
1660,775,2010,57.64,ALL,ALL,ALL,0TO99
1669,816,2010,136.95,ALL,ALL,ALL,0TO99
1697,836,2010,151.10,ALL,ALL,ALL,0TO99
1665,780,2010,57.44,ALL,ALL,ALL,0TO99
1645,796,2010,196.44,ALL,ALL,ALL,0TO99
1701,830,2010,128.55,ALL,ALL,ALL,0TO99
1668,818,2010,136.71,ALL,ALL,ALL,0TO99
1682,836,2010,851.06,ALL,ALL,ALL,0TO99
1666,813,2010,137.29,ALL,ALL,ALL,0TO99
1665,824,2010,145.24,ALL,ALL,ALL,0TO99
1708,823,2010,152.86,ALL,ALL,ALL,0TO99
1690,834,2010,151.38,ALL,ALL,ALL,0TO99
1690,822,2010,152.99,ALL,ALL,ALL,0TO99
1664,816,2010,136.95,ALL,ALL,ALL,0TO99
1666,798,2010,196.14,ALL,ALL,ALL,0TO99
1679,816,2010,136.95,ALL,ALL,ALL,0TO99
1645,789,2010,197.48,ALL,ALL,ALL,0TO99
1664,797,2010,196.29,ALL,ALL,ALL,0TO99
1687,835,2010,151.24,ALL,ALL,ALL,0TO99
1689,825,2010,152.59,ALL,ALL,ALL,0TO99
1653,800,2010,195.83,ALL,ALL,ALL,0TO99
1660,788,2010,57.11,ALL,ALL,ALL,0TO99
1644,785,2010,198.06,ALL,ALL,ALL,0TO99
1677,808,2010,137.85,ALL,ALL,ALL,0TO99
1637,774,2010,57.68,ALL,ALL,ALL,0TO99
1643,777,2010,57.56,ALL,ALL,ALL,0TO99
1649,803,2010,195.39,ALL,ALL,ALL,0TO99
1664,790,2010,197.33,ALL,ALL,ALL,0TO99
1670,819,2010,136.60,ALL,ALL,ALL,0TO99
1651,795,2010,196.59,ALL,ALL,ALL,0TO99
1659,814,2010,137.18,ALL,ALL,ALL,0TO99
1675,806,2010,138.07,ALL,ALL,ALL,0TO99
1690,830,2010,101.62,ALL,ALL,ALL,0TO99
1676,824,2010,152.73,ALL,ALL,ALL,0TO99
1657,788,2010,57.11,ALL,ALL,ALL,0TO99
1654,789,2010,57.06,ALL,ALL,ALL,0TO99
1710,825,2010,152.59,ALL,ALL,ALL,0TO99
1670,801,2010,196.24,ALL,ALL,ALL,0TO99
1709,828,2010,152.19,ALL,ALL,ALL,0TO99
1699,821,2010,153.12,ALL,ALL,ALL,0TO99
1669,791,2010,197.18,ALL,ALL,ALL,0TO99
1659,784,2010,57.27,ALL,ALL,ALL,0TO99
1670,815,2010,137.06,ALL,ALL,ALL,0TO99
1698,830,2010,110.20,ALL,ALL,ALL,0TO99
1633,779,2010,57.48,ALL,ALL,ALL,0TO99
1661,820,2010,136.48,ALL,ALL,ALL,0TO99
1691,821,2010,153.12,ALL,ALL,ALL,0TO99
1638,773,2010,227.93,ALL,ALL,ALL,0TO99
1675,834,2010,1252.75,ALL,ALL,ALL,0TO99
1655,811,2010,125.49,ALL,ALL,ALL,0TO99
1658,810,2010,137.62,ALL,ALL,ALL,0TO99
1700,834,2010,151.38,ALL,ALL,ALL,0TO99
1670,773,2010,100.33,ALL,ALL,ALL,0TO99
1693,834,2010,151.38,ALL,ALL,ALL,0TO99
1667,824,2010,825.64,ALL,ALL,ALL,0TO99
1678,798,2010,196.14,ALL,ALL,ALL,0TO99
1648,787,2010,193.58,ALL,ALL,ALL,0TO99
1651,781,2010,57.40,ALL,ALL,ALL,0TO99
1658,819,2010,136.60,ALL,ALL,ALL,0TO99
