Column,Row,Metric,Seasonal Metric,Annual Metric,Values
1896,552,D24HourMean,QuarterlyMean,Mean,7.19
1916,530,D24HourMean,QuarterlyMean,Mean,13.50
1901,537,D24HourMean,QuarterlyMean,Mean,8.30
1929,565,D24HourMean,QuarterlyMean,Mean,9.68
1909,535,D24HourMean,QuarterlyMean,Mean,11.55
1921,577,D24HourMean,QuarterlyMean,Mean,8.13
1925,560,D24HourMean,QuarterlyMean,Mean,8.18
1935,549,D24HourMean,QuarterlyMean,Mean,11.55
1939,543,D24HourMean,QuarterlyMean,Mean,11.77
1942,538,D24HourMean,QuarterlyMean,Mean,12.01
1929,545,D24HourMean,QuarterlyMean,Mean,11.05
1909,528,D24HourMean,QuarterlyMean,Mean,10.23
1920,537,D24HourMean,QuarterlyMean,Mean,12.75
1928,556,D24HourMean,QuarterlyMean,Mean,8.62
1922,575,D24HourMean,QuarterlyMean,Mean,8.79
1932,564,D24HourMean,QuarterlyMean,Mean,8.43
1917,538,D24HourMean,QuarterlyMean,Mean,10.79
1904,530,D24HourMean,QuarterlyMean,Mean,9.63
1903,553,D24HourMean,QuarterlyMean,Mean,8.25
1907,554,D24HourMean,QuarterlyMean,Mean,4.25
1936,571,D24HourMean,QuarterlyMean,Mean,11.44
1910,528,D24HourMean,QuarterlyMean,Mean,10.55
1917,560,D24HourMean,QuarterlyMean,Mean,4.72
1916,538,D24HourMean,QuarterlyMean,Mean,9.63
1898,565,D24HourMean,QuarterlyMean,Mean,7.85
1939,567,D24HourMean,QuarterlyMean,Mean,9.44
1914,527,D24HourMean,QuarterlyMean,Mean,12.57
1916,582,D24HourMean,QuarterlyMean,Mean,5.16
1932,568,D24HourMean,QuarterlyMean,Mean,9.12
1899,559,D24HourMean,QuarterlyMean,Mean,4.34
1913,534,D24HourMean,QuarterlyMean,Mean,12.43
1908,525,D24HourMean,QuarterlyMean,Mean,10.30
1912,542,D24HourMean,QuarterlyMean,Mean,9.36
1928,558,D24HourMean,QuarterlyMean,Mean,9.63
1932,559,D24HourMean,QuarterlyMean,Mean,10.15
1931,539,D24HourMean,QuarterlyMean,Mean,11.57
1937,555,D24HourMean,QuarterlyMean,Mean,10.55
1931,554,D24HourMean,QuarterlyMean,Mean,10.45
1906,550,D24HourMean,QuarterlyMean,Mean,8.89
1903,559,D24HourMean,QuarterlyMean,Mean,7.40
1929,574,D24HourMean,QuarterlyMean,Mean,9.01
1931,550,D24HourMean,QuarterlyMean,Mean,10.09
1942,555,D24HourMean,QuarterlyMean,Mean,10.93
1913,541,D24HourMean,QuarterlyMean,Mean,11.52
1943,541,D24HourMean,QuarterlyMean,Mean,11.89
1942,551,D24HourMean,QuarterlyMean,Mean,10.47
1920,549,D24HourMean,QuarterlyMean,Mean,10.20
1906,562,D24HourMean,QuarterlyMean,Mean,4.26
1918,580,D24HourMean,QuarterlyMean,Mean,7.82
1909,533,D24HourMean,QuarterlyMean,Mean,11.27
1920,542,D24HourMean,QuarterlyMean,Mean,10.25
1924,561,D24HourMean,QuarterlyMean,Mean,8.32
1920,553,D24HourMean,QuarterlyMean,Mean,11.87
1918,527,D24HourMean,QuarterlyMean,Mean,12.10
1931,560,D24HourMean,QuarterlyMean,Mean,9.17
1922,570,D24HourMean,QuarterlyMean,Mean,8.56
1925,547,D24HourMean,QuarterlyMean,Mean,9.58
1917,559,D24HourMean,QuarterlyMean,Mean,9.12
1897,546,D24HourMean,QuarterlyMean,Mean,7.15
1901,568,D24HourMean,QuarterlyMean,Mean,8.49
1910,530,D24HourMean,QuarterlyMean,Mean,10.79
1891,549,D24HourMean,QuarterlyMean,Mean,7.62
1929,576,D24HourMean,QuarterlyMean,Mean,9.74
1912,569,D24HourMean,QuarterlyMean,Mean,7.87
1945,544,D24HourMean,QuarterlyMean,Mean,11.61
1932,557,D24HourMean,QuarterlyMean,Mean,10.25
1932,558,D24HourMean,QuarterlyMean,Mean,10.35
1900,548,D24HourMean,QuarterlyMean,Mean,8.93
1931,576,D24HourMean,QuarterlyMean,Mean,9.82
1921,582,D24HourMean,QuarterlyMean,Mean,5.41
1917,568,D24HourMean,QuarterlyMean,Mean,8.18
1927,566,D24HourMean,QuarterlyMean,Mean,9.29
1893,547,D24HourMean,QuarterlyMean,Mean,8.06
1910,540,D24HourMean,QuarterlyMean,Mean,11.42
1923,562,D24HourMean,QuarterlyMean,Mean,9.96
1902,548,D24HourMean,QuarterlyMean,Mean,8.77
1922,558,D24HourMean,QuarterlyMean,Mean,9.22
1904,564,D24HourMean,QuarterlyMean,Mean,6.75
1923,575,D24HourMean,QuarterlyMean,Mean,8.46
1907,549,D24HourMean,QuarterlyMean,Mean,9.12
1916,580,D24HourMean,QuarterlyMean,Mean,8.55
1922,571,D24HourMean,QuarterlyMean,Mean,8.86
1935,553,D24HourMean,QuarterlyMean,Mean,10.42
1930,542,D24HourMean,QuarterlyMean,Mean,11.42
1889,552,D24HourMean,QuarterlyMean,Mean,9.48
1932,542,D24HourMean,QuarterlyMean,Mean,11.71
1899,538,D24HourMean,QuarterlyMean,Mean,8.74
1911,537,D24HourMean,QuarterlyMean,Mean,9.77
1901,553,D24HourMean,QuarterlyMean,Mean,8.48
1906,565,D24HourMean,QuarterlyMean,Mean,6.96
1925,557,D24HourMean,QuarterlyMean,Mean,8.91
1916,551,D24HourMean,QuarterlyMean,Mean,7.57
1930,552,D24HourMean,QuarterlyMean,Mean,9.91
1932,554,D24HourMean,QuarterlyMean,Mean,9.63
1897,566,D24HourMean,QuarterlyMean,Mean,9.01
1906,552,D24HourMean,QuarterlyMean,Mean,7.50
1913,523,D24HourMean,QuarterlyMean,Mean,9.15
1930,580,D24HourMean,QuarterlyMean,Mean,9.53
1892,553,D24HourMean,QuarterlyMean,Mean,8.43
1934,552,D24HourMean,QuarterlyMean,Mean,9.84
1937,558,D24HourMean,QuarterlyMean,Mean,10.76
1917,574,D24HourMean,QuarterlyMean,Mean,7.90
1920,541,D24HourMean,QuarterlyMean,Mean,11.30
1915,563,D24HourMean,QuarterlyMean,Mean,4.47
1934,553,D24HourMean,QuarterlyMean,Mean,10.30
1929,581,D24HourMean,QuarterlyMean,Mean,9.91
1927,578,D24HourMean,QuarterlyMean,Mean,9.77
1910,536,D24HourMean,QuarterlyMean,Mean,9.32
1925,550,D24HourMean,QuarterlyMean,Mean,9.24
1940,542,D24HourMean,QuarterlyMean,Mean,12.33
1943,573,D24HourMean,QuarterlyMean,Mean,10.38
1906,551,D24HourMean,QuarterlyMean,Mean,8.79
1916,547,D24HourMean,QuarterlyMean,Mean,8.94
1896,563,D24HourMean,QuarterlyMean,Mean,9.80
1931,537,D24HourMean,QuarterlyMean,Mean,11.05
1936,541,D24HourMean,QuarterlyMean,Mean,12.28
1899,546,D24HourMean,QuarterlyMean,Mean,7.69
1901,561,D24HourMean,QuarterlyMean,Mean,8.22
1929,551,D24HourMean,QuarterlyMean,Mean,10.35
1929,560,D24HourMean,QuarterlyMean,Mean,8.74
1911,543,D24HourMean,QuarterlyMean,Mean,10.35
1894,547,D24HourMean,QuarterlyMean,Mean,7.41
1912,534,D24HourMean,QuarterlyMean,Mean,11.57
1894,562,D24HourMean,QuarterlyMean,Mean,9.03
1895,545,D24HourMean,QuarterlyMean,Mean,7.17
1900,561,D24HourMean,QuarterlyMean,Mean,4.28
1937,549,D24HourMean,QuarterlyMean,Mean,10.95
1934,540,D24HourMean,QuarterlyMean,Mean,11.60
1938,562,D24HourMean,QuarterlyMean,Mean,10.78
1910,525,D24HourMean,QuarterlyMean,Mean,9.91
1943,546,D24HourMean,QuarterlyMean,Mean,10.89
1940,552,D24HourMean,QuarterlyMean,Mean,10.76
1929,543,D24HourMean,QuarterlyMean,Mean,11.13
1915,564,D24HourMean,QuarterlyMean,Mean,8.13
1942,537,D24HourMean,QuarterlyMean,Mean,12.41
1932,537,D24HourMean,QuarterlyMean,Mean,11.40
1918,557,D24HourMean,QuarterlyMean,Mean,10.47
1914,550,D24HourMean,QuarterlyMean,Mean,7.06
1933,541,D24HourMean,QuarterlyMean,Mean,11.98
1938,571,D24HourMean,QuarterlyMean,Mean,10.33
1911,551,D24HourMean,QuarterlyMean,Mean,7.17
1932,560,D24HourMean,QuarterlyMean,Mean,9.41
1941,565,D24HourMean,QuarterlyMean,Mean,9.63
1918,553,D24HourMean,QuarterlyMean,Mean,9.12
1929,553,D24HourMean,QuarterlyMean,Mean,9.63
1909,566,D24HourMean,QuarterlyMean,Mean,8.46
1891,552,D24HourMean,QuarterlyMean,Mean,4.26
1934,537,D24HourMean,QuarterlyMean,Mean,12.51
1934,563,D24HourMean,QuarterlyMean,Mean,9.72
1909,545,D24HourMean,QuarterlyMean,Mean,8.67
1894,548,D24HourMean,QuarterlyMean,Mean,7.36
1892,546,D24HourMean,QuarterlyMean,Mean,7.92
1937,550,D24HourMean,QuarterlyMean,Mean,11.22
1937,538,D24HourMean,QuarterlyMean,Mean,12.35
1939,566,D24HourMean,QuarterlyMean,Mean,9.31
1926,570,D24HourMean,QuarterlyMean,Mean,10.72
1908,530,D24HourMean,QuarterlyMean,Mean,9.84
1929,578,D24HourMean,QuarterlyMean,Mean,9.48
1911,539,D24HourMean,QuarterlyMean,Mean,12.09
1933,566,D24HourMean,QuarterlyMean,Mean,8.93
1934,555,D24HourMean,QuarterlyMean,Mean,9.79
1907,557,D24HourMean,QuarterlyMean,Mean,4.25
1923,565,D24HourMean,QuarterlyMean,Mean,7.52
1902,556,D24HourMean,QuarterlyMean,Mean,6.98
1936,553,D24HourMean,QuarterlyMean,Mean,10.67
1922,549,D24HourMean,QuarterlyMean,Mean,9.72
1918,562,D24HourMean,QuarterlyMean,Mean,7.75
1900,553,D24HourMean,QuarterlyMean,Mean,4.26
1939,570,D24HourMean,QuarterlyMean,Mean,11.30
1900,543,D24HourMean,QuarterlyMean,Mean,7.41
1937,544,D24HourMean,QuarterlyMean,Mean,11.50
1915,541,D24HourMean,QuarterlyMean,Mean,10.16
1910,549,D24HourMean,QuarterlyMean,Mean,8.84
1943,548,D24HourMean,QuarterlyMean,Mean,10.21
1904,551,D24HourMean,QuarterlyMean,Mean,9.12
1915,534,D24HourMean,QuarterlyMean,Mean,13.45
1928,550,D24HourMean,QuarterlyMean,Mean,9.56
1914,559,D24HourMean,QuarterlyMean,Mean,8.39
1907,566,D24HourMean,QuarterlyMean,Mean,7.69
1897,549,D24HourMean,QuarterlyMean,Mean,7.19
1901,535,D24HourMean,QuarterlyMean,Mean,8.44
1903,534,D24HourMean,QuarterlyMean,Mean,8.46
1908,547,D24HourMean,QuarterlyMean,Mean,8.96
1905,558,D24HourMean,QuarterlyMean,Mean,7.03
1909,562,D24HourMean,QuarterlyMean,Mean,8.51
1910,543,D24HourMean,QuarterlyMean,Mean,9.44
1910,553,D24HourMean,QuarterlyMean,Mean,9.34
1939,555,D24HourMean,QuarterlyMean,Mean,10.86
1904,535,D24HourMean,QuarterlyMean,Mean,8.63
1938,567,D24HourMean,QuarterlyMean,Mean,9.92
1913,563,D24HourMean,QuarterlyMean,Mean,4.28
1939,554,D24HourMean,QuarterlyMean,Mean,11.47
1911,533,D24HourMean,QuarterlyMean,Mean,11.37
1915,555,D24HourMean,QuarterlyMean,Mean,8.76
1940,553,D24HourMean,QuarterlyMean,Mean,11.17
1942,546,D24HourMean,QuarterlyMean,Mean,11.22
1930,560,D24HourMean,QuarterlyMean,Mean,8.77
1930,545,D24HourMean,QuarterlyMean,Mean,10.83
1896,564,D24HourMean,QuarterlyMean,Mean,10.01
1901,539,D24HourMean,QuarterlyMean,Mean,8.32
1917,543,D24HourMean,QuarterlyMean,Mean,10.64
1921,559,D24HourMean,QuarterlyMean,Mean,8.55
1926,549,D24HourMean,QuarterlyMean,Mean,9.68
1923,576,D24HourMean,QuarterlyMean,Mean,8.51
1928,546,D24HourMean,QuarterlyMean,Mean,10.55
1940,546,D24HourMean,QuarterlyMean,Mean,10.88
1937,554,D24HourMean,QuarterlyMean,Mean,10.76
1910,562,D24HourMean,QuarterlyMean,Mean,8.29
1939,542,D24HourMean,QuarterlyMean,Mean,11.62
1925,540,D24HourMean,QuarterlyMean,Mean,10.50
1916,556,D24HourMean,QuarterlyMean,Mean,9.10
1924,576,D24HourMean,QuarterlyMean,Mean,9.24
1912,537,D24HourMean,QuarterlyMean,Mean,10.83
1945,554,D24HourMean,QuarterlyMean,Mean,11.89
1908,544,D24HourMean,QuarterlyMean,Mean,9.26
1900,545,D24HourMean,QuarterlyMean,Mean,7.83
1931,565,D24HourMean,QuarterlyMean,Mean,8.48
1911,524,D24HourMean,QuarterlyMean,Mean,9.91
1927,554,D24HourMean,QuarterlyMean,Mean,9.74
1922,577,D24HourMean,QuarterlyMean,Mean,8.41
1898,539,D24HourMean,QuarterlyMean,Mean,7.47
1905,535,D24HourMean,QuarterlyMean,Mean,8.79
1893,554,D24HourMean,QuarterlyMean,Mean,8.79
1941,549,D24HourMean,QuarterlyMean,Mean,11.00
1917,577,D24HourMean,QuarterlyMean,Mean,7.54
1941,570,D24HourMean,QuarterlyMean,Mean,9.89
1932,575,D24HourMean,QuarterlyMean,Mean,9.86
1906,534,D24HourMean,QuarterlyMean,Mean,9.03
1924,579,D24HourMean,QuarterlyMean,Mean,8.84
1932,577,D24HourMean,QuarterlyMean,Mean,10.11
1901,540,D24HourMean,QuarterlyMean,Mean,8.25
1926,571,D24HourMean,QuarterlyMean,Mean,10.04
1944,546,D24HourMean,QuarterlyMean,Mean,11.13
1921,536,D24HourMean,QuarterlyMean,Mean,12.36
1940,540,D24HourMean,QuarterlyMean,Mean,12.08
1925,538,D24HourMean,QuarterlyMean,Mean,11.44
1906,564,D24HourMean,QuarterlyMean,Mean,6.69
1930,543,D24HourMean,QuarterlyMean,Mean,11.32
1920,567,D24HourMean,QuarterlyMean,Mean,8.93
1898,570,D24HourMean,QuarterlyMean,Mean,8.34
1905,562,D24HourMean,QuarterlyMean,Mean,4.26
1921,541,D24HourMean,QuarterlyMean,Mean,10.71
1930,557,D24HourMean,QuarterlyMean,Mean,9.19
1927,552,D24HourMean,QuarterlyMean,Mean,9.74
1925,577,D24HourMean,QuarterlyMean,Mean,9.44
1912,550,D24HourMean,QuarterlyMean,Mean,7.87
1914,547,D24HourMean,QuarterlyMean,Mean,8.29
1919,570,D24HourMean,QuarterlyMean,Mean,8.08
1919,574,D24HourMean,QuarterlyMean,Mean,7.70
1913,525,D24HourMean,QuarterlyMean,Mean,11.47
1935,556,D24HourMean,QuarterlyMean,Mean,9.53
1907,564,D24HourMean,QuarterlyMean,Mean,6.73
1908,538,D24HourMean,QuarterlyMean,Mean,8.96
1911,547,D24HourMean,QuarterlyMean,Mean,8.79
1940,548,D24HourMean,QuarterlyMean,Mean,11.59
1923,536,D24HourMean,QuarterlyMean,Mean,12.40
1938,550,D24HourMean,QuarterlyMean,Mean,11.23
1919,548,D24HourMean,QuarterlyMean,Mean,10.32
1934,569,D24HourMean,QuarterlyMean,Mean,10.11
1936,568,D24HourMean,QuarterlyMean,Mean,9.87
1919,536,D24HourMean,QuarterlyMean,Mean,12.80
1895,553,D24HourMean,QuarterlyMean,Mean,7.89
1922,566,D24HourMean,QuarterlyMean,Mean,7.75
1938,560,D24HourMean,QuarterlyMean,Mean,9.75
1891,548,D24HourMean,QuarterlyMean,Mean,7.73
1936,539,D24HourMean,QuarterlyMean,Mean,12.19
1938,565,D24HourMean,QuarterlyMean,Mean,9.12
1933,556,D24HourMean,QuarterlyMean,Mean,9.00
1913,558,D24HourMean,QuarterlyMean,Mean,7.90
1897,539,D24HourMean,QuarterlyMean,Mean,8.17
1945,569,D24HourMean,QuarterlyMean,Mean,10.49
1911,536,D24HourMean,QuarterlyMean,Mean,9.63
1938,544,D24HourMean,QuarterlyMean,Mean,11.94
1903,561,D24HourMean,QuarterlyMean,Mean,7.83
1908,559,D24HourMean,QuarterlyMean,Mean,4.23
1923,553,D24HourMean,QuarterlyMean,Mean,10.30
1930,575,D24HourMean,QuarterlyMean,Mean,9.20
1933,545,D24HourMean,QuarterlyMean,Mean,11.20
1910,529,D24HourMean,QuarterlyMean,Mean,11.45
1902,568,D24HourMean,QuarterlyMean,Mean,4.23
1925,551,D24HourMean,QuarterlyMean,Mean,9.70
1942,547,D24HourMean,QuarterlyMean,Mean,11.10
1924,582,D24HourMean,QuarterlyMean,Mean,9.39
1925,548,D24HourMean,QuarterlyMean,Mean,9.68
1943,547,D24HourMean,QuarterlyMean,Mean,10.67
1895,543,D24HourMean,QuarterlyMean,Mean,8.60
1921,569,D24HourMean,QuarterlyMean,Mean,8.70
1914,525,D24HourMean,QuarterlyMean,Mean,11.13
1915,581,D24HourMean,QuarterlyMean,Mean,4.91
1919,577,D24HourMean,QuarterlyMean,Mean,7.82
1940,541,D24HourMean,QuarterlyMean,Mean,12.28
1915,530,D24HourMean,QuarterlyMean,Mean,12.98
1925,575,D24HourMean,QuarterlyMean,Mean,9.15
1933,552,D24HourMean,QuarterlyMean,Mean,9.87
1903,546,D24HourMean,QuarterlyMean,Mean,8.63
1923,542,D24HourMean,QuarterlyMean,Mean,9.46
1913,566,D24HourMean,QuarterlyMean,Mean,4.28
1917,544,D24HourMean,QuarterlyMean,Mean,10.52
1921,543,D24HourMean,QuarterlyMean,Mean,9.91
1911,555,D24HourMean,QuarterlyMean,Mean,7.29
1909,567,D24HourMean,QuarterlyMean,Mean,7.96
1907,545,D24HourMean,QuarterlyMean,Mean,10.62
1935,560,D24HourMean,QuarterlyMean,Mean,10.01
1927,560,D24HourMean,QuarterlyMean,Mean,8.94
1918,572,D24HourMean,QuarterlyMean,Mean,7.49
1915,560,D24HourMean,QuarterlyMean,Mean,4.47
1924,568,D24HourMean,QuarterlyMean,Mean,9.03
1920,559,D24HourMean,QuarterlyMean,Mean,9.01
1943,570,D24HourMean,QuarterlyMean,Mean,10.40
1912,547,D24HourMean,QuarterlyMean,Mean,9.03
1925,564,D24HourMean,QuarterlyMean,Mean,8.91
1898,563,D24HourMean,QuarterlyMean,Mean,8.44
1902,562,D24HourMean,QuarterlyMean,Mean,7.75
1915,535,D24HourMean,QuarterlyMean,Mean,13.30
1922,537,D24HourMean,QuarterlyMean,Mean,9.70
1942,567,D24HourMean,QuarterlyMean,Mean,10.96
1912,521,D24HourMean,QuarterlyMean,Mean,11.74
1936,562,D24HourMean,QuarterlyMean,Mean,10.13
1904,534,D24HourMean,QuarterlyMean,Mean,8.51
1905,532,D24HourMean,QuarterlyMean,Mean,8.53
1933,537,D24HourMean,QuarterlyMean,Mean,12.40
1911,546,D24HourMean,QuarterlyMean,Mean,8.37
1924,555,D24HourMean,QuarterlyMean,Mean,9.79
1926,545,D24HourMean,QuarterlyMean,Mean,10.28
1916,544,D24HourMean,QuarterlyMean,Mean,10.61
1919,579,D24HourMean,QuarterlyMean,Mean,8.22
1936,572,D24HourMean,QuarterlyMean,Mean,9.82
1938,556,D24HourMean,QuarterlyMean,Mean,10.23
1909,556,D24HourMean,QuarterlyMean,Mean,4.19
1915,547,D24HourMean,QuarterlyMean,Mean,8.34
1896,557,D24HourMean,QuarterlyMean,Mean,7.47
1929,564,D24HourMean,QuarterlyMean,Mean,9.25
1898,556,D24HourMean,QuarterlyMean,Mean,7.40
1940,550,D24HourMean,QuarterlyMean,Mean,11.32
1912,523,D24HourMean,QuarterlyMean,Mean,10.42
1902,566,D24HourMean,QuarterlyMean,Mean,7.50
1920,579,D24HourMean,QuarterlyMean,Mean,8.41
1909,531,D24HourMean,QuarterlyMean,Mean,10.84
1922,567,D24HourMean,QuarterlyMean,Mean,7.42
1928,541,D24HourMean,QuarterlyMean,Mean,11.59
1918,582,D24HourMean,QuarterlyMean,Mean,5.27
1939,556,D24HourMean,QuarterlyMean,Mean,10.35
1918,576,D24HourMean,QuarterlyMean,Mean,7.61
1925,536,D24HourMean,QuarterlyMean,Mean,11.84
1936,545,D24HourMean,QuarterlyMean,Mean,11.00
1912,543,D24HourMean,QuarterlyMean,Mean,8.88
1919,560,D24HourMean,QuarterlyMean,Mean,8.63
1911,564,D24HourMean,QuarterlyMean,Mean,7.62
1926,550,D24HourMean,QuarterlyMean,Mean,9.08
1930,579,D24HourMean,QuarterlyMean,Mean,9.70
1935,559,D24HourMean,QuarterlyMean,Mean,9.74
1932,570,D24HourMean,QuarterlyMean,Mean,9.32
1931,578,D24HourMean,QuarterlyMean,Mean,9.91
1912,522,D24HourMean,QuarterlyMean,Mean,12.28
1941,542,D24HourMean,QuarterlyMean,Mean,11.93
1940,569,D24HourMean,QuarterlyMean,Mean,10.78
1898,538,D24HourMean,QuarterlyMean,Mean,7.92
1931,559,D24HourMean,QuarterlyMean,Mean,9.43
1920,570,D24HourMean,QuarterlyMean,Mean,8.69
1928,572,D24HourMean,QuarterlyMean,Mean,8.91
1930,570,D24HourMean,QuarterlyMean,Mean,8.36
1919,537,D24HourMean,QuarterlyMean,Mean,13.12
1927,575,D24HourMean,QuarterlyMean,Mean,9.27
1923,574,D24HourMean,QuarterlyMean,Mean,8.41
1935,544,D24HourMean,QuarterlyMean,Mean,11.74
1940,564,D24HourMean,QuarterlyMean,Mean,9.63
1935,545,D24HourMean,QuarterlyMean,Mean,11.47
1930,547,D24HourMean,QuarterlyMean,Mean,10.64
1927,577,D24HourMean,QuarterlyMean,Mean,10.23
1943,565,D24HourMean,QuarterlyMean,Mean,9.75
1917,540,D24HourMean,QuarterlyMean,Mean,11.94
1901,565,D24HourMean,QuarterlyMean,Mean,8.48
1940,556,D24HourMean,QuarterlyMean,Mean,10.15
1920,566,D24HourMean,QuarterlyMean,Mean,8.70
1903,532,D24HourMean,QuarterlyMean,Mean,8.23
1923,556,D24HourMean,QuarterlyMean,Mean,4.99
1923,552,D24HourMean,QuarterlyMean,Mean,9.94
1931,572,D24HourMean,QuarterlyMean,Mean,9.12
1907,541,D24HourMean,QuarterlyMean,Mean,9.27
1933,557,D24HourMean,QuarterlyMean,Mean,10.04
1908,549,D24HourMean,QuarterlyMean,Mean,8.62
1905,556,D24HourMean,QuarterlyMean,Mean,8.69
1916,545,D24HourMean,QuarterlyMean,Mean,9.63
1897,553,D24HourMean,QuarterlyMean,Mean,6.92
1918,530,D24HourMean,QuarterlyMean,Mean,15.77
1912,529,D24HourMean,QuarterlyMean,Mean,11.69
1919,529,D24HourMean,QuarterlyMean,Mean,12.70
1895,540,D24HourMean,QuarterlyMean,Mean,8.62
1922,569,D24HourMean,QuarterlyMean,Mean,8.39
1923,550,D24HourMean,QuarterlyMean,Mean,9.79
1924,563,D24HourMean,QuarterlyMean,Mean,8.37
1897,551,D24HourMean,QuarterlyMean,Mean,4.26
1908,558,D24HourMean,QuarterlyMean,Mean,6.76
1917,571,D24HourMean,QuarterlyMean,Mean,8.44
1930,564,D24HourMean,QuarterlyMean,Mean,8.60
1895,559,D24HourMean,QuarterlyMean,Mean,8.49
1919,573,D24HourMean,QuarterlyMean,Mean,7.63
1919,566,D24HourMean,QuarterlyMean,Mean,9.27
1927,558,D24HourMean,QuarterlyMean,Mean,9.20
1926,579,D24HourMean,QuarterlyMean,Mean,11.27
1908,563,D24HourMean,QuarterlyMean,Mean,8.29
1900,559,D24HourMean,QuarterlyMean,Mean,7.57
1930,571,D24HourMean,QuarterlyMean,Mean,8.25
1897,565,D24HourMean,QuarterlyMean,Mean,7.85
1896,556,D24HourMean,QuarterlyMean,Mean,7.83
1894,554,D24HourMean,QuarterlyMean,Mean,8.37
1897,558,D24HourMean,QuarterlyMean,Mean,7.62
1918,543,D24HourMean,QuarterlyMean,Mean,10.89
1929,572,D24HourMean,QuarterlyMean,Mean,8.95
1921,551,D24HourMean,QuarterlyMean,Mean,8.81
1922,551,D24HourMean,QuarterlyMean,Mean,9.74
1931,577,D24HourMean,QuarterlyMean,Mean,10.08
1907,552,D24HourMean,QuarterlyMean,Mean,7.12
1927,542,D24HourMean,QuarterlyMean,Mean,10.79
1921,566,D24HourMean,QuarterlyMean,Mean,7.85
1904,561,D24HourMean,QuarterlyMean,Mean,7.78
1909,543,D24HourMean,QuarterlyMean,Mean,9.58
1917,541,D24HourMean,QuarterlyMean,Mean,11.22
1909,541,D24HourMean,QuarterlyMean,Mean,9.53
1905,538,D24HourMean,QuarterlyMean,Mean,8.94
1922,550,D24HourMean,QuarterlyMean,Mean,9.84
1937,541,D24HourMean,QuarterlyMean,Mean,12.68
1937,562,D24HourMean,QuarterlyMean,Mean,10.91
1914,561,D24HourMean,QuarterlyMean,Mean,4.41
1902,541,D24HourMean,QuarterlyMean,Mean,9.55
1923,567,D24HourMean,QuarterlyMean,Mean,7.63
1925,578,D24HourMean,QuarterlyMean,Mean,9.24
1940,566,D24HourMean,QuarterlyMean,Mean,10.15
1911,569,D24HourMean,QuarterlyMean,Mean,7.40
1909,538,D24HourMean,QuarterlyMean,Mean,5.28
1915,571,D24HourMean,QuarterlyMean,Mean,7.71
1900,555,D24HourMean,QuarterlyMean,Mean,7.55
1895,565,D24HourMean,QuarterlyMean,Mean,9.27
1908,529,D24HourMean,QuarterlyMean,Mean,10.03
1919,571,D24HourMean,QuarterlyMean,Mean,7.49
1926,557,D24HourMean,QuarterlyMean,Mean,8.62
1938,551,D24HourMean,QuarterlyMean,Mean,11.03
1912,561,D24HourMean,QuarterlyMean,Mean,8.08
1903,543,D24HourMean,QuarterlyMean,Mean,8.62
1942,542,D24HourMean,QuarterlyMean,Mean,11.93
1923,568,D24HourMean,QuarterlyMean,Mean,8.67
1920,548,D24HourMean,QuarterlyMean,Mean,10.50
1905,564,D24HourMean,QuarterlyMean,Mean,6.53
1941,554,D24HourMean,QuarterlyMean,Mean,10.93
1918,559,D24HourMean,QuarterlyMean,Mean,9.58
1910,548,D24HourMean,QuarterlyMean,Mean,8.89
1893,550,D24HourMean,QuarterlyMean,Mean,6.37
1927,557,D24HourMean,QuarterlyMean,Mean,9.00
1923,551,D24HourMean,QuarterlyMean,Mean,9.58
1895,548,D24HourMean,QuarterlyMean,Mean,7.03
1900,558,D24HourMean,QuarterlyMean,Mean,8.06
1922,581,D24HourMean,QuarterlyMean,Mean,8.62
1944,549,D24HourMean,QuarterlyMean,Mean,10.64
1904,550,D24HourMean,QuarterlyMean,Mean,8.89
1910,541,D24HourMean,QuarterlyMean,Mean,9.87
1938,566,D24HourMean,QuarterlyMean,Mean,9.27
1944,541,D24HourMean,QuarterlyMean,Mean,11.69
1900,533,D24HourMean,QuarterlyMean,Mean,8.98
1895,542,D24HourMean,QuarterlyMean,Mean,8.91
1939,545,D24HourMean,QuarterlyMean,Mean,11.45
1907,565,D24HourMean,QuarterlyMean,Mean,6.90
1896,544,D24HourMean,QuarterlyMean,Mean,7.99
1912,563,D24HourMean,QuarterlyMean,Mean,4.25
1900,536,D24HourMean,QuarterlyMean,Mean,8.25
1904,556,D24HourMean,QuarterlyMean,Mean,7.55
1931,549,D24HourMean,QuarterlyMean,Mean,10.33
1914,557,D24HourMean,QuarterlyMean,Mean,7.76
1924,552,D24HourMean,QuarterlyMean,Mean,9.58
1898,568,D24HourMean,QuarterlyMean,Mean,9.79
1906,543,D24HourMean,QuarterlyMean,Mean,9.34
1901,562,D24HourMean,QuarterlyMean,Mean,8.06
1933,553,D24HourMean,QuarterlyMean,Mean,10.54
1940,568,D24HourMean,QuarterlyMean,Mean,10.74
1897,555,D24HourMean,QuarterlyMean,Mean,8.25
1914,566,D24HourMean,QuarterlyMean,Mean,6.78
1941,555,D24HourMean,QuarterlyMean,Mean,10.88
1944,554,D24HourMean,QuarterlyMean,Mean,11.08
1916,577,D24HourMean,QuarterlyMean,Mean,8.08
1941,535,D24HourMean,QuarterlyMean,Mean,12.56
1919,528,D24HourMean,QuarterlyMean,Mean,12.68
1929,573,D24HourMean,QuarterlyMean,Mean,9.53
1937,548,D24HourMean,QuarterlyMean,Mean,11.05
1931,571,D24HourMean,QuarterlyMean,Mean,8.44
1929,568,D24HourMean,QuarterlyMean,Mean,8.91
1929,547,D24HourMean,QuarterlyMean,Mean,10.55
1916,536,D24HourMean,QuarterlyMean,Mean,13.20
1908,564,D24HourMean,QuarterlyMean,Mean,7.26
1925,565,D24HourMean,QuarterlyMean,Mean,5.23
1903,555,D24HourMean,QuarterlyMean,Mean,7.40
1925,549,D24HourMean,QuarterlyMean,Mean,9.89
1921,550,D24HourMean,QuarterlyMean,Mean,9.96
1930,565,D24HourMean,QuarterlyMean,Mean,9.60
1924,554,D24HourMean,QuarterlyMean,Mean,9.99
1927,546,D24HourMean,QuarterlyMean,Mean,10.26
1919,543,D24HourMean,QuarterlyMean,Mean,11.15
1929,552,D24HourMean,QuarterlyMean,Mean,9.99
1915,549,D24HourMean,QuarterlyMean,Mean,7.89
1930,572,D24HourMean,QuarterlyMean,Mean,9.10
1935,572,D24HourMean,QuarterlyMean,Mean,9.44
1902,553,D24HourMean,QuarterlyMean,Mean,9.17
1894,563,D24HourMean,QuarterlyMean,Mean,8.60
1918,550,D24HourMean,QuarterlyMean,Mean,9.58
1921,557,D24HourMean,QuarterlyMean,Mean,9.50
1918,556,D24HourMean,QuarterlyMean,Mean,9.38
1926,552,D24HourMean,QuarterlyMean,Mean,9.62
1922,568,D24HourMean,QuarterlyMean,Mean,8.77
1895,554,D24HourMean,QuarterlyMean,Mean,7.40
1909,553,D24HourMean,QuarterlyMean,Mean,8.03
1921,581,D24HourMean,QuarterlyMean,Mean,8.77
1939,539,D24HourMean,QuarterlyMean,Mean,12.88
1939,561,D24HourMean,QuarterlyMean,Mean,9.79
1911,565,D24HourMean,QuarterlyMean,Mean,7.34
1924,544,D24HourMean,QuarterlyMean,Mean,10.16
1925,561,D24HourMean,QuarterlyMean,Mean,5.23
1903,560,D24HourMean,QuarterlyMean,Mean,7.73
1942,569,D24HourMean,QuarterlyMean,Mean,10.28
1943,543,D24HourMean,QuarterlyMean,Mean,11.54
1914,536,D24HourMean,QuarterlyMean,Mean,11.01
1897,544,D24HourMean,QuarterlyMean,Mean,8.30
1903,562,D24HourMean,QuarterlyMean,Mean,7.62
1909,554,D24HourMean,QuarterlyMean,Mean,6.90
1898,567,D24HourMean,QuarterlyMean,Mean,7.54
1917,566,D24HourMean,QuarterlyMean,Mean,7.15
1935,569,D24HourMean,QuarterlyMean,Mean,10.18
1910,559,D24HourMean,QuarterlyMean,Mean,7.54
1938,545,D24HourMean,QuarterlyMean,Mean,11.25
1903,558,D24HourMean,QuarterlyMean,Mean,6.27
1904,544,D24HourMean,QuarterlyMean,Mean,8.56
1927,570,D24HourMean,QuarterlyMean,Mean,8.86
1924,545,D24HourMean,QuarterlyMean,Mean,10.42
1938,563,D24HourMean,QuarterlyMean,Mean,11.18
1936,559,D24HourMean,QuarterlyMean,Mean,9.56
1936,563,D24HourMean,QuarterlyMean,Mean,9.50
1940,536,D24HourMean,QuarterlyMean,Mean,12.93
1914,538,D24HourMean,QuarterlyMean,Mean,10.52
1922,554,D24HourMean,QuarterlyMean,Mean,9.68
1928,559,D24HourMean,QuarterlyMean,Mean,8.89
1944,569,D24HourMean,QuarterlyMean,Mean,10.54
1898,551,D24HourMean,QuarterlyMean,Mean,4.26
1900,542,D24HourMean,QuarterlyMean,Mean,7.94
1916,529,D24HourMean,QuarterlyMean,Mean,11.71
1922,553,D24HourMean,QuarterlyMean,Mean,10.04
1913,554,D24HourMean,QuarterlyMean,Mean,7.57
1918,524,D24HourMean,QuarterlyMean,Mean,11.44
1930,569,D24HourMean,QuarterlyMean,Mean,9.20
1908,554,D24HourMean,QuarterlyMean,Mean,6.66
1898,537,D24HourMean,QuarterlyMean,Mean,7.62
1909,561,D24HourMean,QuarterlyMean,Mean,8.08
1931,555,D24HourMean,QuarterlyMean,Mean,10.09
1927,565,D24HourMean,QuarterlyMean,Mean,8.74
1925,555,D24HourMean,QuarterlyMean,Mean,9.39
1902,555,D24HourMean,QuarterlyMean,Mean,6.98
1920,572,D24HourMean,QuarterlyMean,Mean,8.01
1922,552,D24HourMean,QuarterlyMean,Mean,10.78
1908,528,D24HourMean,QuarterlyMean,Mean,9.50
1925,568,D24HourMean,QuarterlyMean,Mean,12.19
1914,581,D24HourMean,QuarterlyMean,Mean,4.85
1924,539,D24HourMean,QuarterlyMean,Mean,9.55
1899,542,D24HourMean,QuarterlyMean,Mean,7.96
1904,545,D24HourMean,QuarterlyMean,Mean,8.32
1920,543,D24HourMean,QuarterlyMean,Mean,10.66
1924,556,D24HourMean,QuarterlyMean,Mean,9.74
1933,554,D24HourMean,QuarterlyMean,Mean,9.72
1898,545,D24HourMean,QuarterlyMean,Mean,7.76
1900,564,D24HourMean,QuarterlyMean,Mean,7.90
1941,541,D24HourMean,QuarterlyMean,Mean,11.87
1905,557,D24HourMean,QuarterlyMean,Mean,7.62
1904,559,D24HourMean,QuarterlyMean,Mean,7.55
1918,545,D24HourMean,QuarterlyMean,Mean,9.96
1899,539,D24HourMean,QuarterlyMean,Mean,8.43
1917,548,D24HourMean,QuarterlyMean,Mean,8.72
1905,553,D24HourMean,QuarterlyMean,Mean,7.73
1915,551,D24HourMean,QuarterlyMean,Mean,7.66
1930,539,D24HourMean,QuarterlyMean,Mean,11.81
1897,560,D24HourMean,QuarterlyMean,Mean,7.64
1898,543,D24HourMean,QuarterlyMean,Mean,9.20
1929,557,D24HourMean,QuarterlyMean,Mean,8.69
1908,535,D24HourMean,QuarterlyMean,Mean,10.61
1931,563,D24HourMean,QuarterlyMean,Mean,9.01
1915,533,D24HourMean,QuarterlyMean,Mean,13.85
1925,574,D24HourMean,QuarterlyMean,Mean,8.41
1932,546,D24HourMean,QuarterlyMean,Mean,10.89
1939,564,D24HourMean,QuarterlyMean,Mean,9.07
1945,546,D24HourMean,QuarterlyMean,Mean,11.39
1899,564,D24HourMean,QuarterlyMean,Mean,7.36
1927,573,D24HourMean,QuarterlyMean,Mean,9.15
1903,549,D24HourMean,QuarterlyMean,Mean,8.96
1943,545,D24HourMean,QuarterlyMean,Mean,11.32
1928,567,D24HourMean,QuarterlyMean,Mean,10.06
1912,549,D24HourMean,QuarterlyMean,Mean,7.97
1907,568,D24HourMean,QuarterlyMean,Mean,9.01
1931,579,D24HourMean,QuarterlyMean,Mean,10.32
1919,565,D24HourMean,QuarterlyMean,Mean,7.96
1904,565,D24HourMean,QuarterlyMean,Mean,6.87
1897,538,D24HourMean,QuarterlyMean,Mean,8.22
1913,536,D24HourMean,QuarterlyMean,Mean,11.69
1935,571,D24HourMean,QuarterlyMean,Mean,9.34
1913,543,D24HourMean,QuarterlyMean,Mean,11.62
1918,578,D24HourMean,QuarterlyMean,Mean,8.06
1907,528,D24HourMean,QuarterlyMean,Mean,9.25
1944,568,D24HourMean,QuarterlyMean,Mean,10.76
1896,546,D24HourMean,QuarterlyMean,Mean,7.69
1931,570,D24HourMean,QuarterlyMean,Mean,8.56
1918,538,D24HourMean,QuarterlyMean,Mean,12.53
1907,539,D24HourMean,QuarterlyMean,Mean,9.74
1915,529,D24HourMean,QuarterlyMean,Mean,13.19
1906,549,D24HourMean,QuarterlyMean,Mean,9.19
1937,553,D24HourMean,QuarterlyMean,Mean,10.96
1917,575,D24HourMean,QuarterlyMean,Mean,7.27
1933,539,D24HourMean,QuarterlyMean,Mean,11.82
1922,573,D24HourMean,QuarterlyMean,Mean,7.87
1925,571,D24HourMean,QuarterlyMean,Mean,9.34
1943,568,D24HourMean,QuarterlyMean,Mean,9.99
1921,580,D24HourMean,QuarterlyMean,Mean,8.58
1901,542,D24HourMean,QuarterlyMean,Mean,9.01
1899,554,D24HourMean,QuarterlyMean,Mean,4.26
1898,549,D24HourMean,QuarterlyMean,Mean,4.34
1930,574,D24HourMean,QuarterlyMean,Mean,9.10
1939,553,D24HourMean,QuarterlyMean,Mean,10.81
1900,560,D24HourMean,QuarterlyMean,Mean,4.28
1943,572,D24HourMean,QuarterlyMean,Mean,10.08
1904,532,D24HourMean,QuarterlyMean,Mean,8.69
1908,561,D24HourMean,QuarterlyMean,Mean,7.64
1910,544,D24HourMean,QuarterlyMean,Mean,9.75
1939,560,D24HourMean,QuarterlyMean,Mean,9.63
1934,567,D24HourMean,QuarterlyMean,Mean,9.34
1917,537,D24HourMean,QuarterlyMean,Mean,11.74
1913,547,D24HourMean,QuarterlyMean,Mean,8.60
1902,531,D24HourMean,QuarterlyMean,Mean,9.37
1919,556,D24HourMean,QuarterlyMean,Mean,9.38
1935,546,D24HourMean,QuarterlyMean,Mean,11.35
1908,553,D24HourMean,QuarterlyMean,Mean,7.64
1931,542,D24HourMean,QuarterlyMean,Mean,11.79
1917,582,D24HourMean,QuarterlyMean,Mean,5.21
1901,563,D24HourMean,QuarterlyMean,Mean,7.80
1933,536,D24HourMean,QuarterlyMean,Mean,12.13
1911,535,D24HourMean,QuarterlyMean,Mean,11.59
1926,581,D24HourMean,QuarterlyMean,Mean,10.01
1938,539,D24HourMean,QuarterlyMean,Mean,12.93
1903,548,D24HourMean,QuarterlyMean,Mean,8.17
1923,581,D24HourMean,QuarterlyMean,Mean,9.19
1916,531,D24HourMean,QuarterlyMean,Mean,13.25
1919,559,D24HourMean,QuarterlyMean,Mean,9.12
1894,543,D24HourMean,QuarterlyMean,Mean,8.55
1908,539,D24HourMean,QuarterlyMean,Mean,5.21
1945,568,D24HourMean,QuarterlyMean,Mean,10.35
1904,536,D24HourMean,QuarterlyMean,Mean,8.49
1932,536,D24HourMean,QuarterlyMean,Mean,12.24
1921,560,D24HourMean,QuarterlyMean,Mean,4.90
1929,562,D24HourMean,QuarterlyMean,Mean,8.79
1911,527,D24HourMean,QuarterlyMean,Mean,10.86
1926,541,D24HourMean,QuarterlyMean,Mean,10.69
1913,537,D24HourMean,QuarterlyMean,Mean,10.44
1915,543,D24HourMean,QuarterlyMean,Mean,11.32
1943,551,D24HourMean,QuarterlyMean,Mean,11.18
1935,550,D24HourMean,QuarterlyMean,Mean,11.18
1909,540,D24HourMean,QuarterlyMean,Mean,9.77
1912,567,D24HourMean,QuarterlyMean,Mean,4.23
1915,537,D24HourMean,QuarterlyMean,Mean,9.87
1936,566,D24HourMean,QuarterlyMean,Mean,9.17
1911,521,D24HourMean,QuarterlyMean,Mean,10.57
1931,567,D24HourMean,QuarterlyMean,Mean,8.48
1917,562,D24HourMean,QuarterlyMean,Mean,4.72
1920,569,D24HourMean,QuarterlyMean,Mean,10.15
1910,568,D24HourMean,QuarterlyMean,Mean,9.20
1914,546,D24HourMean,QuarterlyMean,Mean,9.05
1933,561,D24HourMean,QuarterlyMean,Mean,9.05
1915,528,D24HourMean,QuarterlyMean,Mean,12.42
1916,579,D24HourMean,QuarterlyMean,Mean,8.62
1902,564,D24HourMean,QuarterlyMean,Mean,7.62
1936,547,D24HourMean,QuarterlyMean,Mean,11.25
1918,529,D24HourMean,QuarterlyMean,Mean,12.72
1911,558,D24HourMean,QuarterlyMean,Mean,8.69
1930,549,D24HourMean,QuarterlyMean,Mean,10.26
1893,546,D24HourMean,QuarterlyMean,Mean,7.97
1895,556,D24HourMean,QuarterlyMean,Mean,8.04
1931,548,D24HourMean,QuarterlyMean,Mean,10.25
1938,572,D24HourMean,QuarterlyMean,Mean,9.77
1914,569,D24HourMean,QuarterlyMean,Mean,8.29
1919,553,D24HourMean,QuarterlyMean,Mean,10.18
1909,542,D24HourMean,QuarterlyMean,Mean,10.01
1930,568,D24HourMean,QuarterlyMean,Mean,8.74
1907,561,D24HourMean,QuarterlyMean,Mean,7.01
1934,550,D24HourMean,QuarterlyMean,Mean,10.40
1918,548,D24HourMean,QuarterlyMean,Mean,10.11
1919,563,D24HourMean,QuarterlyMean,Mean,8.53
1905,541,D24HourMean,QuarterlyMean,Mean,9.24
1910,555,D24HourMean,QuarterlyMean,Mean,6.43
1923,541,D24HourMean,QuarterlyMean,Mean,9.51
1901,552,D24HourMean,QuarterlyMean,Mean,9.12
1918,523,D24HourMean,QuarterlyMean,Mean,12.31
1911,531,D24HourMean,QuarterlyMean,Mean,11.47
1921,563,D24HourMean,QuarterlyMean,Mean,7.97
1935,561,D24HourMean,QuarterlyMean,Mean,10.11
1913,533,D24HourMean,QuarterlyMean,Mean,12.93
1936,567,D24HourMean,QuarterlyMean,Mean,9.74
1921,549,D24HourMean,QuarterlyMean,Mean,9.58
1907,569,D24HourMean,QuarterlyMean,Mean,8.30
1923,544,D24HourMean,QuarterlyMean,Mean,10.64
1928,575,D24HourMean,QuarterlyMean,Mean,9.07
1912,524,D24HourMean,QuarterlyMean,Mean,9.70
1898,552,D24HourMean,QuarterlyMean,Mean,4.26
1939,562,D24HourMean,QuarterlyMean,Mean,9.58
1918,551,D24HourMean,QuarterlyMean,Mean,8.81
1932,544,D24HourMean,QuarterlyMean,Mean,11.33
1906,553,D24HourMean,QuarterlyMean,Mean,4.26
1904,549,D24HourMean,QuarterlyMean,Mean,8.91
1909,532,D24HourMean,QuarterlyMean,Mean,11.01
1920,529,D24HourMean,QuarterlyMean,Mean,14.02
1918,528,D24HourMean,QuarterlyMean,Mean,12.00
1918,575,D24HourMean,QuarterlyMean,Mean,7.56
1919,555,D24HourMean,QuarterlyMean,Mean,9.38
1928,543,D24HourMean,QuarterlyMean,Mean,11.05
1900,562,D24HourMean,QuarterlyMean,Mean,7.36
1909,549,D24HourMean,QuarterlyMean,Mean,8.60
1921,556,D24HourMean,QuarterlyMean,Mean,9.39
1935,539,D24HourMean,QuarterlyMean,Mean,12.85
1917,573,D24HourMean,QuarterlyMean,Mean,8.06
1897,541,D24HourMean,QuarterlyMean,Mean,7.48
1935,555,D24HourMean,QuarterlyMean,Mean,9.79
1940,554,D24HourMean,QuarterlyMean,Mean,10.86
1908,565,D24HourMean,QuarterlyMean,Mean,7.15
1914,534,D24HourMean,QuarterlyMean,Mean,12.66
1915,561,D24HourMean,QuarterlyMean,Mean,4.47
1940,544,D24HourMean,QuarterlyMean,Mean,11.67
1897,545,D24HourMean,QuarterlyMean,Mean,7.27
1938,542,D24HourMean,QuarterlyMean,Mean,12.26
1894,558,D24HourMean,QuarterlyMean,Mean,8.39
1895,558,D24HourMean,QuarterlyMean,Mean,8.01
1916,560,D24HourMean,QuarterlyMean,Mean,4.59
1930,563,D24HourMean,QuarterlyMean,Mean,8.86
1930,576,D24HourMean,QuarterlyMean,Mean,10.21
1914,579,D24HourMean,QuarterlyMean,Mean,8.63
1906,542,D24HourMean,QuarterlyMean,Mean,9.55
1917,529,D24HourMean,QuarterlyMean,Mean,12.05
1890,551,D24HourMean,QuarterlyMean,Mean,4.26
1936,561,D24HourMean,QuarterlyMean,Mean,10.04
1903,536,D24HourMean,QuarterlyMean,Mean,7.85
1915,570,D24HourMean,QuarterlyMean,Mean,7.73
1915,574,D24HourMean,QuarterlyMean,Mean,6.87
1943,552,D24HourMean,QuarterlyMean,Mean,10.67
1897,559,D24HourMean,QuarterlyMean,Mean,7.57
1916,576,D24HourMean,QuarterlyMean,Mean,7.85
1915,567,D24HourMean,QuarterlyMean,Mean,4.43
1926,553,D24HourMean,QuarterlyMean,Mean,10.06
1928,578,D24HourMean,QuarterlyMean,Mean,9.68
1929,577,D24HourMean,QuarterlyMean,Mean,9.74
1900,568,D24HourMean,QuarterlyMean,Mean,8.98
1906,531,D24HourMean,QuarterlyMean,Mean,9.03
1927,569,D24HourMean,QuarterlyMean,Mean,10.76
1895,551,D24HourMean,QuarterlyMean,Mean,6.75
1903,535,D24HourMean,QuarterlyMean,Mean,8.20
1911,522,D24HourMean,QuarterlyMean,Mean,11.06
1940,555,D24HourMean,QuarterlyMean,Mean,10.55
1935,536,D24HourMean,QuarterlyMean,Mean,12.14
1917,563,D24HourMean,QuarterlyMean,Mean,7.54
1904,563,D24HourMean,QuarterlyMean,Mean,6.27
1921,558,D24HourMean,QuarterlyMean,Mean,10.69
1900,567,D24HourMean,QuarterlyMean,Mean,8.51
1919,558,D24HourMean,QuarterlyMean,Mean,11.59
1942,573,D24HourMean,QuarterlyMean,Mean,10.08
1918,549,D24HourMean,QuarterlyMean,Mean,9.46
1921,555,D24HourMean,QuarterlyMean,Mean,10.16
1902,536,D24HourMean,QuarterlyMean,Mean,8.11
1913,526,D24HourMean,QuarterlyMean,Mean,11.84
1909,552,D24HourMean,QuarterlyMean,Mean,6.85
1898,548,D24HourMean,QuarterlyMean,Mean,7.19
1940,565,D24HourMean,QuarterlyMean,Mean,9.48
1911,529,D24HourMean,QuarterlyMean,Mean,11.27
1925,552,D24HourMean,QuarterlyMean,Mean,9.65
1922,544,D24HourMean,QuarterlyMean,Mean,9.44
1943,542,D24HourMean,QuarterlyMean,Mean,11.64
1944,545,D24HourMean,QuarterlyMean,Mean,11.39
1927,579,D24HourMean,QuarterlyMean,Mean,11.23
1931,552,D24HourMean,QuarterlyMean,Mean,10.15
1902,543,D24HourMean,QuarterlyMean,Mean,8.89
1916,563,D24HourMean,QuarterlyMean,Mean,8.56
1924,569,D24HourMean,QuarterlyMean,Mean,9.34
1899,544,D24HourMean,QuarterlyMean,Mean,8.39
1929,580,D24HourMean,QuarterlyMean,Mean,9.70
1895,546,D24HourMean,QuarterlyMean,Mean,7.43
1941,538,D24HourMean,QuarterlyMean,Mean,12.26
1924,540,D24HourMean,QuarterlyMean,Mean,9.97
1921,539,D24HourMean,QuarterlyMean,Mean,11.15
1933,548,D24HourMean,QuarterlyMean,Mean,11.01
1915,538,D24HourMean,QuarterlyMean,Mean,9.96
1943,550,D24HourMean,QuarterlyMean,Mean,11.79
1922,538,D24HourMean,QuarterlyMean,Mean,9.96
1921,579,D24HourMean,QuarterlyMean,Mean,8.41
1915,536,D24HourMean,QuarterlyMean,Mean,11.81
1932,541,D24HourMean,QuarterlyMean,Mean,11.40
1894,549,D24HourMean,QuarterlyMean,Mean,8.17
1907,558,D24HourMean,QuarterlyMean,Mean,4.25
1925,556,D24HourMean,QuarterlyMean,Mean,8.76
1934,560,D24HourMean,QuarterlyMean,Mean,10.30
1931,543,D24HourMean,QuarterlyMean,Mean,11.52
1905,530,D24HourMean,QuarterlyMean,Mean,9.07
1922,548,D24HourMean,QuarterlyMean,Mean,9.79
1911,568,D24HourMean,QuarterlyMean,Mean,8.70
1905,542,D24HourMean,QuarterlyMean,Mean,9.50
1924,549,D24HourMean,QuarterlyMean,Mean,9.77
1926,544,D24HourMean,QuarterlyMean,Mean,10.18
1914,576,D24HourMean,QuarterlyMean,Mean,7.50
1940,545,D24HourMean,QuarterlyMean,Mean,10.95
1903,537,D24HourMean,QuarterlyMean,Mean,7.89
1899,550,D24HourMean,QuarterlyMean,Mean,4.26
1899,549,D24HourMean,QuarterlyMean,Mean,4.34
1910,566,D24HourMean,QuarterlyMean,Mean,7.24
1909,557,D24HourMean,QuarterlyMean,Mean,6.90
1899,566,D24HourMean,QuarterlyMean,Mean,7.13
1911,556,D24HourMean,QuarterlyMean,Mean,6.64
1914,528,D24HourMean,QuarterlyMean,Mean,11.62
1934,571,D24HourMean,QuarterlyMean,Mean,10.01
1938,555,D24HourMean,QuarterlyMean,Mean,10.16
1923,545,D24HourMean,QuarterlyMean,Mean,10.49
1927,567,D24HourMean,QuarterlyMean,Mean,9.62
1942,545,D24HourMean,QuarterlyMean,Mean,11.32
1931,547,D24HourMean,QuarterlyMean,Mean,10.55
1940,537,D24HourMean,QuarterlyMean,Mean,12.92
1944,553,D24HourMean,QuarterlyMean,Mean,11.28
1911,545,D24HourMean,QuarterlyMean,Mean,9.12
1927,571,D24HourMean,QuarterlyMean,Mean,8.76
1900,552,D24HourMean,QuarterlyMean,Mean,8.43
1898,569,D24HourMean,QuarterlyMean,Mean,4.21
1892,549,D24HourMean,QuarterlyMean,Mean,4.34
1920,563,D24HourMean,QuarterlyMean,Mean,7.80
1900,556,D24HourMean,QuarterlyMean,Mean,7.08
1923,577,D24HourMean,QuarterlyMean,Mean,8.72
1927,548,D24HourMean,QuarterlyMean,Mean,10.33
1920,551,D24HourMean,QuarterlyMean,Mean,9.05
1900,538,D24HourMean,QuarterlyMean,Mean,9.00
1903,554,D24HourMean,QuarterlyMean,Mean,8.15
1912,540,D24HourMean,QuarterlyMean,Mean,10.74
1909,525,D24HourMean,QuarterlyMean,Mean,10.18
1909,555,D24HourMean,QuarterlyMean,Mean,4.19
1927,574,D24HourMean,QuarterlyMean,Mean,8.86
1931,568,D24HourMean,QuarterlyMean,Mean,8.72
1903,565,D24HourMean,QuarterlyMean,Mean,7.08
1944,550,D24HourMean,QuarterlyMean,Mean,12.26
1910,545,D24HourMean,QuarterlyMean,Mean,9.36
1924,573,D24HourMean,QuarterlyMean,Mean,7.80
1917,542,D24HourMean,QuarterlyMean,Mean,9.58
1924,542,D24HourMean,QuarterlyMean,Mean,9.87
1926,566,D24HourMean,QuarterlyMean,Mean,9.96
1916,528,D24HourMean,QuarterlyMean,Mean,11.59
1898,536,D24HourMean,QuarterlyMean,Mean,7.87
1910,542,D24HourMean,QuarterlyMean,Mean,9.84
1936,546,D24HourMean,QuarterlyMean,Mean,11.11
1902,567,D24HourMean,QuarterlyMean,Mean,7.38
1927,547,D24HourMean,QuarterlyMean,Mean,10.04
1931,581,D24HourMean,QuarterlyMean,Mean,9.82
1941,536,D24HourMean,QuarterlyMean,Mean,12.87
1902,558,D24HourMean,QuarterlyMean,Mean,4.26
1902,565,D24HourMean,QuarterlyMean,Mean,7.99
1895,564,D24HourMean,QuarterlyMean,Mean,9.70
1908,569,D24HourMean,QuarterlyMean,Mean,8.29
1898,557,D24HourMean,QuarterlyMean,Mean,7.69
1922,556,D24HourMean,QuarterlyMean,Mean,9.22
1929,540,D24HourMean,QuarterlyMean,Mean,11.35
1933,567,D24HourMean,QuarterlyMean,Mean,8.81
1906,568,D24HourMean,QuarterlyMean,Mean,9.24
1930,556,D24HourMean,QuarterlyMean,Mean,10.01
1914,567,D24HourMean,QuarterlyMean,Mean,4.32
1930,573,D24HourMean,QuarterlyMean,Mean,9.31
1923,561,D24HourMean,QuarterlyMean,Mean,8.39
1923,566,D24HourMean,QuarterlyMean,Mean,7.68
1941,569,D24HourMean,QuarterlyMean,Mean,10.89
1938,546,D24HourMean,QuarterlyMean,Mean,11.30
1927,581,D24HourMean,QuarterlyMean,Mean,10.27
1904,553,D24HourMean,QuarterlyMean,Mean,8.37
1928,553,D24HourMean,QuarterlyMean,Mean,10.28
1923,570,D24HourMean,QuarterlyMean,Mean,8.50
1911,563,D24HourMean,QuarterlyMean,Mean,7.78
1910,546,D24HourMean,QuarterlyMean,Mean,8.13
1940,563,D24HourMean,QuarterlyMean,Mean,10.15
1924,557,D24HourMean,QuarterlyMean,Mean,9.05
1904,533,D24HourMean,QuarterlyMean,Mean,8.69
1937,556,D24HourMean,QuarterlyMean,Mean,10.30
1911,544,D24HourMean,QuarterlyMean,Mean,10.35
1915,580,D24HourMean,QuarterlyMean,Mean,9.38
1934,557,D24HourMean,QuarterlyMean,Mean,9.56
1930,553,D24HourMean,QuarterlyMean,Mean,9.43
1909,563,D24HourMean,QuarterlyMean,Mean,8.51
1926,556,D24HourMean,QuarterlyMean,Mean,9.07
1932,571,D24HourMean,QuarterlyMean,Mean,9.48
1920,538,D24HourMean,QuarterlyMean,Mean,12.50
1914,548,D24HourMean,QuarterlyMean,Mean,8.20
1899,565,D24HourMean,QuarterlyMean,Mean,7.80
1899,568,D24HourMean,QuarterlyMean,Mean,8.44
1936,544,D24HourMean,QuarterlyMean,Mean,11.54
1918,525,D24HourMean,QuarterlyMean,Mean,13.25
1892,551,D24HourMean,QuarterlyMean,Mean,7.29
1930,550,D24HourMean,QuarterlyMean,Mean,10.01
1929,550,D24HourMean,QuarterlyMean,Mean,10.04
1916,570,D24HourMean,QuarterlyMean,Mean,7.57
1895,549,D24HourMean,QuarterlyMean,Mean,7.13
1907,537,D24HourMean,QuarterlyMean,Mean,9.63
1919,538,D24HourMean,QuarterlyMean,Mean,13.05
1909,536,D24HourMean,QuarterlyMean,Mean,8.79
1939,565,D24HourMean,QuarterlyMean,Mean,9.36
1917,567,D24HourMean,QuarterlyMean,Mean,8.15
1895,557,D24HourMean,QuarterlyMean,Mean,8.32
1914,555,D24HourMean,QuarterlyMean,Mean,7.96
1924,574,D24HourMean,QuarterlyMean,Mean,7.85
1930,567,D24HourMean,QuarterlyMean,Mean,8.32
1899,562,D24HourMean,QuarterlyMean,Mean,7.80
1913,539,D24HourMean,QuarterlyMean,Mean,10.71
1942,544,D24HourMean,QuarterlyMean,Mean,11.52
1915,557,D24HourMean,QuarterlyMean,Mean,8.39
1922,547,D24HourMean,QuarterlyMean,Mean,9.48
1905,547,D24HourMean,QuarterlyMean,Mean,8.03
1914,562,D24HourMean,QuarterlyMean,Mean,4.41
1921,544,D24HourMean,QuarterlyMean,Mean,10.15
1941,567,D24HourMean,QuarterlyMean,Mean,10.33
1928,544,D24HourMean,QuarterlyMean,Mean,10.61
1934,541,D24HourMean,QuarterlyMean,Mean,12.43
1934,558,D24HourMean,QuarterlyMean,Mean,10.66
1936,556,D24HourMean,QuarterlyMean,Mean,10.27
1897,563,D24HourMean,QuarterlyMean,Mean,8.79
1930,546,D24HourMean,QuarterlyMean,Mean,10.59
1930,540,D24HourMean,QuarterlyMean,Mean,11.86
1935,563,D24HourMean,QuarterlyMean,Mean,10.11
1934,542,D24HourMean,QuarterlyMean,Mean,12.18
1928,555,D24HourMean,QuarterlyMean,Mean,9.77
1914,541,D24HourMean,QuarterlyMean,Mean,11.57
1897,536,D24HourMean,QuarterlyMean,Mean,8.32
1938,540,D24HourMean,QuarterlyMean,Mean,12.46
1938,541,D24HourMean,QuarterlyMean,Mean,13.05
1932,565,D24HourMean,QuarterlyMean,Mean,8.74
1929,554,D24HourMean,QuarterlyMean,Mean,9.36
1932,569,D24HourMean,QuarterlyMean,Mean,8.86
1914,532,D24HourMean,QuarterlyMean,Mean,12.60
1890,550,D24HourMean,QuarterlyMean,Mean,8.25
1895,560,D24HourMean,QuarterlyMean,Mean,8.41
1899,547,D24HourMean,QuarterlyMean,Mean,4.41
1898,544,D24HourMean,QuarterlyMean,Mean,7.85
1915,532,D24HourMean,QuarterlyMean,Mean,13.33
1915,554,D24HourMean,QuarterlyMean,Mean,7.75
1905,529,D24HourMean,QuarterlyMean,Mean,10.81
1929,566,D24HourMean,QuarterlyMean,Mean,8.98
1914,539,D24HourMean,QuarterlyMean,Mean,10.38
1903,544,D24HourMean,QuarterlyMean,Mean,8.69
1916,527,D24HourMean,QuarterlyMean,Mean,12.10
1934,564,D24HourMean,QuarterlyMean,Mean,9.62
1920,526,D24HourMean,QuarterlyMean,Mean,12.03
1908,568,D24HourMean,QuarterlyMean,Mean,9.25
1916,581,D24HourMean,QuarterlyMean,Mean,5.03
1939,546,D24HourMean,QuarterlyMean,Mean,11.33
1912,538,D24HourMean,QuarterlyMean,Mean,10.95
1941,540,D24HourMean,QuarterlyMean,Mean,12.43
1893,553,D24HourMean,QuarterlyMean,Mean,8.69
1912,536,D24HourMean,QuarterlyMean,Mean,10.21
1905,550,D24HourMean,QuarterlyMean,Mean,7.73
1925,563,D24HourMean,QuarterlyMean,Mean,8.91
1942,540,D24HourMean,QuarterlyMean,Mean,12.63
1918,541,D24HourMean,QuarterlyMean,Mean,12.66
1925,546,D24HourMean,QuarterlyMean,Mean,9.82
1895,566,D24HourMean,QuarterlyMean,Mean,9.68
1899,551,D24HourMean,QuarterlyMean,Mean,4.26
1910,539,D24HourMean,QuarterlyMean,Mean,10.42
1905,533,D24HourMean,QuarterlyMean,Mean,8.63
1924,548,D24HourMean,QuarterlyMean,Mean,9.56
1945,553,D24HourMean,QuarterlyMean,Mean,11.28
1914,558,D24HourMean,QuarterlyMean,Mean,7.56
1927,568,D24HourMean,QuarterlyMean,Mean,9.65
1897,562,D24HourMean,QuarterlyMean,Mean,8.86
1912,558,D24HourMean,QuarterlyMean,Mean,9.00
1914,533,D24HourMean,QuarterlyMean,Mean,13.12
1918,569,D24HourMean,QuarterlyMean,Mean,9.99
1912,560,D24HourMean,QuarterlyMean,Mean,7.48
1912,535,D24HourMean,QuarterlyMean,Mean,11.30
1909,546,D24HourMean,QuarterlyMean,Mean,8.37
1934,538,D24HourMean,QuarterlyMean,Mean,12.65
1900,551,D24HourMean,QuarterlyMean,Mean,4.26
1915,565,D24HourMean,QuarterlyMean,Mean,7.96
1906,556,D24HourMean,QuarterlyMean,Mean,4.26
1942,550,D24HourMean,QuarterlyMean,Mean,10.88
1908,536,D24HourMean,QuarterlyMean,Mean,9.50
1919,572,D24HourMean,QuarterlyMean,Mean,7.90
1925,566,D24HourMean,QuarterlyMean,Mean,9.24
1935,554,D24HourMean,QuarterlyMean,Mean,10.67
1890,553,D24HourMean,QuarterlyMean,Mean,4.26
1907,560,D24HourMean,QuarterlyMean,Mean,6.41
1943,554,D24HourMean,QuarterlyMean,Mean,11.49
1924,566,D24HourMean,QuarterlyMean,Mean,8.69
1940,570,D24HourMean,QuarterlyMean,Mean,10.49
1925,570,D24HourMean,QuarterlyMean,Mean,10.86
1898,564,D24HourMean,QuarterlyMean,Mean,8.27
1913,538,D24HourMean,QuarterlyMean,Mean,10.52
1936,569,D24HourMean,QuarterlyMean,Mean,10.30
1932,581,D24HourMean,QuarterlyMean,Mean,9.75
1914,565,D24HourMean,QuarterlyMean,Mean,6.96
1898,553,D24HourMean,QuarterlyMean,Mean,7.24
1925,545,D24HourMean,QuarterlyMean,Mean,9.89
1922,543,D24HourMean,QuarterlyMean,Mean,10.11
1920,556,D24HourMean,QuarterlyMean,Mean,9.15
1932,580,D24HourMean,QuarterlyMean,Mean,9.82
1942,552,D24HourMean,QuarterlyMean,Mean,11.28
1914,556,D24HourMean,QuarterlyMean,Mean,7.96
1909,565,D24HourMean,QuarterlyMean,Mean,7.17
1931,553,D24HourMean,QuarterlyMean,Mean,9.58
1934,539,D24HourMean,QuarterlyMean,Mean,12.23
1916,550,D24HourMean,QuarterlyMean,Mean,7.73
1919,523,D24HourMean,QuarterlyMean,Mean,12.16
1943,544,D24HourMean,QuarterlyMean,Mean,11.59
1908,543,D24HourMean,QuarterlyMean,Mean,9.96
1904,562,D24HourMean,QuarterlyMean,Mean,7.55
1911,557,D24HourMean,QuarterlyMean,Mean,8.04
1939,558,D24HourMean,QuarterlyMean,Mean,10.91
1911,548,D24HourMean,QuarterlyMean,Mean,9.84
1920,527,D24HourMean,QuarterlyMean,Mean,12.25
1911,541,D24HourMean,QuarterlyMean,Mean,10.08
1929,570,D24HourMean,QuarterlyMean,Mean,9.53
1944,567,D24HourMean,QuarterlyMean,Mean,10.66
1899,548,D24HourMean,QuarterlyMean,Mean,4.34
1896,538,D24HourMean,QuarterlyMean,Mean,8.56
1921,567,D24HourMean,QuarterlyMean,Mean,8.17
1905,551,D24HourMean,QuarterlyMean,Mean,9.53
1911,560,D24HourMean,QuarterlyMean,Mean,7.13
1934,559,D24HourMean,QuarterlyMean,Mean,10.40
1920,580,D24HourMean,QuarterlyMean,Mean,7.85
1939,573,D24HourMean,QuarterlyMean,Mean,10.06
1901,569,D24HourMean,QuarterlyMean,Mean,9.17
1941,564,D24HourMean,QuarterlyMean,Mean,10.71
1923,540,D24HourMean,QuarterlyMean,Mean,9.44
1921,565,D24HourMean,QuarterlyMean,Mean,7.97
1932,556,D24HourMean,QuarterlyMean,Mean,8.69
1904,557,D24HourMean,QuarterlyMean,Mean,4.26
1894,561,D24HourMean,QuarterlyMean,Mean,8.81
1915,579,D24HourMean,QuarterlyMean,Mean,10.78
1916,571,D24HourMean,QuarterlyMean,Mean,7.63
1914,544,D24HourMean,QuarterlyMean,Mean,9.53
1923,546,D24HourMean,QuarterlyMean,Mean,9.13
1907,544,D24HourMean,QuarterlyMean,Mean,11.47
1922,579,D24HourMean,QuarterlyMean,Mean,8.65
1915,548,D24HourMean,QuarterlyMean,Mean,8.22
1943,553,D24HourMean,QuarterlyMean,Mean,11.08
1918,565,D24HourMean,QuarterlyMean,Mean,7.69
1926,578,D24HourMean,QuarterlyMean,Mean,10.04
1895,552,D24HourMean,QuarterlyMean,Mean,7.29
1923,571,D24HourMean,QuarterlyMean,Mean,8.81
1931,562,D24HourMean,QuarterlyMean,Mean,9.01
1934,568,D24HourMean,QuarterlyMean,Mean,9.12
1900,565,D24HourMean,QuarterlyMean,Mean,8.01
1921,571,D24HourMean,QuarterlyMean,Mean,8.56
1938,543,D24HourMean,QuarterlyMean,Mean,12.01
1901,551,D24HourMean,QuarterlyMean,Mean,7.73
1931,569,D24HourMean,QuarterlyMean,Mean,9.38
1918,539,D24HourMean,QuarterlyMean,Mean,14.55
1935,568,D24HourMean,QuarterlyMean,Mean,9.67
1939,538,D24HourMean,QuarterlyMean,Mean,12.97
1939,569,D24HourMean,QuarterlyMean,Mean,9.70
1915,566,D24HourMean,QuarterlyMean,Mean,6.73
1930,544,D24HourMean,QuarterlyMean,Mean,11.15
1930,558,D24HourMean,QuarterlyMean,Mean,9.39
1916,539,D24HourMean,QuarterlyMean,Mean,9.62
1921,570,D24HourMean,QuarterlyMean,Mean,8.43
1902,538,D24HourMean,QuarterlyMean,Mean,8.44
1894,553,D24HourMean,QuarterlyMean,Mean,6.37
1941,539,D24HourMean,QuarterlyMean,Mean,12.38
1909,568,D24HourMean,QuarterlyMean,Mean,4.15
1916,537,D24HourMean,QuarterlyMean,Mean,11.77
1917,526,D24HourMean,QuarterlyMean,Mean,13.85
1931,545,D24HourMean,QuarterlyMean,Mean,11.32
1925,559,D24HourMean,QuarterlyMean,Mean,8.29
1933,559,D24HourMean,QuarterlyMean,Mean,10.40
1915,544,D24HourMean,QuarterlyMean,Mean,10.44
1905,552,D24HourMean,QuarterlyMean,Mean,8.89
1935,548,D24HourMean,QuarterlyMean,Mean,10.71
1917,578,D24HourMean,QuarterlyMean,Mean,7.96
1928,545,D24HourMean,QuarterlyMean,Mean,10.37
1938,548,D24HourMean,QuarterlyMean,Mean,11.13
1894,540,D24HourMean,QuarterlyMean,Mean,8.62
1901,559,D24HourMean,QuarterlyMean,Mean,8.06
1924,543,D24HourMean,QuarterlyMean,Mean,9.77
1934,549,D24HourMean,QuarterlyMean,Mean,10.96
1902,550,D24HourMean,QuarterlyMean,Mean,8.63
1921,578,D24HourMean,QuarterlyMean,Mean,8.08
1896,553,D24HourMean,QuarterlyMean,Mean,7.50
1901,547,D24HourMean,QuarterlyMean,Mean,4.41
1942,570,D24HourMean,QuarterlyMean,Mean,10.09
1914,580,D24HourMean,QuarterlyMean,Mean,9.12
1909,530,D24HourMean,QuarterlyMean,Mean,10.96
1925,582,D24HourMean,QuarterlyMean,Mean,9.89
1930,551,D24HourMean,QuarterlyMean,Mean,10.27
1942,543,D24HourMean,QuarterlyMean,Mean,11.64
1919,568,D24HourMean,QuarterlyMean,Mean,9.20
1926,572,D24HourMean,QuarterlyMean,Mean,9.00
1937,542,D24HourMean,QuarterlyMean,Mean,11.99
1912,531,D24HourMean,QuarterlyMean,Mean,11.61
1901,558,D24HourMean,QuarterlyMean,Mean,7.69
1919,527,D24HourMean,QuarterlyMean,Mean,12.53
1909,527,D24HourMean,QuarterlyMean,Mean,10.04
1918,546,D24HourMean,QuarterlyMean,Mean,9.77
1932,547,D24HourMean,QuarterlyMean,Mean,10.98
1906,566,D24HourMean,QuarterlyMean,Mean,7.33
1944,547,D24HourMean,QuarterlyMean,Mean,10.84
1907,534,D24HourMean,QuarterlyMean,Mean,11.33
1908,533,D24HourMean,QuarterlyMean,Mean,11.96
1931,557,D24HourMean,QuarterlyMean,Mean,10.25
1899,552,D24HourMean,QuarterlyMean,Mean,4.26
1922,572,D24HourMean,QuarterlyMean,Mean,7.91
1910,534,D24HourMean,QuarterlyMean,Mean,11.54
1944,548,D24HourMean,QuarterlyMean,Mean,10.49
1936,554,D24HourMean,QuarterlyMean,Mean,10.32
1930,581,D24HourMean,QuarterlyMean,Mean,9.41
1903,563,D24HourMean,QuarterlyMean,Mean,7.24
1906,528,D24HourMean,QuarterlyMean,Mean,10.59
1926,559,D24HourMean,QuarterlyMean,Mean,8.72
1930,562,D24HourMean,QuarterlyMean,Mean,8.67
1920,573,D24HourMean,QuarterlyMean,Mean,7.73
1897,543,D24HourMean,QuarterlyMean,Mean,8.75
1935,567,D24HourMean,QuarterlyMean,Mean,9.56
1933,565,D24HourMean,QuarterlyMean,Mean,9.39
1907,542,D24HourMean,QuarterlyMean,Mean,9.29
1926,565,D24HourMean,QuarterlyMean,Mean,8.76
1901,536,D24HourMean,QuarterlyMean,Mean,8.01
1905,540,D24HourMean,QuarterlyMean,Mean,9.19
1900,540,D24HourMean,QuarterlyMean,Mean,8.08
1934,546,D24HourMean,QuarterlyMean,Mean,11.33
1922,576,D24HourMean,QuarterlyMean,Mean,8.25
1919,545,D24HourMean,QuarterlyMean,Mean,9.79
1912,552,D24HourMean,QuarterlyMean,Mean,8.39
1935,558,D24HourMean,QuarterlyMean,Mean,10.11
1929,558,D24HourMean,QuarterlyMean,Mean,9.31
1904,531,D24HourMean,QuarterlyMean,Mean,8.89
1928,549,D24HourMean,QuarterlyMean,Mean,10.67
1942,571,D24HourMean,QuarterlyMean,Mean,9.92
1936,552,D24HourMean,QuarterlyMean,Mean,10.47
1936,570,D24HourMean,QuarterlyMean,Mean,9.68
1940,557,D24HourMean,QuarterlyMean,Mean,10.50
1905,569,D24HourMean,QuarterlyMean,Mean,7.89
1937,559,D24HourMean,QuarterlyMean,Mean,9.77
1916,542,D24HourMean,QuarterlyMean,Mean,8.89
1921,564,D24HourMean,QuarterlyMean,Mean,7.82
1941,556,D24HourMean,QuarterlyMean,Mean,10.32
1916,569,D24HourMean,QuarterlyMean,Mean,8.69
1896,542,D24HourMean,QuarterlyMean,Mean,9.24
1926,573,D24HourMean,QuarterlyMean,Mean,9.05
1913,560,D24HourMean,QuarterlyMean,Mean,4.28
1911,534,D24HourMean,QuarterlyMean,Mean,11.67
1917,576,D24HourMean,QuarterlyMean,Mean,7.70
1920,562,D24HourMean,QuarterlyMean,Mean,7.69
1898,546,D24HourMean,QuarterlyMean,Mean,7.05
1918,563,D24HourMean,QuarterlyMean,Mean,8.43
1909,534,D24HourMean,QuarterlyMean,Mean,12.23
1936,538,D24HourMean,QuarterlyMean,Mean,12.61
1905,560,D24HourMean,QuarterlyMean,Mean,7.24
1920,557,D24HourMean,QuarterlyMean,Mean,10.67
1897,537,D24HourMean,QuarterlyMean,Mean,8.01
1928,563,D24HourMean,QuarterlyMean,Mean,8.51
1917,531,D24HourMean,QuarterlyMean,Mean,13.97
1921,545,D24HourMean,QuarterlyMean,Mean,9.82
1898,559,D24HourMean,QuarterlyMean,Mean,4.34
1934,561,D24HourMean,QuarterlyMean,Mean,9.94
1902,546,D24HourMean,QuarterlyMean,Mean,8.25
1929,559,D24HourMean,QuarterlyMean,Mean,9.20
1896,566,D24HourMean,QuarterlyMean,Mean,9.68
1939,548,D24HourMean,QuarterlyMean,Mean,11.44
1942,541,D24HourMean,QuarterlyMean,Mean,12.24
1929,555,D24HourMean,QuarterlyMean,Mean,9.89
1919,567,D24HourMean,QuarterlyMean,Mean,9.51
1913,556,D24HourMean,QuarterlyMean,Mean,8.22
1923,578,D24HourMean,QuarterlyMean,Mean,9.32
1926,551,D24HourMean,QuarterlyMean,Mean,9.62
1933,570,D24HourMean,QuarterlyMean,Mean,10.11
1901,533,D24HourMean,QuarterlyMean,Mean,9.19
1942,549,D24HourMean,QuarterlyMean,Mean,10.21
1916,534,D24HourMean,QuarterlyMean,Mean,13.82
1919,542,D24HourMean,QuarterlyMean,Mean,11.62
1904,546,D24HourMean,QuarterlyMean,Mean,8.25
1933,546,D24HourMean,QuarterlyMean,Mean,11.40
1939,540,D24HourMean,QuarterlyMean,Mean,12.13
1899,569,D24HourMean,QuarterlyMean,Mean,4.21
1901,564,D24HourMean,QuarterlyMean,Mean,8.17
1936,548,D24HourMean,QuarterlyMean,Mean,11.20
1909,544,D24HourMean,QuarterlyMean,Mean,9.46
1927,555,D24HourMean,QuarterlyMean,Mean,8.53
1916,557,D24HourMean,QuarterlyMean,Mean,8.84
1899,543,D24HourMean,QuarterlyMean,Mean,8.88
1918,536,D24HourMean,QuarterlyMean,Mean,13.78
1934,545,D24HourMean,QuarterlyMean,Mean,11.45
1903,567,D24HourMean,QuarterlyMean,Mean,7.76
1914,542,D24HourMean,QuarterlyMean,Mean,10.27
1929,542,D24HourMean,QuarterlyMean,Mean,11.10
1915,575,D24HourMean,QuarterlyMean,Mean,7.94
1932,540,D24HourMean,QuarterlyMean,Mean,11.79
1916,532,D24HourMean,QuarterlyMean,Mean,13.45
1896,541,D24HourMean,QuarterlyMean,Mean,8.03
1905,568,D24HourMean,QuarterlyMean,Mean,8.34
1902,559,D24HourMean,QuarterlyMean,Mean,7.55
1918,540,D24HourMean,QuarterlyMean,Mean,5.62
1927,559,D24HourMean,QuarterlyMean,Mean,8.74
1925,553,D24HourMean,QuarterlyMean,Mean,10.01
1896,545,D24HourMean,QuarterlyMean,Mean,7.27
1906,563,D24HourMean,QuarterlyMean,Mean,7.34
1910,564,D24HourMean,QuarterlyMean,Mean,7.75
1922,565,D24HourMean,QuarterlyMean,Mean,8.11
1908,541,D24HourMean,QuarterlyMean,Mean,9.12
1902,532,D24HourMean,QuarterlyMean,Mean,8.74
1905,544,D24HourMean,QuarterlyMean,Mean,8.51
1924,560,D24HourMean,QuarterlyMean,Mean,8.84
1915,582,D24HourMean,QuarterlyMean,Mean,5.01
1937,572,D24HourMean,QuarterlyMean,Mean,9.22
1920,577,D24HourMean,QuarterlyMean,Mean,7.90
1924,578,D24HourMean,QuarterlyMean,Mean,9.67
1894,551,D24HourMean,QuarterlyMean,Mean,6.64
1916,562,D24HourMean,QuarterlyMean,Mean,10.81
1930,538,D24HourMean,QuarterlyMean,Mean,12.48
1926,564,D24HourMean,QuarterlyMean,Mean,8.72
1897,569,D24HourMean,QuarterlyMean,Mean,9.27
1922,574,D24HourMean,QuarterlyMean,Mean,8.36
1902,563,D24HourMean,QuarterlyMean,Mean,7.10
1923,555,D24HourMean,QuarterlyMean,Mean,4.99
1937,564,D24HourMean,QuarterlyMean,Mean,10.66
1904,558,D24HourMean,QuarterlyMean,Mean,7.08
1923,558,D24HourMean,QuarterlyMean,Mean,7.97
1935,565,D24HourMean,QuarterlyMean,Mean,9.48
1919,524,D24HourMean,QuarterlyMean,Mean,12.10
1908,531,D24HourMean,QuarterlyMean,Mean,9.89
1899,567,D24HourMean,QuarterlyMean,Mean,8.72
1924,541,D24HourMean,QuarterlyMean,Mean,10.25
1906,536,D24HourMean,QuarterlyMean,Mean,9.10
1910,560,D24HourMean,QuarterlyMean,Mean,7.05
1919,581,D24HourMean,QuarterlyMean,Mean,5.27
1944,552,D24HourMean,QuarterlyMean,Mean,11.23
1910,523,D24HourMean,QuarterlyMean,Mean,11.30
1917,565,D24HourMean,QuarterlyMean,Mean,7.10
1924,567,D24HourMean,QuarterlyMean,Mean,7.89
1897,554,D24HourMean,QuarterlyMean,Mean,7.62
1906,548,D24HourMean,QuarterlyMean,Mean,9.58
1899,557,D24HourMean,QuarterlyMean,Mean,8.32
1920,528,D24HourMean,QuarterlyMean,Mean,13.57
1928,554,D24HourMean,QuarterlyMean,Mean,9.98
1928,570,D24HourMean,QuarterlyMean,Mean,7.96
1921,542,D24HourMean,QuarterlyMean,Mean,9.79
1932,572,D24HourMean,QuarterlyMean,Mean,9.29
1908,560,D24HourMean,QuarterlyMean,Mean,6.55
1925,562,D24HourMean,QuarterlyMean,Mean,9.01
1913,524,D24HourMean,QuarterlyMean,Mean,8.67
1908,551,D24HourMean,QuarterlyMean,Mean,7.80
1922,562,D24HourMean,QuarterlyMean,Mean,8.17
1914,572,D24HourMean,QuarterlyMean,Mean,7.91
1939,571,D24HourMean,QuarterlyMean,Mean,10.89
1926,555,D24HourMean,QuarterlyMean,Mean,9.29
1910,554,D24HourMean,QuarterlyMean,Mean,9.32
1939,549,D24HourMean,QuarterlyMean,Mean,11.49
1930,541,D24HourMean,QuarterlyMean,Mean,11.71
1941,552,D24HourMean,QuarterlyMean,Mean,11.22
1892,547,D24HourMean,QuarterlyMean,Mean,7.85
1919,552,D24HourMean,QuarterlyMean,Mean,9.31
1901,532,D24HourMean,QuarterlyMean,Mean,8.84
1937,570,D24HourMean,QuarterlyMean,Mean,10.38
1917,533,D24HourMean,QuarterlyMean,Mean,14.53
1935,557,D24HourMean,QuarterlyMean,Mean,10.01
1907,540,D24HourMean,QuarterlyMean,Mean,9.46
1923,547,D24HourMean,QuarterlyMean,Mean,9.27
1914,574,D24HourMean,QuarterlyMean,Mean,7.56
1902,569,D24HourMean,QuarterlyMean,Mean,4.21
1891,550,D24HourMean,QuarterlyMean,Mean,7.50
1894,555,D24HourMean,QuarterlyMean,Mean,8.53
1912,533,D24HourMean,QuarterlyMean,Mean,11.94
1902,561,D24HourMean,QuarterlyMean,Mean,7.85
1927,561,D24HourMean,QuarterlyMean,Mean,8.53
1909,550,D24HourMean,QuarterlyMean,Mean,7.57
1912,557,D24HourMean,QuarterlyMean,Mean,8.03
1893,549,D24HourMean,QuarterlyMean,Mean,7.80
1935,570,D24HourMean,QuarterlyMean,Mean,9.34
1911,525,D24HourMean,QuarterlyMean,Mean,9.91
1911,566,D24HourMean,QuarterlyMean,Mean,4.19
1939,551,D24HourMean,QuarterlyMean,Mean,10.50
1908,534,D24HourMean,QuarterlyMean,Mean,11.71
1896,555,D24HourMean,QuarterlyMean,Mean,8.10
1917,561,D24HourMean,QuarterlyMean,Mean,4.72
1907,527,D24HourMean,QuarterlyMean,Mean,9.80
1920,568,D24HourMean,QuarterlyMean,Mean,9.24
1926,576,D24HourMean,QuarterlyMean,Mean,9.32
1906,554,D24HourMean,QuarterlyMean,Mean,4.25
1918,558,D24HourMean,QuarterlyMean,Mean,4.78
1913,551,D24HourMean,QuarterlyMean,Mean,8.75
1928,548,D24HourMean,QuarterlyMean,Mean,10.78
1931,551,D24HourMean,QuarterlyMean,Mean,10.15
1920,565,D24HourMean,QuarterlyMean,Mean,7.03
1898,554,D24HourMean,QuarterlyMean,Mean,7.03
1913,548,D24HourMean,QuarterlyMean,Mean,8.15
1916,574,D24HourMean,QuarterlyMean,Mean,7.90
1933,551,D24HourMean,QuarterlyMean,Mean,9.82
1923,559,D24HourMean,QuarterlyMean,Mean,9.29
1923,579,D24HourMean,QuarterlyMean,Mean,8.11
1894,545,D24HourMean,QuarterlyMean,Mean,7.71
1934,562,D24HourMean,QuarterlyMean,Mean,9.41
1932,555,D24HourMean,QuarterlyMean,Mean,9.31
1906,545,D24HourMean,QuarterlyMean,Mean,9.31
1919,530,D24HourMean,QuarterlyMean,Mean,14.12
1918,564,D24HourMean,QuarterlyMean,Mean,7.90
1924,559,D24HourMean,QuarterlyMean,Mean,9.12
1937,563,D24HourMean,QuarterlyMean,Mean,10.55
1930,561,D24HourMean,QuarterlyMean,Mean,8.72
1910,552,D24HourMean,QuarterlyMean,Mean,9.34
1932,562,D24HourMean,QuarterlyMean,Mean,8.53
1914,573,D24HourMean,QuarterlyMean,Mean,6.85
1938,558,D24HourMean,QuarterlyMean,Mean,10.64
1943,540,D24HourMean,QuarterlyMean,Mean,12.40
1902,547,D24HourMean,QuarterlyMean,Mean,9.05
1934,548,D24HourMean,QuarterlyMean,Mean,11.27
1932,563,D24HourMean,QuarterlyMean,Mean,8.58
1900,537,D24HourMean,QuarterlyMean,Mean,8.48
1937,567,D24HourMean,QuarterlyMean,Mean,10.13
1927,543,D24HourMean,QuarterlyMean,Mean,10.78
1910,524,D24HourMean,QuarterlyMean,Mean,10.15
1918,581,D24HourMean,QuarterlyMean,Mean,8.17
1933,563,D24HourMean,QuarterlyMean,Mean,9.13
1907,532,D24HourMean,QuarterlyMean,Mean,8.77
1915,559,D24HourMean,QuarterlyMean,Mean,7.50
1940,547,D24HourMean,QuarterlyMean,Mean,11.55
1928,577,D24HourMean,QuarterlyMean,Mean,9.55
1912,555,D24HourMean,QuarterlyMean,Mean,7.36
1938,568,D24HourMean,QuarterlyMean,Mean,10.08
1927,553,D24HourMean,QuarterlyMean,Mean,10.40
1932,573,D24HourMean,QuarterlyMean,Mean,9.68
1929,541,D24HourMean,QuarterlyMean,Mean,11.67
1927,549,D24HourMean,QuarterlyMean,Mean,10.38
1897,548,D24HourMean,QuarterlyMean,Mean,6.85
1907,526,D24HourMean,QuarterlyMean,Mean,10.13
1910,550,D24HourMean,QuarterlyMean,Mean,7.54
1922,541,D24HourMean,QuarterlyMean,Mean,9.58
1944,542,D24HourMean,QuarterlyMean,Mean,11.71
1896,560,D24HourMean,QuarterlyMean,Mean,8.65
1927,545,D24HourMean,QuarterlyMean,Mean,9.96
1929,546,D24HourMean,QuarterlyMean,Mean,10.45
1933,543,D24HourMean,QuarterlyMean,Mean,11.81
1898,555,D24HourMean,QuarterlyMean,Mean,6.75
1902,560,D24HourMean,QuarterlyMean,Mean,4.26
1918,566,D24HourMean,QuarterlyMean,Mean,4.76
1917,556,D24HourMean,QuarterlyMean,Mean,9.27
1916,546,D24HourMean,QuarterlyMean,Mean,8.63
1896,550,D24HourMean,QuarterlyMean,Mean,4.26
1917,564,D24HourMean,QuarterlyMean,Mean,6.99
1906,557,D24HourMean,QuarterlyMean,Mean,4.26
1932,548,D24HourMean,QuarterlyMean,Mean,10.50
1904,554,D24HourMean,QuarterlyMean,Mean,8.04
1920,525,D24HourMean,QuarterlyMean,Mean,10.79
1900,544,D24HourMean,QuarterlyMean,Mean,8.24
1917,570,D24HourMean,QuarterlyMean,Mean,9.27
1924,558,D24HourMean,QuarterlyMean,Mean,9.53
1913,544,D24HourMean,QuarterlyMean,Mean,9.48
1912,565,D24HourMean,QuarterlyMean,Mean,4.25
1924,572,D24HourMean,QuarterlyMean,Mean,8.51
1901,548,D24HourMean,QuarterlyMean,Mean,8.11
1910,535,D24HourMean,QuarterlyMean,Mean,11.69
1928,569,D24HourMean,QuarterlyMean,Mean,8.50
1931,544,D24HourMean,QuarterlyMean,Mean,11.08
1937,546,D24HourMean,QuarterlyMean,Mean,11.44
1907,567,D24HourMean,QuarterlyMean,Mean,8.11
1925,543,D24HourMean,QuarterlyMean,Mean,9.72
1932,551,D24HourMean,QuarterlyMean,Mean,9.79
1920,581,D24HourMean,QuarterlyMean,Mean,5.32
1925,554,D24HourMean,QuarterlyMean,Mean,9.70
1919,539,D24HourMean,QuarterlyMean,Mean,12.55
1930,566,D24HourMean,QuarterlyMean,Mean,8.03
1903,541,D24HourMean,QuarterlyMean,Mean,8.82
1932,567,D24HourMean,QuarterlyMean,Mean,8.82
1928,571,D24HourMean,QuarterlyMean,Mean,8.01
1916,533,D24HourMean,QuarterlyMean,Mean,14.63
1917,527,D24HourMean,QuarterlyMean,Mean,12.92
1907,538,D24HourMean,QuarterlyMean,Mean,9.29
1914,545,D24HourMean,QuarterlyMean,Mean,9.56
1923,582,D24HourMean,QuarterlyMean,Mean,8.72
1900,535,D24HourMean,QuarterlyMean,Mean,8.06
1918,554,D24HourMean,QuarterlyMean,Mean,9.74
1941,571,D24HourMean,QuarterlyMean,Mean,9.60
1920,536,D24HourMean,QuarterlyMean,Mean,12.95
1907,563,D24HourMean,QuarterlyMean,Mean,7.92
1908,562,D24HourMean,QuarterlyMean,Mean,8.60
1944,566,D24HourMean,QuarterlyMean,Mean,10.32
1931,573,D24HourMean,QuarterlyMean,Mean,9.34
1923,537,D24HourMean,QuarterlyMean,Mean,11.27
1927,564,D24HourMean,QuarterlyMean,Mean,9.10
1942,539,D24HourMean,QuarterlyMean,Mean,12.56
1914,531,D24HourMean,QuarterlyMean,Mean,12.55
1917,547,D24HourMean,QuarterlyMean,Mean,8.53
1924,562,D24HourMean,QuarterlyMean,Mean,9.12
1927,576,D24HourMean,QuarterlyMean,Mean,9.60
1897,564,D24HourMean,QuarterlyMean,Mean,8.74
1901,567,D24HourMean,QuarterlyMean,Mean,8.36
1920,578,D24HourMean,QuarterlyMean,Mean,9.01
1929,549,D24HourMean,QuarterlyMean,Mean,10.86
1944,570,D24HourMean,QuarterlyMean,Mean,10.71
1927,544,D24HourMean,QuarterlyMean,Mean,10.03
1931,546,D24HourMean,QuarterlyMean,Mean,10.79
1902,542,D24HourMean,QuarterlyMean,Mean,9.26
1907,546,D24HourMean,QuarterlyMean,Mean,8.25
1928,552,D24HourMean,QuarterlyMean,Mean,10.03
1908,546,D24HourMean,QuarterlyMean,Mean,8.56
1937,557,D24HourMean,QuarterlyMean,Mean,10.30
1935,564,D24HourMean,QuarterlyMean,Mean,9.91
1910,533,D24HourMean,QuarterlyMean,Mean,11.27
1916,548,D24HourMean,QuarterlyMean,Mean,9.20
1920,558,D24HourMean,QuarterlyMean,Mean,10.67
1943,569,D24HourMean,QuarterlyMean,Mean,10.03
1922,559,D24HourMean,QuarterlyMean,Mean,4.94
1917,581,D24HourMean,QuarterlyMean,Mean,5.18
1927,572,D24HourMean,QuarterlyMean,Mean,9.31
1916,552,D24HourMean,QuarterlyMean,Mean,8.15
1920,547,D24HourMean,QuarterlyMean,Mean,10.42
1895,561,D24HourMean,QuarterlyMean,Mean,8.27
1903,566,D24HourMean,QuarterlyMean,Mean,7.45
1940,543,D24HourMean,QuarterlyMean,Mean,12.23
1933,560,D24HourMean,QuarterlyMean,Mean,9.36
1926,575,D24HourMean,QuarterlyMean,Mean,9.20
1927,551,D24HourMean,QuarterlyMean,Mean,9.63
1938,553,D24HourMean,QuarterlyMean,Mean,10.88
1939,547,D24HourMean,QuarterlyMean,Mean,11.33
1896,547,D24HourMean,QuarterlyMean,Mean,6.75
1921,552,D24HourMean,QuarterlyMean,Mean,8.98
1919,578,D24HourMean,QuarterlyMean,Mean,8.01
1903,539,D24HourMean,QuarterlyMean,Mean,8.20
1902,540,D24HourMean,QuarterlyMean,Mean,8.62
1928,542,D24HourMean,QuarterlyMean,Mean,11.25
1891,551,D24HourMean,QuarterlyMean,Mean,4.26
1897,540,D24HourMean,QuarterlyMean,Mean,7.92
1904,548,D24HourMean,QuarterlyMean,Mean,8.29
1913,527,D24HourMean,QuarterlyMean,Mean,11.74
1918,574,D24HourMean,QuarterlyMean,Mean,7.70
1936,557,D24HourMean,QuarterlyMean,Mean,10.66
1928,551,D24HourMean,QuarterlyMean,Mean,10.18
1888,553,D24HourMean,QuarterlyMean,Mean,8.91
1933,538,D24HourMean,QuarterlyMean,Mean,12.08
1904,566,D24HourMean,QuarterlyMean,Mean,6.73
1934,566,D24HourMean,QuarterlyMean,Mean,9.13
1905,563,D24HourMean,QuarterlyMean,Mean,6.69
1907,548,D24HourMean,QuarterlyMean,Mean,9.77
1897,547,D24HourMean,QuarterlyMean,Mean,6.85
1911,553,D24HourMean,QuarterlyMean,Mean,10.37
1913,561,D24HourMean,QuarterlyMean,Mean,4.28
1931,575,D24HourMean,QuarterlyMean,Mean,9.41
1913,564,D24HourMean,QuarterlyMean,Mean,4.28
1901,560,D24HourMean,QuarterlyMean,Mean,8.49
1913,568,D24HourMean,QuarterlyMean,Mean,8.62
1918,531,D24HourMean,QuarterlyMean,Mean,13.45
1912,556,D24HourMean,QuarterlyMean,Mean,7.43
1917,555,D24HourMean,QuarterlyMean,Mean,9.27
1917,580,D24HourMean,QuarterlyMean,Mean,8.18
1916,543,D24HourMean,QuarterlyMean,Mean,10.78
1928,561,D24HourMean,QuarterlyMean,Mean,8.89
1891,546,D24HourMean,QuarterlyMean,Mean,7.97
1906,535,D24HourMean,QuarterlyMean,Mean,9.10
1919,544,D24HourMean,QuarterlyMean,Mean,10.13
1920,576,D24HourMean,QuarterlyMean,Mean,8.06
1905,548,D24HourMean,QuarterlyMean,Mean,8.44
1905,555,D24HourMean,QuarterlyMean,Mean,8.84
1917,546,D24HourMean,QuarterlyMean,Mean,8.55
1936,540,D24HourMean,QuarterlyMean,Mean,11.57
1905,549,D24HourMean,QuarterlyMean,Mean,9.01
1923,560,D24HourMean,QuarterlyMean,Mean,9.01
1932,538,D24HourMean,QuarterlyMean,Mean,11.74
1938,552,D24HourMean,QuarterlyMean,Mean,10.78
1928,560,D24HourMean,QuarterlyMean,Mean,8.96
1933,550,D24HourMean,QuarterlyMean,Mean,10.04
1942,548,D24HourMean,QuarterlyMean,Mean,10.21
1936,558,D24HourMean,QuarterlyMean,Mean,10.76
1913,542,D24HourMean,QuarterlyMean,Mean,10.69
1915,540,D24HourMean,QuarterlyMean,Mean,10.78
1903,540,D24HourMean,QuarterlyMean,Mean,8.53
1925,539,D24HourMean,QuarterlyMean,Mean,10.40
1933,581,D24HourMean,QuarterlyMean,Mean,10.33
1935,540,D24HourMean,QuarterlyMean,Mean,11.45
1891,547,D24HourMean,QuarterlyMean,Mean,7.47
1932,539,D24HourMean,QuarterlyMean,Mean,11.82
1921,568,D24HourMean,QuarterlyMean,Mean,8.36
1941,572,D24HourMean,QuarterlyMean,Mean,9.94
1924,580,D24HourMean,QuarterlyMean,Mean,8.84
1913,550,D24HourMean,QuarterlyMean,Mean,7.47
1905,565,D24HourMean,QuarterlyMean,Mean,6.64
1925,542,D24HourMean,QuarterlyMean,Mean,10.15
1913,555,D24HourMean,QuarterlyMean,Mean,7.85
1933,547,D24HourMean,QuarterlyMean,Mean,11.22
1939,557,D24HourMean,QuarterlyMean,Mean,10.61
1906,529,D24HourMean,QuarterlyMean,Mean,10.33
1894,557,D24HourMean,QuarterlyMean,Mean,8.37
1926,542,D24HourMean,QuarterlyMean,Mean,10.57
1923,554,D24HourMean,QuarterlyMean,Mean,9.68
1901,550,D24HourMean,QuarterlyMean,Mean,7.83
1909,529,D24HourMean,QuarterlyMean,Mean,10.55
1910,547,D24HourMean,QuarterlyMean,Mean,8.55
1928,547,D24HourMean,QuarterlyMean,Mean,10.57
1918,544,D24HourMean,QuarterlyMean,Mean,9.79
1936,543,D24HourMean,QuarterlyMean,Mean,11.91
1921,540,D24HourMean,QuarterlyMean,Mean,11.01
1937,568,D24HourMean,QuarterlyMean,Mean,10.13
1906,555,D24HourMean,QuarterlyMean,Mean,8.82
1910,561,D24HourMean,QuarterlyMean,Mean,8.11
1916,573,D24HourMean,QuarterlyMean,Mean,7.96
1911,538,D24HourMean,QuarterlyMean,Mean,9.80
1902,554,D24HourMean,QuarterlyMean,Mean,8.15
1921,575,D24HourMean,QuarterlyMean,Mean,8.58
1907,559,D24HourMean,QuarterlyMean,Mean,4.25
1902,552,D24HourMean,QuarterlyMean,Mean,8.58
1928,568,D24HourMean,QuarterlyMean,Mean,9.07
1897,542,D24HourMean,QuarterlyMean,Mean,8.32
1938,557,D24HourMean,QuarterlyMean,Mean,10.79
1919,526,D24HourMean,QuarterlyMean,Mean,12.60
1926,548,D24HourMean,QuarterlyMean,Mean,10.40
1908,555,D24HourMean,QuarterlyMean,Mean,4.23
1917,528,D24HourMean,QuarterlyMean,Mean,12.58
1933,571,D24HourMean,QuarterlyMean,Mean,9.96
1938,559,D24HourMean,QuarterlyMean,Mean,10.16
1893,551,D24HourMean,QuarterlyMean,Mean,6.64
1893,552,D24HourMean,QuarterlyMean,Mean,6.43
1909,560,D24HourMean,QuarterlyMean,Mean,6.96
1916,540,D24HourMean,QuarterlyMean,Mean,12.41
1916,564,D24HourMean,QuarterlyMean,Mean,8.51
1932,579,D24HourMean,QuarterlyMean,Mean,10.35
1922,536,D24HourMean,QuarterlyMean,Mean,12.19
1922,560,D24HourMean,QuarterlyMean,Mean,8.79
1921,573,D24HourMean,QuarterlyMean,Mean,7.92
1908,548,D24HourMean,QuarterlyMean,Mean,9.43
1915,562,D24HourMean,QuarterlyMean,Mean,4.47
1920,582,D24HourMean,QuarterlyMean,Mean,5.36
1914,540,D24HourMean,QuarterlyMean,Mean,11.52
1942,556,D24HourMean,QuarterlyMean,Mean,11.49
1910,558,D24HourMean,QuarterlyMean,Mean,7.69
1928,562,D24HourMean,QuarterlyMean,Mean,8.53
1923,573,D24HourMean,QuarterlyMean,Mean,8.06
1912,526,D24HourMean,QuarterlyMean,Mean,11.69
1924,537,D24HourMean,QuarterlyMean,Mean,11.79
1913,529,D24HourMean,QuarterlyMean,Mean,11.89
1897,556,D24HourMean,QuarterlyMean,Mean,8.04
1907,535,D24HourMean,QuarterlyMean,Mean,10.26
1938,564,D24HourMean,QuarterlyMean,Mean,9.48
1938,549,D24HourMean,QuarterlyMean,Mean,11.50
1913,535,D24HourMean,QuarterlyMean,Mean,12.19
1901,555,D24HourMean,QuarterlyMean,Mean,7.89
1931,580,D24HourMean,QuarterlyMean,Mean,9.72
1898,541,D24HourMean,QuarterlyMean,Mean,8.37
1894,565,D24HourMean,QuarterlyMean,Mean,8.70
1919,575,D24HourMean,QuarterlyMean,Mean,7.75
1920,552,D24HourMean,QuarterlyMean,Mean,10.28
1913,528,D24HourMean,QuarterlyMean,Mean,11.94
1935,537,D24HourMean,QuarterlyMean,Mean,12.30
1908,552,D24HourMean,QuarterlyMean,Mean,6.83
1902,535,D24HourMean,QuarterlyMean,Mean,8.43
1937,540,D24HourMean,QuarterlyMean,Mean,12.63
1939,572,D24HourMean,QuarterlyMean,Mean,10.69
1907,547,D24HourMean,QuarterlyMean,Mean,9.25
1917,557,D24HourMean,QuarterlyMean,Mean,4.72
1917,552,D24HourMean,QuarterlyMean,Mean,8.36
1930,554,D24HourMean,QuarterlyMean,Mean,10.57
1939,541,D24HourMean,QuarterlyMean,Mean,11.86
1929,567,D24HourMean,QuarterlyMean,Mean,9.08
1933,549,D24HourMean,QuarterlyMean,Mean,10.28
1904,542,D24HourMean,QuarterlyMean,Mean,8.94
1908,526,D24HourMean,QuarterlyMean,Mean,9.37
1916,565,D24HourMean,QuarterlyMean,Mean,8.36
1912,544,D24HourMean,QuarterlyMean,Mean,9.67
1901,549,D24HourMean,QuarterlyMean,Mean,8.60
1913,540,D24HourMean,QuarterlyMean,Mean,11.47
1911,530,D24HourMean,QuarterlyMean,Mean,11.47
1940,572,D24HourMean,QuarterlyMean,Mean,10.08
1931,541,D24HourMean,QuarterlyMean,Mean,11.84
1899,558,D24HourMean,QuarterlyMean,Mean,7.69
1909,524,D24HourMean,QuarterlyMean,Mean,10.20
1934,547,D24HourMean,QuarterlyMean,Mean,11.86
1915,572,D24HourMean,QuarterlyMean,Mean,7.56
1926,554,D24HourMean,QuarterlyMean,Mean,10.06
1898,560,D24HourMean,QuarterlyMean,Mean,8.01
1914,551,D24HourMean,QuarterlyMean,Mean,8.01
1925,580,D24HourMean,QuarterlyMean,Mean,10.35
1937,565,D24HourMean,QuarterlyMean,Mean,9.05
1900,554,D24HourMean,QuarterlyMean,Mean,8.69
1944,543,D24HourMean,QuarterlyMean,Mean,11.61
1903,545,D24HourMean,QuarterlyMean,Mean,8.60
1903,550,D24HourMean,QuarterlyMean,Mean,9.12
1926,558,D24HourMean,QuarterlyMean,Mean,8.82
1924,581,D24HourMean,QuarterlyMean,Mean,9.34
1939,559,D24HourMean,QuarterlyMean,Mean,10.45
1913,546,D24HourMean,QuarterlyMean,Mean,9.25
1937,545,D24HourMean,QuarterlyMean,Mean,11.06
1924,538,D24HourMean,QuarterlyMean,Mean,10.81
1915,531,D24HourMean,QuarterlyMean,Mean,13.03
1924,551,D24HourMean,QuarterlyMean,Mean,9.58
1899,545,D24HourMean,QuarterlyMean,Mean,8.98
1917,535,D24HourMean,QuarterlyMean,Mean,13.05
1926,567,D24HourMean,QuarterlyMean,Mean,10.16
1915,552,D24HourMean,QuarterlyMean,Mean,7.87
1941,548,D24HourMean,QuarterlyMean,Mean,10.83
1902,537,D24HourMean,QuarterlyMean,Mean,8.37
1918,561,D24HourMean,QuarterlyMean,Mean,7.90
1935,547,D24HourMean,QuarterlyMean,Mean,11.03
1910,569,D24HourMean,QuarterlyMean,Mean,8.39
1913,557,D24HourMean,QuarterlyMean,Mean,7.75
1921,576,D24HourMean,QuarterlyMean,Mean,8.11
1926,543,D24HourMean,QuarterlyMean,Mean,10.15
1913,549,D24HourMean,QuarterlyMean,Mean,7.97
1940,571,D24HourMean,QuarterlyMean,Mean,10.49
1898,535,D24HourMean,QuarterlyMean,Mean,8.25
1914,563,D24HourMean,QuarterlyMean,Mean,4.34
1911,559,D24HourMean,QuarterlyMean,Mean,8.89
1903,552,D24HourMean,QuarterlyMean,Mean,7.89
1910,557,D24HourMean,QuarterlyMean,Mean,6.89
1907,543,D24HourMean,QuarterlyMean,Mean,9.01
1901,554,D24HourMean,QuarterlyMean,Mean,8.53
1917,558,D24HourMean,QuarterlyMean,Mean,9.89
1910,537,D24HourMean,QuarterlyMean,Mean,8.70
1928,574,D24HourMean,QuarterlyMean,Mean,8.76
1910,567,D24HourMean,QuarterlyMean,Mean,4.14
1913,552,D24HourMean,QuarterlyMean,Mean,8.55
1921,574,D24HourMean,QuarterlyMean,Mean,8.37
1906,569,D24HourMean,QuarterlyMean,Mean,8.27
1932,550,D24HourMean,QuarterlyMean,Mean,10.40
1931,564,D24HourMean,QuarterlyMean,Mean,8.58
1908,537,D24HourMean,QuarterlyMean,Mean,9.68
1937,539,D24HourMean,QuarterlyMean,Mean,12.40
1905,554,D24HourMean,QuarterlyMean,Mean,8.63
1926,561,D24HourMean,QuarterlyMean,Mean,8.36
1933,555,D24HourMean,QuarterlyMean,Mean,9.13
1903,568,D24HourMean,QuarterlyMean,Mean,7.31
1905,546,D24HourMean,QuarterlyMean,Mean,8.15
1918,579,D24HourMean,QuarterlyMean,Mean,7.89
1928,564,D24HourMean,QuarterlyMean,Mean,9.13
1923,543,D24HourMean,QuarterlyMean,Mean,10.20
1914,554,D24HourMean,QuarterlyMean,Mean,7.64
1928,576,D24HourMean,QuarterlyMean,Mean,9.60
1929,556,D24HourMean,QuarterlyMean,Mean,8.94
1906,540,D24HourMean,QuarterlyMean,Mean,9.53
1929,544,D24HourMean,QuarterlyMean,Mean,10.98
1938,561,D24HourMean,QuarterlyMean,Mean,9.70
1896,559,D24HourMean,QuarterlyMean,Mean,8.49
1905,545,D24HourMean,QuarterlyMean,Mean,8.29
1920,571,D24HourMean,QuarterlyMean,Mean,7.56
1913,569,D24HourMean,QuarterlyMean,Mean,8.17
1905,534,D24HourMean,QuarterlyMean,Mean,9.19
1905,566,D24HourMean,QuarterlyMean,Mean,6.73
1937,566,D24HourMean,QuarterlyMean,Mean,9.31
1907,562,D24HourMean,QuarterlyMean,Mean,7.71
1912,532,D24HourMean,QuarterlyMean,Mean,11.72
1910,538,D24HourMean,QuarterlyMean,Mean,8.62
1919,549,D24HourMean,QuarterlyMean,Mean,10.01
1933,562,D24HourMean,QuarterlyMean,Mean,9.15
1910,551,D24HourMean,QuarterlyMean,Mean,7.15
1919,547,D24HourMean,QuarterlyMean,Mean,9.85
1940,567,D24HourMean,QuarterlyMean,Mean,10.54
1905,536,D24HourMean,QuarterlyMean,Mean,8.34
1928,580,D24HourMean,QuarterlyMean,Mean,9.19
1929,579,D24HourMean,QuarterlyMean,Mean,9.62
1915,569,D24HourMean,QuarterlyMean,Mean,8.13
1936,537,D24HourMean,QuarterlyMean,Mean,12.87
1906,537,D24HourMean,QuarterlyMean,Mean,9.24
1931,540,D24HourMean,QuarterlyMean,Mean,11.99
1915,558,D24HourMean,QuarterlyMean,Mean,8.44
1921,546,D24HourMean,QuarterlyMean,Mean,9.68
1898,550,D24HourMean,QuarterlyMean,Mean,6.98
1890,549,D24HourMean,QuarterlyMean,Mean,8.29
1896,551,D24HourMean,QuarterlyMean,Mean,7.99
1898,562,D24HourMean,QuarterlyMean,Mean,4.28
1893,555,D24HourMean,QuarterlyMean,Mean,4.26
1925,567,D24HourMean,QuarterlyMean,Mean,10.04
1936,565,D24HourMean,QuarterlyMean,Mean,9.12
1941,566,D24HourMean,QuarterlyMean,Mean,10.55
1902,539,D24HourMean,QuarterlyMean,Mean,8.27
1912,562,D24HourMean,QuarterlyMean,Mean,7.87
1925,537,D24HourMean,QuarterlyMean,Mean,12.11
1930,555,D24HourMean,QuarterlyMean,Mean,10.47
1935,552,D24HourMean,QuarterlyMean,Mean,10.01
1936,551,D24HourMean,QuarterlyMean,Mean,10.98
1900,550,D24HourMean,QuarterlyMean,Mean,4.26
1918,571,D24HourMean,QuarterlyMean,Mean,8.06
1904,538,D24HourMean,QuarterlyMean,Mean,8.34
1917,554,D24HourMean,QuarterlyMean,Mean,8.86
1892,550,D24HourMean,QuarterlyMean,Mean,6.80
1892,548,D24HourMean,QuarterlyMean,Mean,7.52
1912,541,D24HourMean,QuarterlyMean,Mean,9.46
1913,565,D24HourMean,QuarterlyMean,Mean,7.20
1896,548,D24HourMean,QuarterlyMean,Mean,6.85
1936,542,D24HourMean,QuarterlyMean,Mean,11.76
1942,536,D24HourMean,QuarterlyMean,Mean,12.66
1905,559,D24HourMean,QuarterlyMean,Mean,6.98
1915,525,D24HourMean,QuarterlyMean,Mean,12.03
1916,561,D24HourMean,QuarterlyMean,Mean,4.59
1917,549,D24HourMean,QuarterlyMean,Mean,9.72
1908,542,D24HourMean,QuarterlyMean,Mean,9.32
1932,543,D24HourMean,QuarterlyMean,Mean,11.28
1906,558,D24HourMean,QuarterlyMean,Mean,4.26
1919,541,D24HourMean,QuarterlyMean,Mean,13.70
1936,564,D24HourMean,QuarterlyMean,Mean,9.39
1914,553,D24HourMean,QuarterlyMean,Mean,7.96
1904,555,D24HourMean,QuarterlyMean,Mean,7.94
1915,577,D24HourMean,QuarterlyMean,Mean,7.50
1903,533,D24HourMean,QuarterlyMean,Mean,8.96
1912,530,D24HourMean,QuarterlyMean,Mean,11.72
1913,567,D24HourMean,QuarterlyMean,Mean,4.27
1924,571,D24HourMean,QuarterlyMean,Mean,8.70
1911,561,D24HourMean,QuarterlyMean,Mean,8.15
1942,568,D24HourMean,QuarterlyMean,Mean,10.20
1904,568,D24HourMean,QuarterlyMean,Mean,7.80
1914,543,D24HourMean,QuarterlyMean,Mean,10.74
1902,545,D24HourMean,QuarterlyMean,Mean,8.55
1903,538,D24HourMean,QuarterlyMean,Mean,8.29
1915,545,D24HourMean,QuarterlyMean,Mean,9.63
1922,563,D24HourMean,QuarterlyMean,Mean,8.84
1901,546,D24HourMean,QuarterlyMean,Mean,8.53
1935,562,D24HourMean,QuarterlyMean,Mean,10.37
1894,560,D24HourMean,QuarterlyMean,Mean,8.98
1900,549,D24HourMean,QuarterlyMean,Mean,4.34
1933,558,D24HourMean,QuarterlyMean,Mean,9.94
1906,547,D24HourMean,QuarterlyMean,Mean,8.89
1930,578,D24HourMean,QuarterlyMean,Mean,9.75
1945,548,D24HourMean,QuarterlyMean,Mean,11.01
1894,541,D24HourMean,QuarterlyMean,Mean,8.22
1942,553,D24HourMean,QuarterlyMean,Mean,11.08
1941,537,D24HourMean,QuarterlyMean,Mean,12.95
1908,566,D24HourMean,QuarterlyMean,Mean,8.58
1914,552,D24HourMean,QuarterlyMean,Mean,7.90
1907,555,D24HourMean,QuarterlyMean,Mean,4.25
1914,570,D24HourMean,QuarterlyMean,Mean,7.50
1943,549,D24HourMean,QuarterlyMean,Mean,10.32
1895,547,D24HourMean,QuarterlyMean,Mean,6.80
1909,526,D24HourMean,QuarterlyMean,Mean,9.91
1910,565,D24HourMean,QuarterlyMean,Mean,7.13
1918,552,D24HourMean,QuarterlyMean,Mean,8.74
1916,555,D24HourMean,QuarterlyMean,Mean,8.74
1900,541,D24HourMean,QuarterlyMean,Mean,9.01
1919,564,D24HourMean,QuarterlyMean,Mean,4.89
1932,578,D24HourMean,QuarterlyMean,Mean,10.21
1925,579,D24HourMean,QuarterlyMean,Mean,10.42
1912,525,D24HourMean,QuarterlyMean,Mean,10.69
1916,568,D24HourMean,QuarterlyMean,Mean,8.70
1932,545,D24HourMean,QuarterlyMean,Mean,11.44
1937,551,D24HourMean,QuarterlyMean,Mean,11.52
1897,550,D24HourMean,QuarterlyMean,Mean,4.26
1912,539,D24HourMean,QuarterlyMean,Mean,5.32
1899,556,D24HourMean,QuarterlyMean,Mean,7.50
1917,545,D24HourMean,QuarterlyMean,Mean,10.64
1921,553,D24HourMean,QuarterlyMean,Mean,9.75
1924,546,D24HourMean,QuarterlyMean,Mean,9.77
1931,566,D24HourMean,QuarterlyMean,Mean,8.01
1938,573,D24HourMean,QuarterlyMean,Mean,10.16
1940,538,D24HourMean,QuarterlyMean,Mean,13.08
1918,555,D24HourMean,QuarterlyMean,Mean,9.27
1911,528,D24HourMean,QuarterlyMean,Mean,11.17
1916,549,D24HourMean,QuarterlyMean,Mean,8.43
1911,562,D24HourMean,QuarterlyMean,Mean,7.94
1919,525,D24HourMean,QuarterlyMean,Mean,12.42
1914,535,D24HourMean,QuarterlyMean,Mean,12.14
1920,530,D24HourMean,QuarterlyMean,Mean,13.10
1919,554,D24HourMean,QuarterlyMean,Mean,10.03
1936,536,D24HourMean,QuarterlyMean,Mean,12.35
1934,565,D24HourMean,QuarterlyMean,Mean,9.56
1911,549,D24HourMean,QuarterlyMean,Mean,8.65
1924,550,D24HourMean,QuarterlyMean,Mean,9.27
1913,532,D24HourMean,QuarterlyMean,Mean,12.31
1937,560,D24HourMean,QuarterlyMean,Mean,9.98
1898,540,D24HourMean,QuarterlyMean,Mean,7.76
1900,557,D24HourMean,QuarterlyMean,Mean,8.06
1908,540,D24HourMean,QuarterlyMean,Mean,9.68
1918,577,D24HourMean,QuarterlyMean,Mean,8.08
1922,561,D24HourMean,QuarterlyMean,Mean,4.94
1904,537,D24HourMean,QuarterlyMean,Mean,8.48
1909,558,D24HourMean,QuarterlyMean,Mean,6.85
1912,527,D24HourMean,QuarterlyMean,Mean,11.37
1927,556,D24HourMean,QuarterlyMean,Mean,8.84
1941,545,D24HourMean,QuarterlyMean,Mean,11.17
1911,542,D24HourMean,QuarterlyMean,Mean,10.03
1917,579,D24HourMean,QuarterlyMean,Mean,8.32
1918,560,D24HourMean,QuarterlyMean,Mean,8.69
1904,541,D24HourMean,QuarterlyMean,Mean,9.51
1914,568,D24HourMean,QuarterlyMean,Mean,7.26
1912,553,D24HourMean,QuarterlyMean,Mean,7.69
1923,580,D24HourMean,QuarterlyMean,Mean,8.67
1921,538,D24HourMean,QuarterlyMean,Mean,11.61
1910,531,D24HourMean,QuarterlyMean,Mean,11.15
1894,544,D24HourMean,QuarterlyMean,Mean,8.04
1917,530,D24HourMean,QuarterlyMean,Mean,13.57
1945,545,D24HourMean,QuarterlyMean,Mean,11.54
1915,527,D24HourMean,QuarterlyMean,Mean,11.98
1903,569,D24HourMean,QuarterlyMean,Mean,4.21
1915,546,D24HourMean,QuarterlyMean,Mean,8.43
1934,572,D24HourMean,QuarterlyMean,Mean,11.96
1914,577,D24HourMean,QuarterlyMean,Mean,7.54
1938,554,D24HourMean,QuarterlyMean,Mean,11.28
1917,572,D24HourMean,QuarterlyMean,Mean,7.90
1925,573,D24HourMean,QuarterlyMean,Mean,8.03
1895,539,D24HourMean,QuarterlyMean,Mean,9.03
1943,555,D24HourMean,QuarterlyMean,Mean,11.99
1912,564,D24HourMean,QuarterlyMean,Mean,4.25
1934,544,D24HourMean,QuarterlyMean,Mean,11.52
1920,546,D24HourMean,QuarterlyMean,Mean,10.06
1941,573,D24HourMean,QuarterlyMean,Mean,9.72
1920,574,D24HourMean,QuarterlyMean,Mean,7.57
1929,563,D24HourMean,QuarterlyMean,Mean,8.94
1913,553,D24HourMean,QuarterlyMean,Mean,8.34
1914,578,D24HourMean,QuarterlyMean,Mean,8.29
1893,543,D24HourMean,QuarterlyMean,Mean,8.98
1923,549,D24HourMean,QuarterlyMean,Mean,9.79
1904,569,D24HourMean,QuarterlyMean,Mean,7.45
1908,532,D24HourMean,QuarterlyMean,Mean,9.89
1929,569,D24HourMean,QuarterlyMean,Mean,10.98
1935,551,D24HourMean,QuarterlyMean,Mean,10.72
1901,538,D24HourMean,QuarterlyMean,Mean,8.34
1919,546,D24HourMean,QuarterlyMean,Mean,10.25
1915,553,D24HourMean,QuarterlyMean,Mean,8.08
1903,551,D24HourMean,QuarterlyMean,Mean,9.75
1922,582,D24HourMean,QuarterlyMean,Mean,8.34
1927,550,D24HourMean,QuarterlyMean,Mean,9.20
1899,537,D24HourMean,QuarterlyMean,Mean,7.80
1907,531,D24HourMean,QuarterlyMean,Mean,9.15
1907,536,D24HourMean,QuarterlyMean,Mean,9.87
1896,554,D24HourMean,QuarterlyMean,Mean,7.78
1916,553,D24HourMean,QuarterlyMean,Mean,8.25
1941,543,D24HourMean,QuarterlyMean,Mean,11.47
1939,568,D24HourMean,QuarterlyMean,Mean,10.64
1902,549,D24HourMean,QuarterlyMean,Mean,8.22
1914,549,D24HourMean,QuarterlyMean,Mean,8.15
1937,543,D24HourMean,QuarterlyMean,Mean,11.82
1919,582,D24HourMean,QuarterlyMean,Mean,5.39
1899,561,D24HourMean,QuarterlyMean,Mean,4.28
1905,539,D24HourMean,QuarterlyMean,Mean,9.19
1909,551,D24HourMean,QuarterlyMean,Mean,7.12
1924,577,D24HourMean,QuarterlyMean,Mean,9.03
1916,566,D24HourMean,QuarterlyMean,Mean,8.24
1939,550,D24HourMean,QuarterlyMean,Mean,11.57
1896,558,D24HourMean,QuarterlyMean,Mean,7.75
1933,564,D24HourMean,QuarterlyMean,Mean,8.77
1918,542,D24HourMean,QuarterlyMean,Mean,11.37
1907,556,D24HourMean,QuarterlyMean,Mean,4.25
1901,544,D24HourMean,QuarterlyMean,Mean,8.39
1934,551,D24HourMean,QuarterlyMean,Mean,10.30
1939,563,D24HourMean,QuarterlyMean,Mean,9.84
1899,555,D24HourMean,QuarterlyMean,Mean,4.26
1917,524,D24HourMean,QuarterlyMean,Mean,12.16
1922,545,D24HourMean,QuarterlyMean,Mean,8.93
1922,580,D24HourMean,QuarterlyMean,Mean,8.57
1928,573,D24HourMean,QuarterlyMean,Mean,8.91
1919,540,D24HourMean,QuarterlyMean,Mean,13.85
1925,569,D24HourMean,QuarterlyMean,Mean,12.08
1927,541,D24HourMean,QuarterlyMean,Mean,11.32
1907,551,D24HourMean,QuarterlyMean,Mean,9.00
1921,554,D24HourMean,QuarterlyMean,Mean,10.11
1941,568,D24HourMean,QuarterlyMean,Mean,11.10
1945,547,D24HourMean,QuarterlyMean,Mean,11.39
1895,550,D24HourMean,QuarterlyMean,Mean,6.69
1928,557,D24HourMean,QuarterlyMean,Mean,8.77
1928,565,D24HourMean,QuarterlyMean,Mean,8.88
1942,554,D24HourMean,QuarterlyMean,Mean,11.79
1899,541,D24HourMean,QuarterlyMean,Mean,8.75
1922,540,D24HourMean,QuarterlyMean,Mean,9.41
1914,530,D24HourMean,QuarterlyMean,Mean,12.03
1917,525,D24HourMean,QuarterlyMean,Mean,12.26
1909,564,D24HourMean,QuarterlyMean,Mean,7.76
1915,524,D24HourMean,QuarterlyMean,Mean,9.86
1915,556,D24HourMean,QuarterlyMean,Mean,8.88
1901,543,D24HourMean,QuarterlyMean,Mean,8.18
1916,572,D24HourMean,QuarterlyMean,Mean,7.63
1932,561,D24HourMean,QuarterlyMean,Mean,8.74
1908,556,D24HourMean,QuarterlyMean,Mean,4.23
1923,564,D24HourMean,QuarterlyMean,Mean,8.06
1940,535,D24HourMean,QuarterlyMean,Mean,12.31
1917,551,D24HourMean,QuarterlyMean,Mean,8.32
1914,524,D24HourMean,QuarterlyMean,Mean,9.51
1930,559,D24HourMean,QuarterlyMean,Mean,9.39
1898,558,D24HourMean,QuarterlyMean,Mean,4.34
1923,538,D24HourMean,QuarterlyMean,Mean,10.49
1928,579,D24HourMean,QuarterlyMean,Mean,9.36
1911,523,D24HourMean,QuarterlyMean,Mean,11.45
1922,557,D24HourMean,QuarterlyMean,Mean,9.27
1937,552,D24HourMean,QuarterlyMean,Mean,10.76
1932,574,D24HourMean,QuarterlyMean,Mean,9.74
1901,556,D24HourMean,QuarterlyMean,Mean,6.98
1916,535,D24HourMean,QuarterlyMean,Mean,12.71
1906,567,D24HourMean,QuarterlyMean,Mean,8.65
1894,550,D24HourMean,QuarterlyMean,Mean,7.08
1906,544,D24HourMean,QuarterlyMean,Mean,9.65
1901,557,D24HourMean,QuarterlyMean,Mean,7.36
1940,549,D24HourMean,QuarterlyMean,Mean,11.54
1910,563,D24HourMean,QuarterlyMean,Mean,8.23
1914,529,D24HourMean,QuarterlyMean,Mean,12.42
1914,526,D24HourMean,QuarterlyMean,Mean,12.47
1925,576,D24HourMean,QuarterlyMean,Mean,9.62
1915,539,D24HourMean,QuarterlyMean,Mean,11.01
1916,575,D24HourMean,QuarterlyMean,Mean,7.92
1933,544,D24HourMean,QuarterlyMean,Mean,11.22
1938,570,D24HourMean,QuarterlyMean,Mean,11.17
1932,549,D24HourMean,QuarterlyMean,Mean,10.28
1889,551,D24HourMean,QuarterlyMean,Mean,8.94
1906,532,D24HourMean,QuarterlyMean,Mean,8.60
1917,550,D24HourMean,QuarterlyMean,Mean,8.48
1904,567,D24HourMean,QuarterlyMean,Mean,7.43
1894,542,D24HourMean,QuarterlyMean,Mean,8.48
1911,540,D24HourMean,QuarterlyMean,Mean,10.74
1920,564,D24HourMean,QuarterlyMean,Mean,7.36
1900,539,D24HourMean,QuarterlyMean,Mean,8.43
1912,545,D24HourMean,QuarterlyMean,Mean,10.01
1919,580,D24HourMean,QuarterlyMean,Mean,8.72
1909,559,D24HourMean,QuarterlyMean,Mean,6.90
1941,547,D24HourMean,QuarterlyMean,Mean,10.57
1921,562,D24HourMean,QuarterlyMean,Mean,7.50
1940,539,D24HourMean,QuarterlyMean,Mean,12.21
1926,546,D24HourMean,QuarterlyMean,Mean,9.79
1919,576,D24HourMean,QuarterlyMean,Mean,7.40
1907,530,D24HourMean,QuarterlyMean,Mean,8.81
1924,575,D24HourMean,QuarterlyMean,Mean,8.88
1911,567,D24HourMean,QuarterlyMean,Mean,4.19
1940,573,D24HourMean,QuarterlyMean,Mean,10.18
1945,552,D24HourMean,QuarterlyMean,Mean,11.40
1941,550,D24HourMean,QuarterlyMean,Mean,11.18
1903,531,D24HourMean,QuarterlyMean,Mean,9.27
1918,537,D24HourMean,QuarterlyMean,Mean,11.93
1920,550,D24HourMean,QuarterlyMean,Mean,10.08
1924,553,D24HourMean,QuarterlyMean,Mean,9.38
1905,537,D24HourMean,QuarterlyMean,Mean,9.08
1919,557,D24HourMean,QuarterlyMean,Mean,10.98
1919,561,D24HourMean,QuarterlyMean,Mean,8.37
1922,539,D24HourMean,QuarterlyMean,Mean,9.77
1932,566,D24HourMean,QuarterlyMean,Mean,8.56
1896,543,D24HourMean,QuarterlyMean,Mean,8.75
1900,546,D24HourMean,QuarterlyMean,Mean,8.20
1944,544,D24HourMean,QuarterlyMean,Mean,11.49
1909,547,D24HourMean,QuarterlyMean,Mean,8.23
1895,555,D24HourMean,QuarterlyMean,Mean,7.73
1938,547,D24HourMean,QuarterlyMean,Mean,11.25
1896,565,D24HourMean,QuarterlyMean,Mean,9.70
1922,555,D24HourMean,QuarterlyMean,Mean,9.63
1926,563,D24HourMean,QuarterlyMean,Mean,8.93
1913,562,D24HourMean,QuarterlyMean,Mean,8.60
1899,563,D24HourMean,QuarterlyMean,Mean,7.80
1900,547,D24HourMean,QuarterlyMean,Mean,4.41
1921,561,D24HourMean,QuarterlyMean,Mean,8.18
1921,537,D24HourMean,QuarterlyMean,Mean,11.28
1901,566,D24HourMean,QuarterlyMean,Mean,7.68
1929,571,D24HourMean,QuarterlyMean,Mean,8.30
1939,552,D24HourMean,QuarterlyMean,Mean,10.76
1931,574,D24HourMean,QuarterlyMean,Mean,9.65
1909,548,D24HourMean,QuarterlyMean,Mean,8.60
1896,549,D24HourMean,QuarterlyMean,Mean,7.19
1897,557,D24HourMean,QuarterlyMean,Mean,7.52
1906,533,D24HourMean,QuarterlyMean,Mean,11.17
1925,558,D24HourMean,QuarterlyMean,Mean,7.92
1937,547,D24HourMean,QuarterlyMean,Mean,11.11
1943,566,D24HourMean,QuarterlyMean,Mean,10.16
1907,550,D24HourMean,QuarterlyMean,Mean,9.05
1904,539,D24HourMean,QuarterlyMean,Mean,8.60
1906,538,D24HourMean,QuarterlyMean,Mean,9.19
1912,559,D24HourMean,QuarterlyMean,Mean,9.10
1902,544,D24HourMean,QuarterlyMean,Mean,8.56
1907,529,D24HourMean,QuarterlyMean,Mean,9.32
1930,577,D24HourMean,QuarterlyMean,Mean,9.94
1934,554,D24HourMean,QuarterlyMean,Mean,9.79
1926,580,D24HourMean,QuarterlyMean,Mean,11.25
1944,551,D24HourMean,QuarterlyMean,Mean,11.54
1916,559,D24HourMean,QuarterlyMean,Mean,8.51
1933,582,D24HourMean,QuarterlyMean,Mean,10.59
1939,544,D24HourMean,QuarterlyMean,Mean,11.55
1903,556,D24HourMean,QuarterlyMean,Mean,6.92
1929,561,D24HourMean,QuarterlyMean,Mean,8.79
1931,538,D24HourMean,QuarterlyMean,Mean,11.52
1893,548,D24HourMean,QuarterlyMean,Mean,7.85
1926,569,D24HourMean,QuarterlyMean,Mean,11.77
1899,553,D24HourMean,QuarterlyMean,Mean,7.13
1911,526,D24HourMean,QuarterlyMean,Mean,10.42
1943,567,D24HourMean,QuarterlyMean,Mean,11.11
1915,550,D24HourMean,QuarterlyMean,Mean,7.35
1917,539,D24HourMean,QuarterlyMean,Mean,12.75
1922,564,D24HourMean,QuarterlyMean,Mean,8.27
1935,541,D24HourMean,QuarterlyMean,Mean,11.82
1931,561,D24HourMean,QuarterlyMean,Mean,8.96
1925,544,D24HourMean,QuarterlyMean,Mean,9.75
1927,562,D24HourMean,QuarterlyMean,Mean,8.94
1916,526,D24HourMean,QuarterlyMean,Mean,13.14
1899,534,D24HourMean,QuarterlyMean,Mean,8.55
1902,557,D24HourMean,QuarterlyMean,Mean,8.25
1910,527,D24HourMean,QuarterlyMean,Mean,10.18
1894,556,D24HourMean,QuarterlyMean,Mean,9.27
1911,552,D24HourMean,QuarterlyMean,Mean,8.89
1916,558,D24HourMean,QuarterlyMean,Mean,9.25
1927,563,D24HourMean,QuarterlyMean,Mean,9.10
1897,552,D24HourMean,QuarterlyMean,Mean,4.26
1923,539,D24HourMean,QuarterlyMean,Mean,9.62
1909,539,D24HourMean,QuarterlyMean,Mean,5.25
1926,547,D24HourMean,QuarterlyMean,Mean,9.67
1925,572,D24HourMean,QuarterlyMean,Mean,9.08
1906,546,D24HourMean,QuarterlyMean,Mean,9.60
1923,557,D24HourMean,QuarterlyMean,Mean,5.07
1892,552,D24HourMean,QuarterlyMean,Mean,8.53
1926,574,D24HourMean,QuarterlyMean,Mean,8.89
1916,578,D24HourMean,QuarterlyMean,Mean,7.94
1903,557,D24HourMean,QuarterlyMean,Mean,4.26
1904,560,D24HourMean,QuarterlyMean,Mean,7.62
1911,554,D24HourMean,QuarterlyMean,Mean,9.25
1900,563,D24HourMean,QuarterlyMean,Mean,7.80
1934,570,D24HourMean,QuarterlyMean,Mean,10.21
1928,581,D24HourMean,QuarterlyMean,Mean,10.08
1908,545,D24HourMean,QuarterlyMean,Mean,8.17
1932,553,D24HourMean,QuarterlyMean,Mean,10.45
1913,545,D24HourMean,QuarterlyMean,Mean,9.77
1935,566,D24HourMean,QuarterlyMean,Mean,9.32
1906,561,D24HourMean,QuarterlyMean,Mean,6.43
1911,532,D24HourMean,QuarterlyMean,Mean,11.32
1936,555,D24HourMean,QuarterlyMean,Mean,10.42
1908,567,D24HourMean,QuarterlyMean,Mean,9.17
1931,558,D24HourMean,QuarterlyMean,Mean,10.40
1919,569,D24HourMean,QuarterlyMean,Mean,8.60
1912,551,D24HourMean,QuarterlyMean,Mean,8.44
1906,559,D24HourMean,QuarterlyMean,Mean,4.26
1941,551,D24HourMean,QuarterlyMean,Mean,11.13
1926,568,D24HourMean,QuarterlyMean,Mean,13.17
1905,561,D24HourMean,QuarterlyMean,Mean,7.55
1912,554,D24HourMean,QuarterlyMean,Mean,7.54
1918,568,D24HourMean,QuarterlyMean,Mean,9.75
1894,552,D24HourMean,QuarterlyMean,Mean,6.43
1915,568,D24HourMean,QuarterlyMean,Mean,8.48
1920,554,D24HourMean,QuarterlyMean,Mean,9.92
1922,542,D24HourMean,QuarterlyMean,Mean,10.01
1903,542,D24HourMean,QuarterlyMean,Mean,8.60
1933,568,D24HourMean,QuarterlyMean,Mean,9.29
1924,565,D24HourMean,QuarterlyMean,Mean,5.10
1910,532,D24HourMean,QuarterlyMean,Mean,11.27
1902,551,D24HourMean,QuarterlyMean,Mean,8.79
1912,568,D24HourMean,QuarterlyMean,Mean,8.96
1915,573,D24HourMean,QuarterlyMean,Mean,7.99
1904,540,D24HourMean,QuarterlyMean,Mean,8.51
1920,544,D24HourMean,QuarterlyMean,Mean,10.11
1915,542,D24HourMean,QuarterlyMean,Mean,10.62
1915,526,D24HourMean,QuarterlyMean,Mean,12.20
1899,536,D24HourMean,QuarterlyMean,Mean,7.99
1905,567,D24HourMean,QuarterlyMean,Mean,8.51
1914,564,D24HourMean,QuarterlyMean,Mean,4.34
1905,543,D24HourMean,QuarterlyMean,Mean,9.27
1914,575,D24HourMean,QuarterlyMean,Mean,8.04
1936,549,D24HourMean,QuarterlyMean,Mean,11.55
1934,536,D24HourMean,QuarterlyMean,Mean,11.93
1927,580,D24HourMean,QuarterlyMean,Mean,11.52
1922,546,D24HourMean,QuarterlyMean,Mean,9.13
1910,526,D24HourMean,QuarterlyMean,Mean,9.75
1919,550,D24HourMean,QuarterlyMean,Mean,9.89
1937,569,D24HourMean,QuarterlyMean,Mean,10.52
1918,570,D24HourMean,QuarterlyMean,Mean,8.34
1929,575,D24HourMean,QuarterlyMean,Mean,9.43
1901,541,D24HourMean,QuarterlyMean,Mean,8.27
1906,541,D24HourMean,QuarterlyMean,Mean,9.10
1904,547,D24HourMean,QuarterlyMean,Mean,7.59
1909,537,D24HourMean,QuarterlyMean,Mean,10.06
1936,560,D24HourMean,QuarterlyMean,Mean,10.30
1899,540,D24HourMean,QuarterlyMean,Mean,8.25
1932,582,D24HourMean,QuarterlyMean,Mean,10.06
1918,567,D24HourMean,QuarterlyMean,Mean,9.82
1915,576,D24HourMean,QuarterlyMean,Mean,7.85
1912,548,D24HourMean,QuarterlyMean,Mean,8.36
1920,540,D24HourMean,QuarterlyMean,Mean,11.86
1928,566,D24HourMean,QuarterlyMean,Mean,9.67
1923,548,D24HourMean,QuarterlyMean,Mean,9.79
1926,562,D24HourMean,QuarterlyMean,Mean,8.88
1929,548,D24HourMean,QuarterlyMean,Mean,10.03
1924,564,D24HourMean,QuarterlyMean,Mean,8.27
1935,538,D24HourMean,QuarterlyMean,Mean,13.02
1943,571,D24HourMean,QuarterlyMean,Mean,10.33
1931,556,D24HourMean,QuarterlyMean,Mean,10.09
1914,560,D24HourMean,QuarterlyMean,Mean,4.41
1923,563,D24HourMean,QuarterlyMean,Mean,8.95
1900,566,D24HourMean,QuarterlyMean,Mean,7.68
1921,548,D24HourMean,QuarterlyMean,Mean,9.50
1924,547,D24HourMean,QuarterlyMean,Mean,9.36
1933,580,D24HourMean,QuarterlyMean,Mean,9.96
1902,533,D24HourMean,QuarterlyMean,Mean,8.75
1899,560,D24HourMean,QuarterlyMean,Mean,8.60
1916,541,D24HourMean,QuarterlyMean,Mean,10.64
1933,540,D24HourMean,QuarterlyMean,Mean,12.18
1919,551,D24HourMean,QuarterlyMean,Mean,9.87
1924,570,D24HourMean,QuarterlyMean,Mean,8.39
1898,566,D24HourMean,QuarterlyMean,Mean,7.83
1918,573,D24HourMean,QuarterlyMean,Mean,7.75
1940,551,D24HourMean,QuarterlyMean,Mean,10.81
1897,567,D24HourMean,QuarterlyMean,Mean,7.92
1897,568,D24HourMean,QuarterlyMean,Mean,9.10
1917,553,D24HourMean,QuarterlyMean,Mean,8.46
1906,560,D24HourMean,QuarterlyMean,Mean,6.64
1938,569,D24HourMean,QuarterlyMean,Mean,10.76
1921,547,D24HourMean,QuarterlyMean,Mean,9.19
1907,533,D24HourMean,QuarterlyMean,Mean,10.95
1920,545,D24HourMean,QuarterlyMean,Mean,9.84
1907,553,D24HourMean,QuarterlyMean,Mean,5.91
1921,572,D24HourMean,QuarterlyMean,Mean,8.67
1926,577,D24HourMean,QuarterlyMean,Mean,9.62
1933,569,D24HourMean,QuarterlyMean,Mean,9.22
1920,539,D24HourMean,QuarterlyMean,Mean,10.54
1904,552,D24HourMean,QuarterlyMean,Mean,7.73
1919,562,D24HourMean,QuarterlyMean,Mean,7.90
1903,564,D24HourMean,QuarterlyMean,Mean,7.24
1942,566,D24HourMean,QuarterlyMean,Mean,10.21
1936,550,D24HourMean,QuarterlyMean,Mean,11.76
1898,542,D24HourMean,QuarterlyMean,Mean,8.88
1922,578,D24HourMean,QuarterlyMean,Mean,8.11
1913,530,D24HourMean,QuarterlyMean,Mean,11.57
1935,543,D24HourMean,QuarterlyMean,Mean,11.59
1937,571,D24HourMean,QuarterlyMean,Mean,9.86
1934,543,D24HourMean,QuarterlyMean,Mean,11.59
1909,569,D24HourMean,QuarterlyMean,Mean,8.56
1912,546,D24HourMean,QuarterlyMean,Mean,9.44
1920,560,D24HourMean,QuarterlyMean,Mean,8.37
1941,544,D24HourMean,QuarterlyMean,Mean,11.17
1908,557,D24HourMean,QuarterlyMean,Mean,4.23
1925,581,D24HourMean,QuarterlyMean,Mean,9.39
1941,553,D24HourMean,QuarterlyMean,Mean,10.91
1896,561,D24HourMean,QuarterlyMean,Mean,8.49
1894,559,D24HourMean,QuarterlyMean,Mean,8.27
1913,531,D24HourMean,QuarterlyMean,Mean,11.45
1914,537,D24HourMean,QuarterlyMean,Mean,11.86
1930,548,D24HourMean,QuarterlyMean,Mean,10.42
1911,550,D24HourMean,QuarterlyMean,Mean,7.99
1937,561,D24HourMean,QuarterlyMean,Mean,9.51
1915,578,D24HourMean,QuarterlyMean,Mean,7.77
1942,572,D24HourMean,QuarterlyMean,Mean,9.94
1935,542,D24HourMean,QuarterlyMean,Mean,12.13
1908,550,D24HourMean,QuarterlyMean,Mean,8.55
1904,543,D24HourMean,QuarterlyMean,Mean,8.76
1916,554,D24HourMean,QuarterlyMean,Mean,7.63
1934,556,D24HourMean,QuarterlyMean,Mean,9.05
1908,527,D24HourMean,QuarterlyMean,Mean,9.43
1920,561,D24HourMean,QuarterlyMean,Mean,8.43
1903,547,D24HourMean,QuarterlyMean,Mean,8.46
1914,571,D24HourMean,QuarterlyMean,Mean,7.28
1912,566,D24HourMean,QuarterlyMean,Mean,4.23
1918,526,D24HourMean,QuarterlyMean,Mean,11.86
1905,531,D24HourMean,QuarterlyMean,Mean,9.25
1917,569,D24HourMean,QuarterlyMean,Mean,9.22
1923,572,D24HourMean,QuarterlyMean,Mean,7.96
1896,540,D24HourMean,QuarterlyMean,Mean,8.41
1913,559,D24HourMean,QuarterlyMean,Mean,8.50
1898,547,D24HourMean,QuarterlyMean,Mean,4.41
1906,539,D24HourMean,QuarterlyMean,Mean,9.36
1920,575,D24HourMean,QuarterlyMean,Mean,8.18
1925,541,D24HourMean,QuarterlyMean,Mean,10.52
1918,547,D24HourMean,QuarterlyMean,Mean,9.70
1924,536,D24HourMean,QuarterlyMean,Mean,11.82
1941,546,D24HourMean,QuarterlyMean,Mean,11.10
1923,569,D24HourMean,QuarterlyMean,Mean,8.34
1912,528,D24HourMean,QuarterlyMean,Mean,11.64
1916,567,D24HourMean,QuarterlyMean,Mean,8.62
1926,582,D24HourMean,QuarterlyMean,Mean,9.62
1901,545,D24HourMean,QuarterlyMean,Mean,9.19
1932,552,D24HourMean,QuarterlyMean,Mean,9.74
1920,555,D24HourMean,QuarterlyMean,Mean,9.92
1910,556,D24HourMean,QuarterlyMean,Mean,6.34
1916,525,D24HourMean,QuarterlyMean,Mean,12.53
1926,560,D24HourMean,QuarterlyMean,Mean,8.04
1906,530,D24HourMean,QuarterlyMean,Mean,9.13
1933,542,D24HourMean,QuarterlyMean,Mean,11.91
