Column,Row,Metric,Seasonal Metric,Annual Metric,Values
1715,628,D24HourMean,QuarterlyMean,Mean,10.21
1717,620,D24HourMean,QuarterlyMean,Mean,11.03
1708,613,D24HourMean,QuarterlyMean,Mean,9.20
1710,628,D24HourMean,QuarterlyMean,Mean,11.37
1715,616,D24HourMean,QuarterlyMean,Mean,9.27
1714,623,D24HourMean,QuarterlyMean,Mean,13.00
1697,625,D24HourMean,QuarterlyMean,Mean,10.18
1698,623,D24HourMean,QuarterlyMean,Mean,11.44
1712,623,D24HourMean,QuarterlyMean,Mean,13.03
1696,638,D24HourMean,QuarterlyMean,Mean,11.57
1699,638,D24HourMean,QuarterlyMean,Mean,11.61
1717,628,D24HourMean,QuarterlyMean,Mean,13.73
1714,630,D24HourMean,QuarterlyMean,Mean,10.98
1724,612,D24HourMean,QuarterlyMean,Mean,9.39
1712,610,D24HourMean,QuarterlyMean,Mean,11.05
1716,634,D24HourMean,QuarterlyMean,Mean,16.13
1706,639,D24HourMean,QuarterlyMean,Mean,13.62
1710,613,D24HourMean,QuarterlyMean,Mean,8.46
1706,626,D24HourMean,QuarterlyMean,Mean,12.30
1697,621,D24HourMean,QuarterlyMean,Mean,10.81
1725,611,D24HourMean,QuarterlyMean,Mean,10.03
1725,615,D24HourMean,QuarterlyMean,Mean,9.44
1698,628,D24HourMean,QuarterlyMean,Mean,10.93
1721,619,D24HourMean,QuarterlyMean,Mean,10.86
1703,635,D24HourMean,QuarterlyMean,Mean,13.60
1693,625,D24HourMean,QuarterlyMean,Mean,11.18
1703,629,D24HourMean,QuarterlyMean,Mean,9.53
1720,612,D24HourMean,QuarterlyMean,Mean,8.63
1703,620,D24HourMean,QuarterlyMean,Mean,10.57
1719,618,D24HourMean,QuarterlyMean,Mean,9.12
1714,615,D24HourMean,QuarterlyMean,Mean,5.25
1701,634,D24HourMean,QuarterlyMean,Mean,12.43
1718,619,D24HourMean,QuarterlyMean,Mean,10.88
1711,624,D24HourMean,QuarterlyMean,Mean,11.82
1712,614,D24HourMean,QuarterlyMean,Mean,10.42
1721,609,D24HourMean,QuarterlyMean,Mean,5.10
1706,625,D24HourMean,QuarterlyMean,Mean,10.33
1704,633,D24HourMean,QuarterlyMean,Mean,13.07
1693,633,D24HourMean,QuarterlyMean,Mean,11.03
1705,641,D24HourMean,QuarterlyMean,Mean,13.62
1710,619,D24HourMean,QuarterlyMean,Mean,8.24
1719,616,D24HourMean,QuarterlyMean,Mean,9.10
1703,632,D24HourMean,QuarterlyMean,Mean,11.59
1722,606,D24HourMean,QuarterlyMean,Mean,5.28
1705,626,D24HourMean,QuarterlyMean,Mean,10.91
1708,630,D24HourMean,QuarterlyMean,Mean,10.64
1704,642,D24HourMean,QuarterlyMean,Mean,11.89
1699,621,D24HourMean,QuarterlyMean,Mean,11.79
1705,616,D24HourMean,QuarterlyMean,Mean,8.15
1701,630,D24HourMean,QuarterlyMean,Mean,9.91
1704,625,D24HourMean,QuarterlyMean,Mean,10.49
1694,629,D24HourMean,QuarterlyMean,Mean,11.11
1702,637,D24HourMean,QuarterlyMean,Mean,12.53
1722,614,D24HourMean,QuarterlyMean,Mean,5.21
1691,631,D24HourMean,QuarterlyMean,Mean,9.82
1713,614,D24HourMean,QuarterlyMean,Mean,5.19
1721,620,D24HourMean,QuarterlyMean,Mean,10.86
1704,638,D24HourMean,QuarterlyMean,Mean,12.21
1721,606,D24HourMean,QuarterlyMean,Mean,9.99
1691,633,D24HourMean,QuarterlyMean,Mean,10.18
1719,608,D24HourMean,QuarterlyMean,Mean,5.19
1699,637,D24HourMean,QuarterlyMean,Mean,11.93
1716,629,D24HourMean,QuarterlyMean,Mean,10.66
1725,612,D24HourMean,QuarterlyMean,Mean,9.75
1704,616,D24HourMean,QuarterlyMean,Mean,9.25
1700,619,D24HourMean,QuarterlyMean,Mean,8.32
1707,637,D24HourMean,QuarterlyMean,Mean,13.23
1713,616,D24HourMean,QuarterlyMean,Mean,5.23
1688,628,D24HourMean,QuarterlyMean,Mean,13.42
1725,613,D24HourMean,QuarterlyMean,Mean,5.21
1709,619,D24HourMean,QuarterlyMean,Mean,8.20
1695,635,D24HourMean,QuarterlyMean,Mean,11.05
1719,609,D24HourMean,QuarterlyMean,Mean,9.20
1699,630,D24HourMean,QuarterlyMean,Mean,9.86
1696,632,D24HourMean,QuarterlyMean,Mean,10.76
1719,611,D24HourMean,QuarterlyMean,Mean,5.14
1706,634,D24HourMean,QuarterlyMean,Mean,12.03
1701,641,D24HourMean,QuarterlyMean,Mean,12.03
1697,622,D24HourMean,QuarterlyMean,Mean,11.05
1701,644,D24HourMean,QuarterlyMean,Mean,13.70
1711,621,D24HourMean,QuarterlyMean,Mean,8.79
1691,627,D24HourMean,QuarterlyMean,Mean,10.47
1712,629,D24HourMean,QuarterlyMean,Mean,12.16
1701,631,D24HourMean,QuarterlyMean,Mean,9.98
1710,615,D24HourMean,QuarterlyMean,Mean,8.77
1697,624,D24HourMean,QuarterlyMean,Mean,9.56
1712,632,D24HourMean,QuarterlyMean,Mean,10.90
1705,637,D24HourMean,QuarterlyMean,Mean,13.30
1711,617,D24HourMean,QuarterlyMean,Mean,5.23
1718,610,D24HourMean,QuarterlyMean,Mean,5.08
1702,623,D24HourMean,QuarterlyMean,Mean,12.25
1696,624,D24HourMean,QuarterlyMean,Mean,11.22
1716,617,D24HourMean,QuarterlyMean,Mean,5.34
1714,616,D24HourMean,QuarterlyMean,Mean,5.23
1722,609,D24HourMean,QuarterlyMean,Mean,5.08
1707,628,D24HourMean,QuarterlyMean,Mean,10.27
1715,627,D24HourMean,QuarterlyMean,Mean,14.43
1719,619,D24HourMean,QuarterlyMean,Mean,10.83
1715,613,D24HourMean,QuarterlyMean,Mean,5.19
1707,613,D24HourMean,QuarterlyMean,Mean,8.84
1692,625,D24HourMean,QuarterlyMean,Mean,10.69
1720,615,D24HourMean,QuarterlyMean,Mean,9.36
1724,616,D24HourMean,QuarterlyMean,Mean,8.98
1702,627,D24HourMean,QuarterlyMean,Mean,9.50
1712,611,D24HourMean,QuarterlyMean,Mean,5.08
1717,621,D24HourMean,QuarterlyMean,Mean,9.55
1725,616,D24HourMean,QuarterlyMean,Mean,5.37
1718,620,D24HourMean,QuarterlyMean,Mean,10.96
1694,631,D24HourMean,QuarterlyMean,Mean,9.92
1699,642,D24HourMean,QuarterlyMean,Mean,12.06
1709,627,D24HourMean,QuarterlyMean,Mean,11.25
1705,628,D24HourMean,QuarterlyMean,Mean,10.81
1717,616,D24HourMean,QuarterlyMean,Mean,9.15
1710,621,D24HourMean,QuarterlyMean,Mean,10.83
1715,623,D24HourMean,QuarterlyMean,Mean,9.75
1714,618,D24HourMean,QuarterlyMean,Mean,9.91
1719,621,D24HourMean,QuarterlyMean,Mean,9.53
1724,607,D24HourMean,QuarterlyMean,Mean,10.23
1716,612,D24HourMean,QuarterlyMean,Mean,5.14
1712,630,D24HourMean,QuarterlyMean,Mean,10.64
1715,620,D24HourMean,QuarterlyMean,Mean,10.59
1693,634,D24HourMean,QuarterlyMean,Mean,12.18
1693,627,D24HourMean,QuarterlyMean,Mean,11.27
1717,612,D24HourMean,QuarterlyMean,Mean,5.14
1709,618,D24HourMean,QuarterlyMean,Mean,8.11
1689,629,D24HourMean,QuarterlyMean,Mean,10.66
1706,617,D24HourMean,QuarterlyMean,Mean,5.21
1723,611,D24HourMean,QuarterlyMean,Mean,8.89
1696,637,D24HourMean,QuarterlyMean,Mean,11.86
1702,630,D24HourMean,QuarterlyMean,Mean,9.60
1722,608,D24HourMean,QuarterlyMean,Mean,8.91
1722,610,D24HourMean,QuarterlyMean,Mean,5.14
1701,637,D24HourMean,QuarterlyMean,Mean,12.09
1719,612,D24HourMean,QuarterlyMean,Mean,8.32
1722,607,D24HourMean,QuarterlyMean,Mean,5.19
1714,626,D24HourMean,QuarterlyMean,Mean,13.48
1693,624,D24HourMean,QuarterlyMean,Mean,11.08
1720,611,D24HourMean,QuarterlyMean,Mean,5.14
1704,627,D24HourMean,QuarterlyMean,Mean,10.38
1708,623,D24HourMean,QuarterlyMean,Mean,9.03
1695,630,D24HourMean,QuarterlyMean,Mean,9.92
1698,632,D24HourMean,QuarterlyMean,Mean,10.67
1704,623,D24HourMean,QuarterlyMean,Mean,5.21
1709,623,D24HourMean,QuarterlyMean,Mean,9.29
1700,620,D24HourMean,QuarterlyMean,Mean,10.38
1695,640,D24HourMean,QuarterlyMean,Mean,11.84
1713,612,D24HourMean,QuarterlyMean,Mean,5.14
1702,633,D24HourMean,QuarterlyMean,Mean,10.52
1690,627,D24HourMean,QuarterlyMean,Mean,10.67
1690,629,D24HourMean,QuarterlyMean,Mean,12.06
1706,621,D24HourMean,QuarterlyMean,Mean,8.84
1701,623,D24HourMean,QuarterlyMean,Mean,11.52
1721,612,D24HourMean,QuarterlyMean,Mean,8.89
1722,621,D24HourMean,QuarterlyMean,Mean,11.10
1697,637,D24HourMean,QuarterlyMean,Mean,12.33
1714,608,D24HourMean,QuarterlyMean,Mean,10.11
1705,640,D24HourMean,QuarterlyMean,Mean,13.63
1708,629,D24HourMean,QuarterlyMean,Mean,10.18
1706,631,D24HourMean,QuarterlyMean,Mean,10.66
1716,631,D24HourMean,QuarterlyMean,Mean,10.98
1709,615,D24HourMean,QuarterlyMean,Mean,8.30
1691,634,D24HourMean,QuarterlyMean,Mean,13.68
1703,616,D24HourMean,QuarterlyMean,Mean,10.11
1725,614,D24HourMean,QuarterlyMean,Mean,5.27
1701,624,D24HourMean,QuarterlyMean,Mean,9.89
1698,634,D24HourMean,QuarterlyMean,Mean,10.10
1707,615,D24HourMean,QuarterlyMean,Mean,10.23
1700,634,D24HourMean,QuarterlyMean,Mean,11.98
1709,626,D24HourMean,QuarterlyMean,Mean,9.92
1713,632,D24HourMean,QuarterlyMean,Mean,15.70
1688,630,D24HourMean,QuarterlyMean,Mean,9.38
1723,618,D24HourMean,QuarterlyMean,Mean,5.37
1695,636,D24HourMean,QuarterlyMean,Mean,10.76
1701,636,D24HourMean,QuarterlyMean,Mean,12.20
1708,615,D24HourMean,QuarterlyMean,Mean,9.53
1715,612,D24HourMean,QuarterlyMean,Mean,5.14
1713,627,D24HourMean,QuarterlyMean,Mean,10.44
1713,609,D24HourMean,QuarterlyMean,Mean,9.96
1698,621,D24HourMean,QuarterlyMean,Mean,12.06
1695,628,D24HourMean,QuarterlyMean,Mean,11.44
1697,634,D24HourMean,QuarterlyMean,Mean,10.44
1716,609,D24HourMean,QuarterlyMean,Mean,5.10
1707,614,D24HourMean,QuarterlyMean,Mean,9.25
1707,618,D24HourMean,QuarterlyMean,Mean,9.75
1692,634,D24HourMean,QuarterlyMean,Mean,12.83
1724,608,D24HourMean,QuarterlyMean,Mean,9.48
1714,621,D24HourMean,QuarterlyMean,Mean,9.92
1710,625,D24HourMean,QuarterlyMean,Mean,10.78
1720,616,D24HourMean,QuarterlyMean,Mean,9.41
1714,624,D24HourMean,QuarterlyMean,Mean,13.37
1708,625,D24HourMean,QuarterlyMean,Mean,10.61
1699,635,D24HourMean,QuarterlyMean,Mean,13.20
1717,610,D24HourMean,QuarterlyMean,Mean,5.08
1715,608,D24HourMean,QuarterlyMean,Mean,8.39
1709,616,D24HourMean,QuarterlyMean,Mean,9.34
1694,633,D24HourMean,QuarterlyMean,Mean,11.08
1697,636,D24HourMean,QuarterlyMean,Mean,12.97
1702,636,D24HourMean,QuarterlyMean,Mean,12.28
1708,617,D24HourMean,QuarterlyMean,Mean,10.08
1697,626,D24HourMean,QuarterlyMean,Mean,11.50
1702,639,D24HourMean,QuarterlyMean,Mean,12.15
1703,622,D24HourMean,QuarterlyMean,Mean,5.18
1709,622,D24HourMean,QuarterlyMean,Mean,9.60
1726,617,D24HourMean,QuarterlyMean,Mean,9.50
1712,613,D24HourMean,QuarterlyMean,Mean,10.27
1704,628,D24HourMean,QuarterlyMean,Mean,10.90
1724,613,D24HourMean,QuarterlyMean,Mean,5.21
1706,616,D24HourMean,QuarterlyMean,Mean,5.16
1719,607,D24HourMean,QuarterlyMean,Mean,5.21
1705,615,D24HourMean,QuarterlyMean,Mean,9.51
1711,615,D24HourMean,QuarterlyMean,Mean,10.47
1692,630,D24HourMean,QuarterlyMean,Mean,9.86
1723,605,D24HourMean,QuarterlyMean,Mean,5.28
1707,627,D24HourMean,QuarterlyMean,Mean,10.08
1714,610,D24HourMean,QuarterlyMean,Mean,5.10
1703,643,D24HourMean,QuarterlyMean,Mean,12.80
1713,617,D24HourMean,QuarterlyMean,Mean,5.28
1717,613,D24HourMean,QuarterlyMean,Mean,5.19
1705,632,D24HourMean,QuarterlyMean,Mean,11.34
1704,636,D24HourMean,QuarterlyMean,Mean,14.30
1718,613,D24HourMean,QuarterlyMean,Mean,8.58
1711,631,D24HourMean,QuarterlyMean,Mean,10.83
1700,627,D24HourMean,QuarterlyMean,Mean,9.22
1713,610,D24HourMean,QuarterlyMean,Mean,5.10
1708,627,D24HourMean,QuarterlyMean,Mean,10.23
1720,608,D24HourMean,QuarterlyMean,Mean,9.03
1723,615,D24HourMean,QuarterlyMean,Mean,5.34
1696,625,D24HourMean,QuarterlyMean,Mean,10.04
1706,615,D24HourMean,QuarterlyMean,Mean,5.16
1698,636,D24HourMean,QuarterlyMean,Mean,13.20
1719,613,D24HourMean,QuarterlyMean,Mean,8.84
1701,619,D24HourMean,QuarterlyMean,Mean,5.07
1716,632,D24HourMean,QuarterlyMean,Mean,10.66
1712,626,D24HourMean,QuarterlyMean,Mean,14.45
1708,628,D24HourMean,QuarterlyMean,Mean,10.37
1720,618,D24HourMean,QuarterlyMean,Mean,10.66
1714,627,D24HourMean,QuarterlyMean,Mean,13.93
1713,625,D24HourMean,QuarterlyMean,Mean,13.27
1695,637,D24HourMean,QuarterlyMean,Mean,12.83
1703,623,D24HourMean,QuarterlyMean,Mean,5.16
1703,619,D24HourMean,QuarterlyMean,Mean,11.50
1711,613,D24HourMean,QuarterlyMean,Mean,8.39
1695,625,D24HourMean,QuarterlyMean,Mean,10.32
1703,633,D24HourMean,QuarterlyMean,Mean,11.02
1697,631,D24HourMean,QuarterlyMean,Mean,9.26
1703,638,D24HourMean,QuarterlyMean,Mean,12.45
1702,617,D24HourMean,QuarterlyMean,Mean,9.80
1706,633,D24HourMean,QuarterlyMean,Mean,11.20
1715,614,D24HourMean,QuarterlyMean,Mean,5.17
1698,640,D24HourMean,QuarterlyMean,Mean,11.88
1714,620,D24HourMean,QuarterlyMean,Mean,10.10
1724,611,D24HourMean,QuarterlyMean,Mean,10.33
1698,630,D24HourMean,QuarterlyMean,Mean,10.23
1716,610,D24HourMean,QuarterlyMean,Mean,5.08
1717,619,D24HourMean,QuarterlyMean,Mean,10.59
1700,635,D24HourMean,QuarterlyMean,Mean,12.01
1720,617,D24HourMean,QuarterlyMean,Mean,5.37
1716,626,D24HourMean,QuarterlyMean,Mean,13.60
1699,622,D24HourMean,QuarterlyMean,Mean,12.38
1712,624,D24HourMean,QuarterlyMean,Mean,15.31
1703,636,D24HourMean,QuarterlyMean,Mean,12.75
1703,621,D24HourMean,QuarterlyMean,Mean,9.00
1717,631,D24HourMean,QuarterlyMean,Mean,11.08
1698,633,D24HourMean,QuarterlyMean,Mean,11.17
1698,637,D24HourMean,QuarterlyMean,Mean,12.06
1699,623,D24HourMean,QuarterlyMean,Mean,11.57
1694,636,D24HourMean,QuarterlyMean,Mean,11.62
1711,614,D24HourMean,QuarterlyMean,Mean,8.91
1722,611,D24HourMean,QuarterlyMean,Mean,5.12
1710,630,D24HourMean,QuarterlyMean,Mean,10.27
1701,632,D24HourMean,QuarterlyMean,Mean,10.18
1692,629,D24HourMean,QuarterlyMean,Mean,11.06
1706,637,D24HourMean,QuarterlyMean,Mean,13.03
1699,644,D24HourMean,QuarterlyMean,Mean,12.78
1700,638,D24HourMean,QuarterlyMean,Mean,11.93
1720,614,D24HourMean,QuarterlyMean,Mean,5.23
1724,618,D24HourMean,QuarterlyMean,Mean,5.43
1702,620,D24HourMean,QuarterlyMean,Mean,5.10
1717,629,D24HourMean,QuarterlyMean,Mean,13.50
1714,611,D24HourMean,QuarterlyMean,Mean,5.08
1697,638,D24HourMean,QuarterlyMean,Mean,11.89
1702,618,D24HourMean,QuarterlyMean,Mean,10.67
1699,640,D24HourMean,QuarterlyMean,Mean,11.81
1694,634,D24HourMean,QuarterlyMean,Mean,11.40
1713,628,D24HourMean,QuarterlyMean,Mean,10.56
1721,616,D24HourMean,QuarterlyMean,Mean,5.32
1715,609,D24HourMean,QuarterlyMean,Mean,5.10
1695,633,D24HourMean,QuarterlyMean,Mean,10.57
1708,632,D24HourMean,QuarterlyMean,Mean,10.45
1704,621,D24HourMean,QuarterlyMean,Mean,8.82
1689,626,D24HourMean,QuarterlyMean,Mean,11.77
1723,607,D24HourMean,QuarterlyMean,Mean,10.23
1717,614,D24HourMean,QuarterlyMean,Mean,5.25
1690,631,D24HourMean,QuarterlyMean,Mean,10.59
1702,624,D24HourMean,QuarterlyMean,Mean,10.25
1714,625,D24HourMean,QuarterlyMean,Mean,13.12
1693,632,D24HourMean,QuarterlyMean,Mean,10.49
1711,623,D24HourMean,QuarterlyMean,Mean,13.18
1717,623,D24HourMean,QuarterlyMean,Mean,9.53
1699,627,D24HourMean,QuarterlyMean,Mean,9.24
1721,614,D24HourMean,QuarterlyMean,Mean,5.21
1716,613,D24HourMean,QuarterlyMean,Mean,5.19
1698,627,D24HourMean,QuarterlyMean,Mean,11.15
1691,629,D24HourMean,QuarterlyMean,Mean,12.65
1716,614,D24HourMean,QuarterlyMean,Mean,5.17
1694,625,D24HourMean,QuarterlyMean,Mean,10.32
1725,609,D24HourMean,QuarterlyMean,Mean,10.15
1706,622,D24HourMean,QuarterlyMean,Mean,9.00
1704,635,D24HourMean,QuarterlyMean,Mean,12.31
1707,626,D24HourMean,QuarterlyMean,Mean,11.72
1721,608,D24HourMean,QuarterlyMean,Mean,8.82
1712,615,D24HourMean,QuarterlyMean,Mean,5.19
1717,618,D24HourMean,QuarterlyMean,Mean,9.13
1687,630,D24HourMean,QuarterlyMean,Mean,14.10
1701,640,D24HourMean,QuarterlyMean,Mean,12.16
1711,629,D24HourMean,QuarterlyMean,Mean,12.08
1714,635,D24HourMean,QuarterlyMean,Mean,15.19
1694,628,D24HourMean,QuarterlyMean,Mean,10.78
1701,620,D24HourMean,QuarterlyMean,Mean,5.10
1698,642,D24HourMean,QuarterlyMean,Mean,11.52
1708,624,D24HourMean,QuarterlyMean,Mean,9.74
1707,622,D24HourMean,QuarterlyMean,Mean,9.31
1710,629,D24HourMean,QuarterlyMean,Mean,11.89
1703,624,D24HourMean,QuarterlyMean,Mean,5.21
1702,643,D24HourMean,QuarterlyMean,Mean,12.75
1710,624,D24HourMean,QuarterlyMean,Mean,11.79
1707,619,D24HourMean,QuarterlyMean,Mean,9.56
1696,631,D24HourMean,QuarterlyMean,Mean,9.79
1704,631,D24HourMean,QuarterlyMean,Mean,12.06
1716,611,D24HourMean,QuarterlyMean,Mean,5.16
1718,612,D24HourMean,QuarterlyMean,Mean,9.05
1698,626,D24HourMean,QuarterlyMean,Mean,10.45
1706,630,D24HourMean,QuarterlyMean,Mean,11.25
1724,615,D24HourMean,QuarterlyMean,Mean,5.34
1707,621,D24HourMean,QuarterlyMean,Mean,8.89
1690,628,D24HourMean,QuarterlyMean,Mean,10.84
1712,612,D24HourMean,QuarterlyMean,Mean,5.16
1720,610,D24HourMean,QuarterlyMean,Mean,10.52
1692,632,D24HourMean,QuarterlyMean,Mean,12.11
1710,618,D24HourMean,QuarterlyMean,Mean,5.21
1713,620,D24HourMean,QuarterlyMean,Mean,8.86
1722,620,D24HourMean,QuarterlyMean,Mean,11.94
1706,624,D24HourMean,QuarterlyMean,Mean,9.72
1704,618,D24HourMean,QuarterlyMean,Mean,5.12
1704,641,D24HourMean,QuarterlyMean,Mean,13.14
1705,630,D24HourMean,QuarterlyMean,Mean,11.17
1708,616,D24HourMean,QuarterlyMean,Mean,9.62
1687,629,D24HourMean,QuarterlyMean,Mean,12.88
1711,630,D24HourMean,QuarterlyMean,Mean,10.85
1721,611,D24HourMean,QuarterlyMean,Mean,8.84
1689,632,D24HourMean,QuarterlyMean,Mean,10.27
1718,616,D24HourMean,QuarterlyMean,Mean,5.36
1721,621,D24HourMean,QuarterlyMean,Mean,11.12
1701,629,D24HourMean,QuarterlyMean,Mean,9.44
1705,633,D24HourMean,QuarterlyMean,Mean,13.27
1703,625,D24HourMean,QuarterlyMean,Mean,9.72
1720,619,D24HourMean,QuarterlyMean,Mean,10.98
1706,619,D24HourMean,QuarterlyMean,Mean,9.41
1708,618,D24HourMean,QuarterlyMean,Mean,8.94
1704,619,D24HourMean,QuarterlyMean,Mean,10.79
1722,616,D24HourMean,QuarterlyMean,Mean,10.27
1705,634,D24HourMean,QuarterlyMean,Mean,11.61
1697,630,D24HourMean,QuarterlyMean,Mean,9.60
1694,622,D24HourMean,QuarterlyMean,Mean,11.64
1700,641,D24HourMean,QuarterlyMean,Mean,12.55
1722,619,D24HourMean,QuarterlyMean,Mean,10.69
1706,613,D24HourMean,QuarterlyMean,Mean,9.67
1702,642,D24HourMean,QuarterlyMean,Mean,11.95
1716,630,D24HourMean,QuarterlyMean,Mean,11.40
1718,615,D24HourMean,QuarterlyMean,Mean,8.96
1706,638,D24HourMean,QuarterlyMean,Mean,12.58
1703,637,D24HourMean,QuarterlyMean,Mean,13.35
1703,641,D24HourMean,QuarterlyMean,Mean,13.14
1724,609,D24HourMean,QuarterlyMean,Mean,9.19
1702,626,D24HourMean,QuarterlyMean,Mean,9.20
1701,621,D24HourMean,QuarterlyMean,Mean,5.08
1719,610,D24HourMean,QuarterlyMean,Mean,8.39
1702,625,D24HourMean,QuarterlyMean,Mean,9.27
1704,615,D24HourMean,QuarterlyMean,Mean,10.08
1711,628,D24HourMean,QuarterlyMean,Mean,11.20
1709,631,D24HourMean,QuarterlyMean,Mean,10.40
1696,639,D24HourMean,QuarterlyMean,Mean,11.28
1695,634,D24HourMean,QuarterlyMean,Mean,10.78
1698,639,D24HourMean,QuarterlyMean,Mean,12.20
1707,623,D24HourMean,QuarterlyMean,Mean,9.46
1723,608,D24HourMean,QuarterlyMean,Mean,9.89
1705,627,D24HourMean,QuarterlyMean,Mean,10.44
1708,633,D24HourMean,QuarterlyMean,Mean,11.56
1709,629,D24HourMean,QuarterlyMean,Mean,10.62
1715,633,D24HourMean,QuarterlyMean,Mean,15.62
1707,630,D24HourMean,QuarterlyMean,Mean,10.74
1721,613,D24HourMean,QuarterlyMean,Mean,9.19
1716,633,D24HourMean,QuarterlyMean,Mean,14.50
1725,603,D24HourMean,QuarterlyMean,Mean,11.37
1695,622,D24HourMean,QuarterlyMean,Mean,10.83
1708,612,D24HourMean,QuarterlyMean,Mean,9.46
1723,613,D24HourMean,QuarterlyMean,Mean,5.23
1705,636,D24HourMean,QuarterlyMean,Mean,13.37
1693,628,D24HourMean,QuarterlyMean,Mean,11.10
1701,627,D24HourMean,QuarterlyMean,Mean,8.51
1716,620,D24HourMean,QuarterlyMean,Mean,10.50
1712,618,D24HourMean,QuarterlyMean,Mean,9.03
1698,629,D24HourMean,QuarterlyMean,Mean,10.76
1705,638,D24HourMean,QuarterlyMean,Mean,12.72
1687,627,D24HourMean,QuarterlyMean,Mean,11.39
1689,630,D24HourMean,QuarterlyMean,Mean,9.12
1718,606,D24HourMean,QuarterlyMean,Mean,10.78
1710,614,D24HourMean,QuarterlyMean,Mean,5.14
1701,622,D24HourMean,QuarterlyMean,Mean,11.18
1712,617,D24HourMean,QuarterlyMean,Mean,9.51
1709,630,D24HourMean,QuarterlyMean,Mean,10.11
1701,643,D24HourMean,QuarterlyMean,Mean,12.77
1709,624,D24HourMean,QuarterlyMean,Mean,11.08
1716,619,D24HourMean,QuarterlyMean,Mean,9.31
1702,641,D24HourMean,QuarterlyMean,Mean,12.01
1710,620,D24HourMean,QuarterlyMean,Mean,9.72
1700,626,D24HourMean,QuarterlyMean,Mean,5.25
1719,617,D24HourMean,QuarterlyMean,Mean,9.36
1697,628,D24HourMean,QuarterlyMean,Mean,11.10
1693,623,D24HourMean,QuarterlyMean,Mean,11.76
1708,621,D24HourMean,QuarterlyMean,Mean,9.38
1699,629,D24HourMean,QuarterlyMean,Mean,9.89
1721,605,D24HourMean,QuarterlyMean,Mean,9.94
1713,613,D24HourMean,QuarterlyMean,Mean,5.14
1710,617,D24HourMean,QuarterlyMean,Mean,5.25
1726,615,D24HourMean,QuarterlyMean,Mean,9.39
1713,619,D24HourMean,QuarterlyMean,Mean,9.20
1721,607,D24HourMean,QuarterlyMean,Mean,5.19
1703,630,D24HourMean,QuarterlyMean,Mean,9.53
1706,629,D24HourMean,QuarterlyMean,Mean,11.05
1716,623,D24HourMean,QuarterlyMean,Mean,9.55
1697,623,D24HourMean,QuarterlyMean,Mean,11.30
1691,628,D24HourMean,QuarterlyMean,Mean,10.81
1689,627,D24HourMean,QuarterlyMean,Mean,11.10
1690,626,D24HourMean,QuarterlyMean,Mean,11.54
1696,635,D24HourMean,QuarterlyMean,Mean,12.63
1721,615,D24HourMean,QuarterlyMean,Mean,5.28
1705,623,D24HourMean,QuarterlyMean,Mean,9.20
1713,629,D24HourMean,QuarterlyMean,Mean,13.07
1700,623,D24HourMean,QuarterlyMean,Mean,12.01
1702,640,D24HourMean,QuarterlyMean,Mean,12.11
1695,639,D24HourMean,QuarterlyMean,Mean,12.09
1723,614,D24HourMean,QuarterlyMean,Mean,5.21
1693,635,D24HourMean,QuarterlyMean,Mean,11.77
1705,614,D24HourMean,QuarterlyMean,Mean,11.20
1691,630,D24HourMean,QuarterlyMean,Mean,9.79
1715,624,D24HourMean,QuarterlyMean,Mean,5.64
1694,623,D24HourMean,QuarterlyMean,Mean,10.13
1689,631,D24HourMean,QuarterlyMean,Mean,9.67
1704,630,D24HourMean,QuarterlyMean,Mean,10.51
1699,620,D24HourMean,QuarterlyMean,Mean,12.04
1716,622,D24HourMean,QuarterlyMean,Mean,9.75
1700,621,D24HourMean,QuarterlyMean,Mean,5.10
1699,639,D24HourMean,QuarterlyMean,Mean,11.20
1691,632,D24HourMean,QuarterlyMean,Mean,10.37
1697,627,D24HourMean,QuarterlyMean,Mean,10.88
1700,629,D24HourMean,QuarterlyMean,Mean,9.99
1707,624,D24HourMean,QuarterlyMean,Mean,9.94
1701,628,D24HourMean,QuarterlyMean,Mean,9.43
1704,637,D24HourMean,QuarterlyMean,Mean,12.83
1712,625,D24HourMean,QuarterlyMean,Mean,13.75
1719,620,D24HourMean,QuarterlyMean,Mean,10.95
1700,642,D24HourMean,QuarterlyMean,Mean,12.78
1705,642,D24HourMean,QuarterlyMean,Mean,12.47
1714,612,D24HourMean,QuarterlyMean,Mean,5.14
1714,631,D24HourMean,QuarterlyMean,Mean,10.59
1721,617,D24HourMean,QuarterlyMean,Mean,5.37
1690,632,D24HourMean,QuarterlyMean,Mean,10.49
1722,605,D24HourMean,QuarterlyMean,Mean,9.94
1719,614,D24HourMean,QuarterlyMean,Mean,9.36
1704,629,D24HourMean,QuarterlyMean,Mean,10.04
1699,626,D24HourMean,QuarterlyMean,Mean,5.27
1718,618,D24HourMean,QuarterlyMean,Mean,9.01
1711,626,D24HourMean,QuarterlyMean,Mean,11.17
1725,617,D24HourMean,QuarterlyMean,Mean,9.07
1698,622,D24HourMean,QuarterlyMean,Mean,12.51
1712,631,D24HourMean,QuarterlyMean,Mean,11.13
1698,638,D24HourMean,QuarterlyMean,Mean,11.72
1692,631,D24HourMean,QuarterlyMean,Mean,10.28
1700,636,D24HourMean,QuarterlyMean,Mean,12.28
1705,631,D24HourMean,QuarterlyMean,Mean,11.00
1714,628,D24HourMean,QuarterlyMean,Mean,13.70
1699,643,D24HourMean,QuarterlyMean,Mean,12.15
1697,632,D24HourMean,QuarterlyMean,Mean,9.41
1710,616,D24HourMean,QuarterlyMean,Mean,5.19
1715,630,D24HourMean,QuarterlyMean,Mean,10.69
1709,613,D24HourMean,QuarterlyMean,Mean,5.16
1722,618,D24HourMean,QuarterlyMean,Mean,9.65
1702,628,D24HourMean,QuarterlyMean,Mean,10.08
1695,627,D24HourMean,QuarterlyMean,Mean,10.45
1697,629,D24HourMean,QuarterlyMean,Mean,10.57
1695,631,D24HourMean,QuarterlyMean,Mean,9.86
1707,612,D24HourMean,QuarterlyMean,Mean,9.82
1722,615,D24HourMean,QuarterlyMean,Mean,5.27
1695,623,D24HourMean,QuarterlyMean,Mean,9.86
1707,625,D24HourMean,QuarterlyMean,Mean,11.67
1713,622,D24HourMean,QuarterlyMean,Mean,12.97
1709,611,D24HourMean,QuarterlyMean,Mean,9.82
1706,628,D24HourMean,QuarterlyMean,Mean,11.18
1715,629,D24HourMean,QuarterlyMean,Mean,10.33
1711,620,D24HourMean,QuarterlyMean,Mean,8.62
1721,622,D24HourMean,QuarterlyMean,Mean,10.32
1724,604,D24HourMean,QuarterlyMean,Mean,9.91
1699,624,D24HourMean,QuarterlyMean,Mean,9.79
1707,629,D24HourMean,QuarterlyMean,Mean,10.28
1724,614,D24HourMean,QuarterlyMean,Mean,5.27
1697,641,D24HourMean,QuarterlyMean,Mean,11.47
1720,613,D24HourMean,QuarterlyMean,Mean,9.10
1714,622,D24HourMean,QuarterlyMean,Mean,13.30
1714,617,D24HourMean,QuarterlyMean,Mean,5.27
1699,631,D24HourMean,QuarterlyMean,Mean,11.72
1711,627,D24HourMean,QuarterlyMean,Mean,10.30
1698,643,D24HourMean,QuarterlyMean,Mean,12.93
1723,616,D24HourMean,QuarterlyMean,Mean,9.41
1717,607,D24HourMean,QuarterlyMean,Mean,9.92
1702,635,D24HourMean,QuarterlyMean,Mean,13.95
1707,632,D24HourMean,QuarterlyMean,Mean,10.66
1696,636,D24HourMean,QuarterlyMean,Mean,12.41
1705,622,D24HourMean,QuarterlyMean,Mean,8.67
1702,638,D24HourMean,QuarterlyMean,Mean,11.84
1699,628,D24HourMean,QuarterlyMean,Mean,9.48
1693,626,D24HourMean,QuarterlyMean,Mean,10.83
1705,621,D24HourMean,QuarterlyMean,Mean,5.18
1701,635,D24HourMean,QuarterlyMean,Mean,12.87
1712,619,D24HourMean,QuarterlyMean,Mean,10.09
1710,610,D24HourMean,QuarterlyMean,Mean,10.23
1696,622,D24HourMean,QuarterlyMean,Mean,10.57
1706,635,D24HourMean,QuarterlyMean,Mean,12.92
1715,635,D24HourMean,QuarterlyMean,Mean,16.51
1701,638,D24HourMean,QuarterlyMean,Mean,12.01
1720,621,D24HourMean,QuarterlyMean,Mean,5.39
1714,629,D24HourMean,QuarterlyMean,Mean,10.59
1715,622,D24HourMean,QuarterlyMean,Mean,9.80
1715,619,D24HourMean,QuarterlyMean,Mean,5.34
1716,628,D24HourMean,QuarterlyMean,Mean,10.33
1709,612,D24HourMean,QuarterlyMean,Mean,10.03
1700,622,D24HourMean,QuarterlyMean,Mean,11.23
1708,614,D24HourMean,QuarterlyMean,Mean,8.88
1703,626,D24HourMean,QuarterlyMean,Mean,10.06
1711,616,D24HourMean,QuarterlyMean,Mean,5.25
1714,613,D24HourMean,QuarterlyMean,Mean,5.12
1713,633,D24HourMean,QuarterlyMean,Mean,11.49
1705,618,D24HourMean,QuarterlyMean,Mean,9.27
1709,620,D24HourMean,QuarterlyMean,Mean,9.74
1694,624,D24HourMean,QuarterlyMean,Mean,9.86
1703,634,D24HourMean,QuarterlyMean,Mean,13.12
1701,625,D24HourMean,QuarterlyMean,Mean,9.63
1700,633,D24HourMean,QuarterlyMean,Mean,10.91
1718,611,D24HourMean,QuarterlyMean,Mean,5.14
1696,633,D24HourMean,QuarterlyMean,Mean,10.28
1719,622,D24HourMean,QuarterlyMean,Mean,10.20
1710,612,D24HourMean,QuarterlyMean,Mean,5.08
1724,610,D24HourMean,QuarterlyMean,Mean,10.71
1700,639,D24HourMean,QuarterlyMean,Mean,11.64
1713,634,D24HourMean,QuarterlyMean,Mean,12.68
1694,626,D24HourMean,QuarterlyMean,Mean,10.37
1718,607,D24HourMean,QuarterlyMean,Mean,7.94
1706,618,D24HourMean,QuarterlyMean,Mean,5.17
1704,626,D24HourMean,QuarterlyMean,Mean,10.47
1706,620,D24HourMean,QuarterlyMean,Mean,8.34
1690,633,D24HourMean,QuarterlyMean,Mean,10.47
1724,603,D24HourMean,QuarterlyMean,Mean,5.43
1712,622,D24HourMean,QuarterlyMean,Mean,13.73
1722,613,D24HourMean,QuarterlyMean,Mean,9.55
1703,627,D24HourMean,QuarterlyMean,Mean,9.70
1694,637,D24HourMean,QuarterlyMean,Mean,11.93
1703,644,D24HourMean,QuarterlyMean,Mean,13.02
1711,610,D24HourMean,QuarterlyMean,Mean,10.33
1715,626,D24HourMean,QuarterlyMean,Mean,15.09
1696,626,D24HourMean,QuarterlyMean,Mean,10.25
1702,622,D24HourMean,QuarterlyMean,Mean,9.84
1698,625,D24HourMean,QuarterlyMean,Mean,9.39
1710,626,D24HourMean,QuarterlyMean,Mean,10.08
1692,628,D24HourMean,QuarterlyMean,Mean,11.10
1713,611,D24HourMean,QuarterlyMean,Mean,11.59
1709,617,D24HourMean,QuarterlyMean,Mean,5.25
1696,628,D24HourMean,QuarterlyMean,Mean,10.78
1702,621,D24HourMean,QuarterlyMean,Mean,5.07
1726,618,D24HourMean,QuarterlyMean,Mean,9.31
1711,625,D24HourMean,QuarterlyMean,Mean,11.79
1695,632,D24HourMean,QuarterlyMean,Mean,10.83
1715,615,D24HourMean,QuarterlyMean,Mean,5.25
1702,634,D24HourMean,QuarterlyMean,Mean,12.15
1700,637,D24HourMean,QuarterlyMean,Mean,12.11
1708,611,D24HourMean,QuarterlyMean,Mean,10.23
1701,639,D24HourMean,QuarterlyMean,Mean,11.86
1700,632,D24HourMean,QuarterlyMean,Mean,10.91
1701,633,D24HourMean,QuarterlyMean,Mean,11.23
1690,630,D24HourMean,QuarterlyMean,Mean,9.68
1720,606,D24HourMean,QuarterlyMean,Mean,9.58
1693,631,D24HourMean,QuarterlyMean,Mean,10.84
1694,630,D24HourMean,QuarterlyMean,Mean,9.63
1705,620,D24HourMean,QuarterlyMean,Mean,5.12
1726,616,D24HourMean,QuarterlyMean,Mean,5.37
1709,614,D24HourMean,QuarterlyMean,Mean,5.16
1702,619,D24HourMean,QuarterlyMean,Mean,5.12
1715,611,D24HourMean,QuarterlyMean,Mean,5.16
1718,609,D24HourMean,QuarterlyMean,Mean,5.10
1720,622,D24HourMean,QuarterlyMean,Mean,10.18
1723,617,D24HourMean,QuarterlyMean,Mean,5.41
1706,614,D24HourMean,QuarterlyMean,Mean,10.71
1717,617,D24HourMean,QuarterlyMean,Mean,9.15
1692,626,D24HourMean,QuarterlyMean,Mean,10.44
1708,622,D24HourMean,QuarterlyMean,Mean,9.03
1713,615,D24HourMean,QuarterlyMean,Mean,5.17
1699,633,D24HourMean,QuarterlyMean,Mean,11.25
1717,609,D24HourMean,QuarterlyMean,Mean,5.10
1700,631,D24HourMean,QuarterlyMean,Mean,11.39
1725,610,D24HourMean,QuarterlyMean,Mean,9.32
1701,626,D24HourMean,QuarterlyMean,Mean,9.00
1705,625,D24HourMean,QuarterlyMean,Mean,10.33
1694,635,D24HourMean,QuarterlyMean,Mean,10.66
1717,608,D24HourMean,QuarterlyMean,Mean,5.19
1718,621,D24HourMean,QuarterlyMean,Mean,10.01
1716,624,D24HourMean,QuarterlyMean,Mean,9.65
1716,607,D24HourMean,QuarterlyMean,Mean,10.91
1699,625,D24HourMean,QuarterlyMean,Mean,9.53
1696,634,D24HourMean,QuarterlyMean,Mean,10.81
1703,631,D24HourMean,QuarterlyMean,Mean,10.47
1699,636,D24HourMean,QuarterlyMean,Mean,12.77
1707,617,D24HourMean,QuarterlyMean,Mean,5.19
1709,625,D24HourMean,QuarterlyMean,Mean,10.64
1708,631,D24HourMean,QuarterlyMean,Mean,10.11
1715,634,D24HourMean,QuarterlyMean,Mean,15.39
1701,618,D24HourMean,QuarterlyMean,Mean,10.32
1688,629,D24HourMean,QuarterlyMean,Mean,11.06
1723,610,D24HourMean,QuarterlyMean,Mean,8.91
1714,619,D24HourMean,QuarterlyMean,Mean,10.73
1713,618,D24HourMean,QuarterlyMean,Mean,8.65
1696,627,D24HourMean,QuarterlyMean,Mean,11.25
1689,628,D24HourMean,QuarterlyMean,Mean,11.08
1695,638,D24HourMean,QuarterlyMean,Mean,11.28
1721,610,D24HourMean,QuarterlyMean,Mean,5.16
1717,630,D24HourMean,QuarterlyMean,Mean,11.61
1713,630,D24HourMean,QuarterlyMean,Mean,10.83
1715,631,D24HourMean,QuarterlyMean,Mean,10.71
1724,606,D24HourMean,QuarterlyMean,Mean,9.94
1702,631,D24HourMean,QuarterlyMean,Mean,10.03
1706,627,D24HourMean,QuarterlyMean,Mean,10.84
1718,608,D24HourMean,QuarterlyMean,Mean,5.19
1700,624,D24HourMean,QuarterlyMean,Mean,9.24
1695,629,D24HourMean,QuarterlyMean,Mean,11.72
1715,617,D24HourMean,QuarterlyMean,Mean,10.27
1724,605,D24HourMean,QuarterlyMean,Mean,5.28
1712,609,D24HourMean,QuarterlyMean,Mean,9.65
1726,614,D24HourMean,QuarterlyMean,Mean,5.27
1726,613,D24HourMean,QuarterlyMean,Mean,5.21
1704,634,D24HourMean,QuarterlyMean,Mean,12.36
1704,643,D24HourMean,QuarterlyMean,Mean,12.06
1717,606,D24HourMean,QuarterlyMean,Mean,11.39
1717,615,D24HourMean,QuarterlyMean,Mean,9.99
1710,611,D24HourMean,QuarterlyMean,Mean,10.59
1720,620,D24HourMean,QuarterlyMean,Mean,10.32
1700,625,D24HourMean,QuarterlyMean,Mean,11.77
1698,624,D24HourMean,QuarterlyMean,Mean,9.86
1716,616,D24HourMean,QuarterlyMean,Mean,9.22
1706,623,D24HourMean,QuarterlyMean,Mean,9.38
1717,611,D24HourMean,QuarterlyMean,Mean,5.14
1704,644,D24HourMean,QuarterlyMean,Mean,12.83
1715,610,D24HourMean,QuarterlyMean,Mean,5.10
1703,628,D24HourMean,QuarterlyMean,Mean,10.08
1705,639,D24HourMean,QuarterlyMean,Mean,12.93
1702,632,D24HourMean,QuarterlyMean,Mean,10.62
1711,611,D24HourMean,QuarterlyMean,Mean,11.13
1704,632,D24HourMean,QuarterlyMean,Mean,12.40
1709,628,D24HourMean,QuarterlyMean,Mean,11.06
1710,627,D24HourMean,QuarterlyMean,Mean,11.18
1705,643,D24HourMean,QuarterlyMean,Mean,12.92
1695,626,D24HourMean,QuarterlyMean,Mean,10.09
1715,621,D24HourMean,QuarterlyMean,Mean,10.95
1714,634,D24HourMean,QuarterlyMean,Mean,14.83
1700,640,D24HourMean,QuarterlyMean,Mean,12.48
1710,623,D24HourMean,QuarterlyMean,Mean,11.74
1708,620,D24HourMean,QuarterlyMean,Mean,5.25
1688,631,D24HourMean,QuarterlyMean,Mean,9.60
1703,618,D24HourMean,QuarterlyMean,Mean,5.12
1707,616,D24HourMean,QuarterlyMean,Mean,9.72
1704,624,D24HourMean,QuarterlyMean,Mean,5.27
1700,628,D24HourMean,QuarterlyMean,Mean,9.65
1703,642,D24HourMean,QuarterlyMean,Mean,11.89
1704,622,D24HourMean,QuarterlyMean,Mean,5.16
1687,628,D24HourMean,QuarterlyMean,Mean,13.15
1696,629,D24HourMean,QuarterlyMean,Mean,10.84
1693,630,D24HourMean,QuarterlyMean,Mean,9.48
1688,627,D24HourMean,QuarterlyMean,Mean,12.13
1694,627,D24HourMean,QuarterlyMean,Mean,10.67
1723,606,D24HourMean,QuarterlyMean,Mean,5.28
1723,604,D24HourMean,QuarterlyMean,Mean,10.13
1691,625,D24HourMean,QuarterlyMean,Mean,11.03
1720,609,D24HourMean,QuarterlyMean,Mean,12.45
1711,632,D24HourMean,QuarterlyMean,Mean,11.62
1704,639,D24HourMean,QuarterlyMean,Mean,14.17
1716,615,D24HourMean,QuarterlyMean,Mean,9.32
1706,632,D24HourMean,QuarterlyMean,Mean,11.35
1707,620,D24HourMean,QuarterlyMean,Mean,8.76
1703,617,D24HourMean,QuarterlyMean,Mean,5.16
1705,635,D24HourMean,QuarterlyMean,Mean,12.38
1716,627,D24HourMean,QuarterlyMean,Mean,10.10
1714,633,D24HourMean,QuarterlyMean,Mean,15.85
1697,633,D24HourMean,QuarterlyMean,Mean,9.91
1721,618,D24HourMean,QuarterlyMean,Mean,9.51
1702,629,D24HourMean,QuarterlyMean,Mean,9.50
1718,622,D24HourMean,QuarterlyMean,Mean,10.62
1722,612,D24HourMean,QuarterlyMean,Mean,9.67
1724,617,D24HourMean,QuarterlyMean,Mean,9.43
1705,619,D24HourMean,QuarterlyMean,Mean,5.16
1723,612,D24HourMean,QuarterlyMean,Mean,9.56
1692,633,D24HourMean,QuarterlyMean,Mean,12.09
1705,617,D24HourMean,QuarterlyMean,Mean,5.14
1699,632,D24HourMean,QuarterlyMean,Mean,11.69
1709,621,D24HourMean,QuarterlyMean,Mean,10.08
1693,636,D24HourMean,QuarterlyMean,Mean,11.99
1700,643,D24HourMean,QuarterlyMean,Mean,12.73
1712,620,D24HourMean,QuarterlyMean,Mean,8.76
1704,640,D24HourMean,QuarterlyMean,Mean,14.03
1718,614,D24HourMean,QuarterlyMean,Mean,5.25
1703,639,D24HourMean,QuarterlyMean,Mean,14.18
1705,624,D24HourMean,QuarterlyMean,Mean,9.46
1710,622,D24HourMean,QuarterlyMean,Mean,11.27
1712,628,D24HourMean,QuarterlyMean,Mean,11.89
1708,619,D24HourMean,QuarterlyMean,Mean,8.51
1713,623,D24HourMean,QuarterlyMean,Mean,13.70
1694,632,D24HourMean,QuarterlyMean,Mean,10.21
1714,632,D24HourMean,QuarterlyMean,Mean,10.69
1711,622,D24HourMean,QuarterlyMean,Mean,11.27
1703,640,D24HourMean,QuarterlyMean,Mean,13.32
1698,644,D24HourMean,QuarterlyMean,Mean,14.08
1707,631,D24HourMean,QuarterlyMean,Mean,10.01
1715,632,D24HourMean,QuarterlyMean,Mean,10.74
1697,640,D24HourMean,QuarterlyMean,Mean,12.60
1700,630,D24HourMean,QuarterlyMean,Mean,10.74
1704,617,D24HourMean,QuarterlyMean,Mean,5.14
1720,605,D24HourMean,QuarterlyMean,Mean,10.67
1716,621,D24HourMean,QuarterlyMean,Mean,10.90
1707,633,D24HourMean,QuarterlyMean,Mean,12.01
1698,635,D24HourMean,QuarterlyMean,Mean,12.88
1711,619,D24HourMean,QuarterlyMean,Mean,8.27
1701,642,D24HourMean,QuarterlyMean,Mean,12.32
1691,626,D24HourMean,QuarterlyMean,Mean,10.37
1719,606,D24HourMean,QuarterlyMean,Mean,10.88
1708,626,D24HourMean,QuarterlyMean,Mean,11.67
1692,627,D24HourMean,QuarterlyMean,Mean,10.76
1720,607,D24HourMean,QuarterlyMean,Mean,5.21
1719,615,D24HourMean,QuarterlyMean,Mean,9.22
1709,632,D24HourMean,QuarterlyMean,Mean,11.76
1696,640,D24HourMean,QuarterlyMean,Mean,11.52
1711,618,D24HourMean,QuarterlyMean,Mean,9.25
1713,608,D24HourMean,QuarterlyMean,Mean,10.93
1713,621,D24HourMean,QuarterlyMean,Mean,10.52
1696,630,D24HourMean,QuarterlyMean,Mean,9.67
1714,614,D24HourMean,QuarterlyMean,Mean,5.19
1723,609,D24HourMean,QuarterlyMean,Mean,9.34
1696,623,D24HourMean,QuarterlyMean,Mean,10.66
1714,636,D24HourMean,QuarterlyMean,Mean,16.59
1704,620,D24HourMean,QuarterlyMean,Mean,5.14
1698,631,D24HourMean,QuarterlyMean,Mean,10.67
1693,629,D24HourMean,QuarterlyMean,Mean,11.17
1712,616,D24HourMean,QuarterlyMean,Mean,5.25
1722,617,D24HourMean,QuarterlyMean,Mean,5.36
1713,626,D24HourMean,QuarterlyMean,Mean,12.98
1718,617,D24HourMean,QuarterlyMean,Mean,11.15
1714,609,D24HourMean,QuarterlyMean,Mean,10.35
1697,635,D24HourMean,QuarterlyMean,Mean,13.00
1713,624,D24HourMean,QuarterlyMean,Mean,13.52
1712,627,D24HourMean,QuarterlyMean,Mean,10.30
1710,631,D24HourMean,QuarterlyMean,Mean,10.44
1695,624,D24HourMean,QuarterlyMean,Mean,10.37
1706,636,D24HourMean,QuarterlyMean,Mean,12.26
1715,618,D24HourMean,QuarterlyMean,Mean,10.40
1716,618,D24HourMean,QuarterlyMean,Mean,9.39
1702,644,D24HourMean,QuarterlyMean,Mean,13.27
1711,612,D24HourMean,QuarterlyMean,Mean,5.16
1699,634,D24HourMean,QuarterlyMean,Mean,10.44
1716,608,D24HourMean,QuarterlyMean,Mean,5.12
1717,622,D24HourMean,QuarterlyMean,Mean,9.60
1697,639,D24HourMean,QuarterlyMean,Mean,12.16
1705,629,D24HourMean,QuarterlyMean,Mean,10.42
1699,641,D24HourMean,QuarterlyMean,Mean,11.71
1698,641,D24HourMean,QuarterlyMean,Mean,11.25
1713,631,D24HourMean,QuarterlyMean,Mean,14.93
1712,621,D24HourMean,QuarterlyMean,Mean,9.10
