Column,Row,Metric,Seasonal Metric,Annual Metric,Values
1657,668,D24HourMean,QuarterlyMean,Mean,21.80
1710,674,D24HourMean,QuarterlyMean,Mean,22.32
1715,660,D24HourMean,QuarterlyMean,Mean,20.13
1690,673,D24HourMean,QuarterlyMean,Mean,22.23
1702,679,D24HourMean,QuarterlyMean,Mean,23.76
1703,673,D24HourMean,QuarterlyMean,Mean,23.38
1685,675,D24HourMean,QuarterlyMean,Mean,21.59
1714,669,D24HourMean,QuarterlyMean,Mean,23.63
1664,683,D24HourMean,QuarterlyMean,Mean,28.33
1670,682,D24HourMean,QuarterlyMean,Mean,26.12
1688,671,D24HourMean,QuarterlyMean,Mean,21.64
1675,683,D24HourMean,QuarterlyMean,Mean,24.93
1685,669,D24HourMean,QuarterlyMean,Mean,21.17
1707,640,D24HourMean,QuarterlyMean,Mean,14.20
1651,669,D24HourMean,QuarterlyMean,Mean,25.99
1695,671,D24HourMean,QuarterlyMean,Mean,21.93
1710,652,D24HourMean,QuarterlyMean,Mean,16.93
1707,675,D24HourMean,QuarterlyMean,Mean,22.20
1671,674,D24HourMean,QuarterlyMean,Mean,21.25
1712,633,D24HourMean,QuarterlyMean,Mean,11.57
1701,679,D24HourMean,QuarterlyMean,Mean,23.65
1707,663,D24HourMean,QuarterlyMean,Mean,20.53
1707,666,D24HourMean,QuarterlyMean,Mean,21.91
1696,653,D24HourMean,QuarterlyMean,Mean,15.95
1710,668,D24HourMean,QuarterlyMean,Mean,22.02
1659,672,D24HourMean,QuarterlyMean,Mean,23.68
1669,654,D24HourMean,QuarterlyMean,Mean,19.30
1678,680,D24HourMean,QuarterlyMean,Mean,22.93
1674,665,D24HourMean,QuarterlyMean,Mean,20.24
1699,657,D24HourMean,QuarterlyMean,Mean,17.99
1719,640,D24HourMean,QuarterlyMean,Mean,14.58
1712,651,D24HourMean,QuarterlyMean,Mean,16.23
1699,666,D24HourMean,QuarterlyMean,Mean,22.02
1700,657,D24HourMean,QuarterlyMean,Mean,16.90
1679,678,D24HourMean,QuarterlyMean,Mean,22.18
1666,664,D24HourMean,QuarterlyMean,Mean,20.18
1667,685,D24HourMean,QuarterlyMean,Mean,29.06
1704,662,D24HourMean,QuarterlyMean,Mean,19.09
1712,678,D24HourMean,QuarterlyMean,Mean,22.83
1682,663,D24HourMean,QuarterlyMean,Mean,19.79
1714,663,D24HourMean,QuarterlyMean,Mean,19.56
1696,654,D24HourMean,QuarterlyMean,Mean,17.65
1695,645,D24HourMean,QuarterlyMean,Mean,15.17
1708,677,D24HourMean,QuarterlyMean,Mean,23.31
1705,670,D24HourMean,QuarterlyMean,Mean,22.21
1702,658,D24HourMean,QuarterlyMean,Mean,17.93
1704,660,D24HourMean,QuarterlyMean,Mean,19.50
1700,662,D24HourMean,QuarterlyMean,Mean,20.58
1689,664,D24HourMean,QuarterlyMean,Mean,19.82
1709,654,D24HourMean,QuarterlyMean,Mean,18.30
1672,681,D24HourMean,QuarterlyMean,Mean,26.48
1707,639,D24HourMean,QuarterlyMean,Mean,15.11
1658,662,D24HourMean,QuarterlyMean,Mean,23.01
1693,654,D24HourMean,QuarterlyMean,Mean,17.63
1656,667,D24HourMean,QuarterlyMean,Mean,24.14
1717,639,D24HourMean,QuarterlyMean,Mean,13.28
1700,647,D24HourMean,QuarterlyMean,Mean,14.00
1663,661,D24HourMean,QuarterlyMean,Mean,20.71
1716,640,D24HourMean,QuarterlyMean,Mean,14.43
1687,663,D24HourMean,QuarterlyMean,Mean,20.45
1696,678,D24HourMean,QuarterlyMean,Mean,22.93
1699,661,D24HourMean,QuarterlyMean,Mean,18.37
1714,637,D24HourMean,QuarterlyMean,Mean,16.06
1702,648,D24HourMean,QuarterlyMean,Mean,14.30
1697,645,D24HourMean,QuarterlyMean,Mean,14.40
1698,678,D24HourMean,QuarterlyMean,Mean,23.82
1690,663,D24HourMean,QuarterlyMean,Mean,20.64
1667,658,D24HourMean,QuarterlyMean,Mean,20.24
1655,669,D24HourMean,QuarterlyMean,Mean,24.36
1697,654,D24HourMean,QuarterlyMean,Mean,18.33
1713,647,D24HourMean,QuarterlyMean,Mean,16.64
1697,664,D24HourMean,QuarterlyMean,Mean,21.86
1704,667,D24HourMean,QuarterlyMean,Mean,23.25
1711,651,D24HourMean,QuarterlyMean,Mean,16.64
1698,671,D24HourMean,QuarterlyMean,Mean,23.07
1705,675,D24HourMean,QuarterlyMean,Mean,22.55
1664,682,D24HourMean,QuarterlyMean,Mean,15.32
1666,674,D24HourMean,QuarterlyMean,Mean,21.46
1709,638,D24HourMean,QuarterlyMean,Mean,14.30
1712,667,D24HourMean,QuarterlyMean,Mean,22.18
1690,670,D24HourMean,QuarterlyMean,Mean,21.14
1686,679,D24HourMean,QuarterlyMean,Mean,22.98
1700,680,D24HourMean,QuarterlyMean,Mean,23.95
1708,671,D24HourMean,QuarterlyMean,Mean,21.80
1669,656,D24HourMean,QuarterlyMean,Mean,18.32
1668,670,D24HourMean,QuarterlyMean,Mean,19.50
1696,671,D24HourMean,QuarterlyMean,Mean,22.74
1671,663,D24HourMean,QuarterlyMean,Mean,18.28
1700,673,D24HourMean,QuarterlyMean,Mean,21.65
1694,660,D24HourMean,QuarterlyMean,Mean,17.73
1675,659,D24HourMean,QuarterlyMean,Mean,19.92
1663,672,D24HourMean,QuarterlyMean,Mean,24.34
1715,663,D24HourMean,QuarterlyMean,Mean,20.63
1694,665,D24HourMean,QuarterlyMean,Mean,22.16
1711,660,D24HourMean,QuarterlyMean,Mean,18.75
1683,678,D24HourMean,QuarterlyMean,Mean,23.47
1708,670,D24HourMean,QuarterlyMean,Mean,21.97
1665,655,D24HourMean,QuarterlyMean,Mean,21.22
1711,650,D24HourMean,QuarterlyMean,Mean,16.06
1654,670,D24HourMean,QuarterlyMean,Mean,25.36
1657,664,D24HourMean,QuarterlyMean,Mean,20.69
1713,673,D24HourMean,QuarterlyMean,Mean,23.28
1683,661,D24HourMean,QuarterlyMean,Mean,19.82
1672,654,D24HourMean,QuarterlyMean,Mean,17.91
1702,652,D24HourMean,QuarterlyMean,Mean,15.70
1669,683,D24HourMean,QuarterlyMean,Mean,27.55
1671,678,D24HourMean,QuarterlyMean,Mean,26.40
1707,684,D24HourMean,QuarterlyMean,Mean,25.56
1711,633,D24HourMean,QuarterlyMean,Mean,12.28
1696,656,D24HourMean,QuarterlyMean,Mean,19.45
1703,676,D24HourMean,QuarterlyMean,Mean,23.22
1707,654,D24HourMean,QuarterlyMean,Mean,17.52
1704,654,D24HourMean,QuarterlyMean,Mean,16.79
1706,679,D24HourMean,QuarterlyMean,Mean,23.55
1702,662,D24HourMean,QuarterlyMean,Mean,20.53
1672,665,D24HourMean,QuarterlyMean,Mean,20.16
1672,663,D24HourMean,QuarterlyMean,Mean,18.72
1713,642,D24HourMean,QuarterlyMean,Mean,14.15
1665,683,D24HourMean,QuarterlyMean,Mean,29.52
1710,634,D24HourMean,QuarterlyMean,Mean,12.26
1709,649,D24HourMean,QuarterlyMean,Mean,16.44
1683,665,D24HourMean,QuarterlyMean,Mean,20.63
1707,636,D24HourMean,QuarterlyMean,Mean,13.30
1703,669,D24HourMean,QuarterlyMean,Mean,21.93
1720,652,D24HourMean,QuarterlyMean,Mean,18.27
1673,674,D24HourMean,QuarterlyMean,Mean,20.55
1691,677,D24HourMean,QuarterlyMean,Mean,23.36
1695,652,D24HourMean,QuarterlyMean,Mean,16.46
1696,667,D24HourMean,QuarterlyMean,Mean,23.47
1709,657,D24HourMean,QuarterlyMean,Mean,17.65
1681,681,D24HourMean,QuarterlyMean,Mean,23.41
1663,669,D24HourMean,QuarterlyMean,Mean,21.30
1689,668,D24HourMean,QuarterlyMean,Mean,22.05
1674,660,D24HourMean,QuarterlyMean,Mean,19.14
1707,649,D24HourMean,QuarterlyMean,Mean,16.98
1680,674,D24HourMean,QuarterlyMean,Mean,20.74
1684,675,D24HourMean,QuarterlyMean,Mean,21.17
1678,669,D24HourMean,QuarterlyMean,Mean,20.45
1715,668,D24HourMean,QuarterlyMean,Mean,22.18
1661,670,D24HourMean,QuarterlyMean,Mean,22.36
1711,666,D24HourMean,QuarterlyMean,Mean,21.36
1713,665,D24HourMean,QuarterlyMean,Mean,21.57
1655,666,D24HourMean,QuarterlyMean,Mean,24.20
1692,656,D24HourMean,QuarterlyMean,Mean,18.59
1663,673,D24HourMean,QuarterlyMean,Mean,23.61
1675,676,D24HourMean,QuarterlyMean,Mean,22.16
1658,667,D24HourMean,QuarterlyMean,Mean,23.17
1681,662,D24HourMean,QuarterlyMean,Mean,19.35
1669,679,D24HourMean,QuarterlyMean,Mean,26.98
1703,675,D24HourMean,QuarterlyMean,Mean,22.55
1666,666,D24HourMean,QuarterlyMean,Mean,20.21
1681,669,D24HourMean,QuarterlyMean,Mean,20.84
1683,679,D24HourMean,QuarterlyMean,Mean,23.23
1686,661,D24HourMean,QuarterlyMean,Mean,19.53
1706,647,D24HourMean,QuarterlyMean,Mean,14.56
1656,671,D24HourMean,QuarterlyMean,Mean,23.84
1708,648,D24HourMean,QuarterlyMean,Mean,16.16
1706,661,D24HourMean,QuarterlyMean,Mean,19.89
1674,675,D24HourMean,QuarterlyMean,Mean,21.54
1699,678,D24HourMean,QuarterlyMean,Mean,23.87
1708,651,D24HourMean,QuarterlyMean,Mean,16.51
1716,644,D24HourMean,QuarterlyMean,Mean,15.29
1695,663,D24HourMean,QuarterlyMean,Mean,20.22
1659,663,D24HourMean,QuarterlyMean,Mean,20.09
1714,671,D24HourMean,QuarterlyMean,Mean,22.66
1686,670,D24HourMean,QuarterlyMean,Mean,20.18
1703,666,D24HourMean,QuarterlyMean,Mean,23.54
1672,679,D24HourMean,QuarterlyMean,Mean,24.91
1686,666,D24HourMean,QuarterlyMean,Mean,21.16
1683,662,D24HourMean,QuarterlyMean,Mean,19.84
1681,678,D24HourMean,QuarterlyMean,Mean,22.52
1717,665,D24HourMean,QuarterlyMean,Mean,20.82
1685,668,D24HourMean,QuarterlyMean,Mean,20.80
1715,651,D24HourMean,QuarterlyMean,Mean,17.18
1706,643,D24HourMean,QuarterlyMean,Mean,13.29
1659,670,D24HourMean,QuarterlyMean,Mean,22.85
1683,664,D24HourMean,QuarterlyMean,Mean,20.10
1670,652,D24HourMean,QuarterlyMean,Mean,18.58
1705,651,D24HourMean,QuarterlyMean,Mean,15.95
1676,665,D24HourMean,QuarterlyMean,Mean,20.48
1687,662,D24HourMean,QuarterlyMean,Mean,19.71
1673,677,D24HourMean,QuarterlyMean,Mean,23.69
1701,666,D24HourMean,QuarterlyMean,Mean,20.88
1661,662,D24HourMean,QuarterlyMean,Mean,22.42
1664,680,D24HourMean,QuarterlyMean,Mean,25.07
1674,657,D24HourMean,QuarterlyMean,Mean,18.98
1702,654,D24HourMean,QuarterlyMean,Mean,17.14
1710,661,D24HourMean,QuarterlyMean,Mean,18.61
1695,654,D24HourMean,QuarterlyMean,Mean,17.19
1706,658,D24HourMean,QuarterlyMean,Mean,19.47
1668,662,D24HourMean,QuarterlyMean,Mean,18.75
1696,644,D24HourMean,QuarterlyMean,Mean,14.02
1719,637,D24HourMean,QuarterlyMean,Mean,14.43
1701,647,D24HourMean,QuarterlyMean,Mean,13.88
1690,658,D24HourMean,QuarterlyMean,Mean,18.32
1666,681,D24HourMean,QuarterlyMean,Mean,25.69
1666,669,D24HourMean,QuarterlyMean,Mean,20.29
1714,668,D24HourMean,QuarterlyMean,Mean,22.64
1695,675,D24HourMean,QuarterlyMean,Mean,20.93
1694,656,D24HourMean,QuarterlyMean,Mean,18.88
1707,647,D24HourMean,QuarterlyMean,Mean,15.31
1691,663,D24HourMean,QuarterlyMean,Mean,20.14
1663,671,D24HourMean,QuarterlyMean,Mean,24.87
1659,662,D24HourMean,QuarterlyMean,Mean,21.96
1672,678,D24HourMean,QuarterlyMean,Mean,24.30
1691,657,D24HourMean,QuarterlyMean,Mean,17.49
1666,679,D24HourMean,QuarterlyMean,Mean,24.79
1670,663,D24HourMean,QuarterlyMean,Mean,18.64
1671,669,D24HourMean,QuarterlyMean,Mean,20.71
1710,659,D24HourMean,QuarterlyMean,Mean,18.69
1667,659,D24HourMean,QuarterlyMean,Mean,19.53
1675,660,D24HourMean,QuarterlyMean,Mean,19.43
1665,686,D24HourMean,QuarterlyMean,Mean,28.16
1676,663,D24HourMean,QuarterlyMean,Mean,19.39
1712,661,D24HourMean,QuarterlyMean,Mean,19.87
1686,667,D24HourMean,QuarterlyMean,Mean,21.60
1668,685,D24HourMean,QuarterlyMean,Mean,27.83
1717,660,D24HourMean,QuarterlyMean,Mean,20.92
1668,656,D24HourMean,QuarterlyMean,Mean,19.50
1660,669,D24HourMean,QuarterlyMean,Mean,23.20
1670,653,D24HourMean,QuarterlyMean,Mean,18.58
1673,662,D24HourMean,QuarterlyMean,Mean,19.00
1718,639,D24HourMean,QuarterlyMean,Mean,13.75
1706,682,D24HourMean,QuarterlyMean,Mean,24.31
1719,657,D24HourMean,QuarterlyMean,Mean,20.87
1670,676,D24HourMean,QuarterlyMean,Mean,23.36
1671,677,D24HourMean,QuarterlyMean,Mean,23.36
1694,666,D24HourMean,QuarterlyMean,Mean,21.65
1713,664,D24HourMean,QuarterlyMean,Mean,21.20
1674,671,D24HourMean,QuarterlyMean,Mean,20.35
1667,683,D24HourMean,QuarterlyMean,Mean,26.67
1678,679,D24HourMean,QuarterlyMean,Mean,22.66
1681,663,D24HourMean,QuarterlyMean,Mean,19.18
1663,668,D24HourMean,QuarterlyMean,Mean,20.67
1682,680,D24HourMean,QuarterlyMean,Mean,23.65
1683,674,D24HourMean,QuarterlyMean,Mean,21.72
1683,671,D24HourMean,QuarterlyMean,Mean,20.88
1681,672,D24HourMean,QuarterlyMean,Mean,20.53
1706,646,D24HourMean,QuarterlyMean,Mean,14.25
1715,643,D24HourMean,QuarterlyMean,Mean,17.52
1711,677,D24HourMean,QuarterlyMean,Mean,21.88
1708,668,D24HourMean,QuarterlyMean,Mean,21.43
1713,649,D24HourMean,QuarterlyMean,Mean,17.13
1699,679,D24HourMean,QuarterlyMean,Mean,23.27
1691,664,D24HourMean,QuarterlyMean,Mean,21.38
1722,644,D24HourMean,QuarterlyMean,Mean,16.33
1669,655,D24HourMean,QuarterlyMean,Mean,18.53
1683,670,D24HourMean,QuarterlyMean,Mean,21.08
1673,666,D24HourMean,QuarterlyMean,Mean,20.96
1709,641,D24HourMean,QuarterlyMean,Mean,14.76
1710,677,D24HourMean,QuarterlyMean,Mean,22.24
1695,669,D24HourMean,QuarterlyMean,Mean,23.60
1701,650,D24HourMean,QuarterlyMean,Mean,15.06
1713,671,D24HourMean,QuarterlyMean,Mean,22.63
1692,678,D24HourMean,QuarterlyMean,Mean,23.54
1698,680,D24HourMean,QuarterlyMean,Mean,23.19
1709,676,D24HourMean,QuarterlyMean,Mean,22.40
1661,675,D24HourMean,QuarterlyMean,Mean,23.92
1668,683,D24HourMean,QuarterlyMean,Mean,27.23
1685,667,D24HourMean,QuarterlyMean,Mean,21.24
1681,677,D24HourMean,QuarterlyMean,Mean,21.38
1670,659,D24HourMean,QuarterlyMean,Mean,18.25
1671,683,D24HourMean,QuarterlyMean,Mean,27.15
1709,646,D24HourMean,QuarterlyMean,Mean,15.24
1712,638,D24HourMean,QuarterlyMean,Mean,14.89
1697,660,D24HourMean,QuarterlyMean,Mean,19.42
1716,639,D24HourMean,QuarterlyMean,Mean,14.08
1673,671,D24HourMean,QuarterlyMean,Mean,20.47
1680,667,D24HourMean,QuarterlyMean,Mean,19.76
1681,680,D24HourMean,QuarterlyMean,Mean,23.71
1694,677,D24HourMean,QuarterlyMean,Mean,22.48
1698,656,D24HourMean,QuarterlyMean,Mean,18.35
1708,662,D24HourMean,QuarterlyMean,Mean,19.92
1702,645,D24HourMean,QuarterlyMean,Mean,13.18
1714,664,D24HourMean,QuarterlyMean,Mean,21.06
1706,645,D24HourMean,QuarterlyMean,Mean,14.02
1710,679,D24HourMean,QuarterlyMean,Mean,21.78
1695,666,D24HourMean,QuarterlyMean,Mean,23.28
1699,665,D24HourMean,QuarterlyMean,Mean,22.61
1704,680,D24HourMean,QuarterlyMean,Mean,23.57
1712,647,D24HourMean,QuarterlyMean,Mean,17.21
1701,651,D24HourMean,QuarterlyMean,Mean,15.23
1709,635,D24HourMean,QuarterlyMean,Mean,12.75
1700,658,D24HourMean,QuarterlyMean,Mean,18.24
1703,677,D24HourMean,QuarterlyMean,Mean,23.28
1697,669,D24HourMean,QuarterlyMean,Mean,22.74
1700,645,D24HourMean,QuarterlyMean,Mean,13.67
1705,658,D24HourMean,QuarterlyMean,Mean,18.77
1710,644,D24HourMean,QuarterlyMean,Mean,13.79
1718,659,D24HourMean,QuarterlyMean,Mean,20.55
1710,673,D24HourMean,QuarterlyMean,Mean,23.07
1677,665,D24HourMean,QuarterlyMean,Mean,20.08
1692,660,D24HourMean,QuarterlyMean,Mean,18.82
1709,662,D24HourMean,QuarterlyMean,Mean,19.05
1711,676,D24HourMean,QuarterlyMean,Mean,22.00
1679,671,D24HourMean,QuarterlyMean,Mean,18.95
1708,641,D24HourMean,QuarterlyMean,Mean,14.48
1719,649,D24HourMean,QuarterlyMean,Mean,18.28
1687,670,D24HourMean,QuarterlyMean,Mean,20.50
1666,676,D24HourMean,QuarterlyMean,Mean,24.36
1666,675,D24HourMean,QuarterlyMean,Mean,23.12
1703,658,D24HourMean,QuarterlyMean,Mean,17.94
1701,669,D24HourMean,QuarterlyMean,Mean,21.56
1661,661,D24HourMean,QuarterlyMean,Mean,21.65
1707,641,D24HourMean,QuarterlyMean,Mean,13.73
1710,635,D24HourMean,QuarterlyMean,Mean,12.53
1679,670,D24HourMean,QuarterlyMean,Mean,19.34
1688,660,D24HourMean,QuarterlyMean,Mean,19.85
1661,666,D24HourMean,QuarterlyMean,Mean,23.38
1680,670,D24HourMean,QuarterlyMean,Mean,19.74
1698,647,D24HourMean,QuarterlyMean,Mean,14.81
1671,662,D24HourMean,QuarterlyMean,Mean,18.33
1697,676,D24HourMean,QuarterlyMean,Mean,22.56
1710,671,D24HourMean,QuarterlyMean,Mean,21.35
1714,658,D24HourMean,QuarterlyMean,Mean,19.26
1673,679,D24HourMean,QuarterlyMean,Mean,23.85
1662,670,D24HourMean,QuarterlyMean,Mean,23.28
1694,676,D24HourMean,QuarterlyMean,Mean,22.04
1688,670,D24HourMean,QuarterlyMean,Mean,21.14
1705,672,D24HourMean,QuarterlyMean,Mean,22.13
1714,659,D24HourMean,QuarterlyMean,Mean,19.13
1695,664,D24HourMean,QuarterlyMean,Mean,22.31
1716,648,D24HourMean,QuarterlyMean,Mean,16.24
1708,683,D24HourMean,QuarterlyMean,Mean,23.98
1679,669,D24HourMean,QuarterlyMean,Mean,19.79
1711,653,D24HourMean,QuarterlyMean,Mean,17.83
1717,663,D24HourMean,QuarterlyMean,Mean,20.98
1678,664,D24HourMean,QuarterlyMean,Mean,19.43
1698,670,D24HourMean,QuarterlyMean,Mean,20.92
1676,664,D24HourMean,QuarterlyMean,Mean,19.66
1710,672,D24HourMean,QuarterlyMean,Mean,22.31
1676,672,D24HourMean,QuarterlyMean,Mean,20.35
1712,645,D24HourMean,QuarterlyMean,Mean,16.46
1657,665,D24HourMean,QuarterlyMean,Mean,20.93
1679,680,D24HourMean,QuarterlyMean,Mean,22.95
1664,662,D24HourMean,QuarterlyMean,Mean,19.95
1709,668,D24HourMean,QuarterlyMean,Mean,21.52
1696,668,D24HourMean,QuarterlyMean,Mean,24.31
1692,665,D24HourMean,QuarterlyMean,Mean,21.59
1708,654,D24HourMean,QuarterlyMean,Mean,18.15
1707,656,D24HourMean,QuarterlyMean,Mean,19.63
1662,682,D24HourMean,QuarterlyMean,Mean,25.70
1712,636,D24HourMean,QuarterlyMean,Mean,15.13
1709,636,D24HourMean,QuarterlyMean,Mean,13.68
1708,661,D24HourMean,QuarterlyMean,Mean,19.56
1679,672,D24HourMean,QuarterlyMean,Mean,20.11
1707,650,D24HourMean,QuarterlyMean,Mean,16.79
1718,657,D24HourMean,QuarterlyMean,Mean,20.53
1691,659,D24HourMean,QuarterlyMean,Mean,18.40
1700,676,D24HourMean,QuarterlyMean,Mean,23.23
1699,655,D24HourMean,QuarterlyMean,Mean,16.11
1668,664,D24HourMean,QuarterlyMean,Mean,20.27
1715,667,D24HourMean,QuarterlyMean,Mean,22.23
1662,660,D24HourMean,QuarterlyMean,Mean,21.84
1711,645,D24HourMean,QuarterlyMean,Mean,17.39
1694,659,D24HourMean,QuarterlyMean,Mean,17.19
1682,672,D24HourMean,QuarterlyMean,Mean,20.61
1694,662,D24HourMean,QuarterlyMean,Mean,18.97
1677,675,D24HourMean,QuarterlyMean,Mean,20.95
1672,667,D24HourMean,QuarterlyMean,Mean,20.93
1676,661,D24HourMean,QuarterlyMean,Mean,19.95
1698,676,D24HourMean,QuarterlyMean,Mean,22.95
1653,673,D24HourMean,QuarterlyMean,Mean,23.11
1664,658,D24HourMean,QuarterlyMean,Mean,21.28
1667,677,D24HourMean,QuarterlyMean,Mean,24.01
1711,663,D24HourMean,QuarterlyMean,Mean,19.30
1678,665,D24HourMean,QuarterlyMean,Mean,19.22
1708,636,D24HourMean,QuarterlyMean,Mean,12.82
1717,664,D24HourMean,QuarterlyMean,Mean,21.09
1654,665,D24HourMean,QuarterlyMean,Mean,24.44
1700,666,D24HourMean,QuarterlyMean,Mean,21.64
1702,647,D24HourMean,QuarterlyMean,Mean,13.98
1685,666,D24HourMean,QuarterlyMean,Mean,20.88
1694,658,D24HourMean,QuarterlyMean,Mean,18.06
1682,674,D24HourMean,QuarterlyMean,Mean,21.61
1710,641,D24HourMean,QuarterlyMean,Mean,13.92
1717,656,D24HourMean,QuarterlyMean,Mean,20.55
1672,673,D24HourMean,QuarterlyMean,Mean,20.69
1709,647,D24HourMean,QuarterlyMean,Mean,16.24
1710,633,D24HourMean,QuarterlyMean,Mean,12.57
1702,668,D24HourMean,QuarterlyMean,Mean,20.51
1708,647,D24HourMean,QuarterlyMean,Mean,15.87
1711,648,D24HourMean,QuarterlyMean,Mean,17.26
1703,663,D24HourMean,QuarterlyMean,Mean,20.02
1680,676,D24HourMean,QuarterlyMean,Mean,21.22
1703,649,D24HourMean,QuarterlyMean,Mean,14.91
1667,657,D24HourMean,QuarterlyMean,Mean,18.92
1684,665,D24HourMean,QuarterlyMean,Mean,20.77
1711,678,D24HourMean,QuarterlyMean,Mean,22.15
1714,660,D24HourMean,QuarterlyMean,Mean,19.16
1695,644,D24HourMean,QuarterlyMean,Mean,14.28
1682,675,D24HourMean,QuarterlyMean,Mean,22.05
1680,668,D24HourMean,QuarterlyMean,Mean,20.06
1707,673,D24HourMean,QuarterlyMean,Mean,21.37
1698,646,D24HourMean,QuarterlyMean,Mean,14.61
1667,668,D24HourMean,QuarterlyMean,Mean,20.71
1671,654,D24HourMean,QuarterlyMean,Mean,18.22
1680,660,D24HourMean,QuarterlyMean,Mean,18.74
1687,665,D24HourMean,QuarterlyMean,Mean,21.22
1686,677,D24HourMean,QuarterlyMean,Mean,22.95
1694,672,D24HourMean,QuarterlyMean,Mean,21.40
1663,670,D24HourMean,QuarterlyMean,Mean,23.85
1700,654,D24HourMean,QuarterlyMean,Mean,17.36
1686,669,D24HourMean,QuarterlyMean,Mean,20.95
1682,679,D24HourMean,QuarterlyMean,Mean,23.20
1668,672,D24HourMean,QuarterlyMean,Mean,19.56
1674,666,D24HourMean,QuarterlyMean,Mean,21.32
1688,679,D24HourMean,QuarterlyMean,Mean,23.20
1663,676,D24HourMean,QuarterlyMean,Mean,24.31
1687,672,D24HourMean,QuarterlyMean,Mean,22.28
1694,643,D24HourMean,QuarterlyMean,Mean,13.32
1678,670,D24HourMean,QuarterlyMean,Mean,19.14
1706,662,D24HourMean,QuarterlyMean,Mean,18.92
1670,667,D24HourMean,QuarterlyMean,Mean,19.97
1706,671,D24HourMean,QuarterlyMean,Mean,21.41
1700,644,D24HourMean,QuarterlyMean,Mean,12.82
1661,664,D24HourMean,QuarterlyMean,Mean,22.71
1671,670,D24HourMean,QuarterlyMean,Mean,20.13
1683,673,D24HourMean,QuarterlyMean,Mean,22.47
1677,660,D24HourMean,QuarterlyMean,Mean,19.35
1715,646,D24HourMean,QuarterlyMean,Mean,15.95
1710,669,D24HourMean,QuarterlyMean,Mean,22.04
1703,667,D24HourMean,QuarterlyMean,Mean,23.15
1677,674,D24HourMean,QuarterlyMean,Mean,20.14
1704,663,D24HourMean,QuarterlyMean,Mean,19.93
1654,668,D24HourMean,QuarterlyMean,Mean,25.09
1655,670,D24HourMean,QuarterlyMean,Mean,23.74
1709,660,D24HourMean,QuarterlyMean,Mean,17.78
1719,645,D24HourMean,QuarterlyMean,Mean,15.32
1668,654,D24HourMean,QuarterlyMean,Mean,19.38
1713,650,D24HourMean,QuarterlyMean,Mean,17.44
1661,665,D24HourMean,QuarterlyMean,Mean,22.75
1670,654,D24HourMean,QuarterlyMean,Mean,18.33
1697,659,D24HourMean,QuarterlyMean,Mean,19.95
1669,677,D24HourMean,QuarterlyMean,Mean,24.96
1670,668,D24HourMean,QuarterlyMean,Mean,20.35
1692,680,D24HourMean,QuarterlyMean,Mean,24.12
1695,651,D24HourMean,QuarterlyMean,Mean,15.78
1723,646,D24HourMean,QuarterlyMean,Mean,16.51
1679,673,D24HourMean,QuarterlyMean,Mean,19.85
1718,644,D24HourMean,QuarterlyMean,Mean,16.67
1714,651,D24HourMean,QuarterlyMean,Mean,17.26
1704,659,D24HourMean,QuarterlyMean,Mean,18.37
1701,648,D24HourMean,QuarterlyMean,Mean,14.30
1710,662,D24HourMean,QuarterlyMean,Mean,19.39
1719,638,D24HourMean,QuarterlyMean,Mean,14.58
1693,665,D24HourMean,QuarterlyMean,Mean,22.16
1676,682,D24HourMean,QuarterlyMean,Mean,24.03
1698,669,D24HourMean,QuarterlyMean,Mean,21.93
1693,679,D24HourMean,QuarterlyMean,Mean,23.38
1715,664,D24HourMean,QuarterlyMean,Mean,21.01
1671,679,D24HourMean,QuarterlyMean,Mean,26.22
1702,646,D24HourMean,QuarterlyMean,Mean,12.87
1705,657,D24HourMean,QuarterlyMean,Mean,18.14
1708,650,D24HourMean,QuarterlyMean,Mean,16.64
1662,669,D24HourMean,QuarterlyMean,Mean,24.34
1656,674,D24HourMean,QuarterlyMean,Mean,23.79
1689,666,D24HourMean,QuarterlyMean,Mean,21.35
1712,674,D24HourMean,QuarterlyMean,Mean,22.64
1718,647,D24HourMean,QuarterlyMean,Mean,16.38
1672,682,D24HourMean,QuarterlyMean,Mean,27.04
1711,658,D24HourMean,QuarterlyMean,Mean,18.88
1698,653,D24HourMean,QuarterlyMean,Mean,16.31
1705,662,D24HourMean,QuarterlyMean,Mean,19.48
1682,682,D24HourMean,QuarterlyMean,Mean,24.38
1672,670,D24HourMean,QuarterlyMean,Mean,20.06
1702,649,D24HourMean,QuarterlyMean,Mean,14.42
1692,666,D24HourMean,QuarterlyMean,Mean,20.10
1656,666,D24HourMean,QuarterlyMean,Mean,24.15
1659,661,D24HourMean,QuarterlyMean,Mean,22.37
1688,668,D24HourMean,QuarterlyMean,Mean,20.56
1710,675,D24HourMean,QuarterlyMean,Mean,22.47
1704,664,D24HourMean,QuarterlyMean,Mean,19.81
1702,656,D24HourMean,QuarterlyMean,Mean,17.52
1714,641,D24HourMean,QuarterlyMean,Mean,14.47
1697,665,D24HourMean,QuarterlyMean,Mean,21.32
1695,672,D24HourMean,QuarterlyMean,Mean,21.96
1696,677,D24HourMean,QuarterlyMean,Mean,22.39
1690,667,D24HourMean,QuarterlyMean,Mean,22.31
1705,646,D24HourMean,QuarterlyMean,Mean,13.92
1711,637,D24HourMean,QuarterlyMean,Mean,14.30
1701,678,D24HourMean,QuarterlyMean,Mean,23.49
1682,664,D24HourMean,QuarterlyMean,Mean,19.85
1692,662,D24HourMean,QuarterlyMean,Mean,19.81
1706,670,D24HourMean,QuarterlyMean,Mean,22.26
1695,670,D24HourMean,QuarterlyMean,Mean,21.25
1718,636,D24HourMean,QuarterlyMean,Mean,14.51
1696,674,D24HourMean,QuarterlyMean,Mean,22.18
1656,669,D24HourMean,QuarterlyMean,Mean,24.12
1685,664,D24HourMean,QuarterlyMean,Mean,19.85
1690,664,D24HourMean,QuarterlyMean,Mean,20.61
1693,659,D24HourMean,QuarterlyMean,Mean,18.14
1700,661,D24HourMean,QuarterlyMean,Mean,18.75
1711,640,D24HourMean,QuarterlyMean,Mean,14.28
1715,669,D24HourMean,QuarterlyMean,Mean,22.08
1669,659,D24HourMean,QuarterlyMean,Mean,18.82
1708,676,D24HourMean,QuarterlyMean,Mean,23.11
1680,680,D24HourMean,QuarterlyMean,Mean,23.33
1702,670,D24HourMean,QuarterlyMean,Mean,21.09
1702,661,D24HourMean,QuarterlyMean,Mean,18.79
1698,667,D24HourMean,QuarterlyMean,Mean,20.82
1669,662,D24HourMean,QuarterlyMean,Mean,18.10
1670,662,D24HourMean,QuarterlyMean,Mean,17.98
1677,682,D24HourMean,QuarterlyMean,Mean,24.01
1718,642,D24HourMean,QuarterlyMean,Mean,15.42
1689,675,D24HourMean,QuarterlyMean,Mean,22.39
1695,677,D24HourMean,QuarterlyMean,Mean,22.04
1713,648,D24HourMean,QuarterlyMean,Mean,16.80
1669,671,D24HourMean,QuarterlyMean,Mean,19.50
1709,669,D24HourMean,QuarterlyMean,Mean,22.50
1707,677,D24HourMean,QuarterlyMean,Mean,24.60
1691,662,D24HourMean,QuarterlyMean,Mean,19.72
1715,644,D24HourMean,QuarterlyMean,Mean,15.57
1692,655,D24HourMean,QuarterlyMean,Mean,19.14
1699,671,D24HourMean,QuarterlyMean,Mean,21.51
1702,663,D24HourMean,QuarterlyMean,Mean,21.08
1660,665,D24HourMean,QuarterlyMean,Mean,20.59
1660,675,D24HourMean,QuarterlyMean,Mean,24.09
1666,673,D24HourMean,QuarterlyMean,Mean,21.62
1663,659,D24HourMean,QuarterlyMean,Mean,22.13
1672,653,D24HourMean,QuarterlyMean,Mean,18.28
1700,665,D24HourMean,QuarterlyMean,Mean,21.65
1704,668,D24HourMean,QuarterlyMean,Mean,22.48
1663,681,D24HourMean,QuarterlyMean,Mean,26.05
1697,672,D24HourMean,QuarterlyMean,Mean,23.30
1715,653,D24HourMean,QuarterlyMean,Mean,17.03
1703,650,D24HourMean,QuarterlyMean,Mean,14.07
1716,657,D24HourMean,QuarterlyMean,Mean,19.69
1699,645,D24HourMean,QuarterlyMean,Mean,14.73
1714,647,D24HourMean,QuarterlyMean,Mean,15.55
1697,647,D24HourMean,QuarterlyMean,Mean,14.84
1705,673,D24HourMean,QuarterlyMean,Mean,22.28
1671,658,D24HourMean,QuarterlyMean,Mean,18.27
1677,667,D24HourMean,QuarterlyMean,Mean,19.71
1704,678,D24HourMean,QuarterlyMean,Mean,23.42
1670,681,D24HourMean,QuarterlyMean,Mean,26.57
1701,675,D24HourMean,QuarterlyMean,Mean,22.91
1665,656,D24HourMean,QuarterlyMean,Mean,21.16
1717,659,D24HourMean,QuarterlyMean,Mean,20.82
1668,665,D24HourMean,QuarterlyMean,Mean,19.21
1707,655,D24HourMean,QuarterlyMean,Mean,19.40
1669,672,D24HourMean,QuarterlyMean,Mean,19.68
1704,661,D24HourMean,QuarterlyMean,Mean,19.87
1709,650,D24HourMean,QuarterlyMean,Mean,16.64
1709,633,D24HourMean,QuarterlyMean,Mean,12.11
1719,653,D24HourMean,QuarterlyMean,Mean,18.33
1717,668,D24HourMean,QuarterlyMean,Mean,22.26
1709,661,D24HourMean,QuarterlyMean,Mean,18.51
1705,659,D24HourMean,QuarterlyMean,Mean,17.76
1699,667,D24HourMean,QuarterlyMean,Mean,21.85
1707,664,D24HourMean,QuarterlyMean,Mean,20.74
1705,653,D24HourMean,QuarterlyMean,Mean,17.67
1717,669,D24HourMean,QuarterlyMean,Mean,22.28
1696,659,D24HourMean,QuarterlyMean,Mean,17.86
1674,679,D24HourMean,QuarterlyMean,Mean,23.42
1716,643,D24HourMean,QuarterlyMean,Mean,16.41
1704,673,D24HourMean,QuarterlyMean,Mean,23.71
1699,663,D24HourMean,QuarterlyMean,Mean,21.37
1715,650,D24HourMean,QuarterlyMean,Mean,16.65
1675,682,D24HourMean,QuarterlyMean,Mean,24.36
1705,654,D24HourMean,QuarterlyMean,Mean,17.89
1714,656,D24HourMean,QuarterlyMean,Mean,18.93
1704,649,D24HourMean,QuarterlyMean,Mean,14.83
1664,675,D24HourMean,QuarterlyMean,Mean,24.30
1661,674,D24HourMean,QuarterlyMean,Mean,23.71
1696,664,D24HourMean,QuarterlyMean,Mean,21.33
1701,667,D24HourMean,QuarterlyMean,Mean,21.04
1710,676,D24HourMean,QuarterlyMean,Mean,21.83
1715,657,D24HourMean,QuarterlyMean,Mean,19.74
1700,668,D24HourMean,QuarterlyMean,Mean,21.25
1676,676,D24HourMean,QuarterlyMean,Mean,22.34
1689,663,D24HourMean,QuarterlyMean,Mean,20.19
1696,665,D24HourMean,QuarterlyMean,Mean,22.91
1712,672,D24HourMean,QuarterlyMean,Mean,22.37
1713,669,D24HourMean,QuarterlyMean,Mean,22.23
1666,653,D24HourMean,QuarterlyMean,Mean,-3.40
1712,650,D24HourMean,QuarterlyMean,Mean,16.46
1662,676,D24HourMean,QuarterlyMean,Mean,25.25
1709,634,D24HourMean,QuarterlyMean,Mean,11.96
1687,664,D24HourMean,QuarterlyMean,Mean,20.80
1657,673,D24HourMean,QuarterlyMean,Mean,24.44
1714,638,D24HourMean,QuarterlyMean,Mean,13.95
1709,677,D24HourMean,QuarterlyMean,Mean,22.71
1650,668,D24HourMean,QuarterlyMean,Mean,26.35
1700,672,D24HourMean,QuarterlyMean,Mean,20.79
1722,645,D24HourMean,QuarterlyMean,Mean,17.50
1700,670,D24HourMean,QuarterlyMean,Mean,21.22
1660,673,D24HourMean,QuarterlyMean,Mean,22.98
1667,665,D24HourMean,QuarterlyMean,Mean,19.80
1694,669,D24HourMean,QuarterlyMean,Mean,22.13
1706,668,D24HourMean,QuarterlyMean,Mean,23.81
1720,663,D24HourMean,QuarterlyMean,Mean,20.56
1695,660,D24HourMean,QuarterlyMean,Mean,18.37
1710,640,D24HourMean,QuarterlyMean,Mean,13.73
1685,680,D24HourMean,QuarterlyMean,Mean,23.25
1676,683,D24HourMean,QuarterlyMean,Mean,24.88
1667,684,D24HourMean,QuarterlyMean,Mean,26.65
1699,681,D24HourMean,QuarterlyMean,Mean,24.17
1701,646,D24HourMean,QuarterlyMean,Mean,13.07
1707,674,D24HourMean,QuarterlyMean,Mean,21.53
1664,665,D24HourMean,QuarterlyMean,Mean,21.44
1669,658,D24HourMean,QuarterlyMean,Mean,18.46
1705,681,D24HourMean,QuarterlyMean,Mean,23.81
1713,670,D24HourMean,QuarterlyMean,Mean,21.93
1677,666,D24HourMean,QuarterlyMean,Mean,19.98
1718,645,D24HourMean,QuarterlyMean,Mean,17.50
1696,650,D24HourMean,QuarterlyMean,Mean,15.46
1655,665,D24HourMean,QuarterlyMean,Mean,24.30
1668,674,D24HourMean,QuarterlyMean,Mean,22.28
1691,660,D24HourMean,QuarterlyMean,Mean,18.74
1653,668,D24HourMean,QuarterlyMean,Mean,25.37
1720,662,D24HourMean,QuarterlyMean,Mean,20.45
1689,669,D24HourMean,QuarterlyMean,Mean,22.05
1713,651,D24HourMean,QuarterlyMean,Mean,17.00
1721,649,D24HourMean,QuarterlyMean,Mean,17.37
1712,637,D24HourMean,QuarterlyMean,Mean,14.93
1665,682,D24HourMean,QuarterlyMean,Mean,25.77
1673,682,D24HourMean,QuarterlyMean,Mean,25.04
1710,648,D24HourMean,QuarterlyMean,Mean,16.24
1715,659,D24HourMean,QuarterlyMean,Mean,20.00
1687,660,D24HourMean,QuarterlyMean,Mean,19.92
1684,667,D24HourMean,QuarterlyMean,Mean,21.25
1701,663,D24HourMean,QuarterlyMean,Mean,21.08
1667,652,D24HourMean,QuarterlyMean,Mean,-3.35
1705,664,D24HourMean,QuarterlyMean,Mean,20.74
1711,681,D24HourMean,QuarterlyMean,Mean,22.99
1657,666,D24HourMean,QuarterlyMean,Mean,21.27
1669,676,D24HourMean,QuarterlyMean,Mean,24.22
1708,679,D24HourMean,QuarterlyMean,Mean,22.98
1696,658,D24HourMean,QuarterlyMean,Mean,19.16
1710,642,D24HourMean,QuarterlyMean,Mean,13.95
1696,651,D24HourMean,QuarterlyMean,Mean,15.52
1706,663,D24HourMean,QuarterlyMean,Mean,19.85
1675,678,D24HourMean,QuarterlyMean,Mean,22.77
1668,677,D24HourMean,QuarterlyMean,Mean,23.57
1673,659,D24HourMean,QuarterlyMean,Mean,19.13
1707,658,D24HourMean,QuarterlyMean,Mean,19.18
1678,675,D24HourMean,QuarterlyMean,Mean,20.35
1691,681,D24HourMean,QuarterlyMean,Mean,24.60
1693,661,D24HourMean,QuarterlyMean,Mean,19.03
1669,657,D24HourMean,QuarterlyMean,Mean,18.85
1676,668,D24HourMean,QuarterlyMean,Mean,20.47
1675,657,D24HourMean,QuarterlyMean,Mean,19.22
1668,681,D24HourMean,QuarterlyMean,Mean,25.83
1678,668,D24HourMean,QuarterlyMean,Mean,19.69
1711,679,D24HourMean,QuarterlyMean,Mean,22.26
1718,656,D24HourMean,QuarterlyMean,Mean,20.56
1659,666,D24HourMean,QuarterlyMean,Mean,21.16
1668,671,D24HourMean,QuarterlyMean,Mean,19.50
1712,635,D24HourMean,QuarterlyMean,Mean,12.35
1691,658,D24HourMean,QuarterlyMean,Mean,19.21
1697,680,D24HourMean,QuarterlyMean,Mean,22.98
1689,659,D24HourMean,QuarterlyMean,Mean,17.99
1654,671,D24HourMean,QuarterlyMean,Mean,25.29
1697,663,D24HourMean,QuarterlyMean,Mean,22.40
1703,668,D24HourMean,QuarterlyMean,Mean,21.85
1668,669,D24HourMean,QuarterlyMean,Mean,20.85
1697,648,D24HourMean,QuarterlyMean,Mean,16.56
1699,673,D24HourMean,QuarterlyMean,Mean,22.33
1665,661,D24HourMean,QuarterlyMean,Mean,18.93
1677,673,D24HourMean,QuarterlyMean,Mean,20.63
1660,660,D24HourMean,QuarterlyMean,Mean,22.05
1669,680,D24HourMean,QuarterlyMean,Mean,27.12
1678,673,D24HourMean,QuarterlyMean,Mean,20.55
1702,673,D24HourMean,QuarterlyMean,Mean,22.50
1659,674,D24HourMean,QuarterlyMean,Mean,24.79
1719,652,D24HourMean,QuarterlyMean,Mean,18.09
1670,680,D24HourMean,QuarterlyMean,Mean,26.38
1678,659,D24HourMean,QuarterlyMean,Mean,19.48
1677,679,D24HourMean,QuarterlyMean,Mean,22.15
1714,652,D24HourMean,QuarterlyMean,Mean,17.91
1668,663,D24HourMean,QuarterlyMean,Mean,20.18
1666,685,D24HourMean,QuarterlyMean,Mean,28.45
1714,645,D24HourMean,QuarterlyMean,Mean,17.08
1698,651,D24HourMean,QuarterlyMean,Mean,16.13
1656,668,D24HourMean,QuarterlyMean,Mean,24.15
1671,666,D24HourMean,QuarterlyMean,Mean,20.34
1703,661,D24HourMean,QuarterlyMean,Mean,19.97
1679,668,D24HourMean,QuarterlyMean,Mean,19.68
1681,671,D24HourMean,QuarterlyMean,Mean,20.40
1706,659,D24HourMean,QuarterlyMean,Mean,20.03
1713,640,D24HourMean,QuarterlyMean,Mean,13.42
1664,674,D24HourMean,QuarterlyMean,Mean,23.07
1684,668,D24HourMean,QuarterlyMean,Mean,21.17
1695,659,D24HourMean,QuarterlyMean,Mean,18.46
1672,676,D24HourMean,QuarterlyMean,Mean,22.88
1672,664,D24HourMean,QuarterlyMean,Mean,19.82
1657,670,D24HourMean,QuarterlyMean,Mean,23.93
1714,655,D24HourMean,QuarterlyMean,Mean,17.16
1668,673,D24HourMean,QuarterlyMean,Mean,22.02
1694,644,D24HourMean,QuarterlyMean,Mean,14.70
1709,637,D24HourMean,QuarterlyMean,Mean,13.23
1702,675,D24HourMean,QuarterlyMean,Mean,22.77
1664,664,D24HourMean,QuarterlyMean,Mean,20.40
1670,679,D24HourMean,QuarterlyMean,Mean,25.83
1683,675,D24HourMean,QuarterlyMean,Mean,21.40
1712,656,D24HourMean,QuarterlyMean,Mean,17.88
1655,673,D24HourMean,QuarterlyMean,Mean,24.04
1677,676,D24HourMean,QuarterlyMean,Mean,21.89
1714,646,D24HourMean,QuarterlyMean,Mean,16.20
1673,678,D24HourMean,QuarterlyMean,Mean,24.00
1665,673,D24HourMean,QuarterlyMean,Mean,22.42
1670,661,D24HourMean,QuarterlyMean,Mean,18.25
1675,662,D24HourMean,QuarterlyMean,Mean,19.34
1690,661,D24HourMean,QuarterlyMean,Mean,20.08
1707,653,D24HourMean,QuarterlyMean,Mean,17.83
1667,679,D24HourMean,QuarterlyMean,Mean,25.36
1707,678,D24HourMean,QuarterlyMean,Mean,24.01
1710,632,D24HourMean,QuarterlyMean,Mean,12.10
1679,667,D24HourMean,QuarterlyMean,Mean,19.59
1687,667,D24HourMean,QuarterlyMean,Mean,21.22
1697,658,D24HourMean,QuarterlyMean,Mean,18.66
1651,668,D24HourMean,QuarterlyMean,Mean,26.40
1672,677,D24HourMean,QuarterlyMean,Mean,23.53
1674,680,D24HourMean,QuarterlyMean,Mean,22.72
1662,661,D24HourMean,QuarterlyMean,Mean,21.20
1665,659,D24HourMean,QuarterlyMean,Mean,20.09
1684,670,D24HourMean,QuarterlyMean,Mean,20.48
1701,672,D24HourMean,QuarterlyMean,Mean,21.81
1710,660,D24HourMean,QuarterlyMean,Mean,18.19
1710,670,D24HourMean,QuarterlyMean,Mean,21.38
1707,644,D24HourMean,QuarterlyMean,Mean,13.93
1717,667,D24HourMean,QuarterlyMean,Mean,21.94
1711,664,D24HourMean,QuarterlyMean,Mean,20.10
1709,675,D24HourMean,QuarterlyMean,Mean,22.69
1678,666,D24HourMean,QuarterlyMean,Mean,19.48
1713,662,D24HourMean,QuarterlyMean,Mean,20.84
1678,676,D24HourMean,QuarterlyMean,Mean,21.75
1674,663,D24HourMean,QuarterlyMean,Mean,19.06
1679,682,D24HourMean,QuarterlyMean,Mean,24.87
1663,667,D24HourMean,QuarterlyMean,Mean,22.74
1689,673,D24HourMean,QuarterlyMean,Mean,22.28
1668,657,D24HourMean,QuarterlyMean,Mean,19.11
1664,678,D24HourMean,QuarterlyMean,Mean,26.29
1694,664,D24HourMean,QuarterlyMean,Mean,21.51
1705,663,D24HourMean,QuarterlyMean,Mean,20.29
1716,649,D24HourMean,QuarterlyMean,Mean,17.21
1718,648,D24HourMean,QuarterlyMean,Mean,16.49
1690,679,D24HourMean,QuarterlyMean,Mean,24.01
1713,658,D24HourMean,QuarterlyMean,Mean,19.06
1687,676,D24HourMean,QuarterlyMean,Mean,22.53
1715,656,D24HourMean,QuarterlyMean,Mean,19.56
1712,664,D24HourMean,QuarterlyMean,Mean,19.97
1679,660,D24HourMean,QuarterlyMean,Mean,19.06
1698,663,D24HourMean,QuarterlyMean,Mean,22.69
1697,666,D24HourMean,QuarterlyMean,Mean,23.50
1655,671,D24HourMean,QuarterlyMean,Mean,23.95
1709,655,D24HourMean,QuarterlyMean,Mean,19.11
1677,677,D24HourMean,QuarterlyMean,Mean,21.96
1692,673,D24HourMean,QuarterlyMean,Mean,21.41
1692,675,D24HourMean,QuarterlyMean,Mean,22.68
1718,653,D24HourMean,QuarterlyMean,Mean,18.63
1656,670,D24HourMean,QuarterlyMean,Mean,23.44
1678,667,D24HourMean,QuarterlyMean,Mean,19.50
1718,649,D24HourMean,QuarterlyMean,Mean,17.16
1697,661,D24HourMean,QuarterlyMean,Mean,21.04
1673,673,D24HourMean,QuarterlyMean,Mean,20.63
1706,641,D24HourMean,QuarterlyMean,Mean,13.47
1715,645,D24HourMean,QuarterlyMean,Mean,16.05
1703,656,D24HourMean,QuarterlyMean,Mean,18.25
1704,676,D24HourMean,QuarterlyMean,Mean,23.03
1717,655,D24HourMean,QuarterlyMean,Mean,19.84
1666,677,D24HourMean,QuarterlyMean,Mean,25.15
1713,652,D24HourMean,QuarterlyMean,Mean,17.11
1705,668,D24HourMean,QuarterlyMean,Mean,24.01
1705,680,D24HourMean,QuarterlyMean,Mean,23.52
1656,665,D24HourMean,QuarterlyMean,Mean,24.20
1702,677,D24HourMean,QuarterlyMean,Mean,23.12
1684,673,D24HourMean,QuarterlyMean,Mean,21.88
1719,658,D24HourMean,QuarterlyMean,Mean,20.64
1664,668,D24HourMean,QuarterlyMean,Mean,20.55
1689,665,D24HourMean,QuarterlyMean,Mean,20.72
1721,652,D24HourMean,QuarterlyMean,Mean,17.21
1694,651,D24HourMean,QuarterlyMean,Mean,15.88
1694,661,D24HourMean,QuarterlyMean,Mean,19.09
1698,675,D24HourMean,QuarterlyMean,Mean,22.47
1670,669,D24HourMean,QuarterlyMean,Mean,20.27
1694,654,D24HourMean,QuarterlyMean,Mean,17.50
1696,669,D24HourMean,QuarterlyMean,Mean,24.09
1674,659,D24HourMean,QuarterlyMean,Mean,20.06
1680,678,D24HourMean,QuarterlyMean,Mean,22.23
1703,659,D24HourMean,QuarterlyMean,Mean,18.22
1692,671,D24HourMean,QuarterlyMean,Mean,21.43
1709,672,D24HourMean,QuarterlyMean,Mean,21.70
1702,664,D24HourMean,QuarterlyMean,Mean,20.10
1693,668,D24HourMean,QuarterlyMean,Mean,21.08
1675,658,D24HourMean,QuarterlyMean,Mean,20.53
1677,668,D24HourMean,QuarterlyMean,Mean,20.06
1707,679,D24HourMean,QuarterlyMean,Mean,23.98
1682,666,D24HourMean,QuarterlyMean,Mean,21.20
1665,660,D24HourMean,QuarterlyMean,Mean,19.80
1694,671,D24HourMean,QuarterlyMean,Mean,21.56
1678,677,D24HourMean,QuarterlyMean,Mean,21.67
1665,674,D24HourMean,QuarterlyMean,Mean,23.22
1717,640,D24HourMean,QuarterlyMean,Mean,14.85
1672,675,D24HourMean,QuarterlyMean,Mean,22.23
1699,677,D24HourMean,QuarterlyMean,Mean,23.36
1665,670,D24HourMean,QuarterlyMean,Mean,20.67
1695,657,D24HourMean,QuarterlyMean,Mean,19.80
1679,679,D24HourMean,QuarterlyMean,Mean,23.01
1688,678,D24HourMean,QuarterlyMean,Mean,22.96
1697,653,D24HourMean,QuarterlyMean,Mean,16.44
1700,664,D24HourMean,QuarterlyMean,Mean,21.14
1658,668,D24HourMean,QuarterlyMean,Mean,23.47
1685,672,D24HourMean,QuarterlyMean,Mean,20.59
1697,646,D24HourMean,QuarterlyMean,Mean,14.23
1667,669,D24HourMean,QuarterlyMean,Mean,20.43
1669,682,D24HourMean,QuarterlyMean,Mean,26.27
1700,653,D24HourMean,QuarterlyMean,Mean,16.28
1703,660,D24HourMean,QuarterlyMean,Mean,19.98
1707,634,D24HourMean,QuarterlyMean,Mean,12.60
1682,669,D24HourMean,QuarterlyMean,Mean,20.56
1666,671,D24HourMean,QuarterlyMean,Mean,20.96
1695,643,D24HourMean,QuarterlyMean,Mean,13.67
1690,678,D24HourMean,QuarterlyMean,Mean,23.14
1706,673,D24HourMean,QuarterlyMean,Mean,21.61
1659,664,D24HourMean,QuarterlyMean,Mean,20.43
1704,650,D24HourMean,QuarterlyMean,Mean,13.82
1709,671,D24HourMean,QuarterlyMean,Mean,21.48
1689,660,D24HourMean,QuarterlyMean,Mean,19.72
1706,664,D24HourMean,QuarterlyMean,Mean,20.01
1682,673,D24HourMean,QuarterlyMean,Mean,20.63
1704,670,D24HourMean,QuarterlyMean,Mean,21.49
1666,658,D24HourMean,QuarterlyMean,Mean,19.45
1676,671,D24HourMean,QuarterlyMean,Mean,19.00
1653,671,D24HourMean,QuarterlyMean,Mean,25.25
1699,672,D24HourMean,QuarterlyMean,Mean,21.69
1706,644,D24HourMean,QuarterlyMean,Mean,13.77
1666,663,D24HourMean,QuarterlyMean,Mean,19.93
1682,668,D24HourMean,QuarterlyMean,Mean,20.21
1718,658,D24HourMean,QuarterlyMean,Mean,20.14
1675,665,D24HourMean,QuarterlyMean,Mean,20.67
1710,666,D24HourMean,QuarterlyMean,Mean,21.92
1714,670,D24HourMean,QuarterlyMean,Mean,23.22
1698,657,D24HourMean,QuarterlyMean,Mean,18.75
1664,679,D24HourMean,QuarterlyMean,Mean,25.04
1674,655,D24HourMean,QuarterlyMean,Mean,18.45
1660,671,D24HourMean,QuarterlyMean,Mean,22.45
1663,674,D24HourMean,QuarterlyMean,Mean,24.82
1675,673,D24HourMean,QuarterlyMean,Mean,20.08
1718,650,D24HourMean,QuarterlyMean,Mean,16.47
1715,655,D24HourMean,QuarterlyMean,Mean,18.41
1675,668,D24HourMean,QuarterlyMean,Mean,21.25
1705,666,D24HourMean,QuarterlyMean,Mean,23.09
1721,651,D24HourMean,QuarterlyMean,Mean,17.57
1686,673,D24HourMean,QuarterlyMean,Mean,21.43
1714,665,D24HourMean,QuarterlyMean,Mean,21.72
1709,659,D24HourMean,QuarterlyMean,Mean,18.72
1691,670,D24HourMean,QuarterlyMean,Mean,21.62
1679,676,D24HourMean,QuarterlyMean,Mean,21.08
1685,663,D24HourMean,QuarterlyMean,Mean,19.72
1718,664,D24HourMean,QuarterlyMean,Mean,21.04
1721,662,D24HourMean,QuarterlyMean,Mean,20.59
1662,675,D24HourMean,QuarterlyMean,Mean,25.07
1692,657,D24HourMean,QuarterlyMean,Mean,17.44
1713,660,D24HourMean,QuarterlyMean,Mean,19.19
1716,636,D24HourMean,QuarterlyMean,Mean,15.49
1704,646,D24HourMean,QuarterlyMean,Mean,13.50
1664,677,D24HourMean,QuarterlyMean,Mean,27.14
1702,666,D24HourMean,QuarterlyMean,Mean,21.08
1707,635,D24HourMean,QuarterlyMean,Mean,13.18
1672,666,D24HourMean,QuarterlyMean,Mean,20.82
1690,677,D24HourMean,QuarterlyMean,Mean,22.93
1710,645,D24HourMean,QuarterlyMean,Mean,15.29
1704,647,D24HourMean,QuarterlyMean,Mean,14.35
1706,660,D24HourMean,QuarterlyMean,Mean,21.01
1665,676,D24HourMean,QuarterlyMean,Mean,26.62
1697,677,D24HourMean,QuarterlyMean,Mean,23.09
1711,655,D24HourMean,QuarterlyMean,Mean,17.83
1672,662,D24HourMean,QuarterlyMean,Mean,18.56
1678,662,D24HourMean,QuarterlyMean,Mean,19.82
1710,643,D24HourMean,QuarterlyMean,Mean,13.93
1683,668,D24HourMean,QuarterlyMean,Mean,22.53
1711,673,D24HourMean,QuarterlyMean,Mean,23.20
1716,669,D24HourMean,QuarterlyMean,Mean,22.29
1671,673,D24HourMean,QuarterlyMean,Mean,20.87
1712,679,D24HourMean,QuarterlyMean,Mean,22.95
1670,672,D24HourMean,QuarterlyMean,Mean,19.97
1673,683,D24HourMean,QuarterlyMean,Mean,27.25
1709,684,D24HourMean,QuarterlyMean,Mean,25.25
1698,654,D24HourMean,QuarterlyMean,Mean,17.67
1676,673,D24HourMean,QuarterlyMean,Mean,20.59
1700,667,D24HourMean,QuarterlyMean,Mean,21.56
1666,659,D24HourMean,QuarterlyMean,Mean,19.17
1665,677,D24HourMean,QuarterlyMean,Mean,26.93
1716,653,D24HourMean,QuarterlyMean,Mean,17.68
1675,661,D24HourMean,QuarterlyMean,Mean,19.45
1703,645,D24HourMean,QuarterlyMean,Mean,13.27
1708,678,D24HourMean,QuarterlyMean,Mean,22.79
1690,669,D24HourMean,QuarterlyMean,Mean,22.63
1700,659,D24HourMean,QuarterlyMean,Mean,19.09
1682,678,D24HourMean,QuarterlyMean,Mean,22.91
1696,645,D24HourMean,QuarterlyMean,Mean,14.96
1669,668,D24HourMean,QuarterlyMean,Mean,20.42
1660,666,D24HourMean,QuarterlyMean,Mean,20.55
1693,671,D24HourMean,QuarterlyMean,Mean,21.27
1674,677,D24HourMean,QuarterlyMean,Mean,23.30
1696,661,D24HourMean,QuarterlyMean,Mean,19.64
1718,655,D24HourMean,QuarterlyMean,Mean,20.80
1695,668,D24HourMean,QuarterlyMean,Mean,23.85
1688,664,D24HourMean,QuarterlyMean,Mean,20.42
1690,675,D24HourMean,QuarterlyMean,Mean,22.48
1691,675,D24HourMean,QuarterlyMean,Mean,22.68
1710,656,D24HourMean,QuarterlyMean,Mean,17.27
1715,654,D24HourMean,QuarterlyMean,Mean,18.43
1675,680,D24HourMean,QuarterlyMean,Mean,22.95
1688,675,D24HourMean,QuarterlyMean,Mean,22.44
1681,666,D24HourMean,QuarterlyMean,Mean,20.18
1697,657,D24HourMean,QuarterlyMean,Mean,19.34
1672,684,D24HourMean,QuarterlyMean,Mean,27.84
1698,662,D24HourMean,QuarterlyMean,Mean,20.39
1710,655,D24HourMean,QuarterlyMean,Mean,17.70
1672,680,D24HourMean,QuarterlyMean,Mean,25.70
1681,668,D24HourMean,QuarterlyMean,Mean,20.64
1718,662,D24HourMean,QuarterlyMean,Mean,20.19
1706,676,D24HourMean,QuarterlyMean,Mean,23.25
1698,650,D24HourMean,QuarterlyMean,Mean,15.52
1712,660,D24HourMean,QuarterlyMean,Mean,19.40
1672,656,D24HourMean,QuarterlyMean,Mean,19.34
1714,654,D24HourMean,QuarterlyMean,Mean,18.09
1700,650,D24HourMean,QuarterlyMean,Mean,13.85
1662,681,D24HourMean,QuarterlyMean,Mean,25.15
1664,659,D24HourMean,QuarterlyMean,Mean,21.48
1713,667,D24HourMean,QuarterlyMean,Mean,22.02
1659,673,D24HourMean,QuarterlyMean,Mean,23.95
1717,636,D24HourMean,QuarterlyMean,Mean,14.99
1685,683,D24HourMean,QuarterlyMean,Mean,23.98
1665,680,D24HourMean,QuarterlyMean,Mean,14.89
1699,651,D24HourMean,QuarterlyMean,Mean,16.16
1657,669,D24HourMean,QuarterlyMean,Mean,24.27
1670,660,D24HourMean,QuarterlyMean,Mean,18.40
1662,672,D24HourMean,QuarterlyMean,Mean,24.74
1714,642,D24HourMean,QuarterlyMean,Mean,14.85
1690,681,D24HourMean,QuarterlyMean,Mean,24.22
1676,677,D24HourMean,QuarterlyMean,Mean,22.90
1702,655,D24HourMean,QuarterlyMean,Mean,18.01
1706,675,D24HourMean,QuarterlyMean,Mean,22.48
1703,647,D24HourMean,QuarterlyMean,Mean,14.40
1701,652,D24HourMean,QuarterlyMean,Mean,16.23
1696,647,D24HourMean,QuarterlyMean,Mean,16.24
1668,651,D24HourMean,QuarterlyMean,Mean,18.88
1682,677,D24HourMean,QuarterlyMean,Mean,22.42
1663,665,D24HourMean,QuarterlyMean,Mean,21.68
1682,683,D24HourMean,QuarterlyMean,Mean,24.85
1700,675,D24HourMean,QuarterlyMean,Mean,21.93
1656,664,D24HourMean,QuarterlyMean,Mean,24.06
1697,671,D24HourMean,QuarterlyMean,Mean,23.31
1706,652,D24HourMean,QuarterlyMean,Mean,17.68
1696,660,D24HourMean,QuarterlyMean,Mean,17.98
1719,661,D24HourMean,QuarterlyMean,Mean,20.30
1694,657,D24HourMean,QuarterlyMean,Mean,19.48
1659,669,D24HourMean,QuarterlyMean,Mean,23.66
1707,671,D24HourMean,QuarterlyMean,Mean,22.42
1704,653,D24HourMean,QuarterlyMean,Mean,16.52
1667,676,D24HourMean,QuarterlyMean,Mean,24.09
1669,667,D24HourMean,QuarterlyMean,Mean,19.45
1702,659,D24HourMean,QuarterlyMean,Mean,18.50
1667,674,D24HourMean,QuarterlyMean,Mean,21.94
1697,668,D24HourMean,QuarterlyMean,Mean,22.29
1709,663,D24HourMean,QuarterlyMean,Mean,19.48
1652,670,D24HourMean,QuarterlyMean,Mean,25.97
1717,654,D24HourMean,QuarterlyMean,Mean,19.81
1681,661,D24HourMean,QuarterlyMean,Mean,19.51
1708,649,D24HourMean,QuarterlyMean,Mean,16.29
1712,655,D24HourMean,QuarterlyMean,Mean,17.80
1722,646,D24HourMean,QuarterlyMean,Mean,16.75
1694,667,D24HourMean,QuarterlyMean,Mean,21.57
1697,679,D24HourMean,QuarterlyMean,Mean,22.32
1702,672,D24HourMean,QuarterlyMean,Mean,21.45
1658,672,D24HourMean,QuarterlyMean,Mean,23.77
1677,670,D24HourMean,QuarterlyMean,Mean,19.35
1712,654,D24HourMean,QuarterlyMean,Mean,18.87
1702,657,D24HourMean,QuarterlyMean,Mean,17.98
1679,666,D24HourMean,QuarterlyMean,Mean,19.69
1679,664,D24HourMean,QuarterlyMean,Mean,19.03
1693,657,D24HourMean,QuarterlyMean,Mean,19.26
1705,649,D24HourMean,QuarterlyMean,Mean,15.57
1703,652,D24HourMean,QuarterlyMean,Mean,16.16
1712,648,D24HourMean,QuarterlyMean,Mean,17.60
1702,680,D24HourMean,QuarterlyMean,Mean,23.84
1683,666,D24HourMean,QuarterlyMean,Mean,21.62
1696,663,D24HourMean,QuarterlyMean,Mean,22.32
1673,654,D24HourMean,QuarterlyMean,Mean,17.54
1653,670,D24HourMean,QuarterlyMean,Mean,25.01
1694,674,D24HourMean,QuarterlyMean,Mean,21.75
1711,635,D24HourMean,QuarterlyMean,Mean,12.98
1712,671,D24HourMean,QuarterlyMean,Mean,24.84
1708,663,D24HourMean,QuarterlyMean,Mean,20.43
1662,674,D24HourMean,QuarterlyMean,Mean,23.20
1708,657,D24HourMean,QuarterlyMean,Mean,19.76
1655,667,D24HourMean,QuarterlyMean,Mean,24.38
1662,673,D24HourMean,QuarterlyMean,Mean,23.49
1708,642,D24HourMean,QuarterlyMean,Mean,13.92
1687,674,D24HourMean,QuarterlyMean,Mean,21.78
1709,679,D24HourMean,QuarterlyMean,Mean,23.68
1691,676,D24HourMean,QuarterlyMean,Mean,23.01
1707,659,D24HourMean,QuarterlyMean,Mean,18.77
1689,674,D24HourMean,QuarterlyMean,Mean,22.58
1719,646,D24HourMean,QuarterlyMean,Mean,16.36
1691,668,D24HourMean,QuarterlyMean,Mean,21.86
1673,656,D24HourMean,QuarterlyMean,Mean,19.48
1696,675,D24HourMean,QuarterlyMean,Mean,21.78
1671,684,D24HourMean,QuarterlyMean,Mean,28.05
1699,660,D24HourMean,QuarterlyMean,Mean,19.97
1669,666,D24HourMean,QuarterlyMean,Mean,19.63
1715,672,D24HourMean,QuarterlyMean,Mean,23.28
1653,669,D24HourMean,QuarterlyMean,Mean,25.15
1684,664,D24HourMean,QuarterlyMean,Mean,19.84
1713,639,D24HourMean,QuarterlyMean,Mean,14.10
1665,679,D24HourMean,QuarterlyMean,Mean,24.25
1703,646,D24HourMean,QuarterlyMean,Mean,13.30
1684,681,D24HourMean,QuarterlyMean,Mean,23.54
1667,675,D24HourMean,QuarterlyMean,Mean,24.60
1719,636,D24HourMean,QuarterlyMean,Mean,14.89
1674,670,D24HourMean,QuarterlyMean,Mean,20.19
1684,677,D24HourMean,QuarterlyMean,Mean,23.11
1718,637,D24HourMean,QuarterlyMean,Mean,14.55
1671,656,D24HourMean,QuarterlyMean,Mean,18.72
1690,672,D24HourMean,QuarterlyMean,Mean,22.37
1666,683,D24HourMean,QuarterlyMean,Mean,26.23
1717,670,D24HourMean,QuarterlyMean,Mean,21.93
1719,650,D24HourMean,QuarterlyMean,Mean,17.21
1711,649,D24HourMean,QuarterlyMean,Mean,16.90
1705,652,D24HourMean,QuarterlyMean,Mean,17.42
1710,636,D24HourMean,QuarterlyMean,Mean,13.57
1712,675,D24HourMean,QuarterlyMean,Mean,23.04
1706,656,D24HourMean,QuarterlyMean,Mean,19.06
1688,676,D24HourMean,QuarterlyMean,Mean,22.83
1709,648,D24HourMean,QuarterlyMean,Mean,15.72
1696,666,D24HourMean,QuarterlyMean,Mean,23.81
1692,669,D24HourMean,QuarterlyMean,Mean,22.24
1703,648,D24HourMean,QuarterlyMean,Mean,15.08
1718,652,D24HourMean,QuarterlyMean,Mean,18.38
1668,675,D24HourMean,QuarterlyMean,Mean,24.04
1664,660,D24HourMean,QuarterlyMean,Mean,21.17
1673,655,D24HourMean,QuarterlyMean,Mean,18.79
1687,673,D24HourMean,QuarterlyMean,Mean,21.86
1697,662,D24HourMean,QuarterlyMean,Mean,21.99
1706,680,D24HourMean,QuarterlyMean,Mean,23.36
1695,674,D24HourMean,QuarterlyMean,Mean,21.61
1708,684,D24HourMean,QuarterlyMean,Mean,24.87
1712,665,D24HourMean,QuarterlyMean,Mean,20.42
1691,665,D24HourMean,QuarterlyMean,Mean,21.51
1696,649,D24HourMean,QuarterlyMean,Mean,15.96
1697,681,D24HourMean,QuarterlyMean,Mean,23.60
1679,675,D24HourMean,QuarterlyMean,Mean,20.16
1715,641,D24HourMean,QuarterlyMean,Mean,14.08
1717,650,D24HourMean,QuarterlyMean,Mean,16.47
1700,649,D24HourMean,QuarterlyMean,Mean,14.55
1716,673,D24HourMean,QuarterlyMean,Mean,23.38
1675,663,D24HourMean,QuarterlyMean,Mean,19.00
1680,677,D24HourMean,QuarterlyMean,Mean,21.28
1710,653,D24HourMean,QuarterlyMean,Mean,17.55
1671,661,D24HourMean,QuarterlyMean,Mean,18.35
1666,660,D24HourMean,QuarterlyMean,Mean,19.71
1674,662,D24HourMean,QuarterlyMean,Mean,19.14
1680,663,D24HourMean,QuarterlyMean,Mean,19.01
1702,650,D24HourMean,QuarterlyMean,Mean,15.06
1658,664,D24HourMean,QuarterlyMean,Mean,20.72
1716,638,D24HourMean,QuarterlyMean,Mean,13.77
1710,647,D24HourMean,QuarterlyMean,Mean,16.77
1668,684,D24HourMean,QuarterlyMean,Mean,27.72
1665,663,D24HourMean,QuarterlyMean,Mean,19.74
1678,678,D24HourMean,QuarterlyMean,Mean,22.52
1689,667,D24HourMean,QuarterlyMean,Mean,21.99
1707,681,D24HourMean,QuarterlyMean,Mean,23.93
1692,679,D24HourMean,QuarterlyMean,Mean,23.87
1709,653,D24HourMean,QuarterlyMean,Mean,17.65
1712,640,D24HourMean,QuarterlyMean,Mean,13.82
1671,660,D24HourMean,QuarterlyMean,Mean,18.19
1709,640,D24HourMean,QuarterlyMean,Mean,14.81
1711,639,D24HourMean,QuarterlyMean,Mean,14.48
1711,665,D24HourMean,QuarterlyMean,Mean,19.69
1707,642,D24HourMean,QuarterlyMean,Mean,13.42
1709,674,D24HourMean,QuarterlyMean,Mean,22.61
1674,674,D24HourMean,QuarterlyMean,Mean,21.03
1693,670,D24HourMean,QuarterlyMean,Mean,21.72
1665,684,D24HourMean,QuarterlyMean,Mean,30.25
1680,662,D24HourMean,QuarterlyMean,Mean,18.82
1707,651,D24HourMean,QuarterlyMean,Mean,15.92
1717,652,D24HourMean,QuarterlyMean,Mean,18.32
1658,670,D24HourMean,QuarterlyMean,Mean,23.63
1710,681,D24HourMean,QuarterlyMean,Mean,22.55
1714,672,D24HourMean,QuarterlyMean,Mean,23.42
1708,637,D24HourMean,QuarterlyMean,Mean,13.15
1688,663,D24HourMean,QuarterlyMean,Mean,20.53
1718,640,D24HourMean,QuarterlyMean,Mean,14.50
1680,672,D24HourMean,QuarterlyMean,Mean,20.82
1669,660,D24HourMean,QuarterlyMean,Mean,18.41
1708,682,D24HourMean,QuarterlyMean,Mean,23.65
1676,674,D24HourMean,QuarterlyMean,Mean,20.56
1712,639,D24HourMean,QuarterlyMean,Mean,15.11
1673,670,D24HourMean,QuarterlyMean,Mean,20.35
1686,678,D24HourMean,QuarterlyMean,Mean,23.46
1666,678,D24HourMean,QuarterlyMean,Mean,25.63
1709,670,D24HourMean,QuarterlyMean,Mean,21.80
1657,663,D24HourMean,QuarterlyMean,Mean,23.60
1682,660,D24HourMean,QuarterlyMean,Mean,19.16
1684,661,D24HourMean,QuarterlyMean,Mean,19.60
1713,668,D24HourMean,QuarterlyMean,Mean,22.26
1722,651,D24HourMean,QuarterlyMean,Mean,17.72
1679,665,D24HourMean,QuarterlyMean,Mean,19.08
1689,662,D24HourMean,QuarterlyMean,Mean,19.61
1674,658,D24HourMean,QuarterlyMean,Mean,19.55
1674,667,D24HourMean,QuarterlyMean,Mean,20.72
1708,638,D24HourMean,QuarterlyMean,Mean,13.10
1704,658,D24HourMean,QuarterlyMean,Mean,18.24
1714,650,D24HourMean,QuarterlyMean,Mean,17.00
1671,680,D24HourMean,QuarterlyMean,Mean,25.58
1718,661,D24HourMean,QuarterlyMean,Mean,20.77
1717,657,D24HourMean,QuarterlyMean,Mean,20.72
1709,666,D24HourMean,QuarterlyMean,Mean,22.40
1711,667,D24HourMean,QuarterlyMean,Mean,22.08
1688,665,D24HourMean,QuarterlyMean,Mean,21.08
1693,658,D24HourMean,QuarterlyMean,Mean,18.66
1713,666,D24HourMean,QuarterlyMean,Mean,21.56
1655,672,D24HourMean,QuarterlyMean,Mean,24.25
1716,662,D24HourMean,QuarterlyMean,Mean,21.04
1701,660,D24HourMean,QuarterlyMean,Mean,18.95
1708,646,D24HourMean,QuarterlyMean,Mean,14.46
1710,663,D24HourMean,QuarterlyMean,Mean,20.27
1710,664,D24HourMean,QuarterlyMean,Mean,21.01
1717,642,D24HourMean,QuarterlyMean,Mean,15.14
1702,671,D24HourMean,QuarterlyMean,Mean,21.41
1693,667,D24HourMean,QuarterlyMean,Mean,20.92
1660,663,D24HourMean,QuarterlyMean,Mean,20.27
1693,666,D24HourMean,QuarterlyMean,Mean,21.04
1706,657,D24HourMean,QuarterlyMean,Mean,18.98
1713,656,D24HourMean,QuarterlyMean,Mean,18.88
1701,671,D24HourMean,QuarterlyMean,Mean,22.07
1659,667,D24HourMean,QuarterlyMean,Mean,22.88
1711,647,D24HourMean,QuarterlyMean,Mean,17.21
1707,661,D24HourMean,QuarterlyMean,Mean,19.85
1692,668,D24HourMean,QuarterlyMean,Mean,21.81
1699,646,D24HourMean,QuarterlyMean,Mean,15.60
1693,674,D24HourMean,QuarterlyMean,Mean,21.81
1721,645,D24HourMean,QuarterlyMean,Mean,17.26
1676,678,D24HourMean,QuarterlyMean,Mean,21.72
1661,667,D24HourMean,QuarterlyMean,Mean,22.29
1663,680,D24HourMean,QuarterlyMean,Mean,26.00
1664,686,D24HourMean,QuarterlyMean,Mean,26.10
1668,652,D24HourMean,QuarterlyMean,Mean,18.33
1671,667,D24HourMean,QuarterlyMean,Mean,20.90
1711,672,D24HourMean,QuarterlyMean,Mean,22.09
1665,672,D24HourMean,QuarterlyMean,Mean,20.85
1683,676,D24HourMean,QuarterlyMean,Mean,22.63
1670,673,D24HourMean,QuarterlyMean,Mean,21.12
1708,667,D24HourMean,QuarterlyMean,Mean,21.92
1658,673,D24HourMean,QuarterlyMean,Mean,23.73
1691,678,D24HourMean,QuarterlyMean,Mean,23.49
1711,670,D24HourMean,QuarterlyMean,Mean,21.62
1658,666,D24HourMean,QuarterlyMean,Mean,23.53
1708,658,D24HourMean,QuarterlyMean,Mean,20.14
1707,680,D24HourMean,QuarterlyMean,Mean,23.36
1666,668,D24HourMean,QuarterlyMean,Mean,20.63
1681,670,D24HourMean,QuarterlyMean,Mean,20.40
1700,674,D24HourMean,QuarterlyMean,Mean,21.70
1713,637,D24HourMean,QuarterlyMean,Mean,14.36
1701,677,D24HourMean,QuarterlyMean,Mean,23.22
1687,668,D24HourMean,QuarterlyMean,Mean,21.01
1699,659,D24HourMean,QuarterlyMean,Mean,18.95
1717,643,D24HourMean,QuarterlyMean,Mean,15.32
1707,643,D24HourMean,QuarterlyMean,Mean,13.70
1715,636,D24HourMean,QuarterlyMean,Mean,17.26
1667,680,D24HourMean,QuarterlyMean,Mean,26.10
1665,667,D24HourMean,QuarterlyMean,Mean,21.57
1700,663,D24HourMean,QuarterlyMean,Mean,20.84
1697,651,D24HourMean,QuarterlyMean,Mean,15.69
1662,666,D24HourMean,QuarterlyMean,Mean,23.66
1663,682,D24HourMean,QuarterlyMean,Mean,25.91
1665,668,D24HourMean,QuarterlyMean,Mean,20.77
1686,674,D24HourMean,QuarterlyMean,Mean,20.67
1712,658,D24HourMean,QuarterlyMean,Mean,18.93
1666,655,D24HourMean,QuarterlyMean,Mean,21.00
1689,678,D24HourMean,QuarterlyMean,Mean,23.44
1709,651,D24HourMean,QuarterlyMean,Mean,16.67
1708,680,D24HourMean,QuarterlyMean,Mean,24.03
1707,668,D24HourMean,QuarterlyMean,Mean,21.86
1692,674,D24HourMean,QuarterlyMean,Mean,21.62
1681,679,D24HourMean,QuarterlyMean,Mean,23.44
1709,665,D24HourMean,QuarterlyMean,Mean,21.70
1711,644,D24HourMean,QuarterlyMean,Mean,14.90
1698,660,D24HourMean,QuarterlyMean,Mean,19.27
1662,664,D24HourMean,QuarterlyMean,Mean,22.61
1669,669,D24HourMean,QuarterlyMean,Mean,20.00
1683,680,D24HourMean,QuarterlyMean,Mean,23.57
1670,665,D24HourMean,QuarterlyMean,Mean,19.77
1711,636,D24HourMean,QuarterlyMean,Mean,15.04
1669,652,D24HourMean,QuarterlyMean,Mean,19.13
1705,671,D24HourMean,QuarterlyMean,Mean,21.32
1664,655,D24HourMean,QuarterlyMean,Mean,20.93
1664,676,D24HourMean,QuarterlyMean,Mean,26.73
1699,648,D24HourMean,QuarterlyMean,Mean,14.78
1707,667,D24HourMean,QuarterlyMean,Mean,22.58
1671,664,D24HourMean,QuarterlyMean,Mean,20.01
1715,673,D24HourMean,QuarterlyMean,Mean,23.06
1680,673,D24HourMean,QuarterlyMean,Mean,20.77
1671,657,D24HourMean,QuarterlyMean,Mean,17.75
1703,670,D24HourMean,QuarterlyMean,Mean,21.04
1705,661,D24HourMean,QuarterlyMean,Mean,19.60
1710,683,D24HourMean,QuarterlyMean,Mean,24.15
1680,675,D24HourMean,QuarterlyMean,Mean,20.37
1664,663,D24HourMean,QuarterlyMean,Mean,18.93
1702,660,D24HourMean,QuarterlyMean,Mean,18.67
1671,672,D24HourMean,QuarterlyMean,Mean,20.40
1703,672,D24HourMean,QuarterlyMean,Mean,22.98
1673,681,D24HourMean,QuarterlyMean,Mean,25.89
1686,683,D24HourMean,QuarterlyMean,Mean,24.55
1717,638,D24HourMean,QuarterlyMean,Mean,13.28
1683,683,D24HourMean,QuarterlyMean,Mean,24.96
1666,665,D24HourMean,QuarterlyMean,Mean,19.50
1703,653,D24HourMean,QuarterlyMean,Mean,16.56
1657,672,D24HourMean,QuarterlyMean,Mean,24.04
1669,661,D24HourMean,QuarterlyMean,Mean,18.07
1698,648,D24HourMean,QuarterlyMean,Mean,15.90
1666,656,D24HourMean,QuarterlyMean,Mean,21.40
1718,660,D24HourMean,QuarterlyMean,Mean,20.67
1668,667,D24HourMean,QuarterlyMean,Mean,19.84
1679,674,D24HourMean,QuarterlyMean,Mean,19.53
1695,653,D24HourMean,QuarterlyMean,Mean,16.41
1699,649,D24HourMean,QuarterlyMean,Mean,14.81
1668,678,D24HourMean,QuarterlyMean,Mean,24.93
1690,674,D24HourMean,QuarterlyMean,Mean,22.44
1716,650,D24HourMean,QuarterlyMean,Mean,16.72
1662,671,D24HourMean,QuarterlyMean,Mean,24.31
1702,674,D24HourMean,QuarterlyMean,Mean,22.26
1692,667,D24HourMean,QuarterlyMean,Mean,21.24
1720,645,D24HourMean,QuarterlyMean,Mean,16.56
1673,668,D24HourMean,QuarterlyMean,Mean,20.45
1698,677,D24HourMean,QuarterlyMean,Mean,23.74
1688,662,D24HourMean,QuarterlyMean,Mean,19.82
1673,664,D24HourMean,QuarterlyMean,Mean,19.72
1703,679,D24HourMean,QuarterlyMean,Mean,23.20
1716,658,D24HourMean,QuarterlyMean,Mean,20.10
1698,679,D24HourMean,QuarterlyMean,Mean,22.82
1712,676,D24HourMean,QuarterlyMean,Mean,21.88
1667,673,D24HourMean,QuarterlyMean,Mean,21.17
1712,677,D24HourMean,QuarterlyMean,Mean,21.89
1700,660,D24HourMean,QuarterlyMean,Mean,19.92
1700,646,D24HourMean,QuarterlyMean,Mean,14.25
1715,674,D24HourMean,QuarterlyMean,Mean,22.74
1671,653,D24HourMean,QuarterlyMean,Mean,18.75
1666,684,D24HourMean,QuarterlyMean,Mean,26.23
1690,676,D24HourMean,QuarterlyMean,Mean,22.63
1669,664,D24HourMean,QuarterlyMean,Mean,19.72
1680,661,D24HourMean,QuarterlyMean,Mean,18.79
1706,648,D24HourMean,QuarterlyMean,Mean,14.66
1706,678,D24HourMean,QuarterlyMean,Mean,24.06
1669,673,D24HourMean,QuarterlyMean,Mean,22.05
1721,653,D24HourMean,QuarterlyMean,Mean,17.28
1700,678,D24HourMean,QuarterlyMean,Mean,23.66
1715,640,D24HourMean,QuarterlyMean,Mean,14.78
1697,675,D24HourMean,QuarterlyMean,Mean,22.50
1666,661,D24HourMean,QuarterlyMean,Mean,18.88
1673,675,D24HourMean,QuarterlyMean,Mean,21.84
1699,650,D24HourMean,QuarterlyMean,Mean,13.85
1717,661,D24HourMean,QuarterlyMean,Mean,20.96
1665,664,D24HourMean,QuarterlyMean,Mean,20.22
1690,662,D24HourMean,QuarterlyMean,Mean,19.47
1666,657,D24HourMean,QuarterlyMean,Mean,21.38
1705,660,D24HourMean,QuarterlyMean,Mean,19.61
1690,680,D24HourMean,QuarterlyMean,Mean,23.85
1695,676,D24HourMean,QuarterlyMean,Mean,21.83
1672,660,D24HourMean,QuarterlyMean,Mean,18.46
1713,653,D24HourMean,QuarterlyMean,Mean,16.87
1660,668,D24HourMean,QuarterlyMean,Mean,23.69
1674,681,D24HourMean,QuarterlyMean,Mean,25.17
1721,647,D24HourMean,QuarterlyMean,Mean,17.18
1701,664,D24HourMean,QuarterlyMean,Mean,20.22
1709,682,D24HourMean,QuarterlyMean,Mean,23.57
1716,661,D24HourMean,QuarterlyMean,Mean,20.27
1713,672,D24HourMean,QuarterlyMean,Mean,23.57
1715,652,D24HourMean,QuarterlyMean,Mean,16.92
1666,672,D24HourMean,QuarterlyMean,Mean,21.00
1714,674,D24HourMean,QuarterlyMean,Mean,23.33
1660,674,D24HourMean,QuarterlyMean,Mean,24.11
1698,645,D24HourMean,QuarterlyMean,Mean,15.11
1717,647,D24HourMean,QuarterlyMean,Mean,15.98
1710,654,D24HourMean,QuarterlyMean,Mean,17.06
1705,676,D24HourMean,QuarterlyMean,Mean,23.46
1706,666,D24HourMean,QuarterlyMean,Mean,22.13
1698,655,D24HourMean,QuarterlyMean,Mean,18.15
1680,682,D24HourMean,QuarterlyMean,Mean,23.77
1693,672,D24HourMean,QuarterlyMean,Mean,21.16
1698,661,D24HourMean,QuarterlyMean,Mean,20.21
1712,657,D24HourMean,QuarterlyMean,Mean,18.62
1685,665,D24HourMean,QuarterlyMean,Mean,20.85
1656,673,D24HourMean,QuarterlyMean,Mean,24.31
1684,669,D24HourMean,QuarterlyMean,Mean,21.43
1683,667,D24HourMean,QuarterlyMean,Mean,22.05
1711,643,D24HourMean,QuarterlyMean,Mean,13.72
1708,681,D24HourMean,QuarterlyMean,Mean,23.89
1721,650,D24HourMean,QuarterlyMean,Mean,17.28
1669,681,D24HourMean,QuarterlyMean,Mean,26.62
1691,674,D24HourMean,QuarterlyMean,Mean,22.40
1658,663,D24HourMean,QuarterlyMean,Mean,21.65
1672,657,D24HourMean,QuarterlyMean,Mean,19.14
1664,666,D24HourMean,QuarterlyMean,Mean,21.97
1679,683,D24HourMean,QuarterlyMean,Mean,25.45
1706,681,D24HourMean,QuarterlyMean,Mean,23.84
1708,660,D24HourMean,QuarterlyMean,Mean,19.29
1694,670,D24HourMean,QuarterlyMean,Mean,21.61
1677,661,D24HourMean,QuarterlyMean,Mean,19.55
1703,657,D24HourMean,QuarterlyMean,Mean,18.67
1686,671,D24HourMean,QuarterlyMean,Mean,20.87
1713,663,D24HourMean,QuarterlyMean,Mean,19.82
1676,669,D24HourMean,QuarterlyMean,Mean,21.06
1700,656,D24HourMean,QuarterlyMean,Mean,16.62
1668,658,D24HourMean,QuarterlyMean,Mean,19.27
1675,666,D24HourMean,QuarterlyMean,Mean,20.87
1694,668,D24HourMean,QuarterlyMean,Mean,22.26
1689,672,D24HourMean,QuarterlyMean,Mean,22.28
1704,672,D24HourMean,QuarterlyMean,Mean,22.88
1718,638,D24HourMean,QuarterlyMean,Mean,13.38
1693,677,D24HourMean,QuarterlyMean,Mean,23.36
1672,655,D24HourMean,QuarterlyMean,Mean,18.96
1681,682,D24HourMean,QuarterlyMean,Mean,23.82
1710,657,D24HourMean,QuarterlyMean,Mean,17.54
1685,678,D24HourMean,QuarterlyMean,Mean,23.66
1723,644,D24HourMean,QuarterlyMean,Mean,16.29
1665,675,D24HourMean,QuarterlyMean,Mean,25.56
1686,664,D24HourMean,QuarterlyMean,Mean,20.72
1665,685,D24HourMean,QuarterlyMean,Mean,27.83
1679,681,D24HourMean,QuarterlyMean,Mean,22.79
1662,662,D24HourMean,QuarterlyMean,Mean,20.91
1687,679,D24HourMean,QuarterlyMean,Mean,22.83
1680,671,D24HourMean,QuarterlyMean,Mean,19.72
1704,657,D24HourMean,QuarterlyMean,Mean,19.09
1711,652,D24HourMean,QuarterlyMean,Mean,17.81
1704,652,D24HourMean,QuarterlyMean,Mean,16.06
1711,646,D24HourMean,QuarterlyMean,Mean,17.42
1697,655,D24HourMean,QuarterlyMean,Mean,18.61
1712,649,D24HourMean,QuarterlyMean,Mean,17.34
1675,677,D24HourMean,QuarterlyMean,Mean,23.15
1708,652,D24HourMean,QuarterlyMean,Mean,16.54
1669,675,D24HourMean,QuarterlyMean,Mean,23.69
1687,678,D24HourMean,QuarterlyMean,Mean,22.63
1707,652,D24HourMean,QuarterlyMean,Mean,16.10
1716,646,D24HourMean,QuarterlyMean,Mean,15.75
1664,671,D24HourMean,QuarterlyMean,Mean,22.53
1674,683,D24HourMean,QuarterlyMean,Mean,26.24
1699,680,D24HourMean,QuarterlyMean,Mean,23.63
1659,668,D24HourMean,QuarterlyMean,Mean,23.42
1676,659,D24HourMean,QuarterlyMean,Mean,21.00
1667,672,D24HourMean,QuarterlyMean,Mean,19.37
1685,662,D24HourMean,QuarterlyMean,Mean,20.03
1720,651,D24HourMean,QuarterlyMean,Mean,17.13
1666,686,D24HourMean,QuarterlyMean,Mean,28.42
1668,655,D24HourMean,QuarterlyMean,Mean,19.30
1685,660,D24HourMean,QuarterlyMean,Mean,19.34
1714,640,D24HourMean,QuarterlyMean,Mean,13.60
1719,648,D24HourMean,QuarterlyMean,Mean,18.14
1705,656,D24HourMean,QuarterlyMean,Mean,18.51
1673,658,D24HourMean,QuarterlyMean,Mean,19.08
1709,639,D24HourMean,QuarterlyMean,Mean,13.80
1660,670,D24HourMean,QuarterlyMean,Mean,21.56
1664,681,D24HourMean,QuarterlyMean,Mean,15.17
1669,678,D24HourMean,QuarterlyMean,Mean,26.07
1710,682,D24HourMean,QuarterlyMean,Mean,23.39
1670,684,D24HourMean,QuarterlyMean,Mean,28.03
1714,661,D24HourMean,QuarterlyMean,Mean,19.97
1688,672,D24HourMean,QuarterlyMean,Mean,22.47
1694,678,D24HourMean,QuarterlyMean,Mean,22.93
1701,668,D24HourMean,QuarterlyMean,Mean,20.88
1714,643,D24HourMean,QuarterlyMean,Mean,14.86
1716,645,D24HourMean,QuarterlyMean,Mean,15.74
1660,662,D24HourMean,QuarterlyMean,Mean,22.05
1709,642,D24HourMean,QuarterlyMean,Mean,13.65
1709,656,D24HourMean,QuarterlyMean,Mean,17.94
1685,676,D24HourMean,QuarterlyMean,Mean,22.50
1708,643,D24HourMean,QuarterlyMean,Mean,14.02
1657,675,D24HourMean,QuarterlyMean,Mean,26.15
1698,665,D24HourMean,QuarterlyMean,Mean,20.87
1714,662,D24HourMean,QuarterlyMean,Mean,20.45
1703,655,D24HourMean,QuarterlyMean,Mean,18.01
1712,673,D24HourMean,QuarterlyMean,Mean,22.44
1682,667,D24HourMean,QuarterlyMean,Mean,20.71
1701,661,D24HourMean,QuarterlyMean,Mean,18.30
1683,677,D24HourMean,QuarterlyMean,Mean,22.98
1696,679,D24HourMean,QuarterlyMean,Mean,22.80
1673,667,D24HourMean,QuarterlyMean,Mean,20.93
1702,676,D24HourMean,QuarterlyMean,Mean,22.82
1672,683,D24HourMean,QuarterlyMean,Mean,27.67
1681,675,D24HourMean,QuarterlyMean,Mean,20.69
1679,677,D24HourMean,QuarterlyMean,Mean,21.00
1692,672,D24HourMean,QuarterlyMean,Mean,21.40
1654,669,D24HourMean,QuarterlyMean,Mean,25.09
1713,655,D24HourMean,QuarterlyMean,Mean,17.72
1709,652,D24HourMean,QuarterlyMean,Mean,16.90
1713,659,D24HourMean,QuarterlyMean,Mean,19.21
1670,651,D24HourMean,QuarterlyMean,Mean,17.94
1706,669,D24HourMean,QuarterlyMean,Mean,24.20
1659,676,D24HourMean,QuarterlyMean,Mean,26.68
1706,651,D24HourMean,QuarterlyMean,Mean,15.46
1678,660,D24HourMean,QuarterlyMean,Mean,18.48
1681,659,D24HourMean,QuarterlyMean,Mean,18.53
1699,676,D24HourMean,QuarterlyMean,Mean,23.11
1673,660,D24HourMean,QuarterlyMean,Mean,19.09
1705,644,D24HourMean,QuarterlyMean,Mean,13.19
1681,674,D24HourMean,QuarterlyMean,Mean,21.00
1711,669,D24HourMean,QuarterlyMean,Mean,22.48
1720,649,D24HourMean,QuarterlyMean,Mean,18.25
1695,655,D24HourMean,QuarterlyMean,Mean,18.25
1718,651,D24HourMean,QuarterlyMean,Mean,16.80
1718,646,D24HourMean,QuarterlyMean,Mean,16.01
1719,660,D24HourMean,QuarterlyMean,Mean,20.05
1717,648,D24HourMean,QuarterlyMean,Mean,16.15
1720,650,D24HourMean,QuarterlyMean,Mean,17.41
1667,667,D24HourMean,QuarterlyMean,Mean,21.60
1682,661,D24HourMean,QuarterlyMean,Mean,20.06
1692,661,D24HourMean,QuarterlyMean,Mean,19.97
1667,671,D24HourMean,QuarterlyMean,Mean,19.29
1717,649,D24HourMean,QuarterlyMean,Mean,17.45
1717,651,D24HourMean,QuarterlyMean,Mean,16.95
1662,659,D24HourMean,QuarterlyMean,Mean,22.13
1699,668,D24HourMean,QuarterlyMean,Mean,21.72
1701,653,D24HourMean,QuarterlyMean,Mean,16.06
1670,666,D24HourMean,QuarterlyMean,Mean,19.82
1680,679,D24HourMean,QuarterlyMean,Mean,23.01
1721,646,D24HourMean,QuarterlyMean,Mean,16.57
1688,666,D24HourMean,QuarterlyMean,Mean,21.11
1693,673,D24HourMean,QuarterlyMean,Mean,20.82
1689,661,D24HourMean,QuarterlyMean,Mean,20.26
1654,674,D24HourMean,QuarterlyMean,Mean,22.93
1698,664,D24HourMean,QuarterlyMean,Mean,21.51
1711,662,D24HourMean,QuarterlyMean,Mean,18.61
1661,663,D24HourMean,QuarterlyMean,Mean,21.01
1707,676,D24HourMean,QuarterlyMean,Mean,22.96
1699,656,D24HourMean,QuarterlyMean,Mean,17.08
1694,652,D24HourMean,QuarterlyMean,Mean,16.03
1702,678,D24HourMean,QuarterlyMean,Mean,23.61
1706,649,D24HourMean,QuarterlyMean,Mean,16.57
1699,670,D24HourMean,QuarterlyMean,Mean,21.06
1707,646,D24HourMean,QuarterlyMean,Mean,13.85
1685,681,D24HourMean,QuarterlyMean,Mean,23.44
1662,667,D24HourMean,QuarterlyMean,Mean,23.61
1703,664,D24HourMean,QuarterlyMean,Mean,19.71
1677,681,D24HourMean,QuarterlyMean,Mean,23.23
1672,674,D24HourMean,QuarterlyMean,Mean,21.14
1668,668,D24HourMean,QuarterlyMean,Mean,20.55
1661,668,D24HourMean,QuarterlyMean,Mean,24.39
1705,678,D24HourMean,QuarterlyMean,Mean,23.52
1720,647,D24HourMean,QuarterlyMean,Mean,17.73
1706,653,D24HourMean,QuarterlyMean,Mean,18.07
1696,676,D24HourMean,QuarterlyMean,Mean,22.32
1709,681,D24HourMean,QuarterlyMean,Mean,23.47
1682,665,D24HourMean,QuarterlyMean,Mean,20.05
1676,675,D24HourMean,QuarterlyMean,Mean,21.73
1708,675,D24HourMean,QuarterlyMean,Mean,22.88
1691,680,D24HourMean,QuarterlyMean,Mean,24.47
1716,641,D24HourMean,QuarterlyMean,Mean,14.55
1664,669,D24HourMean,QuarterlyMean,Mean,20.74
1691,667,D24HourMean,QuarterlyMean,Mean,21.25
1683,669,D24HourMean,QuarterlyMean,Mean,21.76
1720,646,D24HourMean,QuarterlyMean,Mean,17.06
1711,634,D24HourMean,QuarterlyMean,Mean,12.70
1663,675,D24HourMean,QuarterlyMean,Mean,23.73
1711,671,D24HourMean,QuarterlyMean,Mean,21.36
1684,671,D24HourMean,QuarterlyMean,Mean,20.82
1719,662,D24HourMean,QuarterlyMean,Mean,20.26
1661,676,D24HourMean,QuarterlyMean,Mean,25.33
1695,661,D24HourMean,QuarterlyMean,Mean,19.37
1704,656,D24HourMean,QuarterlyMean,Mean,18.45
1705,648,D24HourMean,QuarterlyMean,Mean,13.85
1719,659,D24HourMean,QuarterlyMean,Mean,20.72
1716,665,D24HourMean,QuarterlyMean,Mean,20.87
1708,635,D24HourMean,QuarterlyMean,Mean,12.82
1717,666,D24HourMean,QuarterlyMean,Mean,21.32
1709,683,D24HourMean,QuarterlyMean,Mean,24.71
1677,672,D24HourMean,QuarterlyMean,Mean,21.48
1700,679,D24HourMean,QuarterlyMean,Mean,23.57
1671,668,D24HourMean,QuarterlyMean,Mean,20.93
1678,682,D24HourMean,QuarterlyMean,Mean,24.49
1715,638,D24HourMean,QuarterlyMean,Mean,14.07
1705,677,D24HourMean,QuarterlyMean,Mean,23.81
1718,643,D24HourMean,QuarterlyMean,Mean,16.70
1665,658,D24HourMean,QuarterlyMean,Mean,20.45
1710,638,D24HourMean,QuarterlyMean,Mean,14.63
1717,662,D24HourMean,QuarterlyMean,Mean,20.58
1692,677,D24HourMean,QuarterlyMean,Mean,23.30
1658,669,D24HourMean,QuarterlyMean,Mean,23.90
1714,667,D24HourMean,QuarterlyMean,Mean,22.13
1690,668,D24HourMean,QuarterlyMean,Mean,22.15
1708,664,D24HourMean,QuarterlyMean,Mean,20.03
1667,681,D24HourMean,QuarterlyMean,Mean,25.80
1693,663,D24HourMean,QuarterlyMean,Mean,20.13
1670,670,D24HourMean,QuarterlyMean,Mean,19.43
1700,652,D24HourMean,QuarterlyMean,Mean,15.98
1663,666,D24HourMean,QuarterlyMean,Mean,22.13
1704,665,D24HourMean,QuarterlyMean,Mean,20.87
1664,661,D24HourMean,QuarterlyMean,Mean,19.89
1692,663,D24HourMean,QuarterlyMean,Mean,20.82
1653,672,D24HourMean,QuarterlyMean,Mean,24.15
1703,678,D24HourMean,QuarterlyMean,Mean,23.17
1656,672,D24HourMean,QuarterlyMean,Mean,24.36
1710,646,D24HourMean,QuarterlyMean,Mean,16.75
1685,679,D24HourMean,QuarterlyMean,Mean,23.23
1664,685,D24HourMean,QuarterlyMean,Mean,16.29
1710,639,D24HourMean,QuarterlyMean,Mean,13.95
1712,642,D24HourMean,QuarterlyMean,Mean,14.08
1697,667,D24HourMean,QuarterlyMean,Mean,22.13
1705,647,D24HourMean,QuarterlyMean,Mean,14.46
1714,657,D24HourMean,QuarterlyMean,Mean,19.77
1707,648,D24HourMean,QuarterlyMean,Mean,16.64
1689,671,D24HourMean,QuarterlyMean,Mean,20.85
1699,647,D24HourMean,QuarterlyMean,Mean,15.03
1695,658,D24HourMean,QuarterlyMean,Mean,18.72
1671,655,D24HourMean,QuarterlyMean,Mean,17.86
1712,666,D24HourMean,QuarterlyMean,Mean,21.84
1707,665,D24HourMean,QuarterlyMean,Mean,20.43
1713,646,D24HourMean,QuarterlyMean,Mean,16.38
1662,663,D24HourMean,QuarterlyMean,Mean,20.91
1668,679,D24HourMean,QuarterlyMean,Mean,25.25
1697,650,D24HourMean,QuarterlyMean,Mean,15.74
1672,669,D24HourMean,QuarterlyMean,Mean,20.40
1712,634,D24HourMean,QuarterlyMean,Mean,12.40
1680,666,D24HourMean,QuarterlyMean,Mean,19.64
1663,664,D24HourMean,QuarterlyMean,Mean,21.14
1699,652,D24HourMean,QuarterlyMean,Mean,16.10
1709,680,D24HourMean,QuarterlyMean,Mean,24.27
1676,666,D24HourMean,QuarterlyMean,Mean,20.71
1715,647,D24HourMean,QuarterlyMean,Mean,15.78
1693,675,D24HourMean,QuarterlyMean,Mean,21.99
1696,672,D24HourMean,QuarterlyMean,Mean,22.87
1705,669,D24HourMean,QuarterlyMean,Mean,23.55
1710,680,D24HourMean,QuarterlyMean,Mean,22.29
1704,679,D24HourMean,QuarterlyMean,Mean,23.52
1713,644,D24HourMean,QuarterlyMean,Mean,14.76
1700,648,D24HourMean,QuarterlyMean,Mean,14.15
1716,655,D24HourMean,QuarterlyMean,Mean,19.26
1670,657,D24HourMean,QuarterlyMean,Mean,17.91
1672,672,D24HourMean,QuarterlyMean,Mean,20.29
1701,662,D24HourMean,QuarterlyMean,Mean,20.00
1709,664,D24HourMean,QuarterlyMean,Mean,21.44
1675,671,D24HourMean,QuarterlyMean,Mean,19.06
1697,652,D24HourMean,QuarterlyMean,Mean,15.74
1698,658,D24HourMean,QuarterlyMean,Mean,19.09
1677,664,D24HourMean,QuarterlyMean,Mean,19.66
1708,674,D24HourMean,QuarterlyMean,Mean,22.36
1655,674,D24HourMean,QuarterlyMean,Mean,23.04
1689,679,D24HourMean,QuarterlyMean,Mean,23.73
1701,674,D24HourMean,QuarterlyMean,Mean,21.99
1677,680,D24HourMean,QuarterlyMean,Mean,22.40
1713,635,D24HourMean,QuarterlyMean,Mean,13.07
1719,641,D24HourMean,QuarterlyMean,Mean,15.59
1700,651,D24HourMean,QuarterlyMean,Mean,15.79
1684,678,D24HourMean,QuarterlyMean,Mean,23.66
1713,675,D24HourMean,QuarterlyMean,Mean,23.41
1677,669,D24HourMean,QuarterlyMean,Mean,20.71
1693,662,D24HourMean,QuarterlyMean,Mean,19.30
1715,665,D24HourMean,QuarterlyMean,Mean,20.75
1687,661,D24HourMean,QuarterlyMean,Mean,20.22
1691,671,D24HourMean,QuarterlyMean,Mean,21.57
1667,661,D24HourMean,QuarterlyMean,Mean,18.54
1687,671,D24HourMean,QuarterlyMean,Mean,20.92
1713,645,D24HourMean,QuarterlyMean,Mean,15.93
1692,658,D24HourMean,QuarterlyMean,Mean,18.80
1681,673,D24HourMean,QuarterlyMean,Mean,20.53
1713,636,D24HourMean,QuarterlyMean,Mean,14.18
1658,674,D24HourMean,QuarterlyMean,Mean,24.72
1667,655,D24HourMean,QuarterlyMean,Mean,19.37
1704,648,D24HourMean,QuarterlyMean,Mean,14.78
1672,671,D24HourMean,QuarterlyMean,Mean,20.18
1693,676,D24HourMean,QuarterlyMean,Mean,23.15
1707,645,D24HourMean,QuarterlyMean,Mean,13.92
1717,644,D24HourMean,QuarterlyMean,Mean,16.79
1710,637,D24HourMean,QuarterlyMean,Mean,13.80
1722,647,D24HourMean,QuarterlyMean,Mean,17.65
1681,665,D24HourMean,QuarterlyMean,Mean,20.64
1701,655,D24HourMean,QuarterlyMean,Mean,18.22
1699,674,D24HourMean,QuarterlyMean,Mean,22.53
1687,677,D24HourMean,QuarterlyMean,Mean,22.69
1665,681,D24HourMean,QuarterlyMean,Mean,25.77
1675,670,D24HourMean,QuarterlyMean,Mean,19.40
1715,661,D24HourMean,QuarterlyMean,Mean,19.89
1680,659,D24HourMean,QuarterlyMean,Mean,18.19
1716,663,D24HourMean,QuarterlyMean,Mean,20.77
1661,672,D24HourMean,QuarterlyMean,Mean,23.90
1667,663,D24HourMean,QuarterlyMean,Mean,19.80
1710,667,D24HourMean,QuarterlyMean,Mean,22.18
1715,639,D24HourMean,QuarterlyMean,Mean,14.12
1716,642,D24HourMean,QuarterlyMean,Mean,16.51
1667,686,D24HourMean,QuarterlyMean,Mean,28.83
1714,644,D24HourMean,QuarterlyMean,Mean,15.03
1715,648,D24HourMean,QuarterlyMean,Mean,16.65
1719,656,D24HourMean,QuarterlyMean,Mean,20.69
1687,666,D24HourMean,QuarterlyMean,Mean,20.88
1705,679,D24HourMean,QuarterlyMean,Mean,23.47
1691,666,D24HourMean,QuarterlyMean,Mean,20.82
1699,662,D24HourMean,QuarterlyMean,Mean,19.85
1660,664,D24HourMean,QuarterlyMean,Mean,20.74
1711,641,D24HourMean,QuarterlyMean,Mean,14.43
1658,671,D24HourMean,QuarterlyMean,Mean,23.79
1711,675,D24HourMean,QuarterlyMean,Mean,23.15
1677,662,D24HourMean,QuarterlyMean,Mean,19.39
1665,666,D24HourMean,QuarterlyMean,Mean,19.97
1667,653,D24HourMean,QuarterlyMean,Mean,18.67
1705,674,D24HourMean,QuarterlyMean,Mean,22.55
1708,640,D24HourMean,QuarterlyMean,Mean,14.96
1708,673,D24HourMean,QuarterlyMean,Mean,22.01
1695,649,D24HourMean,QuarterlyMean,Mean,16.87
1708,653,D24HourMean,QuarterlyMean,Mean,17.94
1715,642,D24HourMean,QuarterlyMean,Mean,15.56
1705,645,D24HourMean,QuarterlyMean,Mean,14.25
1683,672,D24HourMean,QuarterlyMean,Mean,21.06
1699,675,D24HourMean,QuarterlyMean,Mean,22.20
1695,673,D24HourMean,QuarterlyMean,Mean,22.60
1665,669,D24HourMean,QuarterlyMean,Mean,20.53
1677,663,D24HourMean,QuarterlyMean,Mean,19.26
1700,671,D24HourMean,QuarterlyMean,Mean,21.56
1720,661,D24HourMean,QuarterlyMean,Mean,20.40
1682,676,D24HourMean,QuarterlyMean,Mean,21.75
1708,634,D24HourMean,QuarterlyMean,Mean,11.98
1675,681,D24HourMean,QuarterlyMean,Mean,23.68
1711,674,D24HourMean,QuarterlyMean,Mean,22.55
1710,651,D24HourMean,QuarterlyMean,Mean,16.92
1712,663,D24HourMean,QuarterlyMean,Mean,18.77
1671,671,D24HourMean,QuarterlyMean,Mean,19.98
1661,673,D24HourMean,QuarterlyMean,Mean,23.87
1687,669,D24HourMean,QuarterlyMean,Mean,20.69
1670,675,D24HourMean,QuarterlyMean,Mean,23.12
1685,670,D24HourMean,QuarterlyMean,Mean,20.63
1695,662,D24HourMean,QuarterlyMean,Mean,20.08
1667,670,D24HourMean,QuarterlyMean,Mean,19.64
1660,676,D24HourMean,QuarterlyMean,Mean,25.80
1669,685,D24HourMean,QuarterlyMean,Mean,28.39
1712,662,D24HourMean,QuarterlyMean,Mean,19.64
1680,683,D24HourMean,QuarterlyMean,Mean,24.58
1676,680,D24HourMean,QuarterlyMean,Mean,22.76
1682,662,D24HourMean,QuarterlyMean,Mean,19.90
1706,677,D24HourMean,QuarterlyMean,Mean,24.12
1684,676,D24HourMean,QuarterlyMean,Mean,22.61
1670,656,D24HourMean,QuarterlyMean,Mean,18.35
1673,669,D24HourMean,QuarterlyMean,Mean,20.71
1698,668,D24HourMean,QuarterlyMean,Mean,21.20
1687,675,D24HourMean,QuarterlyMean,Mean,22.07
1695,678,D24HourMean,QuarterlyMean,Mean,22.76
1708,655,D24HourMean,QuarterlyMean,Mean,20.24
1672,659,D24HourMean,QuarterlyMean,Mean,18.41
1688,677,D24HourMean,QuarterlyMean,Mean,22.74
1673,663,D24HourMean,QuarterlyMean,Mean,19.30
1673,672,D24HourMean,QuarterlyMean,Mean,20.51
1672,668,D24HourMean,QuarterlyMean,Mean,20.63
1673,676,D24HourMean,QuarterlyMean,Mean,22.87
1668,680,D24HourMean,QuarterlyMean,Mean,25.22
1701,645,D24HourMean,QuarterlyMean,Mean,13.38
1657,662,D24HourMean,QuarterlyMean,Mean,23.34
1699,658,D24HourMean,QuarterlyMean,Mean,18.33
1688,673,D24HourMean,QuarterlyMean,Mean,22.18
1674,669,D24HourMean,QuarterlyMean,Mean,21.12
1660,667,D24HourMean,QuarterlyMean,Mean,20.53
1717,658,D24HourMean,QuarterlyMean,Mean,20.55
1678,681,D24HourMean,QuarterlyMean,Mean,22.88
1679,659,D24HourMean,QuarterlyMean,Mean,18.58
1703,671,D24HourMean,QuarterlyMean,Mean,21.61
1709,667,D24HourMean,QuarterlyMean,Mean,22.40
1670,664,D24HourMean,QuarterlyMean,Mean,20.03
1719,639,D24HourMean,QuarterlyMean,Mean,15.08
1711,657,D24HourMean,QuarterlyMean,Mean,18.45
1715,666,D24HourMean,QuarterlyMean,Mean,21.78
1674,661,D24HourMean,QuarterlyMean,Mean,19.40
1658,661,D24HourMean,QuarterlyMean,Mean,22.26
1682,670,D24HourMean,QuarterlyMean,Mean,20.79
1717,637,D24HourMean,QuarterlyMean,Mean,14.15
1665,665,D24HourMean,QuarterlyMean,Mean,21.03
1705,655,D24HourMean,QuarterlyMean,Mean,18.85
1676,679,D24HourMean,QuarterlyMean,Mean,22.08
1685,677,D24HourMean,QuarterlyMean,Mean,23.09
1674,678,D24HourMean,QuarterlyMean,Mean,23.50
1658,665,D24HourMean,QuarterlyMean,Mean,21.20
1711,656,D24HourMean,QuarterlyMean,Mean,18.25
1696,646,D24HourMean,QuarterlyMean,Mean,16.57
1674,682,D24HourMean,QuarterlyMean,Mean,24.52
1661,681,D24HourMean,QuarterlyMean,Mean,27.51
1716,664,D24HourMean,QuarterlyMean,Mean,21.12
1668,676,D24HourMean,QuarterlyMean,Mean,24.09
1682,681,D24HourMean,QuarterlyMean,Mean,24.00
1694,675,D24HourMean,QuarterlyMean,Mean,21.70
1673,665,D24HourMean,QuarterlyMean,Mean,20.30
1702,653,D24HourMean,QuarterlyMean,Mean,16.67
1662,665,D24HourMean,QuarterlyMean,Mean,23.39
1676,667,D24HourMean,QuarterlyMean,Mean,19.95
1698,681,D24HourMean,QuarterlyMean,Mean,23.42
1689,676,D24HourMean,QuarterlyMean,Mean,22.72
1654,667,D24HourMean,QuarterlyMean,Mean,24.74
1703,665,D24HourMean,QuarterlyMean,Mean,20.87
1680,664,D24HourMean,QuarterlyMean,Mean,19.61
1659,665,D24HourMean,QuarterlyMean,Mean,20.43
1704,671,D24HourMean,QuarterlyMean,Mean,21.43
1715,649,D24HourMean,QuarterlyMean,Mean,17.32
1703,674,D24HourMean,QuarterlyMean,Mean,22.60
1668,682,D24HourMean,QuarterlyMean,Mean,26.23
1679,663,D24HourMean,QuarterlyMean,Mean,18.96
1702,651,D24HourMean,QuarterlyMean,Mean,15.32
1684,666,D24HourMean,QuarterlyMean,Mean,21.33
1676,660,D24HourMean,QuarterlyMean,Mean,19.68
1700,669,D24HourMean,QuarterlyMean,Mean,21.89
1707,657,D24HourMean,QuarterlyMean,Mean,19.85
1706,655,D24HourMean,QuarterlyMean,Mean,19.55
1668,659,D24HourMean,QuarterlyMean,Mean,19.30
1672,658,D24HourMean,QuarterlyMean,Mean,18.54
1685,661,D24HourMean,QuarterlyMean,Mean,19.84
1665,671,D24HourMean,QuarterlyMean,Mean,20.59
1674,673,D24HourMean,QuarterlyMean,Mean,20.32
1686,668,D24HourMean,QuarterlyMean,Mean,20.95
1684,660,D24HourMean,QuarterlyMean,Mean,19.45
1670,658,D24HourMean,QuarterlyMean,Mean,18.20
1710,649,D24HourMean,QuarterlyMean,Mean,16.21
1671,675,D24HourMean,QuarterlyMean,Mean,22.05
1694,653,D24HourMean,QuarterlyMean,Mean,16.26
1713,641,D24HourMean,QuarterlyMean,Mean,14.66
1674,668,D24HourMean,QuarterlyMean,Mean,21.06
1694,663,D24HourMean,QuarterlyMean,Mean,19.47
1693,678,D24HourMean,QuarterlyMean,Mean,22.95
1694,655,D24HourMean,QuarterlyMean,Mean,18.22
1699,653,D24HourMean,QuarterlyMean,Mean,15.41
1716,654,D24HourMean,QuarterlyMean,Mean,19.18
1695,665,D24HourMean,QuarterlyMean,Mean,22.58
1704,674,D24HourMean,QuarterlyMean,Mean,22.40
1711,680,D24HourMean,QuarterlyMean,Mean,23.03
1691,679,D24HourMean,QuarterlyMean,Mean,24.09
1708,665,D24HourMean,QuarterlyMean,Mean,20.55
1705,667,D24HourMean,QuarterlyMean,Mean,23.26
1688,669,D24HourMean,QuarterlyMean,Mean,20.67
1677,659,D24HourMean,QuarterlyMean,Mean,20.13
1673,680,D24HourMean,QuarterlyMean,Mean,23.93
1713,674,D24HourMean,QuarterlyMean,Mean,23.36
1686,675,D24HourMean,QuarterlyMean,Mean,21.09
1690,665,D24HourMean,QuarterlyMean,Mean,20.93
1676,681,D24HourMean,QuarterlyMean,Mean,23.28
1712,646,D24HourMean,QuarterlyMean,Mean,16.20
1715,658,D24HourMean,QuarterlyMean,Mean,19.85
1697,656,D24HourMean,QuarterlyMean,Mean,18.79
1708,666,D24HourMean,QuarterlyMean,Mean,21.09
1666,654,D24HourMean,QuarterlyMean,Mean,20.66
1666,680,D24HourMean,QuarterlyMean,Mean,25.74
1667,682,D24HourMean,QuarterlyMean,Mean,26.16
1659,675,D24HourMean,QuarterlyMean,Mean,25.55
1669,663,D24HourMean,QuarterlyMean,Mean,18.74
1684,674,D24HourMean,QuarterlyMean,Mean,20.67
1723,645,D24HourMean,QuarterlyMean,Mean,16.97
1719,651,D24HourMean,QuarterlyMean,Mean,17.49
1698,674,D24HourMean,QuarterlyMean,Mean,22.52
1711,668,D24HourMean,QuarterlyMean,Mean,22.16
1714,653,D24HourMean,QuarterlyMean,Mean,17.31
1709,645,D24HourMean,QuarterlyMean,Mean,14.27
1710,678,D24HourMean,QuarterlyMean,Mean,21.84
1701,680,D24HourMean,QuarterlyMean,Mean,24.01
1696,655,D24HourMean,QuarterlyMean,Mean,18.45
1703,662,D24HourMean,QuarterlyMean,Mean,18.69
1691,669,D24HourMean,QuarterlyMean,Mean,22.39
1685,674,D24HourMean,QuarterlyMean,Mean,20.63
1660,672,D24HourMean,QuarterlyMean,Mean,22.58
1695,667,D24HourMean,QuarterlyMean,Mean,23.42
1696,657,D24HourMean,QuarterlyMean,Mean,20.29
1716,670,D24HourMean,QuarterlyMean,Mean,21.59
1678,672,D24HourMean,QuarterlyMean,Mean,20.72
1684,679,D24HourMean,QuarterlyMean,Mean,23.14
1689,670,D24HourMean,QuarterlyMean,Mean,20.93
1663,660,D24HourMean,QuarterlyMean,Mean,21.49
1681,664,D24HourMean,QuarterlyMean,Mean,19.39
1690,666,D24HourMean,QuarterlyMean,Mean,21.72
1710,650,D24HourMean,QuarterlyMean,Mean,16.88
1665,657,D24HourMean,QuarterlyMean,Mean,21.22
1670,678,D24HourMean,QuarterlyMean,Mean,26.27
1692,659,D24HourMean,QuarterlyMean,Mean,19.47
1685,673,D24HourMean,QuarterlyMean,Mean,21.22
1718,641,D24HourMean,QuarterlyMean,Mean,15.29
1654,672,D24HourMean,QuarterlyMean,Mean,24.01
1701,665,D24HourMean,QuarterlyMean,Mean,20.95
1697,678,D24HourMean,QuarterlyMean,Mean,23.23
1709,678,D24HourMean,QuarterlyMean,Mean,22.31
1678,661,D24HourMean,QuarterlyMean,Mean,18.74
1716,667,D24HourMean,QuarterlyMean,Mean,22.45
1693,664,D24HourMean,QuarterlyMean,Mean,22.45
1708,656,D24HourMean,QuarterlyMean,Mean,19.55
1717,646,D24HourMean,QuarterlyMean,Mean,15.82
1719,663,D24HourMean,QuarterlyMean,Mean,20.26
1715,662,D24HourMean,QuarterlyMean,Mean,20.51
1673,657,D24HourMean,QuarterlyMean,Mean,18.64
1716,647,D24HourMean,QuarterlyMean,Mean,15.88
1709,673,D24HourMean,QuarterlyMean,Mean,22.58
1681,660,D24HourMean,QuarterlyMean,Mean,19.60
1678,671,D24HourMean,QuarterlyMean,Mean,19.50
1663,663,D24HourMean,QuarterlyMean,Mean,19.89
1715,637,D24HourMean,QuarterlyMean,Mean,15.18
1686,676,D24HourMean,QuarterlyMean,Mean,22.64
1708,659,D24HourMean,QuarterlyMean,Mean,18.79
1698,672,D24HourMean,QuarterlyMean,Mean,23.01
1704,666,D24HourMean,QuarterlyMean,Mean,23.54
1684,680,D24HourMean,QuarterlyMean,Mean,23.17
1702,665,D24HourMean,QuarterlyMean,Mean,21.14
1671,682,D24HourMean,QuarterlyMean,Mean,26.68
1720,641,D24HourMean,QuarterlyMean,Mean,15.28
1698,673,D24HourMean,QuarterlyMean,Mean,22.55
1717,641,D24HourMean,QuarterlyMean,Mean,14.96
1682,671,D24HourMean,QuarterlyMean,Mean,20.56
1681,667,D24HourMean,QuarterlyMean,Mean,20.37
1707,638,D24HourMean,QuarterlyMean,Mean,12.78
1691,672,D24HourMean,QuarterlyMean,Mean,22.12
1710,658,D24HourMean,QuarterlyMean,Mean,18.74
1705,665,D24HourMean,QuarterlyMean,Mean,21.59
1690,659,D24HourMean,QuarterlyMean,Mean,17.89
1683,682,D24HourMean,QuarterlyMean,Mean,24.38
1695,656,D24HourMean,QuarterlyMean,Mean,20.13
1658,675,D24HourMean,QuarterlyMean,Mean,25.72
1697,674,D24HourMean,QuarterlyMean,Mean,22.23
1680,669,D24HourMean,QuarterlyMean,Mean,20.32
1707,670,D24HourMean,QuarterlyMean,Mean,22.76
1661,669,D24HourMean,QuarterlyMean,Mean,24.57
1704,669,D24HourMean,QuarterlyMean,Mean,21.83
1685,682,D24HourMean,QuarterlyMean,Mean,23.76
1706,674,D24HourMean,QuarterlyMean,Mean,21.93
1667,656,D24HourMean,QuarterlyMean,Mean,19.61
1708,669,D24HourMean,QuarterlyMean,Mean,22.64
1695,679,D24HourMean,QuarterlyMean,Mean,22.85
1704,655,D24HourMean,QuarterlyMean,Mean,17.39
1707,669,D24HourMean,QuarterlyMean,Mean,22.50
1667,654,D24HourMean,QuarterlyMean,Mean,19.79
1701,673,D24HourMean,QuarterlyMean,Mean,21.83
1716,666,D24HourMean,QuarterlyMean,Mean,21.83
1707,662,D24HourMean,QuarterlyMean,Mean,18.58
1711,638,D24HourMean,QuarterlyMean,Mean,14.81
1674,664,D24HourMean,QuarterlyMean,Mean,19.51
1666,667,D24HourMean,QuarterlyMean,Mean,21.30
1713,661,D24HourMean,QuarterlyMean,Mean,20.30
1674,676,D24HourMean,QuarterlyMean,Mean,22.40
1692,664,D24HourMean,QuarterlyMean,Mean,21.17
1711,642,D24HourMean,QuarterlyMean,Mean,13.72
1703,654,D24HourMean,QuarterlyMean,Mean,16.49
1664,667,D24HourMean,QuarterlyMean,Mean,21.33
1693,656,D24HourMean,QuarterlyMean,Mean,19.39
1656,663,D24HourMean,QuarterlyMean,Mean,23.92
1714,649,D24HourMean,QuarterlyMean,Mean,17.57
1705,650,D24HourMean,QuarterlyMean,Mean,15.46
1716,651,D24HourMean,QuarterlyMean,Mean,16.75
1670,655,D24HourMean,QuarterlyMean,Mean,17.78
1676,670,D24HourMean,QuarterlyMean,Mean,19.27
1713,654,D24HourMean,QuarterlyMean,Mean,17.03
1717,653,D24HourMean,QuarterlyMean,Mean,19.11
1671,665,D24HourMean,QuarterlyMean,Mean,20.05
1720,648,D24HourMean,QuarterlyMean,Mean,17.63
1661,660,D24HourMean,QuarterlyMean,Mean,22.16
1688,661,D24HourMean,QuarterlyMean,Mean,19.82
1694,673,D24HourMean,QuarterlyMean,Mean,21.25
1712,643,D24HourMean,QuarterlyMean,Mean,13.97
1696,673,D24HourMean,QuarterlyMean,Mean,21.81
1652,671,D24HourMean,QuarterlyMean,Mean,25.63
1703,651,D24HourMean,QuarterlyMean,Mean,15.82
1665,678,D24HourMean,QuarterlyMean,Mean,25.55
1686,672,D24HourMean,QuarterlyMean,Mean,21.72
1675,679,D24HourMean,QuarterlyMean,Mean,22.20
1717,645,D24HourMean,QuarterlyMean,Mean,18.04
1673,661,D24HourMean,QuarterlyMean,Mean,19.26
1684,672,D24HourMean,QuarterlyMean,Mean,20.90
1657,674,D24HourMean,QuarterlyMean,Mean,25.12
1663,662,D24HourMean,QuarterlyMean,Mean,20.46
1710,665,D24HourMean,QuarterlyMean,Mean,20.85
1718,654,D24HourMean,QuarterlyMean,Mean,20.06
1706,642,D24HourMean,QuarterlyMean,Mean,13.19
1655,668,D24HourMean,QuarterlyMean,Mean,24.41
1669,670,D24HourMean,QuarterlyMean,Mean,19.19
1701,649,D24HourMean,QuarterlyMean,Mean,14.42
1690,671,D24HourMean,QuarterlyMean,Mean,21.38
1716,659,D24HourMean,QuarterlyMean,Mean,20.43
1675,674,D24HourMean,QuarterlyMean,Mean,20.63
1676,662,D24HourMean,QuarterlyMean,Mean,19.48
1716,660,D24HourMean,QuarterlyMean,Mean,20.43
1706,665,D24HourMean,QuarterlyMean,Mean,19.90
1679,662,D24HourMean,QuarterlyMean,Mean,19.06
1657,671,D24HourMean,QuarterlyMean,Mean,23.66
1701,656,D24HourMean,QuarterlyMean,Mean,17.52
1706,654,D24HourMean,QuarterlyMean,Mean,18.69
1712,668,D24HourMean,QuarterlyMean,Mean,22.56
1698,652,D24HourMean,QuarterlyMean,Mean,15.97
1704,645,D24HourMean,QuarterlyMean,Mean,13.67
1712,641,D24HourMean,QuarterlyMean,Mean,14.70
1708,645,D24HourMean,QuarterlyMean,Mean,14.00
1661,671,D24HourMean,QuarterlyMean,Mean,21.81
1671,681,D24HourMean,QuarterlyMean,Mean,26.37
1698,659,D24HourMean,QuarterlyMean,Mean,19.16
1704,681,D24HourMean,QuarterlyMean,Mean,23.96
1668,660,D24HourMean,QuarterlyMean,Mean,19.05
1697,670,D24HourMean,QuarterlyMean,Mean,21.54
1701,659,D24HourMean,QuarterlyMean,Mean,18.51
1720,653,D24HourMean,QuarterlyMean,Mean,18.76
1664,670,D24HourMean,QuarterlyMean,Mean,21.54
1712,659,D24HourMean,QuarterlyMean,Mean,19.55
1688,674,D24HourMean,QuarterlyMean,Mean,22.12
1662,668,D24HourMean,QuarterlyMean,Mean,22.80
1719,647,D24HourMean,QuarterlyMean,Mean,17.31
1686,680,D24HourMean,QuarterlyMean,Mean,23.15
1704,677,D24HourMean,QuarterlyMean,Mean,23.33
1719,655,D24HourMean,QuarterlyMean,Mean,19.60
1707,672,D24HourMean,QuarterlyMean,Mean,21.01
1702,667,D24HourMean,QuarterlyMean,Mean,20.98
1688,667,D24HourMean,QuarterlyMean,Mean,21.64
1701,676,D24HourMean,QuarterlyMean,Mean,23.06
1669,651,D24HourMean,QuarterlyMean,Mean,18.66
1669,653,D24HourMean,QuarterlyMean,Mean,18.93
1659,671,D24HourMean,QuarterlyMean,Mean,22.96
1701,657,D24HourMean,QuarterlyMean,Mean,16.64
1711,654,D24HourMean,QuarterlyMean,Mean,18.69
1691,661,D24HourMean,QuarterlyMean,Mean,20.01
1668,653,D24HourMean,QuarterlyMean,Mean,18.58
1695,648,D24HourMean,QuarterlyMean,Mean,17.08
1718,663,D24HourMean,QuarterlyMean,Mean,20.93
1666,670,D24HourMean,QuarterlyMean,Mean,20.56
1668,661,D24HourMean,QuarterlyMean,Mean,18.25
1696,670,D24HourMean,QuarterlyMean,Mean,22.25
1698,666,D24HourMean,QuarterlyMean,Mean,21.35
1667,664,D24HourMean,QuarterlyMean,Mean,19.92
1681,676,D24HourMean,QuarterlyMean,Mean,21.32
1667,678,D24HourMean,QuarterlyMean,Mean,25.50
1683,663,D24HourMean,QuarterlyMean,Mean,19.84
1675,664,D24HourMean,QuarterlyMean,Mean,19.47
1675,672,D24HourMean,QuarterlyMean,Mean,20.51
1708,644,D24HourMean,QuarterlyMean,Mean,13.88
1666,662,D24HourMean,QuarterlyMean,Mean,19.58
1664,673,D24HourMean,QuarterlyMean,Mean,23.66
1712,653,D24HourMean,QuarterlyMean,Mean,18.22
1677,671,D24HourMean,QuarterlyMean,Mean,19.40
1667,660,D24HourMean,QuarterlyMean,Mean,19.68
1711,659,D24HourMean,QuarterlyMean,Mean,19.18
1693,655,D24HourMean,QuarterlyMean,Mean,18.77
1719,654,D24HourMean,QuarterlyMean,Mean,19.68
1701,654,D24HourMean,QuarterlyMean,Mean,16.90
1686,663,D24HourMean,QuarterlyMean,Mean,20.08
1714,639,D24HourMean,QuarterlyMean,Mean,13.72
1654,673,D24HourMean,QuarterlyMean,Mean,23.17
1693,660,D24HourMean,QuarterlyMean,Mean,19.18
1668,666,D24HourMean,QuarterlyMean,Mean,19.53
1677,678,D24HourMean,QuarterlyMean,Mean,22.44
1711,661,D24HourMean,QuarterlyMean,Mean,18.80
1700,655,D24HourMean,QuarterlyMean,Mean,17.29
1699,669,D24HourMean,QuarterlyMean,Mean,22.09
1680,665,D24HourMean,QuarterlyMean,Mean,19.85
1666,682,D24HourMean,QuarterlyMean,Mean,26.18
1708,672,D24HourMean,QuarterlyMean,Mean,22.04
1675,667,D24HourMean,QuarterlyMean,Mean,21.01
1671,659,D24HourMean,QuarterlyMean,Mean,18.36
1670,671,D24HourMean,QuarterlyMean,Mean,19.74
1675,669,D24HourMean,QuarterlyMean,Mean,21.40
1670,674,D24HourMean,QuarterlyMean,Mean,21.33
1698,649,D24HourMean,QuarterlyMean,Mean,15.97
1714,673,D24HourMean,QuarterlyMean,Mean,23.73
1665,662,D24HourMean,QuarterlyMean,Mean,19.80
1671,676,D24HourMean,QuarterlyMean,Mean,22.87
1713,643,D24HourMean,QuarterlyMean,Mean,14.45
1706,650,D24HourMean,QuarterlyMean,Mean,16.44
1681,683,D24HourMean,QuarterlyMean,Mean,24.39
1707,660,D24HourMean,QuarterlyMean,Mean,18.95
1683,681,D24HourMean,QuarterlyMean,Mean,23.79
1706,667,D24HourMean,QuarterlyMean,Mean,22.68
1686,660,D24HourMean,QuarterlyMean,Mean,20.01
1692,670,D24HourMean,QuarterlyMean,Mean,21.65
1697,649,D24HourMean,QuarterlyMean,Mean,15.69
1684,663,D24HourMean,QuarterlyMean,Mean,19.77
1696,652,D24HourMean,QuarterlyMean,Mean,15.85
1701,670,D24HourMean,QuarterlyMean,Mean,21.80
1664,672,D24HourMean,QuarterlyMean,Mean,21.84
1670,683,D24HourMean,QuarterlyMean,Mean,26.49
1714,666,D24HourMean,QuarterlyMean,Mean,21.32
1696,680,D24HourMean,QuarterlyMean,Mean,24.03
1699,664,D24HourMean,QuarterlyMean,Mean,24.12
1712,652,D24HourMean,QuarterlyMean,Mean,17.67
1657,667,D24HourMean,QuarterlyMean,Mean,23.49
1669,674,D24HourMean,QuarterlyMean,Mean,22.50
1699,654,D24HourMean,QuarterlyMean,Mean,17.13
1667,666,D24HourMean,QuarterlyMean,Mean,19.98
1704,675,D24HourMean,QuarterlyMean,Mean,21.97
1712,644,D24HourMean,QuarterlyMean,Mean,15.57
1697,673,D24HourMean,QuarterlyMean,Mean,22.69
1712,669,D24HourMean,QuarterlyMean,Mean,22.55
1716,668,D24HourMean,QuarterlyMean,Mean,22.36
1674,656,D24HourMean,QuarterlyMean,Mean,18.48
1691,673,D24HourMean,QuarterlyMean,Mean,21.93
1692,676,D24HourMean,QuarterlyMean,Mean,23.19
1675,675,D24HourMean,QuarterlyMean,Mean,21.25
1690,660,D24HourMean,QuarterlyMean,Mean,19.18
1712,670,D24HourMean,QuarterlyMean,Mean,24.90
1670,677,D24HourMean,QuarterlyMean,Mean,24.96
1686,665,D24HourMean,QuarterlyMean,Mean,21.09
1708,639,D24HourMean,QuarterlyMean,Mean,14.27
1680,681,D24HourMean,QuarterlyMean,Mean,23.38
1684,683,D24HourMean,QuarterlyMean,Mean,24.33
1695,650,D24HourMean,QuarterlyMean,Mean,14.68
1686,662,D24HourMean,QuarterlyMean,Mean,19.97
1689,677,D24HourMean,QuarterlyMean,Mean,22.79
1702,669,D24HourMean,QuarterlyMean,Mean,20.90
1720,640,D24HourMean,QuarterlyMean,Mean,15.55
1678,663,D24HourMean,QuarterlyMean,Mean,19.06
1696,648,D24HourMean,QuarterlyMean,Mean,15.75
1714,648,D24HourMean,QuarterlyMean,Mean,16.75
1696,662,D24HourMean,QuarterlyMean,Mean,22.04
1706,672,D24HourMean,QuarterlyMean,Mean,20.68
1701,658,D24HourMean,QuarterlyMean,Mean,17.58
1660,661,D24HourMean,QuarterlyMean,Mean,21.92
1700,677,D24HourMean,QuarterlyMean,Mean,23.58
1683,660,D24HourMean,QuarterlyMean,Mean,19.19
1684,682,D24HourMean,QuarterlyMean,Mean,24.00
1672,661,D24HourMean,QuarterlyMean,Mean,18.74
1674,672,D24HourMean,QuarterlyMean,Mean,20.77
1713,657,D24HourMean,QuarterlyMean,Mean,19.79
1658,676,D24HourMean,QuarterlyMean,Mean,27.36
1669,684,D24HourMean,QuarterlyMean,Mean,27.95
1678,674,D24HourMean,QuarterlyMean,Mean,20.42
1669,665,D24HourMean,QuarterlyMean,Mean,19.34
1685,671,D24HourMean,QuarterlyMean,Mean,20.32
1716,652,D24HourMean,QuarterlyMean,Mean,17.42
1709,643,D24HourMean,QuarterlyMean,Mean,14.07
1709,658,D24HourMean,QuarterlyMean,Mean,18.66
1713,638,D24HourMean,QuarterlyMean,Mean,14.20
1667,662,D24HourMean,QuarterlyMean,Mean,19.97
1704,651,D24HourMean,QuarterlyMean,Mean,15.32
1706,640,D24HourMean,QuarterlyMean,Mean,13.55
1679,661,D24HourMean,QuarterlyMean,Mean,19.42
1709,644,D24HourMean,QuarterlyMean,Mean,13.98
1684,662,D24HourMean,QuarterlyMean,Mean,19.68
1716,656,D24HourMean,QuarterlyMean,Mean,19.77
1716,637,D24HourMean,QuarterlyMean,Mean,14.35
1693,669,D24HourMean,QuarterlyMean,Mean,22.01
