Column,Row,Metric,Seasonal Metric,Annual Metric,Values
2841,673,D24HourMean,QuarterlyMean,Mean,10.57
2859,698,D24HourMean,QuarterlyMean,Mean,13.63
2855,693,D24HourMean,QuarterlyMean,Mean,14.40
2853,700,D24HourMean,QuarterlyMean,Mean,14.76
2827,691,D24HourMean,QuarterlyMean,Mean,15.93
2839,680,D24HourMean,QuarterlyMean,Mean,12.73
2860,682,D24HourMean,QuarterlyMean,Mean,14.35
2856,679,D24HourMean,QuarterlyMean,Mean,13.72
2857,690,D24HourMean,QuarterlyMean,Mean,14.66
2862,684,D24HourMean,QuarterlyMean,Mean,15.19
2853,675,D24HourMean,QuarterlyMean,Mean,16.42
2841,695,D24HourMean,QuarterlyMean,Mean,15.27
2859,690,D24HourMean,QuarterlyMean,Mean,14.30
2845,675,D24HourMean,QuarterlyMean,Mean,13.28
2833,685,D24HourMean,QuarterlyMean,Mean,14.81
2869,693,D24HourMean,QuarterlyMean,Mean,15.85
2843,675,D24HourMean,QuarterlyMean,Mean,11.64
2850,668,D24HourMean,QuarterlyMean,Mean,16.37
2847,687,D24HourMean,QuarterlyMean,Mean,13.73
2863,678,D24HourMean,QuarterlyMean,Mean,14.83
2834,702,D24HourMean,QuarterlyMean,Mean,16.18
2838,693,D24HourMean,QuarterlyMean,Mean,17.03
2835,682,D24HourMean,QuarterlyMean,Mean,13.13
2846,669,D24HourMean,QuarterlyMean,Mean,13.12
2848,676,D24HourMean,QuarterlyMean,Mean,17.11
2835,683,D24HourMean,QuarterlyMean,Mean,13.85
2872,686,D24HourMean,QuarterlyMean,Mean,16.61
2858,678,D24HourMean,QuarterlyMean,Mean,14.91
2862,695,D24HourMean,QuarterlyMean,Mean,14.63
2853,680,D24HourMean,QuarterlyMean,Mean,17.00
2834,678,D24HourMean,QuarterlyMean,Mean,9.96
2827,689,D24HourMean,QuarterlyMean,Mean,15.31
2852,687,D24HourMean,QuarterlyMean,Mean,14.26
2840,685,D24HourMean,QuarterlyMean,Mean,13.88
2854,669,D24HourMean,QuarterlyMean,Mean,14.96
2836,700,D24HourMean,QuarterlyMean,Mean,15.85
2845,679,D24HourMean,QuarterlyMean,Mean,12.78
2859,694,D24HourMean,QuarterlyMean,Mean,13.67
2856,687,D24HourMean,QuarterlyMean,Mean,14.07
2831,691,D24HourMean,QuarterlyMean,Mean,14.76
2867,687,D24HourMean,QuarterlyMean,Mean,16.16
2848,688,D24HourMean,QuarterlyMean,Mean,13.62
2862,688,D24HourMean,QuarterlyMean,Mean,15.37
2830,691,D24HourMean,QuarterlyMean,Mean,15.50
2865,690,D24HourMean,QuarterlyMean,Mean,15.44
2849,666,D24HourMean,QuarterlyMean,Mean,14.13
2867,683,D24HourMean,QuarterlyMean,Mean,16.49
2859,692,D24HourMean,QuarterlyMean,Mean,13.70
2861,678,D24HourMean,QuarterlyMean,Mean,15.78
2865,683,D24HourMean,QuarterlyMean,Mean,16.36
2845,680,D24HourMean,QuarterlyMean,Mean,12.48
2843,676,D24HourMean,QuarterlyMean,Mean,12.85
2855,684,D24HourMean,QuarterlyMean,Mean,13.87
2871,687,D24HourMean,QuarterlyMean,Mean,15.85
2831,681,D24HourMean,QuarterlyMean,Mean,10.59
2848,693,D24HourMean,QuarterlyMean,Mean,14.07
2825,692,D24HourMean,QuarterlyMean,Mean,15.80
2852,681,D24HourMean,QuarterlyMean,Mean,14.81
2870,682,D24HourMean,QuarterlyMean,Mean,16.33
2827,687,D24HourMean,QuarterlyMean,Mean,13.77
2851,695,D24HourMean,QuarterlyMean,Mean,15.19
2875,692,D24HourMean,QuarterlyMean,Mean,15.82
2841,666,D24HourMean,QuarterlyMean,Mean,11.01
2870,688,D24HourMean,QuarterlyMean,Mean,16.05
2850,695,D24HourMean,QuarterlyMean,Mean,15.29
2837,698,D24HourMean,QuarterlyMean,Mean,15.62
2846,665,D24HourMean,QuarterlyMean,Mean,12.16
2841,680,D24HourMean,QuarterlyMean,Mean,12.08
2851,698,D24HourMean,QuarterlyMean,Mean,15.39
2871,701,D24HourMean,QuarterlyMean,Mean,14.63
2842,688,D24HourMean,QuarterlyMean,Mean,14.46
2829,697,D24HourMean,QuarterlyMean,Mean,15.50
2852,679,D24HourMean,QuarterlyMean,Mean,16.90
2847,667,D24HourMean,QuarterlyMean,Mean,14.31
2845,686,D24HourMean,QuarterlyMean,Mean,14.25
2850,669,D24HourMean,QuarterlyMean,Mean,15.95
2842,701,D24HourMean,QuarterlyMean,Mean,15.27
2860,670,D24HourMean,QuarterlyMean,Mean,14.25
2844,695,D24HourMean,QuarterlyMean,Mean,14.51
2839,690,D24HourMean,QuarterlyMean,Mean,13.08
2845,671,D24HourMean,QuarterlyMean,Mean,11.99
2865,687,D24HourMean,QuarterlyMean,Mean,16.19
2832,698,D24HourMean,QuarterlyMean,Mean,16.21
2836,673,D24HourMean,QuarterlyMean,Mean,10.16
2863,685,D24HourMean,QuarterlyMean,Mean,15.12
2845,689,D24HourMean,QuarterlyMean,Mean,13.87
2866,701,D24HourMean,QuarterlyMean,Mean,14.99
2838,682,D24HourMean,QuarterlyMean,Mean,13.80
2840,691,D24HourMean,QuarterlyMean,Mean,15.06
2850,666,D24HourMean,QuarterlyMean,Mean,14.76
2857,673,D24HourMean,QuarterlyMean,Mean,14.55
2844,692,D24HourMean,QuarterlyMean,Mean,14.12
2856,686,D24HourMean,QuarterlyMean,Mean,13.85
2872,694,D24HourMean,QuarterlyMean,Mean,16.31
2850,702,D24HourMean,QuarterlyMean,Mean,15.64
2869,702,D24HourMean,QuarterlyMean,Mean,13.50
2838,679,D24HourMean,QuarterlyMean,Mean,11.39
2866,680,D24HourMean,QuarterlyMean,Mean,16.95
2838,700,D24HourMean,QuarterlyMean,Mean,15.31
2850,690,D24HourMean,QuarterlyMean,Mean,14.35
2873,695,D24HourMean,QuarterlyMean,Mean,14.93
2832,688,D24HourMean,QuarterlyMean,Mean,16.31
2841,700,D24HourMean,QuarterlyMean,Mean,15.26
2867,703,D24HourMean,QuarterlyMean,Mean,13.38
2846,678,D24HourMean,QuarterlyMean,Mean,12.68
2827,686,D24HourMean,QuarterlyMean,Mean,13.08
2854,692,D24HourMean,QuarterlyMean,Mean,14.88
2831,679,D24HourMean,QuarterlyMean,Mean,10.64
2837,682,D24HourMean,QuarterlyMean,Mean,13.75
2848,694,D24HourMean,QuarterlyMean,Mean,14.03
2829,678,D24HourMean,QuarterlyMean,Mean,10.32
2843,698,D24HourMean,QuarterlyMean,Mean,14.99
2862,681,D24HourMean,QuarterlyMean,Mean,15.47
2855,680,D24HourMean,QuarterlyMean,Mean,16.60
2865,682,D24HourMean,QuarterlyMean,Mean,16.57
2870,699,D24HourMean,QuarterlyMean,Mean,14.41
2834,690,D24HourMean,QuarterlyMean,Mean,15.06
2833,679,D24HourMean,QuarterlyMean,Mean,10.26
2832,699,D24HourMean,QuarterlyMean,Mean,15.88
2844,672,D24HourMean,QuarterlyMean,Mean,11.49
2856,699,D24HourMean,QuarterlyMean,Mean,14.60
2845,676,D24HourMean,QuarterlyMean,Mean,12.85
2874,689,D24HourMean,QuarterlyMean,Mean,16.33
2843,670,D24HourMean,QuarterlyMean,Mean,11.06
2854,682,D24HourMean,QuarterlyMean,Mean,14.35
2858,689,D24HourMean,QuarterlyMean,Mean,13.97
2875,699,D24HourMean,QuarterlyMean,Mean,14.63
2868,702,D24HourMean,QuarterlyMean,Mean,13.23
2868,688,D24HourMean,QuarterlyMean,Mean,16.41
2828,686,D24HourMean,QuarterlyMean,Mean,13.75
2866,682,D24HourMean,QuarterlyMean,Mean,16.70
2837,696,D24HourMean,QuarterlyMean,Mean,16.11
2848,695,D24HourMean,QuarterlyMean,Mean,14.53
2851,694,D24HourMean,QuarterlyMean,Mean,14.74
2843,694,D24HourMean,QuarterlyMean,Mean,14.79
2870,694,D24HourMean,QuarterlyMean,Mean,16.51
2832,687,D24HourMean,QuarterlyMean,Mean,15.19
2870,691,D24HourMean,QuarterlyMean,Mean,16.20
2842,699,D24HourMean,QuarterlyMean,Mean,15.14
2830,677,D24HourMean,QuarterlyMean,Mean,10.37
2837,688,D24HourMean,QuarterlyMean,Mean,14.63
2839,669,D24HourMean,QuarterlyMean,Mean,10.47
2844,686,D24HourMean,QuarterlyMean,Mean,10.97
2827,690,D24HourMean,QuarterlyMean,Mean,15.49
2830,700,D24HourMean,QuarterlyMean,Mean,15.24
2857,687,D24HourMean,QuarterlyMean,Mean,14.13
2832,701,D24HourMean,QuarterlyMean,Mean,15.62
2868,692,D24HourMean,QuarterlyMean,Mean,15.72
2831,699,D24HourMean,QuarterlyMean,Mean,15.64
2834,693,D24HourMean,QuarterlyMean,Mean,15.36
2847,677,D24HourMean,QuarterlyMean,Mean,15.40
2848,683,D24HourMean,QuarterlyMean,Mean,14.66
2857,681,D24HourMean,QuarterlyMean,Mean,14.56
2838,680,D24HourMean,QuarterlyMean,Mean,12.85
2845,697,D24HourMean,QuarterlyMean,Mean,15.11
2876,687,D24HourMean,QuarterlyMean,Mean,16.59
2835,695,D24HourMean,QuarterlyMean,Mean,15.44
2868,685,D24HourMean,QuarterlyMean,Mean,16.42
2850,703,D24HourMean,QuarterlyMean,Mean,15.24
2836,689,D24HourMean,QuarterlyMean,Mean,15.01
2836,693,D24HourMean,QuarterlyMean,Mean,15.62
2842,675,D24HourMean,QuarterlyMean,Mean,11.74
2861,679,D24HourMean,QuarterlyMean,Mean,15.68
2860,683,D24HourMean,QuarterlyMean,Mean,14.48
2841,667,D24HourMean,QuarterlyMean,Mean,10.62
2830,692,D24HourMean,QuarterlyMean,Mean,15.36
2844,675,D24HourMean,QuarterlyMean,Mean,12.68
2871,697,D24HourMean,QuarterlyMean,Mean,15.24
2840,681,D24HourMean,QuarterlyMean,Mean,12.76
2851,690,D24HourMean,QuarterlyMean,Mean,14.89
2848,697,D24HourMean,QuarterlyMean,Mean,15.69
2870,681,D24HourMean,QuarterlyMean,Mean,16.26
2871,694,D24HourMean,QuarterlyMean,Mean,16.59
2874,694,D24HourMean,QuarterlyMean,Mean,15.03
2842,672,D24HourMean,QuarterlyMean,Mean,11.10
2829,681,D24HourMean,QuarterlyMean,Mean,10.49
2842,697,D24HourMean,QuarterlyMean,Mean,14.86
2848,667,D24HourMean,QuarterlyMean,Mean,15.39
2848,680,D24HourMean,QuarterlyMean,Mean,16.75
2850,678,D24HourMean,QuarterlyMean,Mean,17.36
2869,684,D24HourMean,QuarterlyMean,Mean,16.80
2849,670,D24HourMean,QuarterlyMean,Mean,15.22
2855,694,D24HourMean,QuarterlyMean,Mean,14.76
2836,684,D24HourMean,QuarterlyMean,Mean,14.38
2869,692,D24HourMean,QuarterlyMean,Mean,16.11
2846,688,D24HourMean,QuarterlyMean,Mean,13.70
2829,688,D24HourMean,QuarterlyMean,Mean,15.11
2852,698,D24HourMean,QuarterlyMean,Mean,15.80
2875,688,D24HourMean,QuarterlyMean,Mean,16.90
2863,686,D24HourMean,QuarterlyMean,Mean,15.03
2853,678,D24HourMean,QuarterlyMean,Mean,16.60
2859,679,D24HourMean,QuarterlyMean,Mean,14.86
2832,672,D24HourMean,QuarterlyMean,Mean,9.79
2846,673,D24HourMean,QuarterlyMean,Mean,13.00
2866,704,D24HourMean,QuarterlyMean,Mean,14.51
2834,682,D24HourMean,QuarterlyMean,Mean,12.63
2857,684,D24HourMean,QuarterlyMean,Mean,14.12
2829,686,D24HourMean,QuarterlyMean,Mean,14.10
2844,703,D24HourMean,QuarterlyMean,Mean,15.87
2851,677,D24HourMean,QuarterlyMean,Mean,17.96
2834,694,D24HourMean,QuarterlyMean,Mean,15.64
2861,684,D24HourMean,QuarterlyMean,Mean,15.24
2845,695,D24HourMean,QuarterlyMean,Mean,14.76
2837,670,D24HourMean,QuarterlyMean,Mean,10.38
2849,667,D24HourMean,QuarterlyMean,Mean,15.52
2854,672,D24HourMean,QuarterlyMean,Mean,15.80
2836,672,D24HourMean,QuarterlyMean,Mean,10.33
2869,697,D24HourMean,QuarterlyMean,Mean,14.73
2828,693,D24HourMean,QuarterlyMean,Mean,16.31
2851,689,D24HourMean,QuarterlyMean,Mean,15.01
2839,693,D24HourMean,QuarterlyMean,Mean,16.08
2862,687,D24HourMean,QuarterlyMean,Mean,15.17
2854,685,D24HourMean,QuarterlyMean,Mean,14.56
2861,692,D24HourMean,QuarterlyMean,Mean,14.58
2837,671,D24HourMean,QuarterlyMean,Mean,10.47
2846,687,D24HourMean,QuarterlyMean,Mean,13.68
2839,699,D24HourMean,QuarterlyMean,Mean,15.64
2865,697,D24HourMean,QuarterlyMean,Mean,14.83
2859,681,D24HourMean,QuarterlyMean,Mean,14.84
2872,696,D24HourMean,QuarterlyMean,Mean,14.25
2874,687,D24HourMean,QuarterlyMean,Mean,17.51
2845,666,D24HourMean,QuarterlyMean,Mean,13.35
2836,666,D24HourMean,QuarterlyMean,Mean,10.54
2868,700,D24HourMean,QuarterlyMean,Mean,14.50
2841,697,D24HourMean,QuarterlyMean,Mean,15.06
2857,670,D24HourMean,QuarterlyMean,Mean,14.70
2843,687,D24HourMean,QuarterlyMean,Mean,15.27
2844,670,D24HourMean,QuarterlyMean,Mean,11.67
2860,686,D24HourMean,QuarterlyMean,Mean,14.63
2830,699,D24HourMean,QuarterlyMean,Mean,15.24
2860,695,D24HourMean,QuarterlyMean,Mean,13.63
2851,693,D24HourMean,QuarterlyMean,Mean,14.53
2850,692,D24HourMean,QuarterlyMean,Mean,15.06
2847,688,D24HourMean,QuarterlyMean,Mean,13.38
2852,701,D24HourMean,QuarterlyMean,Mean,14.98
2835,693,D24HourMean,QuarterlyMean,Mean,15.31
2854,696,D24HourMean,QuarterlyMean,Mean,15.45
2831,687,D24HourMean,QuarterlyMean,Mean,14.98
2839,686,D24HourMean,QuarterlyMean,Mean,14.11
2870,689,D24HourMean,QuarterlyMean,Mean,16.15
2875,697,D24HourMean,QuarterlyMean,Mean,14.90
2838,670,D24HourMean,QuarterlyMean,Mean,10.32
2839,677,D24HourMean,QuarterlyMean,Mean,11.62
2857,700,D24HourMean,QuarterlyMean,Mean,14.76
2862,678,D24HourMean,QuarterlyMean,Mean,15.31
2829,693,D24HourMean,QuarterlyMean,Mean,15.82
2833,692,D24HourMean,QuarterlyMean,Mean,15.45
2857,695,D24HourMean,QuarterlyMean,Mean,14.63
2838,667,D24HourMean,QuarterlyMean,Mean,10.69
2842,678,D24HourMean,QuarterlyMean,Mean,12.45
2862,680,D24HourMean,QuarterlyMean,Mean,15.62
2834,681,D24HourMean,QuarterlyMean,Mean,11.08
2824,693,D24HourMean,QuarterlyMean,Mean,15.65
2869,685,D24HourMean,QuarterlyMean,Mean,16.69
2862,697,D24HourMean,QuarterlyMean,Mean,14.99
2831,700,D24HourMean,QuarterlyMean,Mean,15.60
2867,700,D24HourMean,QuarterlyMean,Mean,14.75
2829,694,D24HourMean,QuarterlyMean,Mean,15.42
2862,690,D24HourMean,QuarterlyMean,Mean,15.19
2838,702,D24HourMean,QuarterlyMean,Mean,16.42
2860,689,D24HourMean,QuarterlyMean,Mean,14.03
2847,676,D24HourMean,QuarterlyMean,Mean,15.12
2840,678,D24HourMean,QuarterlyMean,Mean,11.93
2874,683,D24HourMean,QuarterlyMean,Mean,15.00
2828,695,D24HourMean,QuarterlyMean,Mean,15.55
2839,703,D24HourMean,QuarterlyMean,Mean,15.77
2872,693,D24HourMean,QuarterlyMean,Mean,15.51
2837,689,D24HourMean,QuarterlyMean,Mean,14.68
2841,672,D24HourMean,QuarterlyMean,Mean,10.42
2871,690,D24HourMean,QuarterlyMean,Mean,16.18
2857,698,D24HourMean,QuarterlyMean,Mean,14.84
2839,700,D24HourMean,QuarterlyMean,Mean,15.36
2852,675,D24HourMean,QuarterlyMean,Mean,16.24
2849,685,D24HourMean,QuarterlyMean,Mean,13.30
2867,686,D24HourMean,QuarterlyMean,Mean,16.38
2835,678,D24HourMean,QuarterlyMean,Mean,9.91
2846,701,D24HourMean,QuarterlyMean,Mean,15.74
2834,685,D24HourMean,QuarterlyMean,Mean,14.60
2873,685,D24HourMean,QuarterlyMean,Mean,16.17
2835,671,D24HourMean,QuarterlyMean,Mean,10.79
2829,683,D24HourMean,QuarterlyMean,Mean,10.95
2841,698,D24HourMean,QuarterlyMean,Mean,15.08
2838,665,D24HourMean,QuarterlyMean,Mean,11.17
2838,701,D24HourMean,QuarterlyMean,Mean,15.92
2862,670,D24HourMean,QuarterlyMean,Mean,15.36
2848,682,D24HourMean,QuarterlyMean,Mean,14.98
2854,675,D24HourMean,QuarterlyMean,Mean,17.34
2851,680,D24HourMean,QuarterlyMean,Mean,16.23
2840,695,D24HourMean,QuarterlyMean,Mean,15.11
2851,691,D24HourMean,QuarterlyMean,Mean,14.51
2830,680,D24HourMean,QuarterlyMean,Mean,10.11
2836,682,D24HourMean,QuarterlyMean,Mean,13.52
2875,689,D24HourMean,QuarterlyMean,Mean,16.41
2862,668,D24HourMean,QuarterlyMean,Mean,16.46
2837,694,D24HourMean,QuarterlyMean,Mean,15.96
2831,676,D24HourMean,QuarterlyMean,Mean,10.52
2832,692,D24HourMean,QuarterlyMean,Mean,15.16
2868,693,D24HourMean,QuarterlyMean,Mean,15.59
2859,684,D24HourMean,QuarterlyMean,Mean,14.93
2858,676,D24HourMean,QuarterlyMean,Mean,14.38
2867,698,D24HourMean,QuarterlyMean,Mean,14.93
2869,682,D24HourMean,QuarterlyMean,Mean,16.87
2869,700,D24HourMean,QuarterlyMean,Mean,14.40
2852,693,D24HourMean,QuarterlyMean,Mean,14.78
2858,687,D24HourMean,QuarterlyMean,Mean,14.45
2837,677,D24HourMean,QuarterlyMean,Mean,10.78
2844,701,D24HourMean,QuarterlyMean,Mean,15.08
2845,698,D24HourMean,QuarterlyMean,Mean,15.19
2853,692,D24HourMean,QuarterlyMean,Mean,14.88
2832,693,D24HourMean,QuarterlyMean,Mean,15.32
2831,695,D24HourMean,QuarterlyMean,Mean,16.19
2849,702,D24HourMean,QuarterlyMean,Mean,15.69
2828,681,D24HourMean,QuarterlyMean,Mean,10.49
2860,684,D24HourMean,QuarterlyMean,Mean,15.19
2857,678,D24HourMean,QuarterlyMean,Mean,14.69
2830,689,D24HourMean,QuarterlyMean,Mean,15.67
2835,700,D24HourMean,QuarterlyMean,Mean,15.75
2858,672,D24HourMean,QuarterlyMean,Mean,14.46
2849,674,D24HourMean,QuarterlyMean,Mean,17.05
2864,677,D24HourMean,QuarterlyMean,Mean,15.85
2843,691,D24HourMean,QuarterlyMean,Mean,14.36
2827,694,D24HourMean,QuarterlyMean,Mean,16.06
2851,683,D24HourMean,QuarterlyMean,Mean,13.43
2853,682,D24HourMean,QuarterlyMean,Mean,14.76
2841,682,D24HourMean,QuarterlyMean,Mean,13.35
2854,697,D24HourMean,QuarterlyMean,Mean,14.83
2846,666,D24HourMean,QuarterlyMean,Mean,13.92
2834,695,D24HourMean,QuarterlyMean,Mean,15.88
2859,699,D24HourMean,QuarterlyMean,Mean,13.83
2876,686,D24HourMean,QuarterlyMean,Mean,17.02
2841,684,D24HourMean,QuarterlyMean,Mean,13.85
2866,700,D24HourMean,QuarterlyMean,Mean,14.70
2864,679,D24HourMean,QuarterlyMean,Mean,16.80
2833,696,D24HourMean,QuarterlyMean,Mean,15.27
2873,699,D24HourMean,QuarterlyMean,Mean,14.96
2858,677,D24HourMean,QuarterlyMean,Mean,14.35
2838,692,D24HourMean,QuarterlyMean,Mean,16.88
2848,673,D24HourMean,QuarterlyMean,Mean,15.31
2838,688,D24HourMean,QuarterlyMean,Mean,15.09
2856,698,D24HourMean,QuarterlyMean,Mean,14.65
2855,692,D24HourMean,QuarterlyMean,Mean,14.23
2842,687,D24HourMean,QuarterlyMean,Mean,15.04
2847,689,D24HourMean,QuarterlyMean,Mean,13.57
2859,689,D24HourMean,QuarterlyMean,Mean,13.52
2868,695,D24HourMean,QuarterlyMean,Mean,15.69
2832,679,D24HourMean,QuarterlyMean,Mean,10.84
2833,688,D24HourMean,QuarterlyMean,Mean,16.34
2865,689,D24HourMean,QuarterlyMean,Mean,15.87
2849,678,D24HourMean,QuarterlyMean,Mean,17.22
2843,697,D24HourMean,QuarterlyMean,Mean,15.11
2855,675,D24HourMean,QuarterlyMean,Mean,16.52
2842,700,D24HourMean,QuarterlyMean,Mean,15.26
2865,695,D24HourMean,QuarterlyMean,Mean,15.85
2856,678,D24HourMean,QuarterlyMean,Mean,16.29
2840,682,D24HourMean,QuarterlyMean,Mean,13.42
2845,685,D24HourMean,QuarterlyMean,Mean,13.65
2856,675,D24HourMean,QuarterlyMean,Mean,13.80
2861,695,D24HourMean,QuarterlyMean,Mean,14.70
2837,687,D24HourMean,QuarterlyMean,Mean,14.81
2838,675,D24HourMean,QuarterlyMean,Mean,11.30
2851,671,D24HourMean,QuarterlyMean,Mean,16.37
2865,704,D24HourMean,QuarterlyMean,Mean,15.87
2870,687,D24HourMean,QuarterlyMean,Mean,16.00
2832,700,D24HourMean,QuarterlyMean,Mean,15.75
2855,671,D24HourMean,QuarterlyMean,Mean,14.81
2857,685,D24HourMean,QuarterlyMean,Mean,14.41
2863,704,D24HourMean,QuarterlyMean,Mean,15.87
2835,696,D24HourMean,QuarterlyMean,Mean,15.42
2871,696,D24HourMean,QuarterlyMean,Mean,14.35
2828,691,D24HourMean,QuarterlyMean,Mean,16.10
2835,686,D24HourMean,QuarterlyMean,Mean,15.34
2865,691,D24HourMean,QuarterlyMean,Mean,15.26
2876,694,D24HourMean,QuarterlyMean,Mean,15.31
2870,695,D24HourMean,QuarterlyMean,Mean,15.49
2849,682,D24HourMean,QuarterlyMean,Mean,15.14
2849,699,D24HourMean,QuarterlyMean,Mean,15.49
2843,679,D24HourMean,QuarterlyMean,Mean,12.61
2843,667,D24HourMean,QuarterlyMean,Mean,12.31
2860,680,D24HourMean,QuarterlyMean,Mean,15.27
2857,693,D24HourMean,QuarterlyMean,Mean,14.07
2846,671,D24HourMean,QuarterlyMean,Mean,13.02
2831,702,D24HourMean,QuarterlyMean,Mean,15.82
2864,688,D24HourMean,QuarterlyMean,Mean,16.16
2835,691,D24HourMean,QuarterlyMean,Mean,15.44
2825,693,D24HourMean,QuarterlyMean,Mean,15.85
2862,693,D24HourMean,QuarterlyMean,Mean,14.40
2860,696,D24HourMean,QuarterlyMean,Mean,15.03
2838,678,D24HourMean,QuarterlyMean,Mean,10.72
2872,689,D24HourMean,QuarterlyMean,Mean,16.64
2842,667,D24HourMean,QuarterlyMean,Mean,11.60
2853,671,D24HourMean,QuarterlyMean,Mean,15.70
2841,693,D24HourMean,QuarterlyMean,Mean,15.39
2842,673,D24HourMean,QuarterlyMean,Mean,11.50
2827,688,D24HourMean,QuarterlyMean,Mean,14.61
2844,697,D24HourMean,QuarterlyMean,Mean,15.16
2855,689,D24HourMean,QuarterlyMean,Mean,14.05
2850,697,D24HourMean,QuarterlyMean,Mean,15.73
2851,688,D24HourMean,QuarterlyMean,Mean,14.23
2834,670,D24HourMean,QuarterlyMean,Mean,10.71
2854,678,D24HourMean,QuarterlyMean,Mean,16.47
2857,675,D24HourMean,QuarterlyMean,Mean,14.53
2838,694,D24HourMean,QuarterlyMean,Mean,16.23
2840,680,D24HourMean,QuarterlyMean,Mean,12.78
2854,694,D24HourMean,QuarterlyMean,Mean,15.45
2847,690,D24HourMean,QuarterlyMean,Mean,13.77
2861,688,D24HourMean,QuarterlyMean,Mean,15.44
2873,683,D24HourMean,QuarterlyMean,Mean,15.54
2875,683,D24HourMean,QuarterlyMean,Mean,14.92
2834,697,D24HourMean,QuarterlyMean,Mean,15.41
2847,684,D24HourMean,QuarterlyMean,Mean,14.74
2850,671,D24HourMean,QuarterlyMean,Mean,15.42
2863,696,D24HourMean,QuarterlyMean,Mean,15.17
2842,695,D24HourMean,QuarterlyMean,Mean,15.01
2832,695,D24HourMean,QuarterlyMean,Mean,17.08
2874,686,D24HourMean,QuarterlyMean,Mean,17.08
2863,698,D24HourMean,QuarterlyMean,Mean,14.83
2863,688,D24HourMean,QuarterlyMean,Mean,15.32
2833,673,D24HourMean,QuarterlyMean,Mean,9.96
2833,690,D24HourMean,QuarterlyMean,Mean,16.72
2850,677,D24HourMean,QuarterlyMean,Mean,16.95
2862,679,D24HourMean,QuarterlyMean,Mean,15.42
2855,697,D24HourMean,QuarterlyMean,Mean,14.18
2845,693,D24HourMean,QuarterlyMean,Mean,14.50
2832,674,D24HourMean,QuarterlyMean,Mean,10.33
2860,687,D24HourMean,QuarterlyMean,Mean,14.63
2836,677,D24HourMean,QuarterlyMean,Mean,10.42
2864,699,D24HourMean,QuarterlyMean,Mean,15.03
2836,697,D24HourMean,QuarterlyMean,Mean,15.49
2836,683,D24HourMean,QuarterlyMean,Mean,14.10
2864,686,D24HourMean,QuarterlyMean,Mean,16.11
2847,700,D24HourMean,QuarterlyMean,Mean,15.41
2836,702,D24HourMean,QuarterlyMean,Mean,16.47
2866,703,D24HourMean,QuarterlyMean,Mean,13.85
2869,696,D24HourMean,QuarterlyMean,Mean,15.03
2831,680,D24HourMean,QuarterlyMean,Mean,10.25
2841,688,D24HourMean,QuarterlyMean,Mean,13.85
2861,685,D24HourMean,QuarterlyMean,Mean,15.08
2839,675,D24HourMean,QuarterlyMean,Mean,11.32
2851,692,D24HourMean,QuarterlyMean,Mean,14.88
2870,701,D24HourMean,QuarterlyMean,Mean,14.45
2846,699,D24HourMean,QuarterlyMean,Mean,15.34
2861,670,D24HourMean,QuarterlyMean,Mean,14.33
2867,702,D24HourMean,QuarterlyMean,Mean,13.32
2836,695,D24HourMean,QuarterlyMean,Mean,15.11
2860,698,D24HourMean,QuarterlyMean,Mean,13.68
2855,670,D24HourMean,QuarterlyMean,Mean,16.28
2870,700,D24HourMean,QuarterlyMean,Mean,14.65
2847,696,D24HourMean,QuarterlyMean,Mean,14.70
2842,694,D24HourMean,QuarterlyMean,Mean,15.11
2847,673,D24HourMean,QuarterlyMean,Mean,15.27
2872,701,D24HourMean,QuarterlyMean,Mean,14.88
2857,692,D24HourMean,QuarterlyMean,Mean,14.02
2861,668,D24HourMean,QuarterlyMean,Mean,16.44
2826,689,D24HourMean,QuarterlyMean,Mean,14.91
2844,667,D24HourMean,QuarterlyMean,Mean,12.08
2842,693,D24HourMean,QuarterlyMean,Mean,15.24
2850,691,D24HourMean,QuarterlyMean,Mean,15.21
2867,681,D24HourMean,QuarterlyMean,Mean,17.10
2870,685,D24HourMean,QuarterlyMean,Mean,16.64
2835,674,D24HourMean,QuarterlyMean,Mean,10.03
2848,698,D24HourMean,QuarterlyMean,Mean,14.89
2837,685,D24HourMean,QuarterlyMean,Mean,14.74
2847,665,D24HourMean,QuarterlyMean,Mean,12.24
2831,696,D24HourMean,QuarterlyMean,Mean,15.37
2839,702,D24HourMean,QuarterlyMean,Mean,15.59
2840,669,D24HourMean,QuarterlyMean,Mean,10.25
2866,691,D24HourMean,QuarterlyMean,Mean,15.13
2836,680,D24HourMean,QuarterlyMean,Mean,10.95
2849,675,D24HourMean,QuarterlyMean,Mean,18.98
2875,695,D24HourMean,QuarterlyMean,Mean,14.98
2854,686,D24HourMean,QuarterlyMean,Mean,14.20
2841,670,D24HourMean,QuarterlyMean,Mean,10.37
2858,683,D24HourMean,QuarterlyMean,Mean,14.23
2846,672,D24HourMean,QuarterlyMean,Mean,13.20
2846,668,D24HourMean,QuarterlyMean,Mean,13.77
2839,688,D24HourMean,QuarterlyMean,Mean,13.98
2839,667,D24HourMean,QuarterlyMean,Mean,10.72
2862,691,D24HourMean,QuarterlyMean,Mean,15.47
2844,684,D24HourMean,QuarterlyMean,Mean,13.62
2847,697,D24HourMean,QuarterlyMean,Mean,14.71
2845,690,D24HourMean,QuarterlyMean,Mean,13.75
2853,699,D24HourMean,QuarterlyMean,Mean,14.94
2866,702,D24HourMean,QuarterlyMean,Mean,13.98
2835,689,D24HourMean,QuarterlyMean,Mean,14.79
2849,669,D24HourMean,QuarterlyMean,Mean,15.40
2842,674,D24HourMean,QuarterlyMean,Mean,11.54
2832,681,D24HourMean,QuarterlyMean,Mean,10.79
2838,671,D24HourMean,QuarterlyMean,Mean,10.44
2843,690,D24HourMean,QuarterlyMean,Mean,14.40
2866,694,D24HourMean,QuarterlyMean,Mean,15.65
2867,691,D24HourMean,QuarterlyMean,Mean,15.49
2863,682,D24HourMean,QuarterlyMean,Mean,15.36
2871,698,D24HourMean,QuarterlyMean,Mean,14.07
2873,688,D24HourMean,QuarterlyMean,Mean,16.89
2858,682,D24HourMean,QuarterlyMean,Mean,14.30
2874,693,D24HourMean,QuarterlyMean,Mean,15.75
2847,672,D24HourMean,QuarterlyMean,Mean,14.51
2855,683,D24HourMean,QuarterlyMean,Mean,14.40
2857,686,D24HourMean,QuarterlyMean,Mean,14.48
2834,669,D24HourMean,QuarterlyMean,Mean,11.11
2835,697,D24HourMean,QuarterlyMean,Mean,15.75
2873,694,D24HourMean,QuarterlyMean,Mean,15.95
2841,671,D24HourMean,QuarterlyMean,Mean,10.50
2852,672,D24HourMean,QuarterlyMean,Mean,15.69
2839,679,D24HourMean,QuarterlyMean,Mean,11.79
2841,696,D24HourMean,QuarterlyMean,Mean,15.09
2835,690,D24HourMean,QuarterlyMean,Mean,15.09
2854,699,D24HourMean,QuarterlyMean,Mean,14.55
2864,692,D24HourMean,QuarterlyMean,Mean,15.67
2856,695,D24HourMean,QuarterlyMean,Mean,14.53
2855,679,D24HourMean,QuarterlyMean,Mean,15.80
2864,693,D24HourMean,QuarterlyMean,Mean,16.15
2845,665,D24HourMean,QuarterlyMean,Mean,12.78
2838,686,D24HourMean,QuarterlyMean,Mean,15.55
2836,701,D24HourMean,QuarterlyMean,Mean,16.26
2844,681,D24HourMean,QuarterlyMean,Mean,13.35
2862,698,D24HourMean,QuarterlyMean,Mean,14.93
2839,685,D24HourMean,QuarterlyMean,Mean,14.18
2852,673,D24HourMean,QuarterlyMean,Mean,16.18
2868,694,D24HourMean,QuarterlyMean,Mean,15.74
2841,692,D24HourMean,QuarterlyMean,Mean,15.52
2837,679,D24HourMean,QuarterlyMean,Mean,10.66
2848,703,D24HourMean,QuarterlyMean,Mean,15.54
2875,687,D24HourMean,QuarterlyMean,Mean,17.18
2859,697,D24HourMean,QuarterlyMean,Mean,15.13
2868,691,D24HourMean,QuarterlyMean,Mean,16.06
2861,689,D24HourMean,QuarterlyMean,Mean,15.75
2854,695,D24HourMean,QuarterlyMean,Mean,15.31
2861,696,D24HourMean,QuarterlyMean,Mean,15.83
2840,675,D24HourMean,QuarterlyMean,Mean,11.23
2842,692,D24HourMean,QuarterlyMean,Mean,14.88
2833,697,D24HourMean,QuarterlyMean,Mean,15.75
2840,694,D24HourMean,QuarterlyMean,Mean,15.29
2859,671,D24HourMean,QuarterlyMean,Mean,14.33
2840,679,D24HourMean,QuarterlyMean,Mean,12.03
2872,699,D24HourMean,QuarterlyMean,Mean,14.83
2852,690,D24HourMean,QuarterlyMean,Mean,15.01
2839,668,D24HourMean,QuarterlyMean,Mean,10.47
2835,699,D24HourMean,QuarterlyMean,Mean,15.50
2833,667,D24HourMean,QuarterlyMean,Mean,10.71
2855,690,D24HourMean,QuarterlyMean,Mean,14.30
2835,687,D24HourMean,QuarterlyMean,Mean,16.51
2857,677,D24HourMean,QuarterlyMean,Mean,14.79
2864,700,D24HourMean,QuarterlyMean,Mean,14.84
2834,689,D24HourMean,QuarterlyMean,Mean,15.36
2861,693,D24HourMean,QuarterlyMean,Mean,14.50
2840,676,D24HourMean,QuarterlyMean,Mean,11.81
2846,702,D24HourMean,QuarterlyMean,Mean,15.34
2841,694,D24HourMean,QuarterlyMean,Mean,15.21
2871,686,D24HourMean,QuarterlyMean,Mean,16.25
2849,665,D24HourMean,QuarterlyMean,Mean,12.28
2851,685,D24HourMean,QuarterlyMean,Mean,13.35
2857,676,D24HourMean,QuarterlyMean,Mean,14.53
2848,674,D24HourMean,QuarterlyMean,Mean,16.06
2844,677,D24HourMean,QuarterlyMean,Mean,13.02
2847,691,D24HourMean,QuarterlyMean,Mean,14.26
2850,676,D24HourMean,QuarterlyMean,Mean,17.65
2845,672,D24HourMean,QuarterlyMean,Mean,12.21
2832,683,D24HourMean,QuarterlyMean,Mean,13.05
2833,680,D24HourMean,QuarterlyMean,Mean,10.40
2858,679,D24HourMean,QuarterlyMean,Mean,14.93
2867,682,D24HourMean,QuarterlyMean,Mean,17.03
2861,690,D24HourMean,QuarterlyMean,Mean,15.50
2836,675,D24HourMean,QuarterlyMean,Mean,10.23
2871,695,D24HourMean,QuarterlyMean,Mean,15.32
2855,682,D24HourMean,QuarterlyMean,Mean,14.84
2852,691,D24HourMean,QuarterlyMean,Mean,14.26
2874,701,D24HourMean,QuarterlyMean,Mean,15.26
2856,682,D24HourMean,QuarterlyMean,Mean,13.83
2845,674,D24HourMean,QuarterlyMean,Mean,13.93
2829,679,D24HourMean,QuarterlyMean,Mean,10.38
2850,686,D24HourMean,QuarterlyMean,Mean,13.68
2859,669,D24HourMean,QuarterlyMean,Mean,16.60
2837,678,D24HourMean,QuarterlyMean,Mean,10.52
2846,675,D24HourMean,QuarterlyMean,Mean,14.38
2846,677,D24HourMean,QuarterlyMean,Mean,13.62
2876,684,D24HourMean,QuarterlyMean,Mean,15.82
2847,668,D24HourMean,QuarterlyMean,Mean,14.02
2826,693,D24HourMean,QuarterlyMean,Mean,16.00
2864,695,D24HourMean,QuarterlyMean,Mean,15.80
2854,689,D24HourMean,QuarterlyMean,Mean,14.35
2839,673,D24HourMean,QuarterlyMean,Mean,10.01
2851,672,D24HourMean,QuarterlyMean,Mean,15.95
2851,701,D24HourMean,QuarterlyMean,Mean,15.57
2853,697,D24HourMean,QuarterlyMean,Mean,14.68
2836,679,D24HourMean,QuarterlyMean,Mean,9.99
2838,684,D24HourMean,QuarterlyMean,Mean,14.58
2842,702,D24HourMean,QuarterlyMean,Mean,15.14
2847,682,D24HourMean,QuarterlyMean,Mean,14.26
2869,698,D24HourMean,QuarterlyMean,Mean,14.50
2829,690,D24HourMean,QuarterlyMean,Mean,15.36
2839,672,D24HourMean,QuarterlyMean,Mean,9.86
2865,703,D24HourMean,QuarterlyMean,Mean,14.25
2847,679,D24HourMean,QuarterlyMean,Mean,13.45
2839,689,D24HourMean,QuarterlyMean,Mean,14.18
2856,697,D24HourMean,QuarterlyMean,Mean,14.28
2836,690,D24HourMean,QuarterlyMean,Mean,15.29
2850,693,D24HourMean,QuarterlyMean,Mean,14.93
2847,675,D24HourMean,QuarterlyMean,Mean,15.14
2869,701,D24HourMean,QuarterlyMean,Mean,13.97
2837,690,D24HourMean,QuarterlyMean,Mean,14.45
2850,683,D24HourMean,QuarterlyMean,Mean,13.47
2858,673,D24HourMean,QuarterlyMean,Mean,14.88
2827,692,D24HourMean,QuarterlyMean,Mean,16.00
2876,685,D24HourMean,QuarterlyMean,Mean,16.30
2852,696,D24HourMean,QuarterlyMean,Mean,15.36
2871,688,D24HourMean,QuarterlyMean,Mean,16.15
2859,673,D24HourMean,QuarterlyMean,Mean,15.13
2848,670,D24HourMean,QuarterlyMean,Mean,14.55
2840,684,D24HourMean,QuarterlyMean,Mean,13.25
2848,666,D24HourMean,QuarterlyMean,Mean,14.53
2838,674,D24HourMean,QuarterlyMean,Mean,10.81
2862,683,D24HourMean,QuarterlyMean,Mean,14.43
2874,698,D24HourMean,QuarterlyMean,Mean,14.67
2871,682,D24HourMean,QuarterlyMean,Mean,16.67
2840,702,D24HourMean,QuarterlyMean,Mean,15.59
2831,698,D24HourMean,QuarterlyMean,Mean,15.92
2832,684,D24HourMean,QuarterlyMean,Mean,13.82
2866,683,D24HourMean,QuarterlyMean,Mean,16.18
2845,678,D24HourMean,QuarterlyMean,Mean,12.71
2847,693,D24HourMean,QuarterlyMean,Mean,14.31
2833,701,D24HourMean,QuarterlyMean,Mean,15.47
2853,688,D24HourMean,QuarterlyMean,Mean,14.38
2843,700,D24HourMean,QuarterlyMean,Mean,15.31
2873,684,D24HourMean,QuarterlyMean,Mean,15.43
2862,702,D24HourMean,QuarterlyMean,Mean,14.76
2846,683,D24HourMean,QuarterlyMean,Mean,14.76
2832,702,D24HourMean,QuarterlyMean,Mean,16.06
2834,692,D24HourMean,QuarterlyMean,Mean,15.36
2869,687,D24HourMean,QuarterlyMean,Mean,15.98
2866,684,D24HourMean,QuarterlyMean,Mean,16.38
2855,700,D24HourMean,QuarterlyMean,Mean,14.61
2848,679,D24HourMean,QuarterlyMean,Mean,15.93
2835,673,D24HourMean,QuarterlyMean,Mean,10.15
2852,688,D24HourMean,QuarterlyMean,Mean,14.23
2859,678,D24HourMean,QuarterlyMean,Mean,15.14
2860,669,D24HourMean,QuarterlyMean,Mean,16.41
2858,700,D24HourMean,QuarterlyMean,Mean,15.21
2836,681,D24HourMean,QuarterlyMean,Mean,12.01
2846,693,D24HourMean,QuarterlyMean,Mean,14.35
2830,701,D24HourMean,QuarterlyMean,Mean,15.82
2841,669,D24HourMean,QuarterlyMean,Mean,10.62
2849,677,D24HourMean,QuarterlyMean,Mean,17.53
2848,700,D24HourMean,QuarterlyMean,Mean,15.77
2849,700,D24HourMean,QuarterlyMean,Mean,15.65
2857,680,D24HourMean,QuarterlyMean,Mean,15.34
2831,683,D24HourMean,QuarterlyMean,Mean,13.02
2863,694,D24HourMean,QuarterlyMean,Mean,15.73
2836,685,D24HourMean,QuarterlyMean,Mean,14.76
2846,670,D24HourMean,QuarterlyMean,Mean,12.21
2868,701,D24HourMean,QuarterlyMean,Mean,14.10
2852,699,D24HourMean,QuarterlyMean,Mean,15.14
2874,704,D24HourMean,QuarterlyMean,Mean,12.68
2870,693,D24HourMean,QuarterlyMean,Mean,16.26
2873,686,D24HourMean,QuarterlyMean,Mean,16.62
2870,692,D24HourMean,QuarterlyMean,Mean,16.31
2840,674,D24HourMean,QuarterlyMean,Mean,10.54
2834,688,D24HourMean,QuarterlyMean,Mean,16.34
2849,687,D24HourMean,QuarterlyMean,Mean,14.50
2854,674,D24HourMean,QuarterlyMean,Mean,16.87
2834,683,D24HourMean,QuarterlyMean,Mean,13.60
2866,696,D24HourMean,QuarterlyMean,Mean,14.94
2856,676,D24HourMean,QuarterlyMean,Mean,14.56
2847,669,D24HourMean,QuarterlyMean,Mean,14.03
2868,686,D24HourMean,QuarterlyMean,Mean,16.41
2844,690,D24HourMean,QuarterlyMean,Mean,14.26
2832,691,D24HourMean,QuarterlyMean,Mean,16.69
2830,682,D24HourMean,QuarterlyMean,Mean,11.42
2869,694,D24HourMean,QuarterlyMean,Mean,16.23
2828,685,D24HourMean,QuarterlyMean,Mean,12.95
2863,691,D24HourMean,QuarterlyMean,Mean,14.91
2853,690,D24HourMean,QuarterlyMean,Mean,14.60
2841,690,D24HourMean,QuarterlyMean,Mean,10.48
2829,682,D24HourMean,QuarterlyMean,Mean,10.69
2844,666,D24HourMean,QuarterlyMean,Mean,11.99
2860,676,D24HourMean,QuarterlyMean,Mean,14.68
2854,681,D24HourMean,QuarterlyMean,Mean,16.03
2857,697,D24HourMean,QuarterlyMean,Mean,14.83
2872,687,D24HourMean,QuarterlyMean,Mean,16.57
2836,703,D24HourMean,QuarterlyMean,Mean,16.87
2840,699,D24HourMean,QuarterlyMean,Mean,15.49
2845,683,D24HourMean,QuarterlyMean,Mean,13.80
2844,679,D24HourMean,QuarterlyMean,Mean,12.70
2839,670,D24HourMean,QuarterlyMean,Mean,10.28
2848,686,D24HourMean,QuarterlyMean,Mean,13.68
2846,692,D24HourMean,QuarterlyMean,Mean,14.38
2855,674,D24HourMean,QuarterlyMean,Mean,14.68
2860,671,D24HourMean,QuarterlyMean,Mean,14.33
2865,702,D24HourMean,QuarterlyMean,Mean,14.38
2852,697,D24HourMean,QuarterlyMean,Mean,15.42
2849,690,D24HourMean,QuarterlyMean,Mean,14.35
2844,699,D24HourMean,QuarterlyMean,Mean,15.19
2858,686,D24HourMean,QuarterlyMean,Mean,14.50
2847,694,D24HourMean,QuarterlyMean,Mean,14.02
2833,699,D24HourMean,QuarterlyMean,Mean,16.03
2825,691,D24HourMean,QuarterlyMean,Mean,16.03
2856,685,D24HourMean,QuarterlyMean,Mean,14.00
2875,691,D24HourMean,QuarterlyMean,Mean,16.12
2837,675,D24HourMean,QuarterlyMean,Mean,10.95
2850,673,D24HourMean,QuarterlyMean,Mean,16.06
2835,680,D24HourMean,QuarterlyMean,Mean,10.28
2826,694,D24HourMean,QuarterlyMean,Mean,16.21
2846,700,D24HourMean,QuarterlyMean,Mean,15.11
2853,670,D24HourMean,QuarterlyMean,Mean,16.64
2835,701,D24HourMean,QuarterlyMean,Mean,16.11
2856,670,D24HourMean,QuarterlyMean,Mean,16.42
2874,705,D24HourMean,QuarterlyMean,Mean,13.14
2848,669,D24HourMean,QuarterlyMean,Mean,15.03
2872,702,D24HourMean,QuarterlyMean,Mean,14.48
2868,697,D24HourMean,QuarterlyMean,Mean,15.11
2849,693,D24HourMean,QuarterlyMean,Mean,14.18
2841,676,D24HourMean,QuarterlyMean,Mean,11.81
2840,690,D24HourMean,QuarterlyMean,Mean,12.73
2873,698,D24HourMean,QuarterlyMean,Mean,14.83
2863,689,D24HourMean,QuarterlyMean,Mean,14.88
2845,677,D24HourMean,QuarterlyMean,Mean,13.25
2852,674,D24HourMean,QuarterlyMean,Mean,15.92
2837,666,D24HourMean,QuarterlyMean,Mean,10.64
2843,695,D24HourMean,QuarterlyMean,Mean,14.71
2851,684,D24HourMean,QuarterlyMean,Mean,13.33
2842,683,D24HourMean,QuarterlyMean,Mean,13.47
2849,696,D24HourMean,QuarterlyMean,Mean,15.60
2830,685,D24HourMean,QuarterlyMean,Mean,12.97
2867,684,D24HourMean,QuarterlyMean,Mean,16.31
2850,694,D24HourMean,QuarterlyMean,Mean,15.14
2853,691,D24HourMean,QuarterlyMean,Mean,14.86
2866,687,D24HourMean,QuarterlyMean,Mean,16.16
2828,683,D24HourMean,QuarterlyMean,Mean,11.20
2839,676,D24HourMean,QuarterlyMean,Mean,11.77
2849,691,D24HourMean,QuarterlyMean,Mean,14.20
2836,678,D24HourMean,QuarterlyMean,Mean,10.26
2839,674,D24HourMean,QuarterlyMean,Mean,10.78
2834,703,D24HourMean,QuarterlyMean,Mean,16.42
2848,692,D24HourMean,QuarterlyMean,Mean,14.41
2875,693,D24HourMean,QuarterlyMean,Mean,15.62
2837,686,D24HourMean,QuarterlyMean,Mean,16.29
2855,686,D24HourMean,QuarterlyMean,Mean,14.00
2876,706,D24HourMean,QuarterlyMean,Mean,13.92
2856,683,D24HourMean,QuarterlyMean,Mean,13.33
2871,681,D24HourMean,QuarterlyMean,Mean,16.41
2830,695,D24HourMean,QuarterlyMean,Mean,15.21
2874,690,D24HourMean,QuarterlyMean,Mean,15.98
2852,692,D24HourMean,QuarterlyMean,Mean,14.73
2852,678,D24HourMean,QuarterlyMean,Mean,16.88
2848,672,D24HourMean,QuarterlyMean,Mean,15.06
2848,671,D24HourMean,QuarterlyMean,Mean,15.26
2853,679,D24HourMean,QuarterlyMean,Mean,16.72
2853,701,D24HourMean,QuarterlyMean,Mean,15.22
2868,680,D24HourMean,QuarterlyMean,Mean,17.52
2876,695,D24HourMean,QuarterlyMean,Mean,14.88
2838,677,D24HourMean,QuarterlyMean,Mean,10.98
2842,670,D24HourMean,QuarterlyMean,Mean,10.79
2869,689,D24HourMean,QuarterlyMean,Mean,16.05
2846,694,D24HourMean,QuarterlyMean,Mean,14.21
2866,697,D24HourMean,QuarterlyMean,Mean,15.03
2849,688,D24HourMean,QuarterlyMean,Mean,13.72
2858,690,D24HourMean,QuarterlyMean,Mean,14.33
2840,677,D24HourMean,QuarterlyMean,Mean,12.28
2850,682,D24HourMean,QuarterlyMean,Mean,13.80
2833,682,D24HourMean,QuarterlyMean,Mean,12.63
2874,699,D24HourMean,QuarterlyMean,Mean,15.01
2838,683,D24HourMean,QuarterlyMean,Mean,14.15
2864,703,D24HourMean,QuarterlyMean,Mean,15.06
2828,690,D24HourMean,QuarterlyMean,Mean,15.60
2837,672,D24HourMean,QuarterlyMean,Mean,10.32
2842,686,D24HourMean,QuarterlyMean,Mean,14.43
2855,678,D24HourMean,QuarterlyMean,Mean,16.18
2873,703,D24HourMean,QuarterlyMean,Mean,13.55
2867,696,D24HourMean,QuarterlyMean,Mean,15.01
2855,696,D24HourMean,QuarterlyMean,Mean,14.91
2831,693,D24HourMean,QuarterlyMean,Mean,15.17
2843,686,D24HourMean,QuarterlyMean,Mean,14.15
2869,688,D24HourMean,QuarterlyMean,Mean,16.03
2858,695,D24HourMean,QuarterlyMean,Mean,14.43
2833,672,D24HourMean,QuarterlyMean,Mean,9.77
2839,666,D24HourMean,QuarterlyMean,Mean,10.91
2869,695,D24HourMean,QuarterlyMean,Mean,15.31
2874,700,D24HourMean,QuarterlyMean,Mean,14.60
2833,693,D24HourMean,QuarterlyMean,Mean,15.37
2832,697,D24HourMean,QuarterlyMean,Mean,15.60
2853,676,D24HourMean,QuarterlyMean,Mean,16.41
2835,679,D24HourMean,QuarterlyMean,Mean,9.82
2859,675,D24HourMean,QuarterlyMean,Mean,14.35
2848,691,D24HourMean,QuarterlyMean,Mean,14.38
2844,673,D24HourMean,QuarterlyMean,Mean,11.94
2852,695,D24HourMean,QuarterlyMean,Mean,14.76
2837,702,D24HourMean,QuarterlyMean,Mean,16.57
2834,674,D24HourMean,QuarterlyMean,Mean,9.94
2843,671,D24HourMean,QuarterlyMean,Mean,11.06
2844,665,D24HourMean,QuarterlyMean,Mean,11.99
2865,694,D24HourMean,QuarterlyMean,Mean,15.54
2850,687,D24HourMean,QuarterlyMean,Mean,14.43
2834,675,D24HourMean,QuarterlyMean,Mean,9.91
2866,692,D24HourMean,QuarterlyMean,Mean,16.24
2875,690,D24HourMean,QuarterlyMean,Mean,16.61
2867,701,D24HourMean,QuarterlyMean,Mean,14.51
2871,689,D24HourMean,QuarterlyMean,Mean,16.21
2851,682,D24HourMean,QuarterlyMean,Mean,13.37
2828,682,D24HourMean,QuarterlyMean,Mean,10.78
2842,696,D24HourMean,QuarterlyMean,Mean,15.04
2872,692,D24HourMean,QuarterlyMean,Mean,15.62
2840,698,D24HourMean,QuarterlyMean,Mean,15.37
2862,677,D24HourMean,QuarterlyMean,Mean,14.96
2843,701,D24HourMean,QuarterlyMean,Mean,15.27
2831,682,D24HourMean,QuarterlyMean,Mean,12.50
2858,675,D24HourMean,QuarterlyMean,Mean,14.31
2860,692,D24HourMean,QuarterlyMean,Mean,13.87
2873,693,D24HourMean,QuarterlyMean,Mean,15.43
2845,682,D24HourMean,QuarterlyMean,Mean,13.27
2864,690,D24HourMean,QuarterlyMean,Mean,15.34
2876,693,D24HourMean,QuarterlyMean,Mean,15.33
2849,681,D24HourMean,QuarterlyMean,Mean,15.59
2847,683,D24HourMean,QuarterlyMean,Mean,14.56
2855,695,D24HourMean,QuarterlyMean,Mean,14.76
2842,677,D24HourMean,QuarterlyMean,Mean,12.51
2848,684,D24HourMean,QuarterlyMean,Mean,14.16
2852,676,D24HourMean,QuarterlyMean,Mean,16.83
2874,691,D24HourMean,QuarterlyMean,Mean,16.25
2854,688,D24HourMean,QuarterlyMean,Mean,14.43
2872,690,D24HourMean,QuarterlyMean,Mean,15.70
2847,671,D24HourMean,QuarterlyMean,Mean,14.73
2824,695,D24HourMean,QuarterlyMean,Mean,15.44
2860,694,D24HourMean,QuarterlyMean,Mean,13.58
2859,683,D24HourMean,QuarterlyMean,Mean,14.23
2835,681,D24HourMean,QuarterlyMean,Mean,11.33
2832,682,D24HourMean,QuarterlyMean,Mean,12.48
2832,690,D24HourMean,QuarterlyMean,Mean,17.13
2847,678,D24HourMean,QuarterlyMean,Mean,13.63
2846,689,D24HourMean,QuarterlyMean,Mean,13.52
2863,697,D24HourMean,QuarterlyMean,Mean,14.63
2827,695,D24HourMean,QuarterlyMean,Mean,15.64
2867,688,D24HourMean,QuarterlyMean,Mean,16.18
2841,677,D24HourMean,QuarterlyMean,Mean,12.19
2828,688,D24HourMean,QuarterlyMean,Mean,14.86
2834,672,D24HourMean,QuarterlyMean,Mean,9.80
2854,673,D24HourMean,QuarterlyMean,Mean,15.85
2856,690,D24HourMean,QuarterlyMean,Mean,14.31
2848,685,D24HourMean,QuarterlyMean,Mean,13.35
2844,698,D24HourMean,QuarterlyMean,Mean,15.19
2855,698,D24HourMean,QuarterlyMean,Mean,14.55
2846,691,D24HourMean,QuarterlyMean,Mean,14.08
2852,671,D24HourMean,QuarterlyMean,Mean,15.85
2868,690,D24HourMean,QuarterlyMean,Mean,15.78
2857,671,D24HourMean,QuarterlyMean,Mean,14.12
2874,696,D24HourMean,QuarterlyMean,Mean,14.63
2865,693,D24HourMean,QuarterlyMean,Mean,15.85
2834,691,D24HourMean,QuarterlyMean,Mean,15.36
2832,696,D24HourMean,QuarterlyMean,Mean,15.27
2846,696,D24HourMean,QuarterlyMean,Mean,15.14
2832,686,D24HourMean,QuarterlyMean,Mean,14.66
2861,680,D24HourMean,QuarterlyMean,Mean,15.52
2865,681,D24HourMean,QuarterlyMean,Mean,16.33
2847,681,D24HourMean,QuarterlyMean,Mean,13.82
2830,687,D24HourMean,QuarterlyMean,Mean,14.89
2857,682,D24HourMean,QuarterlyMean,Mean,14.11
2850,681,D24HourMean,QuarterlyMean,Mean,14.28
2831,692,D24HourMean,QuarterlyMean,Mean,15.45
2860,697,D24HourMean,QuarterlyMean,Mean,15.22
2851,681,D24HourMean,QuarterlyMean,Mean,14.86
2876,696,D24HourMean,QuarterlyMean,Mean,14.81
2841,685,D24HourMean,QuarterlyMean,Mean,14.30
2837,681,D24HourMean,QuarterlyMean,Mean,13.03
2829,689,D24HourMean,QuarterlyMean,Mean,15.60
2845,702,D24HourMean,QuarterlyMean,Mean,15.75
2841,701,D24HourMean,QuarterlyMean,Mean,15.03
2842,703,D24HourMean,QuarterlyMean,Mean,15.36
2851,670,D24HourMean,QuarterlyMean,Mean,16.52
2831,689,D24HourMean,QuarterlyMean,Mean,15.82
2874,684,D24HourMean,QuarterlyMean,Mean,15.54
2831,697,D24HourMean,QuarterlyMean,Mean,15.39
2868,703,D24HourMean,QuarterlyMean,Mean,13.13
2874,688,D24HourMean,QuarterlyMean,Mean,16.79
2841,668,D24HourMean,QuarterlyMean,Mean,10.42
2843,696,D24HourMean,QuarterlyMean,Mean,14.74
2848,690,D24HourMean,QuarterlyMean,Mean,13.78
2847,692,D24HourMean,QuarterlyMean,Mean,14.35
2856,694,D24HourMean,QuarterlyMean,Mean,14.33
2863,700,D24HourMean,QuarterlyMean,Mean,14.65
2833,670,D24HourMean,QuarterlyMean,Mean,9.87
2833,689,D24HourMean,QuarterlyMean,Mean,16.31
2853,686,D24HourMean,QuarterlyMean,Mean,14.00
2859,693,D24HourMean,QuarterlyMean,Mean,13.47
2863,681,D24HourMean,QuarterlyMean,Mean,15.40
2859,696,D24HourMean,QuarterlyMean,Mean,14.68
2839,697,D24HourMean,QuarterlyMean,Mean,15.60
2851,678,D24HourMean,QuarterlyMean,Mean,17.68
2867,695,D24HourMean,QuarterlyMean,Mean,15.77
2850,700,D24HourMean,QuarterlyMean,Mean,15.50
2851,697,D24HourMean,QuarterlyMean,Mean,15.78
2834,700,D24HourMean,QuarterlyMean,Mean,15.75
2859,695,D24HourMean,QuarterlyMean,Mean,13.83
2864,694,D24HourMean,QuarterlyMean,Mean,15.95
2837,683,D24HourMean,QuarterlyMean,Mean,14.16
2842,676,D24HourMean,QuarterlyMean,Mean,11.87
2870,696,D24HourMean,QuarterlyMean,Mean,14.76
2842,680,D24HourMean,QuarterlyMean,Mean,12.33
2861,697,D24HourMean,QuarterlyMean,Mean,15.29
2873,687,D24HourMean,QuarterlyMean,Mean,16.92
2863,683,D24HourMean,QuarterlyMean,Mean,15.47
2850,699,D24HourMean,QuarterlyMean,Mean,15.54
2852,686,D24HourMean,QuarterlyMean,Mean,14.25
2857,674,D24HourMean,QuarterlyMean,Mean,13.92
2862,692,D24HourMean,QuarterlyMean,Mean,14.58
2843,702,D24HourMean,QuarterlyMean,Mean,15.34
2871,703,D24HourMean,QuarterlyMean,Mean,13.05
2854,698,D24HourMean,QuarterlyMean,Mean,14.65
2850,667,D24HourMean,QuarterlyMean,Mean,14.66
2848,668,D24HourMean,QuarterlyMean,Mean,15.32
2862,699,D24HourMean,QuarterlyMean,Mean,15.13
2858,685,D24HourMean,QuarterlyMean,Mean,14.65
2868,696,D24HourMean,QuarterlyMean,Mean,14.91
2866,686,D24HourMean,QuarterlyMean,Mean,16.33
2854,690,D24HourMean,QuarterlyMean,Mean,14.91
2840,683,D24HourMean,QuarterlyMean,Mean,13.78
2839,684,D24HourMean,QuarterlyMean,Mean,13.45
2853,696,D24HourMean,QuarterlyMean,Mean,15.26
2848,678,D24HourMean,QuarterlyMean,Mean,16.23
2859,677,D24HourMean,QuarterlyMean,Mean,14.68
2842,669,D24HourMean,QuarterlyMean,Mean,11.15
2829,695,D24HourMean,QuarterlyMean,Mean,15.01
2843,681,D24HourMean,QuarterlyMean,Mean,13.42
2836,699,D24HourMean,QuarterlyMean,Mean,15.80
2845,691,D24HourMean,QuarterlyMean,Mean,14.26
2857,696,D24HourMean,QuarterlyMean,Mean,14.28
2860,685,D24HourMean,QuarterlyMean,Mean,15.19
2838,690,D24HourMean,QuarterlyMean,Mean,14.60
2825,694,D24HourMean,QuarterlyMean,Mean,15.87
2847,674,D24HourMean,QuarterlyMean,Mean,14.86
2871,684,D24HourMean,QuarterlyMean,Mean,16.28
2846,680,D24HourMean,QuarterlyMean,Mean,12.65
2859,672,D24HourMean,QuarterlyMean,Mean,14.91
2854,693,D24HourMean,QuarterlyMean,Mean,14.89
2866,690,D24HourMean,QuarterlyMean,Mean,15.60
2874,685,D24HourMean,QuarterlyMean,Mean,16.15
2855,687,D24HourMean,QuarterlyMean,Mean,14.21
2834,680,D24HourMean,QuarterlyMean,Mean,10.28
2830,678,D24HourMean,QuarterlyMean,Mean,10.30
2858,696,D24HourMean,QuarterlyMean,Mean,14.28
2856,693,D24HourMean,QuarterlyMean,Mean,14.17
2857,672,D24HourMean,QuarterlyMean,Mean,14.45
2846,703,D24HourMean,QuarterlyMean,Mean,15.75
2865,685,D24HourMean,QuarterlyMean,Mean,16.33
2854,671,D24HourMean,QuarterlyMean,Mean,15.88
2856,671,D24HourMean,QuarterlyMean,Mean,14.48
2832,680,D24HourMean,QuarterlyMean,Mean,10.55
2862,701,D24HourMean,QuarterlyMean,Mean,15.41
2833,677,D24HourMean,QuarterlyMean,Mean,9.92
2872,695,D24HourMean,QuarterlyMean,Mean,15.00
2832,694,D24HourMean,QuarterlyMean,Mean,15.87
2833,681,D24HourMean,QuarterlyMean,Mean,10.95
2837,691,D24HourMean,QuarterlyMean,Mean,14.61
2832,673,D24HourMean,QuarterlyMean,Mean,10.01
2836,698,D24HourMean,QuarterlyMean,Mean,15.96
2851,679,D24HourMean,QuarterlyMean,Mean,17.36
2870,697,D24HourMean,QuarterlyMean,Mean,14.25
2845,684,D24HourMean,QuarterlyMean,Mean,13.72
2865,701,D24HourMean,QuarterlyMean,Mean,14.84
2847,685,D24HourMean,QuarterlyMean,Mean,13.97
2849,692,D24HourMean,QuarterlyMean,Mean,14.20
2831,690,D24HourMean,QuarterlyMean,Mean,15.11
2844,669,D24HourMean,QuarterlyMean,Mean,12.18
2873,697,D24HourMean,QuarterlyMean,Mean,14.43
2830,694,D24HourMean,QuarterlyMean,Mean,15.29
2864,680,D24HourMean,QuarterlyMean,Mean,16.82
2873,696,D24HourMean,QuarterlyMean,Mean,14.22
2856,674,D24HourMean,QuarterlyMean,Mean,13.32
2845,669,D24HourMean,QuarterlyMean,Mean,12.97
2842,682,D24HourMean,QuarterlyMean,Mean,13.55
2843,680,D24HourMean,QuarterlyMean,Mean,12.87
2858,674,D24HourMean,QuarterlyMean,Mean,14.23
2832,669,D24HourMean,QuarterlyMean,Mean,10.71
2859,674,D24HourMean,QuarterlyMean,Mean,14.30
2851,674,D24HourMean,QuarterlyMean,Mean,16.46
2848,696,D24HourMean,QuarterlyMean,Mean,16.00
2831,701,D24HourMean,QuarterlyMean,Mean,15.87
2867,694,D24HourMean,QuarterlyMean,Mean,15.65
2870,683,D24HourMean,QuarterlyMean,Mean,16.92
2846,686,D24HourMean,QuarterlyMean,Mean,14.10
2837,676,D24HourMean,QuarterlyMean,Mean,10.66
2839,694,D24HourMean,QuarterlyMean,Mean,15.36
2858,694,D24HourMean,QuarterlyMean,Mean,14.23
2833,669,D24HourMean,QuarterlyMean,Mean,10.86
2843,666,D24HourMean,QuarterlyMean,Mean,12.71
2836,674,D24HourMean,QuarterlyMean,Mean,9.97
2870,702,D24HourMean,QuarterlyMean,Mean,13.42
2840,701,D24HourMean,QuarterlyMean,Mean,15.37
2866,685,D24HourMean,QuarterlyMean,Mean,16.23
2840,688,D24HourMean,QuarterlyMean,Mean,13.97
2852,684,D24HourMean,QuarterlyMean,Mean,14.69
2839,698,D24HourMean,QuarterlyMean,Mean,15.78
2856,688,D24HourMean,QuarterlyMean,Mean,14.33
2841,675,D24HourMean,QuarterlyMean,Mean,11.40
2867,690,D24HourMean,QuarterlyMean,Mean,15.67
2835,694,D24HourMean,QuarterlyMean,Mean,15.42
2833,695,D24HourMean,QuarterlyMean,Mean,16.19
2833,694,D24HourMean,QuarterlyMean,Mean,15.72
2836,687,D24HourMean,QuarterlyMean,Mean,15.16
2856,681,D24HourMean,QuarterlyMean,Mean,13.98
2855,688,D24HourMean,QuarterlyMean,Mean,14.23
2852,689,D24HourMean,QuarterlyMean,Mean,14.50
2837,699,D24HourMean,QuarterlyMean,Mean,15.80
2842,666,D24HourMean,QuarterlyMean,Mean,11.54
2856,691,D24HourMean,QuarterlyMean,Mean,14.13
2851,675,D24HourMean,QuarterlyMean,Mean,17.23
2847,666,D24HourMean,QuarterlyMean,Mean,14.13
2850,670,D24HourMean,QuarterlyMean,Mean,15.72
2876,692,D24HourMean,QuarterlyMean,Mean,15.57
2838,681,D24HourMean,QuarterlyMean,Mean,13.38
2858,691,D24HourMean,QuarterlyMean,Mean,14.20
2849,671,D24HourMean,QuarterlyMean,Mean,14.74
2839,692,D24HourMean,QuarterlyMean,Mean,16.28
2871,699,D24HourMean,QuarterlyMean,Mean,15.47
2855,685,D24HourMean,QuarterlyMean,Mean,13.93
2828,689,D24HourMean,QuarterlyMean,Mean,15.41
2855,699,D24HourMean,QuarterlyMean,Mean,14.55
2853,673,D24HourMean,QuarterlyMean,Mean,16.74
2867,693,D24HourMean,QuarterlyMean,Mean,15.77
2864,683,D24HourMean,QuarterlyMean,Mean,16.60
2832,677,D24HourMean,QuarterlyMean,Mean,10.11
2840,673,D24HourMean,QuarterlyMean,Mean,9.96
2840,671,D24HourMean,QuarterlyMean,Mean,10.33
2850,701,D24HourMean,QuarterlyMean,Mean,15.78
2863,687,D24HourMean,QuarterlyMean,Mean,15.06
2859,685,D24HourMean,QuarterlyMean,Mean,15.01
2844,671,D24HourMean,QuarterlyMean,Mean,11.44
2841,678,D24HourMean,QuarterlyMean,Mean,12.36
2838,696,D24HourMean,QuarterlyMean,Mean,16.36
2849,673,D24HourMean,QuarterlyMean,Mean,15.45
2837,703,D24HourMean,QuarterlyMean,Mean,16.88
2854,691,D24HourMean,QuarterlyMean,Mean,14.91
2857,683,D24HourMean,QuarterlyMean,Mean,13.92
2837,697,D24HourMean,QuarterlyMean,Mean,15.64
2829,687,D24HourMean,QuarterlyMean,Mean,14.78
2862,703,D24HourMean,QuarterlyMean,Mean,15.06
2858,699,D24HourMean,QuarterlyMean,Mean,15.09
2846,685,D24HourMean,QuarterlyMean,Mean,13.77
2866,693,D24HourMean,QuarterlyMean,Mean,15.82
2874,697,D24HourMean,QuarterlyMean,Mean,14.62
2849,668,D24HourMean,QuarterlyMean,Mean,16.10
2839,682,D24HourMean,QuarterlyMean,Mean,13.33
2854,677,D24HourMean,QuarterlyMean,Mean,16.28
2833,702,D24HourMean,QuarterlyMean,Mean,16.06
2836,676,D24HourMean,QuarterlyMean,Mean,10.37
2862,689,D24HourMean,QuarterlyMean,Mean,15.29
2853,677,D24HourMean,QuarterlyMean,Mean,16.55
2858,698,D24HourMean,QuarterlyMean,Mean,14.89
2833,687,D24HourMean,QuarterlyMean,Mean,14.98
2864,678,D24HourMean,QuarterlyMean,Mean,16.18
2841,686,D24HourMean,QuarterlyMean,Mean,14.36
2853,694,D24HourMean,QuarterlyMean,Mean,15.21
2868,684,D24HourMean,QuarterlyMean,Mean,16.92
2864,702,D24HourMean,QuarterlyMean,Mean,15.09
2837,680,D24HourMean,QuarterlyMean,Mean,12.26
2856,689,D24HourMean,QuarterlyMean,Mean,14.05
2865,698,D24HourMean,QuarterlyMean,Mean,14.41
2875,696,D24HourMean,QuarterlyMean,Mean,14.88
2838,698,D24HourMean,QuarterlyMean,Mean,15.92
2838,689,D24HourMean,QuarterlyMean,Mean,15.21
2844,688,D24HourMean,QuarterlyMean,Mean,14.65
2826,688,D24HourMean,QuarterlyMean,Mean,14.08
2858,684,D24HourMean,QuarterlyMean,Mean,14.28
2875,686,D24HourMean,QuarterlyMean,Mean,17.17
2863,684,D24HourMean,QuarterlyMean,Mean,15.24
2849,694,D24HourMean,QuarterlyMean,Mean,15.22
2849,689,D24HourMean,QuarterlyMean,Mean,13.85
2833,698,D24HourMean,QuarterlyMean,Mean,16.55
2844,668,D24HourMean,QuarterlyMean,Mean,12.18
2837,701,D24HourMean,QuarterlyMean,Mean,16.60
2840,686,D24HourMean,QuarterlyMean,Mean,14.38
2840,692,D24HourMean,QuarterlyMean,Mean,16.06
2871,700,D24HourMean,QuarterlyMean,Mean,14.73
2847,695,D24HourMean,QuarterlyMean,Mean,14.58
2847,699,D24HourMean,QuarterlyMean,Mean,15.70
2875,684,D24HourMean,QuarterlyMean,Mean,15.66
2843,688,D24HourMean,QuarterlyMean,Mean,15.36
2853,687,D24HourMean,QuarterlyMean,Mean,13.97
2852,669,D24HourMean,QuarterlyMean,Mean,15.90
2862,682,D24HourMean,QuarterlyMean,Mean,14.88
2857,688,D24HourMean,QuarterlyMean,Mean,14.05
2864,684,D24HourMean,QuarterlyMean,Mean,16.31
2849,680,D24HourMean,QuarterlyMean,Mean,16.33
2865,688,D24HourMean,QuarterlyMean,Mean,16.01
2846,676,D24HourMean,QuarterlyMean,Mean,13.97
2828,687,D24HourMean,QuarterlyMean,Mean,14.65
2869,690,D24HourMean,QuarterlyMean,Mean,15.42
2848,677,D24HourMean,QuarterlyMean,Mean,16.67
2838,695,D24HourMean,QuarterlyMean,Mean,15.45
2868,682,D24HourMean,QuarterlyMean,Mean,17.08
2837,665,D24HourMean,QuarterlyMean,Mean,10.96
2856,692,D24HourMean,QuarterlyMean,Mean,14.05
2862,696,D24HourMean,QuarterlyMean,Mean,15.42
2849,686,D24HourMean,QuarterlyMean,Mean,13.73
2849,683,D24HourMean,QuarterlyMean,Mean,14.26
2861,702,D24HourMean,QuarterlyMean,Mean,15.22
2833,675,D24HourMean,QuarterlyMean,Mean,10.08
2831,685,D24HourMean,QuarterlyMean,Mean,14.28
2861,691,D24HourMean,QuarterlyMean,Mean,15.45
2830,683,D24HourMean,QuarterlyMean,Mean,11.67
2855,681,D24HourMean,QuarterlyMean,Mean,16.19
2847,703,D24HourMean,QuarterlyMean,Mean,15.75
2862,686,D24HourMean,QuarterlyMean,Mean,15.17
2851,696,D24HourMean,QuarterlyMean,Mean,15.55
2848,699,D24HourMean,QuarterlyMean,Mean,15.29
2841,683,D24HourMean,QuarterlyMean,Mean,13.52
2828,697,D24HourMean,QuarterlyMean,Mean,15.70
2851,700,D24HourMean,QuarterlyMean,Mean,15.36
2837,700,D24HourMean,QuarterlyMean,Mean,15.70
2867,699,D24HourMean,QuarterlyMean,Mean,14.84
2863,699,D24HourMean,QuarterlyMean,Mean,15.03
2863,680,D24HourMean,QuarterlyMean,Mean,16.03
2873,692,D24HourMean,QuarterlyMean,Mean,16.21
2826,687,D24HourMean,QuarterlyMean,Mean,12.40
2853,683,D24HourMean,QuarterlyMean,Mean,14.83
2851,676,D24HourMean,QuarterlyMean,Mean,17.83
2835,676,D24HourMean,QuarterlyMean,Mean,10.38
2850,698,D24HourMean,QuarterlyMean,Mean,15.54
2855,691,D24HourMean,QuarterlyMean,Mean,14.31
2844,678,D24HourMean,QuarterlyMean,Mean,12.65
2851,699,D24HourMean,QuarterlyMean,Mean,15.39
2829,699,D24HourMean,QuarterlyMean,Mean,15.49
2834,684,D24HourMean,QuarterlyMean,Mean,14.18
2862,685,D24HourMean,QuarterlyMean,Mean,15.19
2853,698,D24HourMean,QuarterlyMean,Mean,14.89
2858,693,D24HourMean,QuarterlyMean,Mean,14.08
2845,699,D24HourMean,QuarterlyMean,Mean,15.34
2861,698,D24HourMean,QuarterlyMean,Mean,14.88
2863,701,D24HourMean,QuarterlyMean,Mean,15.19
2869,691,D24HourMean,QuarterlyMean,Mean,15.93
2845,673,D24HourMean,QuarterlyMean,Mean,13.20
2858,681,D24HourMean,QuarterlyMean,Mean,14.76
2852,683,D24HourMean,QuarterlyMean,Mean,14.74
2842,668,D24HourMean,QuarterlyMean,Mean,11.03
2852,680,D24HourMean,QuarterlyMean,Mean,15.77
2848,681,D24HourMean,QuarterlyMean,Mean,16.11
2840,667,D24HourMean,QuarterlyMean,Mean,10.30
2845,692,D24HourMean,QuarterlyMean,Mean,14.38
2850,680,D24HourMean,QuarterlyMean,Mean,15.98
2830,676,D24HourMean,QuarterlyMean,Mean,10.78
2864,691,D24HourMean,QuarterlyMean,Mean,15.31
2833,678,D24HourMean,QuarterlyMean,Mean,10.03
2868,698,D24HourMean,QuarterlyMean,Mean,14.75
2864,687,D24HourMean,QuarterlyMean,Mean,16.34
2828,694,D24HourMean,QuarterlyMean,Mean,16.01
2844,700,D24HourMean,QuarterlyMean,Mean,15.26
2852,677,D24HourMean,QuarterlyMean,Mean,16.77
2860,679,D24HourMean,QuarterlyMean,Mean,15.17
2842,690,D24HourMean,QuarterlyMean,Mean,13.77
2868,683,D24HourMean,QuarterlyMean,Mean,16.79
2844,683,D24HourMean,QuarterlyMean,Mean,13.43
2871,691,D24HourMean,QuarterlyMean,Mean,15.88
2850,688,D24HourMean,QuarterlyMean,Mean,13.62
2866,688,D24HourMean,QuarterlyMean,Mean,15.80
2843,689,D24HourMean,QuarterlyMean,Mean,14.51
2848,689,D24HourMean,QuarterlyMean,Mean,13.78
2847,701,D24HourMean,QuarterlyMean,Mean,15.98
2859,682,D24HourMean,QuarterlyMean,Mean,14.53
2855,677,D24HourMean,QuarterlyMean,Mean,16.21
2840,697,D24HourMean,QuarterlyMean,Mean,15.62
2830,690,D24HourMean,QuarterlyMean,Mean,15.77
2830,697,D24HourMean,QuarterlyMean,Mean,15.16
2863,690,D24HourMean,QuarterlyMean,Mean,14.68
2873,690,D24HourMean,QuarterlyMean,Mean,15.90
2843,668,D24HourMean,QuarterlyMean,Mean,11.89
2853,684,D24HourMean,QuarterlyMean,Mean,14.74
2839,671,D24HourMean,QuarterlyMean,Mean,10.38
2839,695,D24HourMean,QuarterlyMean,Mean,15.06
2843,685,D24HourMean,QuarterlyMean,Mean,13.62
2830,688,D24HourMean,QuarterlyMean,Mean,15.36
2841,679,D24HourMean,QuarterlyMean,Mean,12.61
2866,705,D24HourMean,QuarterlyMean,Mean,14.81
2842,671,D24HourMean,QuarterlyMean,Mean,10.66
2859,670,D24HourMean,QuarterlyMean,Mean,14.71
2874,692,D24HourMean,QuarterlyMean,Mean,16.17
2838,669,D24HourMean,QuarterlyMean,Mean,10.69
2857,691,D24HourMean,QuarterlyMean,Mean,14.03
2857,679,D24HourMean,QuarterlyMean,Mean,14.73
2875,698,D24HourMean,QuarterlyMean,Mean,14.90
2869,683,D24HourMean,QuarterlyMean,Mean,17.05
2867,680,D24HourMean,QuarterlyMean,Mean,16.72
2845,667,D24HourMean,QuarterlyMean,Mean,11.98
2866,699,D24HourMean,QuarterlyMean,Mean,14.28
2834,673,D24HourMean,QuarterlyMean,Mean,9.74
2846,679,D24HourMean,QuarterlyMean,Mean,12.53
2846,682,D24HourMean,QuarterlyMean,Mean,13.73
2836,688,D24HourMean,QuarterlyMean,Mean,14.99
2843,678,D24HourMean,QuarterlyMean,Mean,12.09
2856,700,D24HourMean,QuarterlyMean,Mean,14.91
2832,689,D24HourMean,QuarterlyMean,Mean,16.11
2856,677,D24HourMean,QuarterlyMean,Mean,16.37
2857,689,D24HourMean,QuarterlyMean,Mean,14.02
2844,682,D24HourMean,QuarterlyMean,Mean,13.37
2834,696,D24HourMean,QuarterlyMean,Mean,15.21
2846,684,D24HourMean,QuarterlyMean,Mean,14.30
2863,679,D24HourMean,QuarterlyMean,Mean,15.36
2834,677,D24HourMean,QuarterlyMean,Mean,9.91
2865,684,D24HourMean,QuarterlyMean,Mean,16.31
2831,677,D24HourMean,QuarterlyMean,Mean,10.26
2847,680,D24HourMean,QuarterlyMean,Mean,13.37
2826,691,D24HourMean,QuarterlyMean,Mean,15.88
2829,684,D24HourMean,QuarterlyMean,Mean,11.74
2835,698,D24HourMean,QuarterlyMean,Mean,15.87
2840,696,D24HourMean,QuarterlyMean,Mean,15.29
2858,671,D24HourMean,QuarterlyMean,Mean,14.56
2865,696,D24HourMean,QuarterlyMean,Mean,14.89
2834,676,D24HourMean,QuarterlyMean,Mean,9.97
2874,695,D24HourMean,QuarterlyMean,Mean,15.13
2851,686,D24HourMean,QuarterlyMean,Mean,14.66
2845,664,D24HourMean,QuarterlyMean,Mean,12.65
2829,692,D24HourMean,QuarterlyMean,Mean,15.60
2838,668,D24HourMean,QuarterlyMean,Mean,10.45
2856,696,D24HourMean,QuarterlyMean,Mean,14.36
2834,699,D24HourMean,QuarterlyMean,Mean,15.93
2849,703,D24HourMean,QuarterlyMean,Mean,15.54
2861,686,D24HourMean,QuarterlyMean,Mean,15.17
2830,679,D24HourMean,QuarterlyMean,Mean,10.33
2835,702,D24HourMean,QuarterlyMean,Mean,16.77
2864,698,D24HourMean,QuarterlyMean,Mean,14.88
2843,692,D24HourMean,QuarterlyMean,Mean,14.28
2844,685,D24HourMean,QuarterlyMean,Mean,14.05
2864,682,D24HourMean,QuarterlyMean,Mean,16.87
2842,684,D24HourMean,QuarterlyMean,Mean,13.90
2843,673,D24HourMean,QuarterlyMean,Mean,11.72
2845,703,D24HourMean,QuarterlyMean,Mean,15.82
2832,670,D24HourMean,QuarterlyMean,Mean,9.75
2831,678,D24HourMean,QuarterlyMean,Mean,10.40
2826,695,D24HourMean,QuarterlyMean,Mean,15.83
2873,702,D24HourMean,QuarterlyMean,Mean,14.73
2860,690,D24HourMean,QuarterlyMean,Mean,14.65
2864,681,D24HourMean,QuarterlyMean,Mean,16.83
2837,695,D24HourMean,QuarterlyMean,Mean,15.60
2861,687,D24HourMean,QuarterlyMean,Mean,15.37
2826,690,D24HourMean,QuarterlyMean,Mean,15.60
2831,686,D24HourMean,QuarterlyMean,Mean,14.66
2831,688,D24HourMean,QuarterlyMean,Mean,15.49
2854,679,D24HourMean,QuarterlyMean,Mean,16.28
2834,671,D24HourMean,QuarterlyMean,Mean,10.20
2836,686,D24HourMean,QuarterlyMean,Mean,14.83
2838,687,D24HourMean,QuarterlyMean,Mean,14.88
2862,694,D24HourMean,QuarterlyMean,Mean,14.89
2833,676,D24HourMean,QuarterlyMean,Mean,10.04
2855,672,D24HourMean,QuarterlyMean,Mean,14.71
2843,682,D24HourMean,QuarterlyMean,Mean,13.52
2868,689,D24HourMean,QuarterlyMean,Mean,16.06
2864,696,D24HourMean,QuarterlyMean,Mean,14.58
2843,699,D24HourMean,QuarterlyMean,Mean,14.94
2844,689,D24HourMean,QuarterlyMean,Mean,14.12
2835,684,D24HourMean,QuarterlyMean,Mean,14.56
2854,700,D24HourMean,QuarterlyMean,Mean,14.86
2873,701,D24HourMean,QuarterlyMean,Mean,15.41
2838,699,D24HourMean,QuarterlyMean,Mean,15.39
2830,681,D24HourMean,QuarterlyMean,Mean,10.49
2858,680,D24HourMean,QuarterlyMean,Mean,15.26
2829,698,D24HourMean,QuarterlyMean,Mean,15.57
2851,687,D24HourMean,QuarterlyMean,Mean,14.66
2868,681,D24HourMean,QuarterlyMean,Mean,17.18
2848,675,D24HourMean,QuarterlyMean,Mean,16.69
2872,685,D24HourMean,QuarterlyMean,Mean,16.90
2864,685,D24HourMean,QuarterlyMean,Mean,16.16
2833,671,D24HourMean,QuarterlyMean,Mean,9.63
2871,693,D24HourMean,QuarterlyMean,Mean,16.31
2839,701,D24HourMean,QuarterlyMean,Mean,15.52
2865,686,D24HourMean,QuarterlyMean,Mean,16.10
2832,685,D24HourMean,QuarterlyMean,Mean,14.51
2844,676,D24HourMean,QuarterlyMean,Mean,12.97
2863,693,D24HourMean,QuarterlyMean,Mean,14.18
2843,674,D24HourMean,QuarterlyMean,Mean,11.54
2861,682,D24HourMean,QuarterlyMean,Mean,14.40
2830,684,D24HourMean,QuarterlyMean,Mean,12.01
2849,695,D24HourMean,QuarterlyMean,Mean,15.24
2864,689,D24HourMean,QuarterlyMean,Mean,15.93
2825,695,D24HourMean,QuarterlyMean,Mean,15.68
2838,685,D24HourMean,QuarterlyMean,Mean,16.42
2838,697,D24HourMean,QuarterlyMean,Mean,16.03
2841,691,D24HourMean,QuarterlyMean,Mean,14.81
2838,666,D24HourMean,QuarterlyMean,Mean,10.83
2864,697,D24HourMean,QuarterlyMean,Mean,14.68
2867,697,D24HourMean,QuarterlyMean,Mean,15.14
2832,676,D24HourMean,QuarterlyMean,Mean,10.20
2854,670,D24HourMean,QuarterlyMean,Mean,16.70
2842,698,D24HourMean,QuarterlyMean,Mean,14.89
2842,679,D24HourMean,QuarterlyMean,Mean,12.80
2873,704,D24HourMean,QuarterlyMean,Mean,12.80
2874,702,D24HourMean,QuarterlyMean,Mean,14.62
2866,681,D24HourMean,QuarterlyMean,Mean,17.06
2854,684,D24HourMean,QuarterlyMean,Mean,14.40
2833,700,D24HourMean,QuarterlyMean,Mean,16.05
2867,692,D24HourMean,QuarterlyMean,Mean,15.60
2832,678,D24HourMean,QuarterlyMean,Mean,10.47
2845,700,D24HourMean,QuarterlyMean,Mean,15.26
2850,674,D24HourMean,QuarterlyMean,Mean,17.19
2853,681,D24HourMean,QuarterlyMean,Mean,14.43
2857,694,D24HourMean,QuarterlyMean,Mean,14.31
2867,685,D24HourMean,QuarterlyMean,Mean,16.56
2844,693,D24HourMean,QuarterlyMean,Mean,14.03
2837,692,D24HourMean,QuarterlyMean,Mean,16.19
2856,672,D24HourMean,QuarterlyMean,Mean,14.50
2830,693,D24HourMean,QuarterlyMean,Mean,15.27
2826,692,D24HourMean,QuarterlyMean,Mean,15.83
2845,696,D24HourMean,QuarterlyMean,Mean,14.93
2866,689,D24HourMean,QuarterlyMean,Mean,15.92
2850,684,D24HourMean,QuarterlyMean,Mean,13.40
2831,675,D24HourMean,QuarterlyMean,Mean,10.61
2829,696,D24HourMean,QuarterlyMean,Mean,15.04
2842,691,D24HourMean,QuarterlyMean,Mean,14.26
2855,673,D24HourMean,QuarterlyMean,Mean,14.56
2833,683,D24HourMean,QuarterlyMean,Mean,13.03
2828,696,D24HourMean,QuarterlyMean,Mean,15.27
2834,679,D24HourMean,QuarterlyMean,Mean,10.04
2853,685,D24HourMean,QuarterlyMean,Mean,14.51
2837,693,D24HourMean,QuarterlyMean,Mean,16.69
2856,673,D24HourMean,QuarterlyMean,Mean,14.20
2846,698,D24HourMean,QuarterlyMean,Mean,14.84
2846,695,D24HourMean,QuarterlyMean,Mean,14.88
2854,680,D24HourMean,QuarterlyMean,Mean,16.85
2840,666,D24HourMean,QuarterlyMean,Mean,10.62
2843,703,D24HourMean,QuarterlyMean,Mean,15.50
2831,694,D24HourMean,QuarterlyMean,Mean,15.44
2850,672,D24HourMean,QuarterlyMean,Mean,15.36
2869,699,D24HourMean,QuarterlyMean,Mean,14.50
2844,696,D24HourMean,QuarterlyMean,Mean,14.79
2835,677,D24HourMean,QuarterlyMean,Mean,10.08
2872,691,D24HourMean,QuarterlyMean,Mean,15.75
2845,701,D24HourMean,QuarterlyMean,Mean,15.08
2830,696,D24HourMean,QuarterlyMean,Mean,15.03
2849,698,D24HourMean,QuarterlyMean,Mean,15.44
2828,692,D24HourMean,QuarterlyMean,Mean,16.34
2859,680,D24HourMean,QuarterlyMean,Mean,15.11
2856,680,D24HourMean,QuarterlyMean,Mean,15.47
2870,686,D24HourMean,QuarterlyMean,Mean,16.51
2868,687,D24HourMean,QuarterlyMean,Mean,16.36
2872,684,D24HourMean,QuarterlyMean,Mean,16.12
2870,698,D24HourMean,QuarterlyMean,Mean,13.92
2851,667,D24HourMean,QuarterlyMean,Mean,15.91
2837,684,D24HourMean,QuarterlyMean,Mean,14.41
2856,684,D24HourMean,QuarterlyMean,Mean,13.75
2863,695,D24HourMean,QuarterlyMean,Mean,15.52
2833,674,D24HourMean,QuarterlyMean,Mean,10.01
2849,701,D24HourMean,QuarterlyMean,Mean,15.88
2861,681,D24HourMean,QuarterlyMean,Mean,15.22
2873,700,D24HourMean,QuarterlyMean,Mean,14.78
2827,693,D24HourMean,QuarterlyMean,Mean,15.85
2848,665,D24HourMean,QuarterlyMean,Mean,12.50
2838,691,D24HourMean,QuarterlyMean,Mean,14.74
2853,672,D24HourMean,QuarterlyMean,Mean,16.78
2858,692,D24HourMean,QuarterlyMean,Mean,14.17
2873,689,D24HourMean,QuarterlyMean,Mean,16.18
2834,686,D24HourMean,QuarterlyMean,Mean,14.88
2846,681,D24HourMean,QuarterlyMean,Mean,13.22
2840,689,D24HourMean,QuarterlyMean,Mean,14.07
2860,693,D24HourMean,QuarterlyMean,Mean,13.57
2842,685,D24HourMean,QuarterlyMean,Mean,14.02
2857,699,D24HourMean,QuarterlyMean,Mean,15.44
2835,675,D24HourMean,QuarterlyMean,Mean,10.04
2844,694,D24HourMean,QuarterlyMean,Mean,14.45
2847,686,D24HourMean,QuarterlyMean,Mean,13.90
2843,684,D24HourMean,QuarterlyMean,Mean,13.57
2841,674,D24HourMean,QuarterlyMean,Mean,11.01
2832,671,D24HourMean,QuarterlyMean,Mean,9.58
2845,668,D24HourMean,QuarterlyMean,Mean,12.95
2858,670,D24HourMean,QuarterlyMean,Mean,14.91
2872,698,D24HourMean,QuarterlyMean,Mean,14.42
2859,686,D24HourMean,QuarterlyMean,Mean,14.61
2852,670,D24HourMean,QuarterlyMean,Mean,16.60
2867,689,D24HourMean,QuarterlyMean,Mean,15.93
2874,703,D24HourMean,QuarterlyMean,Mean,13.34
2838,703,D24HourMean,QuarterlyMean,Mean,16.39
2845,687,D24HourMean,QuarterlyMean,Mean,13.92
2872,700,D24HourMean,QuarterlyMean,Mean,14.83
2829,691,D24HourMean,QuarterlyMean,Mean,15.36
2846,690,D24HourMean,QuarterlyMean,Mean,13.72
2848,687,D24HourMean,QuarterlyMean,Mean,13.90
2860,678,D24HourMean,QuarterlyMean,Mean,15.52
2839,691,D24HourMean,QuarterlyMean,Mean,15.06
2837,674,D24HourMean,QuarterlyMean,Mean,10.50
2872,683,D24HourMean,QuarterlyMean,Mean,15.97
2843,672,D24HourMean,QuarterlyMean,Mean,11.37
2846,667,D24HourMean,QuarterlyMean,Mean,13.35
2863,702,D24HourMean,QuarterlyMean,Mean,14.75
2832,675,D24HourMean,QuarterlyMean,Mean,10.20
2872,688,D24HourMean,QuarterlyMean,Mean,16.89
2833,684,D24HourMean,QuarterlyMean,Mean,13.93
2852,685,D24HourMean,QuarterlyMean,Mean,14.36
2854,676,D24HourMean,QuarterlyMean,Mean,17.00
2865,699,D24HourMean,QuarterlyMean,Mean,14.53
2871,683,D24HourMean,QuarterlyMean,Mean,16.33
2860,681,D24HourMean,QuarterlyMean,Mean,14.98
2845,681,D24HourMean,QuarterlyMean,Mean,13.15
2838,676,D24HourMean,QuarterlyMean,Mean,11.11
2871,702,D24HourMean,QuarterlyMean,Mean,14.18
2843,683,D24HourMean,QuarterlyMean,Mean,13.43
2844,687,D24HourMean,QuarterlyMean,Mean,14.68
2833,686,D24HourMean,QuarterlyMean,Mean,14.60
2859,691,D24HourMean,QuarterlyMean,Mean,14.51
2871,692,D24HourMean,QuarterlyMean,Mean,16.21
2860,691,D24HourMean,QuarterlyMean,Mean,14.96
2836,694,D24HourMean,QuarterlyMean,Mean,15.42
2853,693,D24HourMean,QuarterlyMean,Mean,14.65
2847,698,D24HourMean,QuarterlyMean,Mean,14.55
2830,698,D24HourMean,QuarterlyMean,Mean,15.32
2852,682,D24HourMean,QuarterlyMean,Mean,14.71
2839,683,D24HourMean,QuarterlyMean,Mean,13.58
2846,697,D24HourMean,QuarterlyMean,Mean,14.91
2845,688,D24HourMean,QuarterlyMean,Mean,14.13
2841,681,D24HourMean,QuarterlyMean,Mean,12.50
2864,701,D24HourMean,QuarterlyMean,Mean,14.75
2865,692,D24HourMean,QuarterlyMean,Mean,15.83
2836,691,D24HourMean,QuarterlyMean,Mean,15.49
2850,679,D24HourMean,QuarterlyMean,Mean,17.16
2875,685,D24HourMean,QuarterlyMean,Mean,16.54
2841,689,D24HourMean,QuarterlyMean,Mean,10.99
2854,687,D24HourMean,QuarterlyMean,Mean,14.26
2870,684,D24HourMean,QuarterlyMean,Mean,16.41
2835,685,D24HourMean,QuarterlyMean,Mean,14.99
2851,669,D24HourMean,QuarterlyMean,Mean,16.31
2843,677,D24HourMean,QuarterlyMean,Mean,12.38
2840,670,D24HourMean,QuarterlyMean,Mean,10.23
2839,678,D24HourMean,QuarterlyMean,Mean,11.33
2858,697,D24HourMean,QuarterlyMean,Mean,14.23
2841,702,D24HourMean,QuarterlyMean,Mean,15.34
2835,688,D24HourMean,QuarterlyMean,Mean,15.29
2858,688,D24HourMean,QuarterlyMean,Mean,13.88
2853,689,D24HourMean,QuarterlyMean,Mean,14.40
2841,687,D24HourMean,QuarterlyMean,Mean,14.40
2851,673,D24HourMean,QuarterlyMean,Mean,16.23
2853,669,D24HourMean,QuarterlyMean,Mean,15.65
2855,676,D24HourMean,QuarterlyMean,Mean,16.57
2844,691,D24HourMean,QuarterlyMean,Mean,14.12
2844,674,D24HourMean,QuarterlyMean,Mean,11.72
2848,702,D24HourMean,QuarterlyMean,Mean,15.80
2875,704,D24HourMean,QuarterlyMean,Mean,13.67
2840,693,D24HourMean,QuarterlyMean,Mean,15.68
2837,673,D24HourMean,QuarterlyMean,Mean,10.15
2835,672,D24HourMean,QuarterlyMean,Mean,10.25
2865,680,D24HourMean,QuarterlyMean,Mean,16.77
2844,680,D24HourMean,QuarterlyMean,Mean,13.05
2849,679,D24HourMean,QuarterlyMean,Mean,16.87
2853,695,D24HourMean,QuarterlyMean,Mean,15.21
2870,690,D24HourMean,QuarterlyMean,Mean,16.23
2841,699,D24HourMean,QuarterlyMean,Mean,15.44
2827,696,D24HourMean,QuarterlyMean,Mean,15.67
2849,684,D24HourMean,QuarterlyMean,Mean,13.53
2830,686,D24HourMean,QuarterlyMean,Mean,14.36
2840,700,D24HourMean,QuarterlyMean,Mean,15.46
2848,701,D24HourMean,QuarterlyMean,Mean,15.93
2834,701,D24HourMean,QuarterlyMean,Mean,15.57
2869,681,D24HourMean,QuarterlyMean,Mean,16.93
2839,687,D24HourMean,QuarterlyMean,Mean,14.30
2869,686,D24HourMean,QuarterlyMean,Mean,16.62
2843,669,D24HourMean,QuarterlyMean,Mean,11.39
2859,688,D24HourMean,QuarterlyMean,Mean,13.47
2871,685,D24HourMean,QuarterlyMean,Mean,16.48
2839,696,D24HourMean,QuarterlyMean,Mean,15.37
2863,703,D24HourMean,QuarterlyMean,Mean,14.96
2856,701,D24HourMean,QuarterlyMean,Mean,15.32
2865,700,D24HourMean,QuarterlyMean,Mean,14.80
2852,700,D24HourMean,QuarterlyMean,Mean,14.91
2831,684,D24HourMean,QuarterlyMean,Mean,13.37
2860,688,D24HourMean,QuarterlyMean,Mean,13.97
2849,697,D24HourMean,QuarterlyMean,Mean,15.88
2838,673,D24HourMean,QuarterlyMean,Mean,10.28
2836,696,D24HourMean,QuarterlyMean,Mean,15.37
2845,694,D24HourMean,QuarterlyMean,Mean,14.20
2847,670,D24HourMean,QuarterlyMean,Mean,13.28
2849,676,D24HourMean,QuarterlyMean,Mean,17.81
2866,695,D24HourMean,QuarterlyMean,Mean,15.82
2863,677,D24HourMean,QuarterlyMean,Mean,14.60
2866,698,D24HourMean,QuarterlyMean,Mean,14.58
2840,687,D24HourMean,QuarterlyMean,Mean,14.40
2859,687,D24HourMean,QuarterlyMean,Mean,14.51
2861,669,D24HourMean,QuarterlyMean,Mean,16.16
2840,672,D24HourMean,QuarterlyMean,Mean,9.87
2847,702,D24HourMean,QuarterlyMean,Mean,15.85
2839,681,D24HourMean,QuarterlyMean,Mean,12.87
2873,691,D24HourMean,QuarterlyMean,Mean,15.97
2860,677,D24HourMean,QuarterlyMean,Mean,14.99
2829,685,D24HourMean,QuarterlyMean,Mean,12.73
2850,696,D24HourMean,QuarterlyMean,Mean,15.72
2853,674,D24HourMean,QuarterlyMean,Mean,17.75
2861,683,D24HourMean,QuarterlyMean,Mean,14.38
2846,674,D24HourMean,QuarterlyMean,Mean,14.02
2843,693,D24HourMean,QuarterlyMean,Mean,14.40
2849,672,D24HourMean,QuarterlyMean,Mean,14.88
2840,668,D24HourMean,QuarterlyMean,Mean,10.20
2875,694,D24HourMean,QuarterlyMean,Mean,15.16
2863,692,D24HourMean,QuarterlyMean,Mean,14.43
2850,675,D24HourMean,QuarterlyMean,Mean,18.92
2835,692,D24HourMean,QuarterlyMean,Mean,15.70
2834,698,D24HourMean,QuarterlyMean,Mean,16.01
2836,692,D24HourMean,QuarterlyMean,Mean,15.64
2829,680,D24HourMean,QuarterlyMean,Mean,10.15
2833,691,D24HourMean,QuarterlyMean,Mean,15.49
2850,689,D24HourMean,QuarterlyMean,Mean,15.80
2844,702,D24HourMean,QuarterlyMean,Mean,14.89
2872,697,D24HourMean,QuarterlyMean,Mean,14.08
2868,699,D24HourMean,QuarterlyMean,Mean,14.56
2842,681,D24HourMean,QuarterlyMean,Mean,12.65
2842,689,D24HourMean,QuarterlyMean,Mean,13.97
2850,685,D24HourMean,QuarterlyMean,Mean,13.52
2834,687,D24HourMean,QuarterlyMean,Mean,16.28
2835,703,D24HourMean,QuarterlyMean,Mean,16.77
2861,694,D24HourMean,QuarterlyMean,Mean,14.55
2845,670,D24HourMean,QuarterlyMean,Mean,11.15
2852,694,D24HourMean,QuarterlyMean,Mean,14.81
2854,683,D24HourMean,QuarterlyMean,Mean,15.24
2838,672,D24HourMean,QuarterlyMean,Mean,10.20
2872,703,D24HourMean,QuarterlyMean,Mean,13.05
