Column,Row,Metric,Seasonal Metric,Annual Metric,Values
1978,1016,D24HourMean,QuarterlyMean,Mean,12.65
1974,1016,D24HourMean,QuarterlyMean,Mean,12.01
1957,1006,D24HourMean,QuarterlyMean,Mean,9.09
1954,1013,D24HourMean,QuarterlyMean,Mean,10.98
1953,1009,D24HourMean,QuarterlyMean,Mean,9.89
1971,1013,D24HourMean,QuarterlyMean,Mean,13.08
1953,1004,D24HourMean,QuarterlyMean,Mean,9.04
1971,1015,D24HourMean,QuarterlyMean,Mean,13.53
1988,1009,D24HourMean,QuarterlyMean,Mean,14.40
1945,1007,D24HourMean,QuarterlyMean,Mean,13.40
1991,1012,D24HourMean,QuarterlyMean,Mean,14.47
1965,1021,D24HourMean,QuarterlyMean,Mean,12.08
1961,1012,D24HourMean,QuarterlyMean,Mean,10.98
1972,1015,D24HourMean,QuarterlyMean,Mean,13.12
1961,1020,D24HourMean,QuarterlyMean,Mean,12.16
1958,1005,D24HourMean,QuarterlyMean,Mean,8.74
1970,1012,D24HourMean,QuarterlyMean,Mean,14.01
1958,999,D24HourMean,QuarterlyMean,Mean,9.95
1989,1014,D24HourMean,QuarterlyMean,Mean,14.16
1942,1012,D24HourMean,QuarterlyMean,Mean,11.18
1986,1013,D24HourMean,QuarterlyMean,Mean,15.34
1970,995,D24HourMean,QuarterlyMean,Mean,10.10
1967,995,D24HourMean,QuarterlyMean,Mean,10.72
1981,1013,D24HourMean,QuarterlyMean,Mean,12.66
1968,997,D24HourMean,QuarterlyMean,Mean,10.43
1962,1013,D24HourMean,QuarterlyMean,Mean,11.18
1954,1011,D24HourMean,QuarterlyMean,Mean,10.15
1948,1013,D24HourMean,QuarterlyMean,Mean,9.77
1962,996,D24HourMean,QuarterlyMean,Mean,11.00
1968,1021,D24HourMean,QuarterlyMean,Mean,13.24
1952,1011,D24HourMean,QuarterlyMean,Mean,9.19
1950,1013,D24HourMean,QuarterlyMean,Mean,10.17
1988,1011,D24HourMean,QuarterlyMean,Mean,14.34
1957,1002,D24HourMean,QuarterlyMean,Mean,9.32
1962,1019,D24HourMean,QuarterlyMean,Mean,12.16
1981,1015,D24HourMean,QuarterlyMean,Mean,13.85
1958,1008,D24HourMean,QuarterlyMean,Mean,10.27
1972,1016,D24HourMean,QuarterlyMean,Mean,13.32
1944,1008,D24HourMean,QuarterlyMean,Mean,13.25
1962,1021,D24HourMean,QuarterlyMean,Mean,12.30
1988,1017,D24HourMean,QuarterlyMean,Mean,14.33
1985,1011,D24HourMean,QuarterlyMean,Mean,15.30
1962,1022,D24HourMean,QuarterlyMean,Mean,12.68
1973,1016,D24HourMean,QuarterlyMean,Mean,12.43
1979,988,D24HourMean,QuarterlyMean,Mean,11.11
1977,1014,D24HourMean,QuarterlyMean,Mean,13.04
1944,1014,D24HourMean,QuarterlyMean,Mean,10.76
1973,1020,D24HourMean,QuarterlyMean,Mean,13.44
1962,995,D24HourMean,QuarterlyMean,Mean,12.64
1985,1015,D24HourMean,QuarterlyMean,Mean,14.94
1968,1022,D24HourMean,QuarterlyMean,Mean,14.65
1964,1000,D24HourMean,QuarterlyMean,Mean,9.58
1985,984,D24HourMean,QuarterlyMean,Mean,13.26
1970,994,D24HourMean,QuarterlyMean,Mean,10.32
1971,989,D24HourMean,QuarterlyMean,Mean,12.08
1967,1012,D24HourMean,QuarterlyMean,Mean,12.81
1957,1003,D24HourMean,QuarterlyMean,Mean,8.61
1965,1018,D24HourMean,QuarterlyMean,Mean,13.33
1970,1014,D24HourMean,QuarterlyMean,Mean,13.53
1956,1018,D24HourMean,QuarterlyMean,Mean,12.32
1965,1023,D24HourMean,QuarterlyMean,Mean,14.41
1940,1009,D24HourMean,QuarterlyMean,Mean,12.20
1957,996,D24HourMean,QuarterlyMean,Mean,12.23
1970,991,D24HourMean,QuarterlyMean,Mean,12.37
1952,1012,D24HourMean,QuarterlyMean,Mean,9.62
1988,1014,D24HourMean,QuarterlyMean,Mean,14.43
1971,994,D24HourMean,QuarterlyMean,Mean,10.12
1954,1016,D24HourMean,QuarterlyMean,Mean,11.31
1956,1002,D24HourMean,QuarterlyMean,Mean,9.71
1990,1009,D24HourMean,QuarterlyMean,Mean,13.97
1948,1014,D24HourMean,QuarterlyMean,Mean,9.89
1961,995,D24HourMean,QuarterlyMean,Mean,12.88
1955,1003,D24HourMean,QuarterlyMean,Mean,9.54
1967,1014,D24HourMean,QuarterlyMean,Mean,13.72
1957,1009,D24HourMean,QuarterlyMean,Mean,9.97
1951,1014,D24HourMean,QuarterlyMean,Mean,10.47
1987,1018,D24HourMean,QuarterlyMean,Mean,13.60
1958,998,D24HourMean,QuarterlyMean,Mean,10.73
1988,1010,D24HourMean,QuarterlyMean,Mean,14.58
1961,1014,D24HourMean,QuarterlyMean,Mean,11.13
1943,1014,D24HourMean,QuarterlyMean,Mean,10.72
1956,1013,D24HourMean,QuarterlyMean,Mean,11.20
1962,999,D24HourMean,QuarterlyMean,Mean,9.55
1961,1013,D24HourMean,QuarterlyMean,Mean,11.44
1967,1023,D24HourMean,QuarterlyMean,Mean,14.32
1969,1022,D24HourMean,QuarterlyMean,Mean,14.02
1967,1018,D24HourMean,QuarterlyMean,Mean,13.66
1965,1012,D24HourMean,QuarterlyMean,Mean,11.86
1976,1016,D24HourMean,QuarterlyMean,Mean,11.96
1957,1010,D24HourMean,QuarterlyMean,Mean,10.85
1958,1003,D24HourMean,QuarterlyMean,Mean,8.56
1951,1004,D24HourMean,QuarterlyMean,Mean,10.33
1964,1020,D24HourMean,QuarterlyMean,Mean,12.14
1977,1017,D24HourMean,QuarterlyMean,Mean,13.51
1961,1015,D24HourMean,QuarterlyMean,Mean,11.11
1938,1014,D24HourMean,QuarterlyMean,Mean,12.56
1972,1021,D24HourMean,QuarterlyMean,Mean,12.77
1957,1011,D24HourMean,QuarterlyMean,Mean,10.60
1973,993,D24HourMean,QuarterlyMean,Mean,10.01
1956,1007,D24HourMean,QuarterlyMean,Mean,9.51
1969,1017,D24HourMean,QuarterlyMean,Mean,13.46
1978,1013,D24HourMean,QuarterlyMean,Mean,14.09
1948,1012,D24HourMean,QuarterlyMean,Mean,10.33
1964,1017,D24HourMean,QuarterlyMean,Mean,13.81
1964,1012,D24HourMean,QuarterlyMean,Mean,11.24
1956,1008,D24HourMean,QuarterlyMean,Mean,10.04
1983,1015,D24HourMean,QuarterlyMean,Mean,14.53
1985,1013,D24HourMean,QuarterlyMean,Mean,15.80
1966,1012,D24HourMean,QuarterlyMean,Mean,12.42
1966,1021,D24HourMean,QuarterlyMean,Mean,12.79
1991,1013,D24HourMean,QuarterlyMean,Mean,14.82
1966,1018,D24HourMean,QuarterlyMean,Mean,13.16
1964,1013,D24HourMean,QuarterlyMean,Mean,11.68
1968,1017,D24HourMean,QuarterlyMean,Mean,12.78
1982,1012,D24HourMean,QuarterlyMean,Mean,13.43
1967,994,D24HourMean,QuarterlyMean,Mean,11.19
1993,1012,D24HourMean,QuarterlyMean,Mean,14.14
1954,1003,D24HourMean,QuarterlyMean,Mean,9.71
1982,986,D24HourMean,QuarterlyMean,Mean,11.66
1950,1014,D24HourMean,QuarterlyMean,Mean,10.47
1946,1013,D24HourMean,QuarterlyMean,Mean,10.52
1990,1010,D24HourMean,QuarterlyMean,Mean,13.38
1950,1010,D24HourMean,QuarterlyMean,Mean,8.90
1969,991,D24HourMean,QuarterlyMean,Mean,12.22
1957,1000,D24HourMean,QuarterlyMean,Mean,10.02
1967,991,D24HourMean,QuarterlyMean,Mean,12.45
1986,1014,D24HourMean,QuarterlyMean,Mean,14.91
1968,1019,D24HourMean,QuarterlyMean,Mean,13.85
1963,995,D24HourMean,QuarterlyMean,Mean,11.88
1977,990,D24HourMean,QuarterlyMean,Mean,10.03
1956,999,D24HourMean,QuarterlyMean,Mean,10.69
1959,1003,D24HourMean,QuarterlyMean,Mean,8.58
1972,993,D24HourMean,QuarterlyMean,Mean,10.44
1966,993,D24HourMean,QuarterlyMean,Mean,12.09
1954,1012,D24HourMean,QuarterlyMean,Mean,10.60
1955,1004,D24HourMean,QuarterlyMean,Mean,8.99
1944,1013,D24HourMean,QuarterlyMean,Mean,10.35
1964,1018,D24HourMean,QuarterlyMean,Mean,13.37
1965,1024,D24HourMean,QuarterlyMean,Mean,13.69
1962,1020,D24HourMean,QuarterlyMean,Mean,12.11
1974,1011,D24HourMean,QuarterlyMean,Mean,14.81
1984,1016,D24HourMean,QuarterlyMean,Mean,14.18
1970,1016,D24HourMean,QuarterlyMean,Mean,13.69
1960,1016,D24HourMean,QuarterlyMean,Mean,12.28
1961,998,D24HourMean,QuarterlyMean,Mean,10.35
1960,1006,D24HourMean,QuarterlyMean,Mean,8.48
1984,1017,D24HourMean,QuarterlyMean,Mean,14.68
1978,1011,D24HourMean,QuarterlyMean,Mean,13.98
1963,1001,D24HourMean,QuarterlyMean,Mean,9.06
1952,1003,D24HourMean,QuarterlyMean,Mean,10.31
1969,1012,D24HourMean,QuarterlyMean,Mean,13.98
1971,1021,D24HourMean,QuarterlyMean,Mean,13.44
1960,995,D24HourMean,QuarterlyMean,Mean,12.81
1941,1011,D24HourMean,QuarterlyMean,Mean,11.40
1947,1012,D24HourMean,QuarterlyMean,Mean,10.09
1945,1006,D24HourMean,QuarterlyMean,Mean,13.23
1960,1002,D24HourMean,QuarterlyMean,Mean,8.73
1966,1022,D24HourMean,QuarterlyMean,Mean,13.33
1975,1015,D24HourMean,QuarterlyMean,Mean,11.77
1939,1009,D24HourMean,QuarterlyMean,Mean,12.36
1958,1002,D24HourMean,QuarterlyMean,Mean,9.01
1960,1022,D24HourMean,QuarterlyMean,Mean,12.10
1969,1016,D24HourMean,QuarterlyMean,Mean,12.93
1983,1016,D24HourMean,QuarterlyMean,Mean,14.53
1971,1012,D24HourMean,QuarterlyMean,Mean,13.79
1966,1023,D24HourMean,QuarterlyMean,Mean,14.65
1966,1015,D24HourMean,QuarterlyMean,Mean,13.31
1956,1010,D24HourMean,QuarterlyMean,Mean,9.98
1973,992,D24HourMean,QuarterlyMean,Mean,10.92
1960,1003,D24HourMean,QuarterlyMean,Mean,8.45
1953,1002,D24HourMean,QuarterlyMean,Mean,10.16
1958,1010,D24HourMean,QuarterlyMean,Mean,11.07
1942,1011,D24HourMean,QuarterlyMean,Mean,11.55
1959,1007,D24HourMean,QuarterlyMean,Mean,8.74
1957,1015,D24HourMean,QuarterlyMean,Mean,12.35
1971,1020,D24HourMean,QuarterlyMean,Mean,13.14
1965,1020,D24HourMean,QuarterlyMean,Mean,12.90
1960,1001,D24HourMean,QuarterlyMean,Mean,8.62
1956,1009,D24HourMean,QuarterlyMean,Mean,10.25
1969,1018,D24HourMean,QuarterlyMean,Mean,14.08
1984,1015,D24HourMean,QuarterlyMean,Mean,14.75
1955,1002,D24HourMean,QuarterlyMean,Mean,9.85
1960,1015,D24HourMean,QuarterlyMean,Mean,11.20
1961,997,D24HourMean,QuarterlyMean,Mean,10.71
1959,997,D24HourMean,QuarterlyMean,Mean,11.28
1969,1020,D24HourMean,QuarterlyMean,Mean,12.95
1970,1017,D24HourMean,QuarterlyMean,Mean,13.72
1984,1012,D24HourMean,QuarterlyMean,Mean,15.17
1954,1017,D24HourMean,QuarterlyMean,Mean,11.61
1963,1017,D24HourMean,QuarterlyMean,Mean,13.63
1954,1005,D24HourMean,QuarterlyMean,Mean,9.66
1966,1013,D24HourMean,QuarterlyMean,Mean,12.78
1969,989,D24HourMean,QuarterlyMean,Mean,11.91
1987,1016,D24HourMean,QuarterlyMean,Mean,14.51
1960,1021,D24HourMean,QuarterlyMean,Mean,12.87
1973,1018,D24HourMean,QuarterlyMean,Mean,12.54
1975,1011,D24HourMean,QuarterlyMean,Mean,14.61
1940,1012,D24HourMean,QuarterlyMean,Mean,11.50
1959,1012,D24HourMean,QuarterlyMean,Mean,10.80
1974,1015,D24HourMean,QuarterlyMean,Mean,11.99
1984,1011,D24HourMean,QuarterlyMean,Mean,15.00
1953,1011,D24HourMean,QuarterlyMean,Mean,9.57
1969,994,D24HourMean,QuarterlyMean,Mean,10.49
1939,1008,D24HourMean,QuarterlyMean,Mean,13.08
1959,1022,D24HourMean,QuarterlyMean,Mean,11.91
1981,1016,D24HourMean,QuarterlyMean,Mean,14.29
1945,1014,D24HourMean,QuarterlyMean,Mean,10.48
1958,1014,D24HourMean,QuarterlyMean,Mean,11.01
1939,1012,D24HourMean,QuarterlyMean,Mean,11.88
1972,1013,D24HourMean,QuarterlyMean,Mean,12.96
1986,1016,D24HourMean,QuarterlyMean,Mean,14.48
1965,1013,D24HourMean,QuarterlyMean,Mean,11.99
1953,1001,D24HourMean,QuarterlyMean,Mean,10.25
1955,1008,D24HourMean,QuarterlyMean,Mean,9.45
1967,1015,D24HourMean,QuarterlyMean,Mean,13.12
1987,1012,D24HourMean,QuarterlyMean,Mean,14.66
1955,1005,D24HourMean,QuarterlyMean,Mean,9.52
1963,1021,D24HourMean,QuarterlyMean,Mean,11.90
1960,1000,D24HourMean,QuarterlyMean,Mean,8.77
1962,998,D24HourMean,QuarterlyMean,Mean,9.94
1961,999,D24HourMean,QuarterlyMean,Mean,9.41
1979,1016,D24HourMean,QuarterlyMean,Mean,13.40
1968,1012,D24HourMean,QuarterlyMean,Mean,13.37
1971,1016,D24HourMean,QuarterlyMean,Mean,13.94
1973,1017,D24HourMean,QuarterlyMean,Mean,12.35
1987,1011,D24HourMean,QuarterlyMean,Mean,14.86
1968,1023,D24HourMean,QuarterlyMean,Mean,14.55
1946,1015,D24HourMean,QuarterlyMean,Mean,9.51
1980,1015,D24HourMean,QuarterlyMean,Mean,13.43
1968,1020,D24HourMean,QuarterlyMean,Mean,13.15
1961,1019,D24HourMean,QuarterlyMean,Mean,12.19
1979,1013,D24HourMean,QuarterlyMean,Mean,13.86
1988,1013,D24HourMean,QuarterlyMean,Mean,14.71
1969,1014,D24HourMean,QuarterlyMean,Mean,13.73
1957,1017,D24HourMean,QuarterlyMean,Mean,12.63
1958,1004,D24HourMean,QuarterlyMean,Mean,8.58
1973,1013,D24HourMean,QuarterlyMean,Mean,12.88
1963,1022,D24HourMean,QuarterlyMean,Mean,12.53
1962,1002,D24HourMean,QuarterlyMean,Mean,8.64
1965,1022,D24HourMean,QuarterlyMean,Mean,13.31
1961,1001,D24HourMean,QuarterlyMean,Mean,8.83
1958,1000,D24HourMean,QuarterlyMean,Mean,9.56
1941,1013,D24HourMean,QuarterlyMean,Mean,10.93
1960,1014,D24HourMean,QuarterlyMean,Mean,10.89
1958,1019,D24HourMean,QuarterlyMean,Mean,12.81
1962,1016,D24HourMean,QuarterlyMean,Mean,12.71
1954,1006,D24HourMean,QuarterlyMean,Mean,9.83
1981,1017,D24HourMean,QuarterlyMean,Mean,14.79
1965,1016,D24HourMean,QuarterlyMean,Mean,13.13
1982,1017,D24HourMean,QuarterlyMean,Mean,15.38
1984,1014,D24HourMean,QuarterlyMean,Mean,14.81
1967,1013,D24HourMean,QuarterlyMean,Mean,13.36
1971,1017,D24HourMean,QuarterlyMean,Mean,13.58
1976,1013,D24HourMean,QuarterlyMean,Mean,13.00
1992,1012,D24HourMean,QuarterlyMean,Mean,14.19
1951,1012,D24HourMean,QuarterlyMean,Mean,9.19
1959,1005,D24HourMean,QuarterlyMean,Mean,8.22
1947,1010,D24HourMean,QuarterlyMean,Mean,10.92
1970,1021,D24HourMean,QuarterlyMean,Mean,13.90
1975,1019,D24HourMean,QuarterlyMean,Mean,13.79
1966,991,D24HourMean,QuarterlyMean,Mean,12.54
1961,1003,D24HourMean,QuarterlyMean,Mean,8.23
1956,1000,D24HourMean,QuarterlyMean,Mean,9.97
1977,1018,D24HourMean,QuarterlyMean,Mean,14.47
1989,1009,D24HourMean,QuarterlyMean,Mean,13.99
1968,1016,D24HourMean,QuarterlyMean,Mean,12.17
1976,1014,D24HourMean,QuarterlyMean,Mean,12.58
1965,1011,D24HourMean,QuarterlyMean,Mean,11.60
1969,1013,D24HourMean,QuarterlyMean,Mean,13.83
1982,1014,D24HourMean,QuarterlyMean,Mean,13.57
1990,1014,D24HourMean,QuarterlyMean,Mean,14.48
1966,1014,D24HourMean,QuarterlyMean,Mean,13.46
1963,1016,D24HourMean,QuarterlyMean,Mean,13.08
1940,1013,D24HourMean,QuarterlyMean,Mean,11.01
1956,1011,D24HourMean,QuarterlyMean,Mean,10.31
1946,1010,D24HourMean,QuarterlyMean,Mean,10.94
1950,1011,D24HourMean,QuarterlyMean,Mean,9.05
1983,1013,D24HourMean,QuarterlyMean,Mean,13.97
1955,1007,D24HourMean,QuarterlyMean,Mean,9.51
1955,1013,D24HourMean,QuarterlyMean,Mean,11.35
1958,1021,D24HourMean,QuarterlyMean,Mean,12.75
1978,1012,D24HourMean,QuarterlyMean,Mean,13.34
1955,1015,D24HourMean,QuarterlyMean,Mean,12.09
1987,1013,D24HourMean,QuarterlyMean,Mean,15.11
1964,1022,D24HourMean,QuarterlyMean,Mean,13.15
1979,1014,D24HourMean,QuarterlyMean,Mean,13.07
1942,1010,D24HourMean,QuarterlyMean,Mean,11.66
1940,1014,D24HourMean,QuarterlyMean,Mean,11.32
1959,1016,D24HourMean,QuarterlyMean,Mean,12.20
1941,1014,D24HourMean,QuarterlyMean,Mean,10.74
1958,1001,D24HourMean,QuarterlyMean,Mean,8.94
1951,1010,D24HourMean,QuarterlyMean,Mean,8.79
1984,985,D24HourMean,QuarterlyMean,Mean,12.27
1952,1010,D24HourMean,QuarterlyMean,Mean,9.22
1980,987,D24HourMean,QuarterlyMean,Mean,11.61
1961,1021,D24HourMean,QuarterlyMean,Mean,12.38
1955,1006,D24HourMean,QuarterlyMean,Mean,9.54
1950,1009,D24HourMean,QuarterlyMean,Mean,9.42
1981,1014,D24HourMean,QuarterlyMean,Mean,13.10
1953,998,D24HourMean,QuarterlyMean,Mean,13.19
1952,1006,D24HourMean,QuarterlyMean,Mean,9.00
1957,1014,D24HourMean,QuarterlyMean,Mean,11.74
1955,1014,D24HourMean,QuarterlyMean,Mean,11.71
1972,994,D24HourMean,QuarterlyMean,Mean,9.84
1970,989,D24HourMean,QuarterlyMean,Mean,12.01
1937,1013,D24HourMean,QuarterlyMean,Mean,13.13
1975,991,D24HourMean,QuarterlyMean,Mean,10.41
1985,1016,D24HourMean,QuarterlyMean,Mean,14.81
1954,1010,D24HourMean,QuarterlyMean,Mean,9.53
1954,1015,D24HourMean,QuarterlyMean,Mean,11.30
1958,1015,D24HourMean,QuarterlyMean,Mean,11.74
1973,994,D24HourMean,QuarterlyMean,Mean,9.62
1963,998,D24HourMean,QuarterlyMean,Mean,9.86
1969,1021,D24HourMean,QuarterlyMean,Mean,14.06
1972,1018,D24HourMean,QuarterlyMean,Mean,12.35
1958,1011,D24HourMean,QuarterlyMean,Mean,10.67
1955,1000,D24HourMean,QuarterlyMean,Mean,10.29
1947,1015,D24HourMean,QuarterlyMean,Mean,9.34
1989,1013,D24HourMean,QuarterlyMean,Mean,14.76
1976,1011,D24HourMean,QuarterlyMean,Mean,14.41
1964,998,D24HourMean,QuarterlyMean,Mean,10.04
1956,1006,D24HourMean,QuarterlyMean,Mean,9.73
1959,1000,D24HourMean,QuarterlyMean,Mean,9.17
1968,1015,D24HourMean,QuarterlyMean,Mean,12.88
1986,1015,D24HourMean,QuarterlyMean,Mean,14.83
1962,1011,D24HourMean,QuarterlyMean,Mean,10.41
1953,1006,D24HourMean,QuarterlyMean,Mean,9.31
1964,1021,D24HourMean,QuarterlyMean,Mean,12.09
1954,1004,D24HourMean,QuarterlyMean,Mean,8.90
1945,1008,D24HourMean,QuarterlyMean,Mean,13.05
1988,1015,D24HourMean,QuarterlyMean,Mean,14.55
1959,1014,D24HourMean,QuarterlyMean,Mean,10.96
1949,1012,D24HourMean,QuarterlyMean,Mean,9.99
1981,987,D24HourMean,QuarterlyMean,Mean,11.23
1959,1017,D24HourMean,QuarterlyMean,Mean,13.27
1959,1006,D24HourMean,QuarterlyMean,Mean,8.56
1987,1014,D24HourMean,QuarterlyMean,Mean,14.51
1980,1013,D24HourMean,QuarterlyMean,Mean,12.99
1958,1017,D24HourMean,QuarterlyMean,Mean,13.03
1963,999,D24HourMean,QuarterlyMean,Mean,9.43
1974,992,D24HourMean,QuarterlyMean,Mean,10.15
1954,999,D24HourMean,QuarterlyMean,Mean,11.46
1983,1017,D24HourMean,QuarterlyMean,Mean,15.31
1967,996,D24HourMean,QuarterlyMean,Mean,10.29
1958,1018,D24HourMean,QuarterlyMean,Mean,13.28
1958,1006,D24HourMean,QuarterlyMean,Mean,8.99
1946,1014,D24HourMean,QuarterlyMean,Mean,10.18
1955,999,D24HourMean,QuarterlyMean,Mean,10.97
1972,1012,D24HourMean,QuarterlyMean,Mean,13.75
1957,1004,D24HourMean,QuarterlyMean,Mean,8.66
1973,1015,D24HourMean,QuarterlyMean,Mean,12.43
1957,998,D24HourMean,QuarterlyMean,Mean,10.99
1956,1005,D24HourMean,QuarterlyMean,Mean,9.30
1963,1013,D24HourMean,QuarterlyMean,Mean,11.54
1947,1013,D24HourMean,QuarterlyMean,Mean,9.72
1969,1015,D24HourMean,QuarterlyMean,Mean,13.31
1976,989,D24HourMean,QuarterlyMean,Mean,11.35
1990,1013,D24HourMean,QuarterlyMean,Mean,14.73
1966,1019,D24HourMean,QuarterlyMean,Mean,13.33
1970,1020,D24HourMean,QuarterlyMean,Mean,13.20
1960,998,D24HourMean,QuarterlyMean,Mean,10.52
1974,991,D24HourMean,QuarterlyMean,Mean,10.98
1952,1005,D24HourMean,QuarterlyMean,Mean,9.00
1961,996,D24HourMean,QuarterlyMean,Mean,11.72
1973,1012,D24HourMean,QuarterlyMean,Mean,13.68
1951,1006,D24HourMean,QuarterlyMean,Mean,9.17
1955,1009,D24HourMean,QuarterlyMean,Mean,9.37
1967,1017,D24HourMean,QuarterlyMean,Mean,12.78
1968,996,D24HourMean,QuarterlyMean,Mean,10.07
1955,1001,D24HourMean,QuarterlyMean,Mean,10.14
1977,988,D24HourMean,QuarterlyMean,Mean,11.49
1981,1012,D24HourMean,QuarterlyMean,Mean,13.36
1962,1001,D24HourMean,QuarterlyMean,Mean,8.89
1966,999,D24HourMean,QuarterlyMean,Mean,9.96
1972,1019,D24HourMean,QuarterlyMean,Mean,12.98
1983,1012,D24HourMean,QuarterlyMean,Mean,14.17
1941,1009,D24HourMean,QuarterlyMean,Mean,12.26
1957,1008,D24HourMean,QuarterlyMean,Mean,9.85
1961,1022,D24HourMean,QuarterlyMean,Mean,12.01
1944,1006,D24HourMean,QuarterlyMean,Mean,13.65
1957,1013,D24HourMean,QuarterlyMean,Mean,11.04
1977,1011,D24HourMean,QuarterlyMean,Mean,14.11
1954,1001,D24HourMean,QuarterlyMean,Mean,9.88
1986,1012,D24HourMean,QuarterlyMean,Mean,14.96
1956,1014,D24HourMean,QuarterlyMean,Mean,11.74
1957,999,D24HourMean,QuarterlyMean,Mean,10.29
1972,1014,D24HourMean,QuarterlyMean,Mean,12.74
1958,1020,D24HourMean,QuarterlyMean,Mean,13.11
1961,1002,D24HourMean,QuarterlyMean,Mean,8.64
1977,1012,D24HourMean,QuarterlyMean,Mean,13.34
1950,1008,D24HourMean,QuarterlyMean,Mean,9.35
1957,1007,D24HourMean,QuarterlyMean,Mean,9.32
1951,1009,D24HourMean,QuarterlyMean,Mean,8.96
1976,990,D24HourMean,QuarterlyMean,Mean,10.64
1964,1024,D24HourMean,QuarterlyMean,Mean,13.71
1962,1018,D24HourMean,QuarterlyMean,Mean,12.90
1975,990,D24HourMean,QuarterlyMean,Mean,11.31
1979,1015,D24HourMean,QuarterlyMean,Mean,12.40
1947,1014,D24HourMean,QuarterlyMean,Mean,9.63
1953,1008,D24HourMean,QuarterlyMean,Mean,9.33
1975,1014,D24HourMean,QuarterlyMean,Mean,12.14
1966,1020,D24HourMean,QuarterlyMean,Mean,13.19
1960,999,D24HourMean,QuarterlyMean,Mean,9.68
1983,1014,D24HourMean,QuarterlyMean,Mean,14.27
1989,1012,D24HourMean,QuarterlyMean,Mean,14.41
1980,1012,D24HourMean,QuarterlyMean,Mean,13.24
1972,1020,D24HourMean,QuarterlyMean,Mean,13.09
1972,992,D24HourMean,QuarterlyMean,Mean,11.49
1965,995,D24HourMean,QuarterlyMean,Mean,11.14
1988,1016,D24HourMean,QuarterlyMean,Mean,14.55
1965,999,D24HourMean,QuarterlyMean,Mean,9.79
1937,1012,D24HourMean,QuarterlyMean,Mean,12.55
1939,1010,D24HourMean,QuarterlyMean,Mean,12.12
1954,1002,D24HourMean,QuarterlyMean,Mean,9.97
1964,1023,D24HourMean,QuarterlyMean,Mean,14.31
1975,1012,D24HourMean,QuarterlyMean,Mean,13.91
1966,996,D24HourMean,QuarterlyMean,Mean,10.46
1954,1008,D24HourMean,QuarterlyMean,Mean,9.32
1974,1018,D24HourMean,QuarterlyMean,Mean,13.08
1978,1017,D24HourMean,QuarterlyMean,Mean,14.12
1960,1012,D24HourMean,QuarterlyMean,Mean,10.84
1941,1012,D24HourMean,QuarterlyMean,Mean,11.40
1971,1014,D24HourMean,QuarterlyMean,Mean,13.14
1961,1004,D24HourMean,QuarterlyMean,Mean,7.98
1953,1007,D24HourMean,QuarterlyMean,Mean,9.47
1954,1000,D24HourMean,QuarterlyMean,Mean,10.55
1989,1011,D24HourMean,QuarterlyMean,Mean,14.02
1964,997,D24HourMean,QuarterlyMean,Mean,10.04
1975,987,D24HourMean,QuarterlyMean,Mean,12.44
1958,1007,D24HourMean,QuarterlyMean,Mean,9.13
1963,1018,D24HourMean,QuarterlyMean,Mean,13.17
1956,1015,D24HourMean,QuarterlyMean,Mean,12.24
1964,999,D24HourMean,QuarterlyMean,Mean,9.46
1967,1024,D24HourMean,QuarterlyMean,Mean,13.22
1968,993,D24HourMean,QuarterlyMean,Mean,12.00
1980,1014,D24HourMean,QuarterlyMean,Mean,13.18
1945,1005,D24HourMean,QuarterlyMean,Mean,13.31
1965,996,D24HourMean,QuarterlyMean,Mean,10.73
1963,996,D24HourMean,QuarterlyMean,Mean,10.68
1955,1012,D24HourMean,QuarterlyMean,Mean,10.87
1964,1016,D24HourMean,QuarterlyMean,Mean,13.59
1942,1014,D24HourMean,QuarterlyMean,Mean,10.67
1959,1002,D24HourMean,QuarterlyMean,Mean,8.76
1978,988,D24HourMean,QuarterlyMean,Mean,11.53
1938,1011,D24HourMean,QuarterlyMean,Mean,12.03
1936,1014,D24HourMean,QuarterlyMean,Mean,13.48
1948,1009,D24HourMean,QuarterlyMean,Mean,10.91
1960,1019,D24HourMean,QuarterlyMean,Mean,11.92
1944,1010,D24HourMean,QuarterlyMean,Mean,11.70
1960,1004,D24HourMean,QuarterlyMean,Mean,8.29
1968,991,D24HourMean,QuarterlyMean,Mean,12.40
1959,1013,D24HourMean,QuarterlyMean,Mean,10.91
1956,1012,D24HourMean,QuarterlyMean,Mean,10.80
1950,1007,D24HourMean,QuarterlyMean,Mean,9.69
1938,1010,D24HourMean,QuarterlyMean,Mean,12.31
1968,994,D24HourMean,QuarterlyMean,Mean,10.80
1959,1020,D24HourMean,QuarterlyMean,Mean,12.96
1953,1010,D24HourMean,QuarterlyMean,Mean,9.46
1938,1012,D24HourMean,QuarterlyMean,Mean,11.78
1952,1009,D24HourMean,QuarterlyMean,Mean,9.89
1963,1014,D24HourMean,QuarterlyMean,Mean,12.28
1976,987,D24HourMean,QuarterlyMean,Mean,12.33
1982,1016,D24HourMean,QuarterlyMean,Mean,14.71
1953,1013,D24HourMean,QuarterlyMean,Mean,10.38
1961,1018,D24HourMean,QuarterlyMean,Mean,12.89
1959,999,D24HourMean,QuarterlyMean,Mean,9.73
1954,1007,D24HourMean,QuarterlyMean,Mean,9.81
1980,1016,D24HourMean,QuarterlyMean,Mean,14.20
1955,1011,D24HourMean,QuarterlyMean,Mean,10.00
1955,1010,D24HourMean,QuarterlyMean,Mean,9.20
1953,1012,D24HourMean,QuarterlyMean,Mean,9.88
1940,1010,D24HourMean,QuarterlyMean,Mean,11.88
1958,1016,D24HourMean,QuarterlyMean,Mean,12.50
1963,1019,D24HourMean,QuarterlyMean,Mean,12.50
1959,1019,D24HourMean,QuarterlyMean,Mean,12.27
1975,1013,D24HourMean,QuarterlyMean,Mean,12.75
1955,1017,D24HourMean,QuarterlyMean,Mean,11.92
1968,989,D24HourMean,QuarterlyMean,Mean,12.22
1968,1013,D24HourMean,QuarterlyMean,Mean,13.58
1974,1012,D24HourMean,QuarterlyMean,Mean,13.77
1946,1011,D24HourMean,QuarterlyMean,Mean,10.67
1961,1016,D24HourMean,QuarterlyMean,Mean,12.20
1960,1020,D24HourMean,QuarterlyMean,Mean,12.80
1971,993,D24HourMean,QuarterlyMean,Mean,10.88
1976,1017,D24HourMean,QuarterlyMean,Mean,13.16
1937,1011,D24HourMean,QuarterlyMean,Mean,12.43
1966,1024,D24HourMean,QuarterlyMean,Mean,13.62
1966,998,D24HourMean,QuarterlyMean,Mean,9.58
1979,1017,D24HourMean,QuarterlyMean,Mean,14.12
1982,1015,D24HourMean,QuarterlyMean,Mean,14.21
1975,1016,D24HourMean,QuarterlyMean,Mean,11.89
1985,1014,D24HourMean,QuarterlyMean,Mean,14.98
1968,995,D24HourMean,QuarterlyMean,Mean,10.36
1978,1014,D24HourMean,QuarterlyMean,Mean,13.05
1943,1013,D24HourMean,QuarterlyMean,Mean,10.60
1963,1015,D24HourMean,QuarterlyMean,Mean,12.57
1991,1009,D24HourMean,QuarterlyMean,Mean,13.84
1963,1000,D24HourMean,QuarterlyMean,Mean,9.45
1962,1003,D24HourMean,QuarterlyMean,Mean,7.91
1971,995,D24HourMean,QuarterlyMean,Mean,10.25
1960,1017,D24HourMean,QuarterlyMean,Mean,13.78
1968,1018,D24HourMean,QuarterlyMean,Mean,13.68
1962,990,D24HourMean,QuarterlyMean,Mean,12.77
1973,1019,D24HourMean,QuarterlyMean,Mean,13.76
1967,1016,D24HourMean,QuarterlyMean,Mean,12.28
1985,985,D24HourMean,QuarterlyMean,Mean,12.69
1975,1018,D24HourMean,QuarterlyMean,Mean,13.79
1969,987,D24HourMean,QuarterlyMean,Mean,12.30
1951,1008,D24HourMean,QuarterlyMean,Mean,9.39
1959,1004,D24HourMean,QuarterlyMean,Mean,8.44
1989,1017,D24HourMean,QuarterlyMean,Mean,14.30
1963,1011,D24HourMean,QuarterlyMean,Mean,10.80
1991,1010,D24HourMean,QuarterlyMean,Mean,13.45
1974,989,D24HourMean,QuarterlyMean,Mean,11.35
1984,1013,D24HourMean,QuarterlyMean,Mean,14.94
1988,1012,D24HourMean,QuarterlyMean,Mean,14.38
1966,1016,D24HourMean,QuarterlyMean,Mean,12.85
1959,1018,D24HourMean,QuarterlyMean,Mean,13.03
1979,1011,D24HourMean,QuarterlyMean,Mean,14.11
1958,1013,D24HourMean,QuarterlyMean,Mean,10.72
1963,1020,D24HourMean,QuarterlyMean,Mean,12.10
1948,1011,D24HourMean,QuarterlyMean,Mean,10.19
1966,995,D24HourMean,QuarterlyMean,Mean,10.82
1986,1011,D24HourMean,QuarterlyMean,Mean,15.14
1951,1011,D24HourMean,QuarterlyMean,Mean,8.50
1975,1017,D24HourMean,QuarterlyMean,Mean,12.60
1964,996,D24HourMean,QuarterlyMean,Mean,10.65
1940,1011,D24HourMean,QuarterlyMean,Mean,11.46
1980,1011,D24HourMean,QuarterlyMean,Mean,14.13
1970,1018,D24HourMean,QuarterlyMean,Mean,13.83
1957,1021,D24HourMean,QuarterlyMean,Mean,12.64
1950,1005,D24HourMean,QuarterlyMean,Mean,9.43
1976,1012,D24HourMean,QuarterlyMean,Mean,13.39
1965,1017,D24HourMean,QuarterlyMean,Mean,13.32
1959,998,D24HourMean,QuarterlyMean,Mean,10.52
1957,1012,D24HourMean,QuarterlyMean,Mean,10.56
1962,997,D24HourMean,QuarterlyMean,Mean,10.34
1939,1011,D24HourMean,QuarterlyMean,Mean,11.67
1964,1014,D24HourMean,QuarterlyMean,Mean,12.96
1957,1016,D24HourMean,QuarterlyMean,Mean,12.60
1990,1012,D24HourMean,QuarterlyMean,Mean,14.31
1967,997,D24HourMean,QuarterlyMean,Mean,10.04
1949,1013,D24HourMean,QuarterlyMean,Mean,9.62
1960,1018,D24HourMean,QuarterlyMean,Mean,13.20
1980,1017,D24HourMean,QuarterlyMean,Mean,14.26
1969,1023,D24HourMean,QuarterlyMean,Mean,13.78
1978,1015,D24HourMean,QuarterlyMean,Mean,12.18
1961,1006,D24HourMean,QuarterlyMean,Mean,8.57
1969,995,D24HourMean,QuarterlyMean,Mean,10.12
1952,1007,D24HourMean,QuarterlyMean,Mean,9.69
1982,1013,D24HourMean,QuarterlyMean,Mean,12.81
1962,1012,D24HourMean,QuarterlyMean,Mean,10.98
1956,1001,D24HourMean,QuarterlyMean,Mean,10.04
1967,1022,D24HourMean,QuarterlyMean,Mean,14.07
1989,1015,D24HourMean,QuarterlyMean,Mean,14.51
1965,993,D24HourMean,QuarterlyMean,Mean,12.51
1985,1017,D24HourMean,QuarterlyMean,Mean,14.43
1963,1023,D24HourMean,QuarterlyMean,Mean,13.47
1987,1017,D24HourMean,QuarterlyMean,Mean,13.98
1962,1000,D24HourMean,QuarterlyMean,Mean,8.97
1987,1015,D24HourMean,QuarterlyMean,Mean,14.96
1969,1019,D24HourMean,QuarterlyMean,Mean,13.25
1956,1016,D24HourMean,QuarterlyMean,Mean,12.04
1976,1015,D24HourMean,QuarterlyMean,Mean,11.72
1971,1018,D24HourMean,QuarterlyMean,Mean,13.04
1958,1012,D24HourMean,QuarterlyMean,Mean,10.34
1962,1015,D24HourMean,QuarterlyMean,Mean,11.83
1964,993,D24HourMean,QuarterlyMean,Mean,12.57
1959,1001,D24HourMean,QuarterlyMean,Mean,8.51
1951,1007,D24HourMean,QuarterlyMean,Mean,10.00
1977,1013,D24HourMean,QuarterlyMean,Mean,13.46
1961,1017,D24HourMean,QuarterlyMean,Mean,13.61
1963,1012,D24HourMean,QuarterlyMean,Mean,10.86
1965,998,D24HourMean,QuarterlyMean,Mean,9.63
1950,1006,D24HourMean,QuarterlyMean,Mean,9.28
1951,1013,D24HourMean,QuarterlyMean,Mean,9.49
1974,1013,D24HourMean,QuarterlyMean,Mean,12.71
1968,1014,D24HourMean,QuarterlyMean,Mean,13.85
1977,1016,D24HourMean,QuarterlyMean,Mean,12.13
1949,1014,D24HourMean,QuarterlyMean,Mean,10.03
1963,997,D24HourMean,QuarterlyMean,Mean,10.15
1940,1008,D24HourMean,QuarterlyMean,Mean,12.60
1938,1013,D24HourMean,QuarterlyMean,Mean,12.14
1956,1004,D24HourMean,QuarterlyMean,Mean,8.82
1953,1014,D24HourMean,QuarterlyMean,Mean,10.89
1953,1005,D24HourMean,QuarterlyMean,Mean,9.47
1976,1018,D24HourMean,QuarterlyMean,Mean,14.54
1967,1020,D24HourMean,QuarterlyMean,Mean,13.24
1939,1013,D24HourMean,QuarterlyMean,Mean,12.07
1957,1001,D24HourMean,QuarterlyMean,Mean,9.63
1974,1017,D24HourMean,QuarterlyMean,Mean,12.25
1989,1010,D24HourMean,QuarterlyMean,Mean,13.66
1954,1014,D24HourMean,QuarterlyMean,Mean,11.06
1949,1011,D24HourMean,QuarterlyMean,Mean,9.45
1991,1011,D24HourMean,QuarterlyMean,Mean,14.23
1950,1012,D24HourMean,QuarterlyMean,Mean,10.03
1959,1021,D24HourMean,QuarterlyMean,Mean,12.85
1943,1012,D24HourMean,QuarterlyMean,Mean,10.92
1962,1014,D24HourMean,QuarterlyMean,Mean,11.78
1952,1013,D24HourMean,QuarterlyMean,Mean,9.88
1957,1005,D24HourMean,QuarterlyMean,Mean,9.08
1962,1017,D24HourMean,QuarterlyMean,Mean,14.05
1972,1017,D24HourMean,QuarterlyMean,Mean,12.77
1973,1014,D24HourMean,QuarterlyMean,Mean,12.41
1975,989,D24HourMean,QuarterlyMean,Mean,11.49
1960,1013,D24HourMean,QuarterlyMean,Mean,11.06
1956,1017,D24HourMean,QuarterlyMean,Mean,12.04
1951,1005,D24HourMean,QuarterlyMean,Mean,9.19
1966,997,D24HourMean,QuarterlyMean,Mean,10.19
1945,1013,D24HourMean,QuarterlyMean,Mean,10.69
1961,1000,D24HourMean,QuarterlyMean,Mean,8.98
1962,1023,D24HourMean,QuarterlyMean,Mean,12.93
1967,1021,D24HourMean,QuarterlyMean,Mean,12.97
1939,1014,D24HourMean,QuarterlyMean,Mean,12.22
1961,1005,D24HourMean,QuarterlyMean,Mean,8.14
1960,1005,D24HourMean,QuarterlyMean,Mean,8.12
1964,1019,D24HourMean,QuarterlyMean,Mean,12.75
1964,1011,D24HourMean,QuarterlyMean,Mean,11.37
1976,988,D24HourMean,QuarterlyMean,Mean,11.17
1990,1011,D24HourMean,QuarterlyMean,Mean,14.08
1952,1008,D24HourMean,QuarterlyMean,Mean,9.30
1952,1002,D24HourMean,QuarterlyMean,Mean,10.51
1965,1014,D24HourMean,QuarterlyMean,Mean,12.96
1942,1013,D24HourMean,QuarterlyMean,Mean,10.76
1955,1016,D24HourMean,QuarterlyMean,Mean,11.80
1944,1011,D24HourMean,QuarterlyMean,Mean,11.48
1970,1015,D24HourMean,QuarterlyMean,Mean,13.53
1967,993,D24HourMean,QuarterlyMean,Mean,12.14
1959,1015,D24HourMean,QuarterlyMean,Mean,11.42
1970,1013,D24HourMean,QuarterlyMean,Mean,13.54
1965,1019,D24HourMean,QuarterlyMean,Mean,12.90
1986,1017,D24HourMean,QuarterlyMean,Mean,13.95
1967,1019,D24HourMean,QuarterlyMean,Mean,13.77
1977,1015,D24HourMean,QuarterlyMean,Mean,11.89
1988,1018,D24HourMean,QuarterlyMean,Mean,13.95
1970,1019,D24HourMean,QuarterlyMean,Mean,12.81
1946,1016,D24HourMean,QuarterlyMean,Mean,10.09
1965,997,D24HourMean,QuarterlyMean,Mean,10.33
1969,996,D24HourMean,QuarterlyMean,Mean,10.32
1941,1010,D24HourMean,QuarterlyMean,Mean,12.09
1964,1015,D24HourMean,QuarterlyMean,Mean,13.52
1956,1003,D24HourMean,QuarterlyMean,Mean,9.11
1985,1012,D24HourMean,QuarterlyMean,Mean,15.11
1989,1016,D24HourMean,QuarterlyMean,Mean,14.55
1974,1014,D24HourMean,QuarterlyMean,Mean,12.07
1960,997,D24HourMean,QuarterlyMean,Mean,11.04
1966,1017,D24HourMean,QuarterlyMean,Mean,12.86
1982,1011,D24HourMean,QuarterlyMean,Mean,14.37
1971,1019,D24HourMean,QuarterlyMean,Mean,12.48
1949,1001,D24HourMean,QuarterlyMean,Mean,12.77
1963,1010,D24HourMean,QuarterlyMean,Mean,10.29
1965,1015,D24HourMean,QuarterlyMean,Mean,13.38
1954,1009,D24HourMean,QuarterlyMean,Mean,9.78
1979,1012,D24HourMean,QuarterlyMean,Mean,13.31
1967,998,D24HourMean,QuarterlyMean,Mean,9.95
